gnss_lat,gnss_lon,GPS ALTITUDE (m),true_velocity_kmh,GPS ACCURACY (m),GPS ORIENTATION (Â°),GPS SATELLITES IN RANGE,timestamp,DATE (YYYY-MO-DD HH-MI-SS_SSS),acc_x,acc_y,acc_z,grav_x,grav_y,grav_z,gyro_z,gyro_x,gyro_y,MAGNETIC FIELD X (Î¼T),MAGNETIC FIELD Y (Î¼T),MAGNETIC FIELD Z (Î¼T),ORIENTATION (Yaw) (Â°),ORIENTATION (Pitch) (Â°),ORIENTATION (Roll ) (Â°),true_velocity,gnss_status,true_lat,true_lon
52.40251310810811,-1.5010108018018018,143.57,,3.0,159.65,18 / 19,104227,2019-09-07 09:15:09:506,-3.3409,-4.5415,9.881,-0.0032,-0.0095,9.8066,-0.025,-0.6418,0.0484,-31.0,-31.87,15.75,333.93,-86.12,-141.75,7.11990990990991,1.0,52.40251310810811,-1.5010108018018018
52.40251245945946,-1.5010103243243242,143.57,,3.0,159.65,18 / 19,104327,2019-09-07 09:15:09:606,-3.3602,-3.0281,10.1602,-0.0044,0.0069,9.8065,-0.0281,-0.6354,0.0059,-30.37,-31.31,16.63,337.23,-86.09,-140.9,7.123783783783784,1.0,52.40251245945946,-1.5010103243243242
52.402511810810815,-1.501009846846847,143.57,,3.0,159.65,18 / 19,104427,2019-09-07 09:15:09:706,-3.2117,-4.3988,10.3851,0.0105,0.0003,9.8066,-0.092,-0.7161,0.032,-30.62,-31.56,18.94,338.11,-86.03,-142.05,7.127657657657657,1.0,52.402511810810815,-1.501009846846847
52.40251116216216,-1.5010093693693694,143.57,,3.0,159.65,18 / 19,104528,2019-09-07 09:15:09:807,-2.8315,-3.8086,9.6953,0.0114,0.0006,9.8066,-0.0315,-0.6857,0.0282,-29.69,-31.56,19.75,339.64,-86.08,-142.79,7.1315315315315315,1.0,52.40251116216216,-1.5010093693693694
52.40251051351351,-1.501008891891892,143.57,,3.0,159.65,18 / 19,104627,2019-09-07 09:15:09:906,-2.5469,-3.878,9.628,-0.0147,0.0081,9.8066,-0.0353,-0.6138,0.0021,-29.87,-30.75,20.38,339.71,-86.02,-142.75,7.135405405405406,1.0,52.40251051351351,-1.501008891891892
52.40250986486487,-1.5010084144144145,143.57,,3.0,159.65,18 / 19,104727,2019-09-07 09:15:10:006,-4.169,-4.0858,10.2617,-0.0073,0.0075,9.8066,-0.0849,-0.6736,0.0928,-29.56,-31.06,22.19,343.45,-86.13,-141.85,7.139279279279279,1.0,52.40250986486487,-1.5010084144144145
52.40250921621622,-1.501007936936937,143.57,,3.0,159.65,18 / 19,104827,2019-09-07 09:15:10:106,-4.7925,-3.8751,10.1488,0.0004,-0.014,9.8066,-0.1329,-0.7507,0.0777,-28.19,-31.37,22.75,347.9,-86.15,-140.78,7.143153153153153,1.0,52.40250921621622,-1.501007936936937
52.402508567567565,-1.5010074594594596,143.57,,3.0,159.65,18 / 19,104927,2019-09-07 09:15:10:206,-3.7919,-3.5887,10.1703,-0.0047,-0.0137,9.8066,-0.0805,-0.6665,0.0062,-28.12,-31.31,24.13,351.65,-86.13,-138.46,7.147027027027027,1.0,52.402508567567565,-1.5010074594594596
52.40250791891892,-1.501006981981982,143.57,,3.0,159.65,18 / 19,105027,2019-09-07 09:15:10:306,-3.2867,-2.9273,9.5565,-0.0079,-0.0002,9.8066,0.0113,-0.7217,0.0969,-27.0,-31.56,24.81,353.85,-86.18,-138.58,7.150900900900901,1.0,52.40250791891892,-1.501006981981982
52.40250727027027,-1.5010065045045045,143.57,,3.0,159.65,18 / 19,105127,2019-09-07 09:15:10:406,-3.9249,-3.138,9.8109,-0.0057,-0.0008,9.8066,0.0323,-0.6574,0.043,-27.19,-31.44,25.81,355.61,-86.03,-138.05,7.154774774774775,1.0,52.40250727027027,-1.5010065045045045
52.40250662162162,-1.5010060270270271,143.57,,3.0,159.65,18 / 19,105227,2019-09-07 09:15:10:506,-3.5091,-3.845,9.4573,0.0104,-0.016,9.8066,-0.08,-0.6843,0.0523,-25.37,-30.62,27.19,358.87,-85.85,-138.26,7.158648648648649,1.0,52.40250662162162,-1.5010060270270271
52.402505972972975,-1.5010055495495496,143.57,,3.0,159.65,18 / 19,105327,2019-09-07 09:15:10:606,-4.9926,-3.3906,10.5083,-0.0016,-0.0166,9.8065,-0.0376,-0.7138,0.0764,-24.56,-31.37,28.75,0.62,-85.67,-138.66,7.162522522522522,1.0,52.402505972972975,-1.5010055495495496
52.40250532432432,-1.501005072072072,143.57,,3.0,159.65,18 / 19,105427,2019-09-07 09:15:10:706,-3.6926,-1.4409,10.1886,0.0007,0.0181,9.8066,0.015,-0.7157,0.0206,-24.12,-31.19,28.81,1.68,-85.63,-138.82,7.166396396396396,1.0,52.40250532432432,-1.501005072072072
52.40250467567568,-1.5010045945945947,143.57,,3.0,159.65,18 / 19,105527,2019-09-07 09:15:10:806,-3.7291,-2.4168,9.9071,-0.0115,0.0024,9.8066,0.0527,-0.6817,0.0166,-22.56,-30.62,29.56,3.91,-85.69,-138.87,7.1702702702702705,1.0,52.40250467567568,-1.5010045945945947
52.40250402702703,-1.5010041171171171,143.57,,3.0,159.65,18 / 19,105627,2019-09-07 09:15:10:906,-4.8978,-2.2158,9.4819,0.0111,-0.0078,9.8066,-0.0371,-0.7419,0.0767,-21.75,-31.94,30.56,5.28,-85.52,-139.72,7.174144144144145,1.0,52.40250402702703,-1.5010041171171171
52.40250337837838,-1.5010036396396396,143.57,,3.0,159.65,18 / 19,105728,2019-09-07 09:15:11:007,-4.223,-1.2348,10.0873,0.0076,-0.002,9.8066,-0.0811,-0.6797,0.0915,-20.94,-30.44,30.94,6.49,-85.47,-139.82,7.178018018018018,1.0,52.40250337837838,-1.5010036396396396
52.40250272972973,-1.5010031621621622,143.57,,3.0,159.65,18 / 19,105827,2019-09-07 09:15:11:106,-4.9961,-2.0589,10.309,0.0047,-0.0024,9.8066,-0.0324,-0.601,0.0668,-20.0,-31.69,31.75,8.17,-85.42,-140.4,7.181891891891892,1.0,52.40250272972973,-1.5010031621621622
52.40250208108108,-1.5010026846846847,143.57,,3.0,159.65,18 / 19,105928,2019-09-07 09:15:11:207,-3.5956,-1.0795,10.1171,0.0014,-0.0086,9.8066,-0.0233,-0.6447,0.0374,-19.37,-31.44,32.0,8.49,-85.38,-141.4,7.185765765765766,1.0,52.40250208108108,-1.5010026846846847
52.40250143243243,-1.5010022072072071,143.57,,3.0,159.65,18 / 19,106027,2019-09-07 09:15:11:306,-4.7207,-1.918,9.297,0.0114,-0.0236,9.8066,-0.0903,-0.6506,0.0616,-18.0,-31.75,32.75,10.6,-85.29,-141.57,7.18963963963964,1.0,52.40250143243243,-1.5010022072072071
52.402500783783786,-1.5010017297297298,143.57,,3.0,159.65,18 / 19,106127,2019-09-07 09:15:11:406,-5.591,-1.9705,10.4676,0.0105,-0.0282,9.8065,-0.0892,-0.7045,0.1167,-16.56,-31.44,33.19,10.11,-85.04,-143.4,7.193513513513514,1.0,52.402500783783786,-1.5010017297297298
52.402500135135135,-1.5010012522522522,143.57,,3.0,159.65,20 / 22,106227,2019-09-07 09:15:11:506,-4.5415,-1.0798,9.5196,-0.0019,0.0031,9.8066,-0.0226,-0.6618,0.0583,-14.94,-31.19,33.25,13.28,-85.02,-143.3,7.197387387387388,1.0,52.402500135135135,-1.5010012522522522
52.402499486486484,-1.5010007747747747,143.57,,3.0,159.65,20 / 22,106327,2019-09-07 09:15:11:606,-4.9952,-0.9358,10.5672,-0.0046,-0.0128,9.8066,-0.0782,-0.691,0.0805,-14.62,-31.75,33.5,14.39,-84.83,-142.96,7.201261261261261,1.0,52.402499486486484,-1.5010007747747747
52.40249883783784,-1.5010002972972973,143.57,,3.0,159.65,20 / 22,106427,2019-09-07 09:15:11:706,-5.3807,-1.3175,9.8956,-0.0038,-0.0104,9.8066,-0.0723,-0.6784,0.0744,-12.94,-32.06,33.06,17.57,-84.73,-142.43,7.205135135135135,1.0,52.40249883783784,-1.5010002972972973
52.40249818918919,-1.5009998198198198,143.57,,3.0,159.65,20 / 22,106527,2019-09-07 09:15:11:806,-5.5638,-1.0726,9.6661,-0.0156,-0.0031,9.8066,0.0106,-0.6311,0.0747,-12.62,-31.87,33.75,17.86,-84.72,-142.71,7.2090090090090095,1.0,52.40249818918919,-1.5009998198198198
52.40249754054054,-1.5009993423423424,143.57,,3.0,159.65,20 / 22,106627,2019-09-07 09:15:11:906,-4.8166,-1.0269,9.8515,-0.0043,-0.0029,9.8066,0.0027,-0.6566,0.0662,-10.56,-32.06,32.75,22.09,-84.6,-141.43,7.212882882882883,1.0,52.40249754054054,-1.5009993423423424
52.40249689189189,-1.500998864864865,143.57,,3.0,159.65,20 / 22,106727,2019-09-07 09:15:12:006,-4.7282,-0.5724,9.5256,-0.0076,0.0035,9.8066,-0.0752,-0.7006,0.0802,-9.75,-32.0,31.88,24.2,-84.54,-140.68,7.216756756756757,1.0,52.40249689189189,-1.500998864864865
52.40249624324324,-1.5009983873873873,143.57,,3.0,159.65,20 / 22,106827,2019-09-07 09:15:12:106,-5.7512,-0.9089,10.2361,0.0055,0.0077,9.8066,-0.0754,-0.739,0.0561,-9.19,-32.19,31.44,26.37,-84.56,-139.93,7.220630630630631,1.0,52.40249624324324,-1.5009983873873873
52.4024955945946,-1.50099790990991,143.57,,3.0,159.65,20 / 22,106927,2019-09-07 09:15:12:206,-4.6583,-0.9127,9.6597,0.019,-0.0067,9.8065,-0.0279,-0.6209,0.0311,-7.56,-32.5,32.0,27.33,-84.69,-141.1,7.224504504504504,1.0,52.4024955945946,-1.50099790990991
52.402494945945946,-1.5009974324324324,143.57,,3.0,159.65,20 / 22,107027,2019-09-07 09:15:12:306,-5.4144,-1.5941,10.4381,-0.0205,-0.0198,9.8066,0.0103,-0.6578,0.1298,-6.81,-32.5,31.0,27.37,-84.76,-142.43,7.228378378378379,1.0,52.402494945945946,-1.5009974324324324
52.402494297297295,-1.5009969549549549,143.57,,3.0,159.65,18 / 22,107127,2019-09-07 09:15:12:406,-4.7475,0.459,10.3428,0.0065,0.0143,9.8066,-0.0072,-0.7115,0.0205,-5.87,-32.62,30.06,30.88,-84.51,-140.97,7.232252252252253,1.0,52.402494297297295,-1.5009969549549549
52.40249364864865,-1.5009964774774776,143.57,,3.0,159.65,18 / 22,107227,2019-09-07 09:15:12:506,-4.9213,-0.0286,9.6291,0.008,0.0108,9.8066,-0.0056,-0.6859,0.0266,-4.5,-33.12,30.0,33.56,-84.51,-142.28,7.236126126126126,1.0,52.40249364864865,-1.5009964774774776
52.402493,-1.500996,144.44,7.24,3.0,206.67,18 / 22,107327,2019-09-07 09:15:12:606,-6.2669,0.9145,10.4199,0.0044,-0.0163,9.8065,0.0626,-0.6438,0.1143,-4.44,-32.81,29.25,32.55,-84.44,-143.09,7.24,1.0,52.402493,-1.500996
52.40249238655462,-1.5009977142857143,144.44,,3.0,206.67,18 / 22,107427,2019-09-07 09:15:12:706,-4.8292,0.6283,10.8335,-0.0132,0.0054,9.8066,0.031,-0.594,0.0506,-2.56,-32.69,29.19,33.7,-84.34,-144.08,7.235042016806723,1.0,52.40249238655462,-1.5009977142857143
52.40249177310924,-1.5009994285714285,144.44,,3.0,206.67,18 / 22,107527,2019-09-07 09:15:12:806,-4.6433,0.5319,10.0998,0.0107,-0.007,9.8066,-0.0964,-0.6638,0.049,-2.19,-33.19,27.69,34.28,-84.47,-145.42,7.230084033613446,1.0,52.40249177310924,-1.5009994285714285
52.40249115966387,-1.5010011428571428,144.44,,3.0,206.67,18 / 22,107627,2019-09-07 09:15:12:906,-4.2491,0.4389,9.3788,0.009,-0.0025,9.8066,-0.0407,-0.6549,0.046,-1.56,-32.75,27.38,33.62,-84.62,-145.9,7.225126050420168,1.0,52.40249115966387,-1.5010011428571428
52.40249054621849,-1.501002857142857,144.44,,3.0,206.67,18 / 22,107727,2019-09-07 09:15:13:006,-4.5719,0.7097,9.5562,-0.0037,0.0129,9.8066,-0.0382,-0.6623,0.0904,-0.75,-33.37,26.31,36.42,-84.56,-145.6,7.220168067226891,1.0,52.40249054621849,-1.501002857142857
52.40248993277311,-1.5010045714285714,144.44,,3.0,206.67,18 / 22,107828,2019-09-07 09:15:13:107,-4.5454,1.6276,9.4687,-0.0011,-0.0044,9.8065,-0.1204,-0.6261,0.0265,0.06,-34.06,24.44,40.23,-84.5,-144.94,7.215210084033614,1.0,52.40248993277311,-1.5010045714285714
52.40248931932773,-1.5010062857142856,144.44,,3.0,206.67,18 / 22,107927,2019-09-07 09:15:13:206,-4.9328,0.3018,9.6194,0.0007,0.0002,9.8066,0.0215,-0.6425,0.0392,0.63,-33.37,24.75,41.22,-84.58,-145.92,7.210252100840337,1.0,52.40248931932773,-1.5010062857142856
52.402488705882355,-1.501008,144.44,,3.0,206.67,18 / 22,108027,2019-09-07 09:15:13:306,-4.9592,0.5208,10.2473,0.001,-0.0089,9.8066,0.022,-0.6435,0.0427,0.88,-34.44,22.75,41.32,-84.56,-146.62,7.205294117647059,1.0,52.402488705882355,-1.501008
52.402488092436975,-1.5010097142857144,144.44,,3.0,206.67,18 / 21,108128,2019-09-07 09:15:13:407,-4.8359,1.3691,9.1067,0.0148,-0.0084,9.8066,-0.0945,-0.6353,-0.0106,1.56,-33.69,22.0,44.13,-84.67,-146.92,7.2003361344537815,1.0,52.402488092436975,-1.5010097142857144
52.402487478991596,-1.5010114285714287,144.44,,3.0,206.67,18 / 21,108227,2019-09-07 09:15:13:506,-4.4501,1.6199,8.8862,0.0076,0.0189,9.8066,-0.116,-0.6383,0.0376,2.5,-34.19,20.19,45.64,-84.9,-149.15,7.195378151260504,1.0,52.402487478991596,-1.5010114285714287
52.402486865546216,-1.501013142857143,144.44,,3.0,206.67,18 / 21,108327,2019-09-07 09:15:13:606,-4.0729,2.259,9.877,0.0062,0.0176,9.8066,0.0325,-0.6437,0.0612,3.0,-34.37,18.69,46.73,-84.98,-148.83,7.190420168067227,1.0,52.402486865546216,-1.501013142857143
52.40248625210084,-1.5010148571428572,144.44,,3.0,206.67,18 / 21,108428,2019-09-07 09:15:13:707,-4.9319,2.0419,10.1131,0.0138,-0.0045,9.8066,0.0609,-0.6395,0.0088,3.38,-34.19,18.0,48.02,-85.07,-148.4,7.18546218487395,1.0,52.40248625210084,-1.5010148571428572
52.40248563865546,-1.5010165714285715,144.44,,3.0,206.67,18 / 21,108527,2019-09-07 09:15:13:806,-4.5334,1.9691,9.9964,0.0065,-0.0114,9.8066,-0.0913,-0.6343,0.0488,3.13,-34.44,16.88,47.44,-85.23,-149.61,7.180504201680672,1.0,52.40248563865546,-1.5010165714285715
52.40248502521008,-1.5010182857142857,144.44,,3.0,206.67,18 / 21,108627,2019-09-07 09:15:13:906,-4.5023,2.0972,9.5792,-0.0097,-0.0037,9.8066,-0.0683,-0.6705,0.0893,3.5,-34.25,15.38,51.03,-85.21,-152.18,7.175546218487395,1.0,52.40248502521008,-1.5010182857142857
52.4024844117647,-1.50102,144.44,,3.0,206.67,18 / 21,108728,2019-09-07 09:15:14:007,-3.9355,2.2752,9.784,-0.0098,-0.0059,9.8066,-0.0061,-0.6569,0.0713,3.13,-34.31,14.19,48.89,-85.0,-152.31,7.170588235294118,1.0,52.4024844117647,-1.50102
52.40248379831933,-1.5010217142857143,144.44,,3.0,206.67,18 / 21,108827,2019-09-07 09:15:14:106,-4.3301,2.0507,10.3027,0.009,0.007,9.8066,-0.0232,-0.6168,-0.0141,3.06,-34.56,12.88,51.96,-84.89,-151.78,7.165630252100841,1.0,52.40248379831933,-1.5010217142857143
52.40248318487395,-1.5010234285714286,144.44,,3.0,206.67,18 / 21,108928,2019-09-07 09:15:14:207,-4.637,2.5841,10.2459,0.0121,0.0044,9.8066,-0.0522,-0.6654,0.0354,3.5,-35.06,11.81,57.52,-85.02,-152.74,7.160672268907563,1.0,52.40248318487395,-1.5010234285714286
52.40248257142857,-1.5010251428571428,144.44,,3.0,206.67,18 / 21,109027,2019-09-07 09:15:14:306,-5.2085,3.2775,10.1442,-0.0105,-0.0115,9.8066,-0.044,-0.7331,0.1182,2.81,-34.62,10.5,56.07,-85.06,-151.99,7.155714285714286,1.0,52.40248257142857,-1.5010251428571428
52.40248195798319,-1.501026857142857,144.44,,3.0,206.67,20 / 23,109127,2019-09-07 09:15:14:406,-2.9829,3.1876,9.7033,0.006,-0.0048,9.8066,0.0528,-0.5925,0.0813,2.69,-34.62,9.0,60.95,-85.09,-153.65,7.150756302521009,1.0,52.40248195798319,-1.501026857142857
52.40248134453781,-1.5010285714285714,144.44,,3.0,206.67,20 / 23,109227,2019-09-07 09:15:14:506,-4.2904,1.6912,9.7223,-0.019,-0.0103,9.8066,0.1204,-0.585,0.0712,1.69,-34.62,8.0,61.88,-84.84,-151.99,7.1457983193277315,1.0,52.40248134453781,-1.5010285714285714
52.40248073109244,-1.5010302857142857,144.44,,3.0,206.67,20 / 23,109327,2019-09-07 09:15:14:606,-2.4946,3.4313,10.2526,0.0047,-0.0135,9.8066,-0.0939,-0.6545,0.1153,1.63,-35.31,7.13,67.78,-84.88,-151.74,7.140840336134454,1.0,52.40248073109244,-1.5010302857142857
52.40248011764706,-1.501032,144.44,,3.0,206.67,20 / 23,109427,2019-09-07 09:15:14:706,-2.6518,5.36,9.9878,-0.0025,0.0093,9.8066,-0.0949,-0.6843,0.1304,1.63,-35.69,5.63,77.42,-84.95,-150.48,7.135882352941176,1.0,52.40248011764706,-1.501032
52.40247950420168,-1.5010337142857142,144.44,,3.0,206.67,20 / 23,109527,2019-09-07 09:15:14:806,-1.924,4.459,9.8842,-0.0022,0.0103,9.8066,-0.0187,-0.6568,0.0461,0.56,-36.06,3.88,93.94,-84.96,-150.29,7.130924369747899,1.0,52.40247950420168,-1.5010337142857142
52.4024788907563,-1.5010354285714287,144.44,,3.0,206.67,20 / 23,109627,2019-09-07 09:15:14:906,0.415,5.0684,10.2128,-0.0044,0.0095,9.8065,-0.0219,-0.5895,0.0345,0.25,-36.44,3.31,112.84,-84.88,-149.15,7.125966386554622,1.0,52.4024788907563,-1.5010354285714287
52.40247827731093,-1.501037142857143,144.44,,3.0,206.67,20 / 23,109728,2019-09-07 09:15:15:007,1.3741,3.9606,9.7991,-0.0063,0.008,9.8066,-0.0771,-0.6452,0.0791,-0.31,-36.94,2.38,147.71,-84.78,-148.02,7.121008403361345,1.0,52.40247827731093,-1.501037142857143
52.40247766386555,-1.5010388571428572,144.44,,3.0,206.67,20 / 23,109827,2019-09-07 09:15:15:106,4.255,2.1972,9.8562,0.0079,0.0019,9.8066,-0.0962,-0.6148,0.0771,-0.69,-37.19,1.13,187.88,-84.65,-146.68,7.116050420168068,1.0,52.40247766386555,-1.5010388571428572
52.40247705042017,-1.5010405714285715,144.44,,3.0,206.67,20 / 23,109927,2019-09-07 09:15:15:206,4.8171,-1.333,9.4697,-0.0032,0.0077,9.8066,0.0149,-0.6246,0.0616,-1.87,-37.44,1.56,216.34,-84.54,-146.36,7.11109243697479,1.0,52.40247705042017,-1.5010405714285715
52.40247643697479,-1.5010422857142858,144.44,,3.0,206.67,20 / 23,110027,2019-09-07 09:15:15:306,4.3648,-2.2312,10.2555,0.0146,-0.0025,9.8065,0.0223,-0.6552,0.123,-2.62,-37.81,0.63,239.24,-84.51,-146.96,7.106134453781513,1.0,52.40247643697479,-1.5010422857142858
52.402475823529414,-1.501044,144.44,,3.0,206.67,20 / 23,110127,2019-09-07 09:15:15:406,4.6743,-2.0748,9.887,-0.0142,0.0019,9.8066,-0.0753,-0.6489,0.1337,-3.25,-36.5,0.0,234.02,-84.5,-146.99,7.101176470588236,1.0,52.402475823529414,-1.501044
52.402475210084035,-1.5010457142857143,144.44,,3.0,206.67,18 / 22,110227,2019-09-07 09:15:15:506,3.063,-1.6581,9.7276,-0.0088,-0.0012,9.8065,-0.0223,-0.5877,0.0165,-4.62,-36.69,-0.56,250.76,-84.53,-147.03,7.0962184873949585,1.0,52.402475210084035,-1.5010457142857143
52.402474596638655,-1.5010474285714286,144.44,,3.0,206.67,18 / 22,110327,2019-09-07 09:15:15:606,3.2606,-2.8232,9.7921,0.0011,-0.0088,9.8065,-0.1018,-0.6487,0.0642,-5.37,-36.5,-1.44,253.09,-84.59,-145.93,7.0912605042016805,1.0,52.402474596638655,-1.5010474285714286
52.402473983193275,-1.5010491428571429,144.44,,3.0,206.67,18 / 22,110427,2019-09-07 09:15:15:706,3.5199,-2.7617,9.6751,-0.0102,-0.0101,9.8066,-0.1197,-0.618,0.012,-6.0,-35.94,-2.19,255.3,-84.61,-145.08,7.086302521008403,1.0,52.402473983193275,-1.5010491428571429
52.4024733697479,-1.5010508571428571,144.44,,3.0,206.67,18 / 22,110527,2019-09-07 09:15:15:806,3.4567,-4.0956,9.9483,-0.0131,0.0009,9.8066,-0.0379,-0.657,0.0482,-7.56,-35.94,-2.87,261.89,-84.82,-145.35,7.081344537815126,1.0,52.4024733697479,-1.5010508571428571
52.40247275630252,-1.5010525714285714,144.44,,3.0,206.67,18 / 22,110627,2019-09-07 09:15:15:906,2.8696,-3.2808,9.2223,-0.0026,-0.0039,9.8066,-0.0021,-0.6422,0.0469,-7.75,-35.06,-3.44,262.75,-84.84,-145.19,7.076386554621849,1.0,52.40247275630252,-1.5010525714285714
52.40247214285714,-1.5010542857142857,144.44,,3.0,206.67,18 / 22,110727,2019-09-07 09:15:16:006,2.135,-3.7468,9.9289,-0.006,-0.0104,9.8066,-0.0414,-0.6119,0.057,-9.31,-34.5,-3.87,264.09,-84.89,-144.09,7.071428571428572,1.0,52.40247214285714,-1.5010542857142857
52.40247152941176,-1.501056,144.44,,3.0,206.67,18 / 22,110827,2019-09-07 09:15:16:106,1.8984,-3.2971,9.8449,-0.0141,0.0067,9.8066,-0.0814,-0.6102,0.0301,-10.0,-34.75,-4.37,267.29,-84.97,-144.31,7.066470588235294,1.0,52.40247152941176,-1.501056
52.40247091596638,-1.5010577142857142,144.44,,3.0,206.67,18 / 22,110928,2019-09-07 09:15:16:207,2.1653,-3.6486,10.1118,-0.0023,-0.011,9.8066,-0.0466,-0.6539,0.0092,-11.5,-34.75,-5.06,267.38,-85.1,-143.81,7.061512605042017,1.0,52.40247091596638,-1.5010577142857142
52.40247030252101,-1.5010594285714285,144.44,,3.0,206.67,18 / 22,111027,2019-09-07 09:15:16:306,1.4055,-4.117,9.9368,-0.006,0.0005,9.8066,-0.0831,-0.6439,-0.0034,-12.87,-34.81,-5.94,270.21,-85.14,-143.01,7.05655462184874,1.0,52.40247030252101,-1.5010594285714285
52.40246968907563,-1.501061142857143,144.44,,3.0,206.67,18 / 21,111127,2019-09-07 09:15:16:406,3.5789,-3.604,9.7712,-0.0044,0.0005,9.8066,-0.155,-0.5469,-0.0259,-13.31,-35.37,-6.19,270.3,-85.21,-143.1,7.051596638655463,1.0,52.40246968907563,-1.501061142857143
52.40246907563025,-1.5010628571428573,144.44,,3.0,206.67,18 / 21,111227,2019-09-07 09:15:16:506,0.892,-3.6296,9.4291,-0.0049,-0.002,9.8066,-0.1591,-0.6253,0.0622,-14.25,-35.56,-6.44,272.17,-85.3,-143.43,7.046638655462185,1.0,52.40246907563025,-1.5010628571428573
52.40246846218487,-1.5010645714285715,144.44,,3.0,206.67,18 / 21,111327,2019-09-07 09:15:16:606,2.3379,-4.8453,9.6403,-0.0089,-0.0103,9.8066,0.0428,-0.6342,0.1098,-16.12,-34.06,-5.87,278.36,-85.53,-142.22,7.041680672268908,1.0,52.40246846218487,-1.5010645714285715
52.4024678487395,-1.5010662857142858,144.44,,3.0,206.67,18 / 21,111427,2019-09-07 09:15:16:706,0.4094,-3.0955,9.595,-0.029,0.0033,9.8066,-0.0077,-0.5606,0.0389,-16.75,-33.87,-5.62,281.42,-85.8,-141.31,7.0367226890756305,1.0,52.4024678487395,-1.5010662857142858
52.40246723529412,-1.501068,144.44,,3.0,206.67,18 / 21,111527,2019-09-07 09:15:16:806,1.6623,-3.2514,9.1494,-0.029,-0.0174,9.8065,0.021,-0.7702,0.1112,-17.56,-34.06,-6.62,283.86,-86.04,-138.07,7.031764705882353,1.0,52.40246723529412,-1.501068
52.40246662184874,-1.5010697142857143,144.44,,3.0,206.67,18 / 21,111627,2019-09-07 09:15:16:906,3.1153,-4.9635,9.8851,0.0093,-0.0058,9.8066,0.0177,-0.7082,0.0369,-19.19,-34.25,-5.75,288.01,-85.92,-137.78,7.026806722689076,1.0,52.40246662184874,-1.5010697142857143
52.40246600840336,-1.5010714285714286,144.44,,3.0,206.67,18 / 21,111727,2019-09-07 09:15:17:006,1.8147,-3.7885,10.2313,-0.0055,-0.0037,9.8066,-0.0824,-0.6732,0.022,-20.12,-34.25,-6.12,289.13,-85.9,-137.81,7.021848739495798,1.0,52.40246600840336,-1.5010714285714286
52.402465394957986,-1.5010731428571429,144.44,,3.0,206.67,18 / 21,111827,2019-09-07 09:15:17:106,0.757,-4.2402,9.8961,0.008,-0.0023,9.8066,-0.0793,-0.6776,0.0005,-21.44,-33.94,-5.37,293.04,-85.82,-137.43,7.016890756302521,1.0,52.402465394957986,-1.5010731428571429
52.402464781512606,-1.5010748571428572,144.44,,3.0,206.67,18 / 21,111927,2019-09-07 09:15:17:206,0.8327,-4.0306,9.4007,-0.0004,-0.0113,9.8066,-0.0252,-0.6816,0.0705,-22.31,-33.44,-4.19,297.72,-85.75,-136.34,7.011932773109244,1.0,52.402464781512606,-1.5010748571428572
52.402464168067226,-1.5010765714285714,144.44,,3.0,206.67,18 / 21,112028,2019-09-07 09:15:17:307,0.7459,-4.0375,9.5494,0.0031,-0.0023,9.8066,-0.0081,-0.6439,0.0445,-23.12,-33.87,-4.12,299.85,-85.77,-134.85,7.006974789915967,1.0,52.402464168067226,-1.5010765714285714
52.402463554621846,-1.5010782857142857,144.44,,3.0,206.67,18 / 21,112127,2019-09-07 09:15:17:406,0.79,-3.9991,10.2411,0.0011,-0.0031,9.8066,-0.0898,-0.6542,0.0601,-24.12,-32.75,-3.25,304.54,-85.74,-133.47,7.00201680672269,1.0,52.402463554621846,-1.5010782857142857
52.40246294117647,-1.50108,144.44,,3.0,206.67,18 / 21,112227,2019-09-07 09:15:17:506,1.0032,-4.2012,10.0263,-0.0044,0.0007,9.8066,-0.008,-0.6695,0.0304,-25.31,-33.19,-2.44,308.8,-85.8,-132.24,6.997058823529412,1.0,52.40246294117647,-1.50108
52.402462327731094,-1.5010817142857142,144.44,,3.0,206.67,18 / 21,112327,2019-09-07 09:15:17:606,0.5158,-4.3199,10.0748,-0.0224,-0.0062,9.8065,0.0677,-0.6552,0.0899,-25.5,-33.5,-1.81,308.47,-85.87,-132.62,6.992100840336135,1.0,52.402462327731094,-1.5010817142857142
52.402461714285714,-1.5010834285714285,144.44,,3.0,206.67,18 / 21,112427,2019-09-07 09:15:17:706,0.2477,-4.1292,9.6792,-0.0101,-0.0022,9.8066,0.0434,-0.5882,0.0106,-26.31,-32.75,-0.75,311.97,-85.84,-131.82,6.9871428571428575,1.0,52.402461714285714,-1.5010834285714285
52.402461100840334,-1.5010851428571428,144.44,,3.0,206.67,18 / 21,112527,2019-09-07 09:15:17:806,0.5251,-4.3401,9.6712,0.0181,0.0049,9.8066,-0.086,-0.6676,0.0363,-27.56,-33.12,0.0,311.26,-85.82,-134.96,6.98218487394958,1.0,52.402461100840334,-1.5010851428571428
52.402460487394954,-1.5010868571428573,144.44,,3.0,206.67,18 / 21,112627,2019-09-07 09:15:17:906,0.1369,-4.4272,10.1414,0.0111,0.0111,9.8066,-0.0368,-0.6662,0.0186,-27.25,-32.87,0.94,312.49,-85.87,-135.83,6.977226890756302,1.0,52.402460487394954,-1.5010868571428573
52.40245987394958,-1.5010885714285715,144.44,,3.0,206.67,18 / 21,112727,2019-09-07 09:15:18:006,-0.8597,-5.3761,10.1482,-0.0111,-0.0033,9.8066,0.0023,-0.6281,-0.0358,-28.62,-32.75,1.56,315.0,-85.87,-135.55,6.972268907563025,1.0,52.40245987394958,-1.5010885714285715
52.4024592605042,-1.5010902857142858,144.44,,3.0,206.67,18 / 21,112827,2019-09-07 09:15:18:106,-0.9278,-4.57,9.7343,-0.0253,0.0142,9.8065,-0.0166,-0.6722,0.0176,-29.12,-32.31,2.63,315.53,-85.98,-137.21,6.967310924369748,1.0,52.4024592605042,-1.5010902857142858
52.40245864705882,-1.501092,144.44,,3.0,206.67,18 / 21,112927,2019-09-07 09:15:18:206,-1.0845,-3.2944,9.4731,0.0077,0.0034,9.8066,0.0466,-0.6407,0.0807,-29.06,-32.37,3.56,316.66,-86.0,-138.12,6.962352941176471,1.0,52.40245864705882,-1.501092
52.40245803361344,-1.5010937142857144,144.44,,3.0,206.67,18 / 21,113027,2019-09-07 09:15:18:306,-1.094,-4.4002,9.863,0.0137,-0.0039,9.8066,-0.0063,-0.6083,0.0377,-30.0,-32.5,4.81,318.21,-86.0,-138.37,6.957394957983194,1.0,52.40245803361344,-1.5010937142857144
52.40245742016807,-1.5010954285714286,144.44,,3.0,206.67,18 / 21,113128,2019-09-07 09:15:18:407,-1.3669,-4.5773,10.0042,-0.0146,0.0087,9.8065,-0.0668,-0.5911,-0.0037,-30.44,-32.19,6.06,318.39,-85.97,-140.05,6.952436974789916,1.0,52.40245742016807,-1.5010954285714286
52.40245680672269,-1.501097142857143,144.44,,3.0,206.67,18 / 21,113227,2019-09-07 09:15:18:506,-2.5374,-4.1471,9.8254,0.006,0.0005,9.8066,-0.1333,-0.6821,0.0153,-30.0,-32.62,6.94,319.94,-86.04,-140.4,6.947478991596639,1.0,52.40245680672269,-1.501097142857143
52.40245619327731,-1.5010988571428572,144.44,,3.0,206.67,18 / 21,113327,2019-09-07 09:15:18:606,-0.8883,-4.1083,10.0386,-0.008,0.0094,9.8066,0.0382,-0.6634,-0.0139,-30.81,-32.06,8.13,321.63,-86.06,-140.32,6.942521008403362,1.0,52.40245619327731,-1.5010988571428572
52.40245557983193,-1.5011005714285715,144.44,,3.0,206.67,18 / 21,113427,2019-09-07 09:15:18:706,-1.5829,-4.5591,9.9175,-0.0193,0.0181,9.8066,0.0448,-0.6821,-0.0141,-30.31,-31.75,9.56,325.19,-86.25,-141.02,6.937563025210085,1.0,52.40245557983193,-1.5011005714285715
52.40245496638656,-1.5011022857142857,144.44,,3.0,206.67,18 / 21,113527,2019-09-07 09:15:18:806,-2.3711,-3.9656,10.2268,0.0157,-0.0062,9.8066,-0.0817,-0.7053,0.085,-31.44,-31.5,10.25,322.91,-86.39,-142.84,6.932605042016807,1.0,52.40245496638656,-1.5011022857142857
52.40245435294118,-1.501104,144.44,,3.0,206.67,18 / 21,113627,2019-09-07 09:15:18:906,-1.9919,-2.7096,9.8951,0.0306,-0.0043,9.8065,-0.1889,-0.6315,0.0704,-31.12,-31.56,12.19,324.48,-86.29,-144.55,6.9276470588235295,1.0,52.40245435294118,-1.501104
52.4024537394958,-1.5011057142857143,144.44,,3.0,206.67,18 / 21,113728,2019-09-07 09:15:19:007,-2.207,-4.1393,10.1274,0.0092,-0.0043,9.8066,-0.0085,-0.6609,0.0703,-31.19,-31.62,13.63,329.07,-86.34,-143.41,6.922689075630252,1.0,52.4024537394958,-1.5011057142857143
52.40245312605042,-1.5011074285714285,144.44,,3.0,206.67,18 / 21,113827,2019-09-07 09:15:19:106,-1.9068,-3.5929,9.5354,0.0074,-0.0092,9.8066,-0.0334,-0.6193,0.0358,-31.0,-32.06,14.13,328.81,-86.28,-143.63,6.917731092436975,1.0,52.40245312605042,-1.5011074285714285
52.402452512605045,-1.5011091428571428,144.44,,3.0,206.67,18 / 21,113927,2019-09-07 09:15:19:206,-2.8948,-4.6017,9.9332,-0.0092,-0.0029,9.8066,-0.0099,-0.6262,0.0268,-30.37,-31.25,16.75,334.82,-86.16,-143.2,6.912773109243698,1.0,52.402452512605045,-1.5011091428571428
52.402451899159665,-1.5011108571428573,144.44,,3.0,206.67,18 / 21,114027,2019-09-07 09:15:19:306,-2.8045,-4.0088,10.3716,0.0118,0.0012,9.8065,-0.072,-0.6689,0.043,-30.62,-31.69,17.13,332.66,-86.18,-144.44,6.90781512605042,1.0,52.402451899159665,-1.5011108571428573
52.402451285714285,-1.5011125714285716,144.44,,3.0,206.67,18 / 22,114131,2019-09-07 09:15:19:410,-1.7009,-4.9644,10.2507,0.0023,0.0043,9.8066,-0.0217,-0.631,-0.0229,-30.25,-31.37,18.19,335.0,-86.15,-144.48,6.902857142857143,1.0,52.402451285714285,-1.5011125714285716
52.402450672268905,-1.5011142857142858,144.44,,3.0,206.67,18 / 22,114227,2019-09-07 09:15:19:506,-3.2393,-3.5708,9.8546,-0.0016,-0.0004,9.8066,0.0094,-0.6733,0.0207,-29.94,-31.62,19.75,336.68,-86.22,-145.64,6.897899159663866,1.0,52.402450672268905,-1.5011142857142858
52.402450058823526,-1.5011160000000001,144.44,,3.0,206.67,18 / 22,114328,2019-09-07 09:15:19:607,-2.4606,-2.8951,9.6046,-0.0015,0.0052,9.8066,-0.0946,-0.7049,0.0926,-29.75,-31.25,20.63,338.46,-86.23,-145.32,6.892941176470589,1.0,52.402450058823526,-1.5011160000000001
52.40244944537815,-1.5011177142857144,144.44,,3.0,206.67,18 / 22,114427,2019-09-07 09:15:19:706,-3.0346,-2.9076,9.3229,-0.0019,0.0039,9.8066,-0.0973,-0.66,0.0469,-28.87,-30.87,21.38,340.36,-86.27,-144.43,6.887983193277311,1.0,52.40244944537815,-1.5011177142857144
52.40244883193277,-1.5011194285714287,144.44,,3.0,206.67,18 / 22,114527,2019-09-07 09:15:19:806,-3.3392,-2.6295,9.5433,-0.0066,-0.0004,9.8066,-0.0876,-0.6507,0.0498,-28.94,-31.31,22.5,343.08,-86.36,-144.42,6.883025210084034,1.0,52.40244883193277,-1.5011194285714287
52.40244821848739,-1.501121142857143,144.44,,3.0,206.67,18 / 22,114627,2019-09-07 09:15:19:906,-3.071,-4.1827,10.2348,-0.0071,0.0042,9.8066,0.0534,-0.6496,0.0231,-27.44,-30.87,23.88,350.51,-86.4,-140.59,6.878067226890757,1.0,52.40244821848739,-1.501121142857143
52.40244760504201,-1.5011228571428572,144.44,,3.0,206.67,18 / 22,114727,2019-09-07 09:15:20:006,-3.386,-3.6157,9.8747,0.0043,-0.008,9.8066,0.0318,-0.6752,0.0556,-27.12,-31.37,25.63,352.62,-86.38,-140.9,6.873109243697479,1.0,52.40244760504201,-1.5011228571428572
52.40244699159664,-1.5011245714285715,144.44,,3.0,206.67,18 / 22,114827,2019-09-07 09:15:20:106,-3.5485,-1.832,9.6589,0.0033,0.0075,9.8066,0.0109,-0.7035,0.0638,-26.31,-32.06,26.13,354.02,-86.2,-140.62,6.868151260504202,1.0,52.40244699159664,-1.5011245714285715
52.40244637815126,-1.5011262857142857,144.44,,3.0,206.67,18 / 22,114927,2019-09-07 09:15:20:206,-3.3732,-2.8313,10.02,0.0009,-0.0074,9.8066,-0.0402,-0.6872,0.0428,-25.5,-31.12,27.81,356.9,-86.05,-141.16,6.863193277310924,1.0,52.40244637815126,-1.5011262857142857
52.40244576470588,-1.501128,144.44,,3.0,206.67,18 / 22,115027,2019-09-07 09:15:20:306,-4.4378,-3.4662,10.3268,0.004,-0.0148,9.8066,-0.003,-0.6665,0.0667,-25.12,-31.12,28.06,357.23,-85.97,-140.85,6.858235294117647,1.0,52.40244576470588,-1.501128
52.4024451512605,-1.5011297142857143,144.44,,3.0,206.67,18 / 21,115127,2019-09-07 09:15:20:406,-3.9151,-1.6318,10.3896,0.0114,-0.0086,9.8066,-0.0392,-0.5852,0.0158,-23.94,-30.94,28.94,359.03,-85.88,-141.3,6.85327731092437,1.0,52.4024451512605,-1.5011297142857143
52.40244453781513,-1.5011314285714286,144.44,,3.0,206.67,18 / 21,115227,2019-09-07 09:15:20:506,-4.1683,-2.3789,9.9453,-0.002,-0.0035,9.8066,-0.0302,-0.663,0.0108,-23.5,-31.44,29.56,0.98,-85.88,-141.61,6.848319327731093,1.0,52.40244453781513,-1.5011314285714286
52.40244392436975,-1.5011331428571428,144.44,,3.0,206.67,18 / 21,115327,2019-09-07 09:15:20:606,-3.2908,-2.5125,9.4011,0.01,-0.0021,9.8066,-0.0296,-0.7093,0.0434,-22.44,-31.37,29.88,1.88,-85.79,-141.99,6.843361344537815,1.0,52.40244392436975,-1.5011331428571428
52.40244331092437,-1.501134857142857,144.44,,3.0,206.67,18 / 21,115427,2019-09-07 09:15:20:706,-4.4956,-1.6634,9.6756,0.0036,-0.0098,9.8065,-0.1031,-0.6473,0.0559,-20.5,-32.25,31.0,4.71,-85.67,-142.79,6.838403361344538,1.0,52.40244331092437,-1.501134857142857
52.40244269747899,-1.5011365714285716,144.44,,3.0,206.67,18 / 21,115527,2019-09-07 09:15:20:806,-4.2068,-2.5076,10.1566,0.0023,0.006,9.8066,-0.0297,-0.6341,0.0178,-20.62,-31.69,31.0,2.89,-85.6,-143.19,6.833445378151261,1.0,52.40244269747899,-1.5011365714285716
52.402442084033616,-1.5011382857142859,144.44,,3.0,206.67,18 / 21,115627,2019-09-07 09:15:20:906,-4.5972,-0.4957,10.0319,-0.0015,-0.001,9.8066,-0.0399,-0.6279,0.0608,-19.19,-31.69,32.19,5.88,-85.63,-143.82,6.828487394957984,1.0,52.402442084033616,-1.5011382857142859
52.402441470588236,-1.5011400000000001,144.44,,3.0,206.67,18 / 21,115727,2019-09-07 09:15:21:006,-4.6104,-1.9167,10.3144,0.0075,-0.0215,9.8065,-0.0171,-0.6612,0.0637,-17.56,-31.56,32.25,6.78,-85.42,-144.35,6.8235294117647065,1.0,52.402441470588236,-1.5011400000000001
52.40244085714286,-1.5011417142857144,144.44,,3.0,206.67,18 / 21,115828,2019-09-07 09:15:21:107,-4.6865,-1.4883,9.4577,0.0099,-0.0227,9.8066,-0.0034,-0.6572,0.0357,-16.87,-31.19,32.5,8.19,-85.32,-145.14,6.8185714285714285,1.0,52.40244085714286,-1.5011417142857144
52.40244024369748,-1.5011434285714287,144.44,,3.0,206.67,18 / 21,115927,2019-09-07 09:15:21:206,-4.6818,-1.5161,9.6772,-0.0084,0.0104,9.8066,-0.0015,-0.6559,0.0526,-15.5,-31.06,32.5,10.54,-85.25,-145.79,6.813613445378151,1.0,52.40244024369748,-1.5011434285714287
52.4024396302521,-1.501145142857143,144.44,,3.0,206.67,18 / 21,116027,2019-09-07 09:15:21:306,-4.2496,-2.1721,9.9974,-0.0094,0.0009,9.8065,-0.038,-0.613,0.0336,-14.56,-31.69,32.38,10.81,-85.18,-144.93,6.808655462184874,1.0,52.4024396302521,-1.501145142857143
52.402439016806724,-1.5011468571428572,144.44,,3.0,206.67,18 / 21,116127,2019-09-07 09:15:21:406,-4.2703,-2.1609,10.0921,-0.0043,-0.0204,9.8066,-0.0354,-0.6673,0.0694,-13.25,-31.06,33.81,15.48,-85.02,-144.78,6.803697478991597,1.0,52.402439016806724,-1.5011468571428572
52.402438403361344,-1.5011485714285715,144.44,,3.0,206.67,18 / 21,116227,2019-09-07 09:15:21:506,-3.8243,-1.85,9.6984,0.0025,-0.0077,9.8066,-0.0413,-0.643,0.0478,-12.81,-32.12,32.56,15.46,-85.0,-144.29,6.79873949579832,1.0,52.402438403361344,-1.5011485714285715
52.402437789915965,-1.5011502857142858,144.44,,3.0,206.67,18 / 21,116327,2019-09-07 09:15:21:606,-3.8096,-0.198,9.8328,-0.006,0.0064,9.8066,-0.0387,-0.6194,-0.0013,-11.5,-31.06,33.0,19.71,-84.94,-143.45,6.793781512605042,1.0,52.402437789915965,-1.5011502857142858
52.402437176470585,-1.501152,144.44,,3.0,206.67,18 / 21,116427,2019-09-07 09:15:21:706,-4.7305,-0.347,9.698,-0.0011,0.0096,9.8066,-0.0605,-0.7167,0.0825,-10.25,-32.06,32.5,22.0,-84.93,-142.98,6.788823529411765,1.0,52.402437176470585,-1.501152
52.40243656302521,-1.5011537142857143,144.44,,3.0,206.67,18 / 21,116527,2019-09-07 09:15:21:806,-4.5732,-0.4808,10.028,0.0024,-0.0049,9.8066,-0.0598,-0.643,0.0529,-9.19,-32.12,32.06,24.2,-84.9,-142.19,6.783865546218488,1.0,52.40243656302521,-1.5011537142857143
52.40243594957983,-1.5011554285714286,144.44,,3.0,206.67,18 / 21,116627,2019-09-07 09:15:21:906,-5.0595,-0.2907,10.0619,0.016,-0.0063,9.8066,-0.0065,-0.678,0.0262,-7.69,-31.81,32.25,25.1,-84.96,-143.02,6.778907563025211,1.0,52.40243594957983,-1.5011554285714286
52.40243533613445,-1.5011571428571429,144.44,,3.0,206.67,18 / 21,116727,2019-09-07 09:15:22:006,-5.1625,0.4672,10.0066,0.0055,0.0084,9.8066,-0.0883,-0.6875,0.1435,-7.12,-32.62,30.56,24.36,-85.12,-145.09,6.773949579831933,1.0,52.40243533613445,-1.5011571428571429
52.40243472268907,-1.5011588571428571,144.44,,3.0,206.67,18 / 21,116827,2019-09-07 09:15:22:106,-5.1692,-0.1761,10.2911,-0.0195,0.019,9.8065,-0.0041,-0.6802,0.0977,-6.12,-32.37,30.81,28.52,-85.0,-143.03,6.768991596638656,1.0,52.40243472268907,-1.5011588571428571
52.4024341092437,-1.5011605714285714,144.44,,3.0,206.67,18 / 21,116927,2019-09-07 09:15:22:206,-4.8936,0.0014,9.8527,0.013,-0.0003,9.8066,-0.0081,-0.6173,-0.0203,-5.19,-32.62,30.56,30.72,-84.83,-142.99,6.7640336134453785,1.0,52.4024341092437,-1.5011605714285714
52.40243349579832,-1.501162285714286,144.44,,3.0,206.67,18 / 21,117027,2019-09-07 09:15:22:306,-4.112,0.4312,10.0143,0.0066,0.0049,9.8066,0.0293,-0.6177,-0.0138,-4.25,-32.44,30.0,30.4,-84.9,-144.83,6.759075630252101,1.0,52.40243349579832,-1.501162285714286
52.40243288235294,-1.5011640000000002,144.44,,3.0,206.67,18 / 21,117127,2019-09-07 09:15:22:406,-3.7362,0.705,9.6914,-0.0161,-0.0325,9.8066,-0.1758,-0.5789,0.1219,-3.06,-32.87,29.44,31.27,-84.63,-146.09,6.754117647058824,1.0,52.40243288235294,-1.5011640000000002
52.40243226890756,-1.5011657142857144,144.44,,3.0,206.67,18 / 21,117227,2019-09-07 09:15:22:506,-4.8701,0.637,10.0944,0.0156,0.0267,9.8065,-0.1552,-0.6201,0.0192,-3.19,-32.75,28.5,31.37,-84.63,-146.0,6.749159663865546,1.0,52.40243226890756,-1.5011657142857144
52.40243165546219,-1.5011674285714287,144.44,,3.0,206.67,18 / 21,117327,2019-09-07 09:15:22:606,-3.685,0.4718,9.3958,0.0098,0.0205,9.8066,0.0172,-0.5827,0.0365,-2.44,-33.06,27.94,32.14,-84.94,-147.04,6.744201680672269,1.0,52.40243165546219,-1.5011674285714287
52.40243104201681,-1.501169142857143,144.44,,3.0,206.67,18 / 21,117427,2019-09-07 09:15:22:706,-4.5397,1.5914,10.0433,-0.0053,0.0006,9.8065,0.0167,-0.6349,0.1013,-1.0,-33.81,26.38,35.31,-84.96,-146.39,6.739243697478992,1.0,52.40243104201681,-1.501169142857143
52.40243042857143,-1.5011708571428573,144.44,,3.0,206.67,18 / 21,117527,2019-09-07 09:15:22:806,-4.0722,1.0663,9.6155,0.0012,-0.0011,9.8066,-0.0463,-0.6497,0.0487,-0.62,-33.19,25.56,35.66,-84.92,-146.01,6.734285714285715,1.0,52.40243042857143,-1.5011708571428573
52.40242981512605,-1.5011725714285715,144.44,,3.0,206.67,18 / 21,117627,2019-09-07 09:15:22:906,-4.3667,0.9476,9.9312,0.0003,0.0079,9.8066,-0.0478,-0.6414,0.0777,0.25,-33.25,24.75,37.86,-84.94,-146.35,6.729327731092437,1.0,52.40242981512605,-1.5011725714285715
52.40242920168067,-1.5011742857142858,144.44,,3.0,206.67,18 / 21,117728,2019-09-07 09:15:23:007,-5.0183,1.0716,9.9918,-0.0043,0.0071,9.8066,-0.0142,-0.6414,0.0615,0.81,-33.25,23.31,41.45,-84.98,-145.92,6.72436974789916,1.0,52.40242920168067,-1.5011742857142858
52.402428588235296,-1.501176,144.44,,3.0,206.67,18 / 21,117827,2019-09-07 09:15:23:106,-4.0916,0.9675,9.5451,0.0122,-0.0038,9.8066,-0.0226,-0.5815,0.0461,0.94,-33.81,22.31,40.88,-85.0,-146.89,6.719411764705883,1.0,52.402428588235296,-1.501176
52.402427974789916,-1.5011777142857143,144.44,,3.0,206.67,18 / 21,117927,2019-09-07 09:15:23:206,-3.8958,1.4758,9.6469,0.0082,0.0007,9.8066,-0.0097,-0.6256,0.0695,2.0,-34.25,21.31,42.62,-85.13,-148.25,6.7144537815126055,1.0,52.402427974789916,-1.5011777142857143
52.402427361344536,-1.5011794285714286,144.44,,3.0,206.67,18 / 21,118027,2019-09-07 09:15:23:306,-4.3615,1.105,9.7539,0.0001,-0.001,9.8066,-0.056,-0.6121,0.0531,2.38,-33.75,20.0,42.24,-85.29,-148.94,6.709495798319328,1.0,52.402427361344536,-1.5011794285714286
52.402426747899156,-1.5011811428571429,144.44,,3.0,206.67,18 / 21,118127,2019-09-07 09:15:23:406,-3.8631,1.6805,9.9448,0.0107,-0.0076,9.8066,-0.0701,-0.662,0.0164,2.5,-34.06,18.94,45.11,-85.44,-149.68,6.70453781512605,1.0,52.402426747899156,-1.5011811428571429
52.40242613445378,-1.5011828571428572,144.44,,3.0,206.67,18 / 21,118227,2019-09-07 09:15:23:506,-3.71,2.4539,10.2516,0.017,0.0148,9.8066,-0.0844,-0.6198,-0.037,2.81,-34.06,17.38,47.22,-85.53,-149.36,6.699579831932773,1.0,52.40242613445378,-1.5011828571428572
52.402425521008404,-1.5011845714285714,144.44,,3.0,206.67,18 / 21,118327,2019-09-07 09:15:23:606,-3.8158,2.1489,9.8774,0.0125,-0.0012,9.8066,-0.0286,-0.6024,0.0195,3.38,-34.12,16.44,46.04,-85.72,-151.11,6.694621848739496,1.0,52.402425521008404,-1.5011845714285714
52.402424907563024,-1.5011862857142857,144.44,,3.0,206.67,18 / 21,118427,2019-09-07 09:15:23:706,-4.1915,1.5083,9.7326,-0.0042,-0.0142,9.8066,0.0339,-0.65,0.083,3.0,-34.5,15.06,45.1,-85.63,-153.2,6.689663865546219,1.0,52.402424907563024,-1.5011862857142857
52.402424294117644,-1.5011880000000002,144.44,,3.0,206.67,18 / 21,118527,2019-09-07 09:15:23:806,-4.2237,1.5655,10.1836,-0.0106,-0.0167,9.8066,-0.0731,-0.6162,0.0668,3.38,-34.25,13.81,46.18,-85.49,-153.76,6.684705882352942,1.0,52.402424294117644,-1.5011880000000002
52.40242368067227,-1.5011897142857145,144.44,,3.0,206.67,18 / 21,118627,2019-09-07 09:15:23:906,-4.0255,2.2408,9.9893,-0.0112,-0.0007,9.8065,-0.0531,-0.6301,0.0559,3.38,-34.37,12.75,48.7,-85.43,-153.17,6.679747899159664,1.0,52.40242368067227,-1.5011897142857145
52.40242306722689,-1.5011914285714287,144.44,,3.0,206.67,18 / 21,118727,2019-09-07 09:15:24:006,-3.2715,2.3036,9.7585,0.0124,-0.0049,9.8066,-0.0119,-0.6345,0.0324,3.25,-34.75,12.13,50.46,-85.44,-153.69,6.674789915966387,1.0,52.40242306722689,-1.5011914285714287
52.40242245378151,-1.501193142857143,144.44,,3.0,206.67,18 / 21,118827,2019-09-07 09:15:24:106,-4.1755,2.5168,9.3564,0.0008,0.0111,9.8065,-0.0343,-0.6166,0.054,2.75,-34.5,10.38,54.76,-85.51,-154.08,6.66983193277311,1.0,52.40242245378151,-1.501193142857143
52.40242184033613,-1.5011948571428573,144.44,,3.0,206.67,18 / 21,118927,2019-09-07 09:15:24:206,-3.0461,2.2951,9.5632,0.0105,-0.0183,9.8066,0.0043,-0.6549,0.0653,2.94,-34.5,8.88,57.45,-85.41,-155.1,6.664873949579833,1.0,52.40242184033613,-1.5011948571428573
52.40242122689076,-1.5011965714285715,144.44,,3.0,206.67,18 / 21,119027,2019-09-07 09:15:24:306,-3.3484,3.7971,10.2136,-0.0102,0.0183,9.8066,-0.1271,-0.693,0.1159,2.0,-34.94,7.88,55.32,-85.35,-155.3,6.659915966386555,1.0,52.40242122689076,-1.5011965714285715
52.40242061344538,-1.5011982857142858,144.44,,3.0,206.67,18 / 21,119128,2019-09-07 09:15:24:407,-2.5381,3.266,9.7204,0.0088,0.0207,9.8066,0.0537,-0.5962,0.0168,2.63,-35.06,6.38,77.27,-85.28,-154.17,6.6549579831932775,1.0,52.40242061344538,-1.5011982857142858
52.40242,-1.5012,144.08,6.65,3.0,281.58,18 / 21,119227,2019-09-07 09:15:24:506,-2.0732,4.5013,9.964,-0.034,0.0198,9.8065,-0.0712,-0.6599,0.1906,1.19,-35.0,5.5,68.02,-85.11,-148.65,6.65,1.0,52.40242,-1.5012
52.402420666666664,-1.5012010833333334,144.08,,3.0,281.58,18 / 21,119327,2019-09-07 09:15:24:606,-2.6411,3.6831,9.5088,-0.0079,-0.0022,9.8066,-0.0737,-0.6358,0.1042,0.69,-35.44,4.63,80.13,-85.03,-147.2,6.646833333333333,1.0,52.402420666666664,-1.5012010833333334
52.40242133333333,-1.5012021666666668,144.08,,3.0,281.58,18 / 21,119427,2019-09-07 09:15:24:706,-2.6843,2.1552,9.7239,0.0013,-0.0033,9.8066,-0.0156,-0.627,0.1065,0.81,-35.94,3.88,97.79,-84.98,-145.69,6.643666666666667,1.0,52.40242133333333,-1.5012021666666668
52.402422,-1.50120325,144.08,,3.0,281.58,18 / 21,119528,2019-09-07 09:15:24:807,2.7033,2.8536,10.4534,0.0048,0.017,9.8065,0.0144,-0.628,0.083,-0.75,-36.5,2.25,161.88,-84.97,-145.44,6.6405,1.0,52.402422,-1.50120325
52.402422666666666,-1.5012043333333334,144.08,,3.0,281.58,18 / 21,119627,2019-09-07 09:15:24:906,3.0063,2.5821,9.9929,0.0047,-0.0022,9.8066,-0.0515,-0.6276,0.0545,-0.69,-36.69,1.56,162.74,-84.91,-144.8,6.637333333333333,1.0,52.402422666666666,-1.5012043333333334
52.40242333333333,-1.5012054166666668,144.08,,3.0,281.58,18 / 21,119727,2019-09-07 09:15:25:006,4.5451,-1.1476,10.0529,0.0152,-0.0048,9.8066,-0.0201,-0.6466,0.0923,-1.69,-37.37,1.06,216.99,-84.8,-144.24,6.634166666666667,1.0,52.40242333333333,-1.5012054166666668
52.402423999999996,-1.5012065,144.08,,3.0,281.58,18 / 21,119828,2019-09-07 09:15:25:107,3.2479,-2.1306,9.9439,-0.0006,0.0068,9.8066,-0.0374,-0.5746,0.0202,-3.0,-37.5,1.0,244.6,-84.68,-144.16,6.631,1.0,52.402423999999996,-1.5012065
52.40242466666667,-1.5012075833333334,144.08,,3.0,281.58,18 / 21,119928,2019-09-07 09:15:25:207,3.9458,-2.1942,9.9386,0.0013,0.0135,9.8065,-0.111,-0.6129,0.0175,-3.37,-36.94,0.5,243.59,-84.63,-145.12,6.627833333333333,1.0,52.40242466666667,-1.5012075833333334
52.40242533333333,-1.5012086666666669,144.08,,3.0,281.58,18 / 21,120027,2019-09-07 09:15:25:306,2.7735,-2.8354,10.1126,0.0001,0.0009,9.8066,-0.0515,-0.5999,0.008,-4.62,-37.25,-0.25,261.47,-84.65,-145.28,6.624666666666667,1.0,52.40242533333333,-1.5012086666666669
52.402426,-1.5012097500000001,144.08,,3.0,281.58,20 / 23,120128,2019-09-07 09:15:25:407,2.7088,-2.7724,9.7388,-0.001,-0.0021,9.8066,-0.0671,-0.6289,0.0766,-4.75,-36.56,-0.75,253.18,-84.63,-144.88,6.6215,1.0,52.402426,-1.5012097500000001
52.40242666666666,-1.5012108333333334,144.08,,3.0,281.58,20 / 23,120227,2019-09-07 09:15:25:506,3.0029,-3.6162,9.6303,-0.0006,-0.0109,9.8066,-0.0818,-0.5968,0.008,-6.44,-35.81,-1.25,264.48,-84.71,-143.06,6.618333333333334,1.0,52.40242666666666,-1.5012108333333334
52.402427333333335,-1.5012119166666666,144.08,,3.0,281.58,20 / 23,120327,2019-09-07 09:15:25:606,1.8498,-3.6434,9.8911,-0.0111,0.0047,9.8066,-0.1129,-0.6167,0.0371,-7.0,-35.81,-2.19,264.18,-84.81,-143.34,6.615166666666667,1.0,52.402427333333335,-1.5012119166666666
52.402428,-1.5012130000000001,144.08,,3.0,281.58,20 / 23,120427,2019-09-07 09:15:25:706,2.2972,-2.9879,9.5481,-0.0008,0.009,9.8066,-0.0125,-0.5852,0.0296,-7.0,-35.44,-3.0,259.3,-84.87,-143.65,6.612,1.0,52.402428,-1.5012130000000001
52.402428666666665,-1.5012140833333334,144.08,,3.0,281.58,20 / 23,120527,2019-09-07 09:15:25:806,2.4535,-2.8754,9.6938,-0.012,-0.0081,9.8066,-0.003,-0.6134,0.0381,-9.0,-35.0,-3.56,264.75,-84.97,-143.15,6.608833333333334,1.0,52.402428666666665,-1.5012140833333334
52.40242933333333,-1.5012151666666667,144.08,,3.0,281.58,20 / 23,120627,2019-09-07 09:15:25:906,1.9583,-3.6022,10.1146,0.0032,0.0019,9.8066,-0.0847,-0.6056,0.0237,-10.06,-34.5,-4.37,269.23,-84.99,-142.9,6.605666666666667,1.0,52.40242933333333,-1.5012151666666667
52.40243,-1.5012162500000001,144.08,,3.0,281.58,20 / 23,120727,2019-09-07 09:15:26:006,2.171,-3.9342,10.3015,-0.0015,-0.0036,9.8066,-0.0333,-0.6167,0.0401,-10.19,-34.5,-4.0,270.12,-85.02,-142.11,6.6025,1.0,52.40243,-1.5012162500000001
52.40243066666667,-1.5012173333333334,144.08,,3.0,281.58,20 / 23,120827,2019-09-07 09:15:26:106,2.4354,-3.627,9.8737,-0.0059,-0.0045,9.8066,-0.0006,-0.6191,0.0068,-11.44,-34.44,-5.25,269.85,-85.06,-141.64,6.599333333333334,1.0,52.40243066666667,-1.5012173333333334
52.40243133333333,-1.5012184166666667,144.08,,3.0,281.58,20 / 23,120927,2019-09-07 09:15:26:206,2.9977,-2.1429,8.7325,-0.0105,0.0208,9.8066,-0.0406,-0.6007,0.0441,-12.25,-35.06,-5.94,267.12,-85.18,-143.64,6.596166666666667,1.0,52.40243133333333,-1.5012184166666667
52.402432,-1.5012195000000002,144.08,,3.0,281.58,20 / 23,121027,2019-09-07 09:15:26:306,1.995,-2.9279,8.6044,-0.0477,-0.024,9.8065,0.0259,-0.658,0.1753,-14.0,-35.19,-5.81,272.08,-85.1,-143.36,6.593,1.0,52.402432,-1.5012195000000002
52.40243266666667,-1.5012205833333334,144.08,,3.0,281.58,17 / 20,121127,2019-09-07 09:15:26:406,1.2544,-3.9717,9.711,-0.0201,-0.0329,9.8066,-0.0916,-0.432,-0.0422,-15.31,-34.69,-6.12,278.7,-85.35,-139.45,6.589833333333334,1.0,52.40243266666667,-1.5012205833333334
52.402433333333335,-1.5012216666666667,144.08,,3.0,281.58,17 / 20,121227,2019-09-07 09:15:26:506,0.75,-3.1855,10.2475,-0.0355,-0.0166,9.8066,0.0387,-0.5128,0.0122,-15.75,-34.5,-5.5,283.94,-85.51,-139.78,6.586666666666667,1.0,52.402433333333335,-1.5012216666666667
52.402434,-1.5012227500000002,144.08,,3.0,281.58,17 / 20,121328,2019-09-07 09:15:26:607,0.1711,-3.6631,10.1887,-0.0329,-0.0101,9.8065,-0.0548,-0.6051,0.0539,-16.81,-34.44,-6.12,286.43,-85.85,-136.55,6.5835,1.0,52.402434,-1.5012227500000002
52.402434666666664,-1.5012238333333334,144.08,,3.0,281.58,17 / 20,121429,2019-09-07 09:15:26:708,2.2085,-4.8355,9.9933,0.0334,-0.0145,9.8066,-0.0567,-0.5614,0.0003,-18.75,-34.0,-6.0,291.54,-85.92,-134.39,6.580333333333334,1.0,52.402434666666664,-1.5012238333333334
52.40243533333334,-1.5012249166666667,144.08,,3.0,281.58,17 / 20,121527,2019-09-07 09:15:26:806,1.6645,-3.2936,9.6831,0.0272,0.0106,9.8065,0.0417,-0.653,0.1035,-19.19,-34.25,-6.06,291.03,-85.6,-134.35,6.577166666666667,1.0,52.40243533333334,-1.5012249166666667
52.402436,-1.5012260000000002,144.08,,3.0,281.58,17 / 20,121627,2019-09-07 09:15:26:906,0.2969,-4.8732,10.0895,-0.0154,0.0011,9.8066,-0.0695,-0.6535,0.1506,-20.81,-33.69,-6.06,293.78,-85.77,-134.18,6.574,1.0,52.402436,-1.5012260000000002
52.40243666666667,-1.5012270833333334,144.08,,3.0,281.58,17 / 20,121727,2019-09-07 09:15:27:006,1.3264,-3.9551,9.1845,-0.0218,-0.0161,9.8065,-0.0698,-0.6879,0.1369,-21.75,-33.81,-5.12,298.0,-85.77,-133.48,6.570833333333334,1.0,52.40243666666667,-1.5012270833333334
52.40243733333333,-1.5012281666666667,144.08,,3.0,281.58,17 / 20,121828,2019-09-07 09:15:27:107,0.3033,-4.0459,10.564,0.047,-0.0227,9.8065,-0.019,-0.6176,-0.0141,-22.81,-34.12,-3.69,303.47,-85.53,-131.13,6.567666666666667,1.0,52.40243733333333,-1.5012281666666667
52.402438000000004,-1.5012292500000002,144.08,,3.0,281.58,17 / 20,121927,2019-09-07 09:15:27:206,0.475,-4.5943,10.8204,0.0053,0.003,9.8066,-0.0338,-0.6177,-0.0649,-23.5,-33.69,-4.12,304.23,-85.28,-130.11,6.5645,1.0,52.402438000000004,-1.5012292500000002
52.40243866666667,-1.5012303333333334,144.08,,3.0,281.58,17 / 20,122027,2019-09-07 09:15:27:306,1.1212,-4.6467,10.4677,-0.0068,0.0004,9.8066,-0.1569,-0.6188,-0.0145,-24.69,-32.81,-3.31,309.96,-85.49,-128.58,6.561333333333334,1.0,52.40243866666667,-1.5012303333333334
52.402439333333334,-1.5012314166666667,144.08,,3.0,281.58,17 / 20,122127,2019-09-07 09:15:27:406,-0.1673,-3.8783,9.5288,0.0135,0.0104,9.8066,-0.1562,-0.6415,0.0702,-24.94,-32.81,-2.94,310.25,-85.65,-128.47,6.558166666666667,1.0,52.402439333333334,-1.5012314166666667
52.40244,-1.5012325,144.08,,3.0,281.58,19 / 22,122227,2019-09-07 09:15:27:506,-0.7394,-5.0968,9.8837,-0.0123,0.0004,9.8066,0.0631,-0.6144,0.0856,-25.37,-32.19,-2.19,314.02,-85.64,-127.31,6.555000000000001,1.0,52.40244,-1.5012325
52.402440666666664,-1.5012335833333335,144.08,,3.0,281.58,19 / 22,122327,2019-09-07 09:15:27:606,0.8065,-4.441,10.0023,-0.0042,0.0,9.8066,0.0333,-0.6498,0.0634,-26.69,-32.62,-0.81,315.09,-85.59,-128.9,6.551833333333334,1.0,52.402440666666664,-1.5012335833333335
52.402441333333336,-1.5012346666666667,144.08,,3.0,281.58,19 / 22,122427,2019-09-07 09:15:27:706,0.2902,-4.0243,10.2178,0.0189,0.003,9.8066,-0.0186,-0.5842,0.0059,-27.5,-33.31,0.31,316.16,-85.6,-130.03,6.548666666666667,1.0,52.402441333333336,-1.5012346666666667
52.402442,-1.50123575,144.08,,3.0,281.58,19 / 22,122527,2019-09-07 09:15:27:806,-0.0296,-4.5312,9.6711,0.0126,0.009,9.8066,-0.0464,-0.6504,0.0639,-28.25,-32.5,0.75,315.99,-85.6,-132.47,6.5455000000000005,1.0,52.402442,-1.50123575
52.402442666666666,-1.5012368333333335,144.08,,3.0,281.58,19 / 22,122627,2019-09-07 09:15:27:906,-1.5657,-4.1501,9.7601,-0.0067,0.0039,9.8066,-0.0626,-0.6055,-0.0179,-28.75,-33.0,1.81,317.71,-85.57,-132.77,6.542333333333334,1.0,52.402442666666666,-1.5012368333333335
52.40244333333333,-1.5012379166666667,144.08,,3.0,281.58,19 / 22,122727,2019-09-07 09:15:28:006,-1.3225,-4.0338,9.5591,0.0044,0.015,9.8065,-0.0912,-0.6706,-0.0039,-29.25,-32.56,3.19,318.47,-85.7,-134.12,6.539166666666667,1.0,52.40244333333333,-1.5012379166666667
52.402444,-1.501239,144.08,,3.0,281.58,19 / 22,122827,2019-09-07 09:15:28:106,-1.1548,-4.6888,9.9814,0.0113,-0.0077,9.8066,-0.0407,-0.622,0.0106,-29.44,-32.75,4.06,320.02,-85.64,-134.6,6.5360000000000005,1.0,52.402444,-1.501239
52.40244466666667,-1.5012400833333335,144.08,,3.0,281.58,19 / 22,122927,2019-09-07 09:15:28:206,-1.2977,-4.8533,10.1842,0.0071,0.0117,9.8066,-0.0168,-0.6854,0.0961,-30.87,-32.19,5.5,322.47,-85.71,-135.76,6.5328333333333335,1.0,52.40244466666667,-1.5012400833333335
52.40244533333333,-1.5012411666666667,144.08,,3.0,281.58,19 / 22,123027,2019-09-07 09:15:28:306,-2.0631,-4.1038,10.1975,-0.0026,0.0055,9.8066,0.0151,-0.6621,0.0346,-30.44,-32.44,6.69,324.15,-85.74,-136.31,6.5296666666666665,1.0,52.40244533333333,-1.5012411666666667
52.402446,-1.50124225,144.08,,3.0,281.58,19 / 22,123128,2019-09-07 09:15:28:407,-2.1338,-4.1579,9.8725,-0.0126,0.0068,9.8066,0.0393,-0.6566,-0.0025,-30.69,-32.19,7.5,325.19,-85.82,-136.82,6.5265,1.0,52.402446,-1.50124225
52.40244666666667,-1.5012433333333335,144.08,,3.0,281.58,18 / 21,123227,2019-09-07 09:15:28:506,-1.9421,-4.4882,9.6324,0.0172,0.0089,9.8065,-0.1673,-0.6565,0.014,-31.19,-32.12,8.69,324.1,-85.84,-139.59,6.523333333333333,1.0,52.40244666666667,-1.5012433333333335
52.402447333333335,-1.5012444166666667,144.08,,3.0,281.58,18 / 21,123327,2019-09-07 09:15:28:606,-2.1357,-3.1429,10.251,0.0184,-0.0056,9.8066,-0.1246,-0.5537,-0.0296,-30.69,-31.75,10.19,325.02,-85.9,-140.48,6.520166666666666,1.0,52.402447333333335,-1.5012444166666667
52.402448,-1.5012455,144.08,,3.0,281.58,18 / 21,123427,2019-09-07 09:15:28:706,-2.0703,-3.9109,9.813,0.014,0.0064,9.8065,-0.0282,-0.6392,0.0139,-31.56,-31.56,11.0,324.69,-85.98,-142.01,6.517,1.0,52.402448,-1.5012455
52.402448666666665,-1.5012465833333335,144.08,,3.0,281.58,18 / 21,123527,2019-09-07 09:15:28:806,-2.895,-3.5499,9.63,0.0126,0.001,9.8066,-0.0771,-0.6533,0.031,-30.69,-32.0,12.69,327.41,-86.03,-143.24,6.513833333333333,1.0,52.402448666666665,-1.5012465833333335
52.40244933333334,-1.5012476666666668,144.08,,3.0,281.58,18 / 21,123627,2019-09-07 09:15:28:906,-2.613,-2.8621,10.181,-0.0037,0.0133,9.8066,0.0655,-0.7053,0.0745,-30.87,-32.44,13.81,328.63,-86.01,-143.66,6.510666666666666,1.0,52.40244933333334,-1.5012476666666668
52.40245,-1.50124875,144.08,,3.0,281.58,18 / 21,123727,2019-09-07 09:15:29:006,-1.4041,-3.2983,9.5348,-0.0064,0.0033,9.8066,0.0576,-0.5884,0.0154,-30.75,-31.81,14.88,329.34,-86.11,-144.58,6.5075,1.0,52.40245,-1.50124875
52.40245066666667,-1.5012498333333335,144.08,,3.0,281.58,18 / 21,123827,2019-09-07 09:15:29:106,-2.5769,-3.7736,10.3358,0.0062,-0.0053,9.8066,-0.0588,-0.6206,0.035,-30.56,-31.87,16.56,331.74,-86.12,-145.28,6.504333333333333,1.0,52.40245066666667,-1.5012498333333335
52.40245133333333,-1.5012509166666668,144.08,,3.0,281.58,18 / 21,123927,2019-09-07 09:15:29:206,-3.1386,-3.9267,9.7717,0.0033,-0.0056,9.8066,-0.0541,-0.6665,0.0398,-30.0,-32.0,16.94,332.11,-86.06,-145.66,6.501166666666666,1.0,52.40245133333333,-1.5012509166666668
52.402452000000004,-1.501252,144.08,,3.0,281.58,18 / 21,124028,2019-09-07 09:15:29:307,-1.8357,-3.1925,9.72,-0.0028,0.0123,9.8066,0.0437,-0.6462,0.059,-30.5,-31.5,18.63,332.45,-86.16,-148.29,6.498,1.0,52.402452000000004,-1.501252
52.40245266666667,-1.5012530833333335,144.08,,3.0,281.58,18 / 21,124127,2019-09-07 09:15:29:406,-3.6142,-3.2891,9.5086,0.0094,-0.0101,9.8065,-0.0673,-0.6248,0.0676,-29.62,-31.44,20.5,335.54,-86.02,-148.0,6.494833333333333,1.0,52.40245266666667,-1.5012530833333335
52.402453333333334,-1.5012541666666668,144.08,,3.0,281.58,18 / 21,124227,2019-09-07 09:15:29:506,-3.822,-2.6115,9.5496,-0.0105,0.0139,9.8066,-0.0516,-0.6294,0.0473,-30.06,-32.0,21.0,334.67,-86.01,-148.77,6.491666666666667,1.0,52.402453333333334,-1.5012541666666668
52.402454,-1.50125525,144.08,,3.0,281.58,18 / 21,124327,2019-09-07 09:15:29:606,-3.9191,-4.1746,9.5626,-0.0353,0.0125,9.8065,0.0179,-0.6992,0.1082,-29.31,-31.62,22.5,340.61,-86.07,-146.64,6.4885,1.0,52.402454,-1.50125525
52.40245466666667,-1.5012563333333333,144.08,,3.0,281.58,18 / 21,124427,2019-09-07 09:15:29:706,-3.5342,-2.606,10.7728,0.0034,-0.0003,9.8066,0.0239,-0.6146,-0.0087,-28.75,-31.19,22.94,340.24,-86.07,-147.03,6.485333333333333,1.0,52.40245466666667,-1.5012563333333333
52.402455333333336,-1.5012574166666668,144.08,,3.0,281.58,18 / 21,124528,2019-09-07 09:15:29:807,-0.3901,-2.1095,10.2369,0.0056,0.0155,9.8066,0.0465,-0.6547,0.0028,-27.62,-31.5,23.5,340.69,-86.15,-148.8,6.482166666666667,1.0,52.402455333333336,-1.5012574166666668
52.402456,-1.5012585,144.08,,3.0,281.58,18 / 21,124627,2019-09-07 09:15:29:906,-3.8562,-3.4896,10.678,0.0173,-0.0484,9.8065,0.0388,-0.7712,0.1429,-27.12,-31.69,25.19,341.15,-85.97,-150.47,6.479,1.0,52.402456,-1.5012585
52.402456666666666,-1.5012595833333333,144.08,,3.0,281.58,18 / 21,124728,2019-09-07 09:15:30:007,-2.737,-2.2113,9.7577,0.0216,-0.0294,9.8065,-0.0538,-0.6486,0.0448,-26.56,-31.69,25.75,343.35,-85.91,-149.53,6.475833333333333,1.0,52.402456666666666,-1.5012595833333333
52.40245733333334,-1.5012606666666668,144.08,,3.0,281.58,18 / 21,124827,2019-09-07 09:15:30:106,-3.7243,-2.5322,10.0556,-0.0134,-0.0007,9.8066,-0.0558,-0.6746,0.1126,-25.81,-31.19,26.88,346.25,-85.89,-148.99,6.472666666666667,1.0,52.40245733333334,-1.5012606666666668
52.402458,-1.50126175,144.08,,3.0,281.58,18 / 21,124928,2019-09-07 09:15:30:207,-3.8841,-2.9833,10.1373,-0.0106,0.0025,9.8066,-0.0506,-0.6434,0.0451,-25.44,-31.19,28.44,350.75,-85.85,-146.92,6.4695,1.0,52.402458,-1.50126175
52.40245866666667,-1.5012628333333333,144.08,,3.0,281.58,18 / 21,125028,2019-09-07 09:15:30:307,-3.7002,-2.9521,10.3712,0.0057,0.0141,9.8066,-0.036,-0.6508,0.0149,-23.94,-31.56,28.63,353.83,-85.79,-146.16,6.466333333333333,1.0,52.40245866666667,-1.5012628333333333
52.40245933333333,-1.5012639166666668,144.08,,3.0,281.58,18 / 21,125127,2019-09-07 09:15:30:406,-3.5348,-2.2783,9.908,-0.0039,-0.0049,9.8066,-0.056,-0.6294,0.0511,-23.12,-31.75,29.19,354.01,-85.82,-147.18,6.463166666666667,1.0,52.40245933333333,-1.5012639166666668
52.40246,-1.501265,144.08,,3.0,281.58,18 / 22,125227,2019-09-07 09:15:30:506,-2.9227,-1.9356,9.5967,0.0034,-0.0081,9.8066,-0.0195,-0.6039,0.0567,-22.25,-31.5,29.75,356.56,-85.72,-146.96,6.46,1.0,52.40246,-1.501265
52.40246066666667,-1.5012660833333333,144.08,,3.0,281.58,18 / 22,125327,2019-09-07 09:15:30:606,-4.2649,-1.6057,9.4933,0.0006,-0.0085,9.8066,-0.0573,-0.5907,0.0809,-21.19,-31.19,30.38,357.58,-85.6,-147.27,6.456833333333333,1.0,52.40246066666667,-1.5012660833333333
52.402461333333335,-1.5012671666666668,144.08,,3.0,281.58,18 / 22,125427,2019-09-07 09:15:30:706,-4.5515,-1.0255,10.2969,0.0019,0.0117,9.8066,-0.0938,-0.6811,0.072,-20.19,-31.12,31.56,1.88,-85.6,-146.24,6.453666666666667,1.0,52.402461333333335,-1.5012671666666668
52.402462,-1.50126825,144.08,,3.0,281.58,18 / 22,125528,2019-09-07 09:15:30:807,-3.6095,-1.4265,9.3641,0.0007,0.0115,9.8066,-0.0027,-0.6382,0.0254,-19.12,-31.19,31.5,1.85,-85.61,-147.57,6.4505,1.0,52.402462,-1.50126825
52.402462666666665,-1.5012693333333333,144.08,,3.0,281.58,18 / 22,125627,2019-09-07 09:15:30:906,-3.4715,-1.8427,9.7729,0.0022,-0.0066,9.8066,0.0046,-0.6358,0.0056,-17.94,-31.06,32.13,2.42,-85.5,-148.39,6.447333333333333,1.0,52.402462666666665,-1.5012693333333333
52.40246333333334,-1.5012704166666668,144.08,,3.0,281.58,18 / 22,125727,2019-09-07 09:15:31:006,-4.4335,-2.2888,9.9491,-0.0023,-0.0126,9.8065,-0.0231,-0.6625,0.0161,-17.12,-31.75,32.5,4.97,-85.43,-148.13,6.444166666666667,1.0,52.40246333333334,-1.5012704166666668
52.402464,-1.5012715,144.08,,3.0,281.58,18 / 22,125827,2019-09-07 09:15:31:106,-4.373,-1.7646,9.7981,-0.0019,-0.0061,9.8066,-0.0152,-0.6801,0.0468,-15.75,-31.69,32.88,5.4,-85.27,-149.14,6.441,1.0,52.402464,-1.5012715
52.40246466666667,-1.5012725833333334,144.08,,3.0,281.58,18 / 22,125927,2019-09-07 09:15:31:206,-4.0837,-0.8792,9.8828,-0.0078,-0.0046,9.8066,-0.0518,-0.6327,0.0683,-15.19,-31.5,33.5,8.38,-85.18,-148.42,6.437833333333333,1.0,52.40246466666667,-1.5012725833333334
52.40246533333333,-1.5012736666666668,144.08,,3.0,281.58,18 / 22,126027,2019-09-07 09:15:31:306,-4.8711,-0.3391,9.803,-0.0045,0.0043,9.8066,-0.0729,-0.6498,0.0632,-14.19,-31.75,33.19,9.75,-85.07,-148.04,6.434666666666667,1.0,52.40246533333333,-1.5012736666666668
52.402466000000004,-1.50127475,144.08,,3.0,281.58,18 / 22,126127,2019-09-07 09:15:31:406,-4.2319,-0.9537,9.661,-0.0068,-0.0009,9.8066,-0.0146,-0.6388,0.0418,-12.75,-31.81,33.69,11.93,-85.03,-148.1,6.4315,1.0,52.402466000000004,-1.50127475
52.40246666666667,-1.5012758333333334,144.08,,3.0,281.58,18 / 22,126227,2019-09-07 09:15:31:506,-4.1282,-0.9822,10.0287,-0.0015,-0.0091,9.8066,-0.0018,-0.6649,0.0616,-11.81,-31.19,33.31,13.37,-84.97,-147.72,6.428333333333334,1.0,52.40246666666667,-1.5012758333333334
52.402467333333334,-1.5012769166666666,144.08,,3.0,281.58,18 / 22,126327,2019-09-07 09:15:31:606,-4.0415,-0.9945,9.9657,-0.0019,-0.0109,9.8066,-0.0738,-0.6248,0.0096,-10.69,-32.12,32.31,15.6,-84.94,-146.78,6.425166666666667,1.0,52.402467333333334,-1.5012769166666666
52.402468,-1.5012780000000001,144.08,,3.0,281.58,18 / 22,126427,2019-09-07 09:15:31:706,-4.482,0.1606,9.3366,-0.0144,0.0107,9.8066,-0.0885,-0.649,0.0557,-9.87,-32.12,32.69,18.02,-84.96,-146.64,6.422,1.0,52.402468,-1.5012780000000001
52.40246866666667,-1.5012790833333334,144.08,,3.0,281.58,18 / 22,126528,2019-09-07 09:15:31:807,-5.4546,-0.5177,9.987,-0.0053,0.0102,9.8066,0.0046,-0.5924,-0.0132,-8.44,-32.31,31.56,23.56,-84.98,-144.43,6.418833333333334,1.0,52.40246866666667,-1.5012790833333334
52.402469333333336,-1.5012801666666666,144.08,,3.0,281.58,18 / 22,126627,2019-09-07 09:15:31:906,-3.6523,-0.8125,9.2918,0.0152,-0.0058,9.8066,0.0081,-0.6069,0.0157,-7.31,-32.56,32.06,24.04,-85.13,-145.69,6.415666666666667,1.0,52.402469333333336,-1.5012801666666666
52.40247,-1.5012812500000001,144.08,,3.0,281.58,18 / 22,126727,2019-09-07 09:15:32:006,-3.1355,1.0066,10.0621,-0.011,-0.0356,9.8065,-0.1273,-0.6522,0.0136,-7.0,-32.62,31.5,22.78,-85.01,-146.9,6.4125,1.0,52.40247,-1.5012812500000001
52.402470666666666,-1.5012823333333334,144.08,,3.0,281.58,18 / 22,126827,2019-09-07 09:15:32:106,-4.6409,0.3786,9.9769,-0.0099,0.0168,9.8066,-0.0824,-0.6487,0.056,-5.37,-32.31,30.25,25.57,-85.01,-147.32,6.4093333333333335,1.0,52.402470666666666,-1.5012823333333334
52.40247133333334,-1.5012834166666666,144.08,,3.0,281.58,18 / 22,126927,2019-09-07 09:15:32:206,-4.3306,-0.5011,9.6751,-0.0003,-0.0004,9.8066,-0.048,-0.6093,0.0296,-4.69,-33.06,29.88,26.07,-84.92,-146.98,6.406166666666667,1.0,52.40247133333334,-1.5012834166666666
52.402472,-1.5012845000000001,144.08,,3.0,281.58,18 / 22,127027,2019-09-07 09:15:32:306,-3.5692,0.7532,9.4792,0.0092,0.0104,9.8066,-0.0617,-0.5562,0.0347,-4.56,-33.19,29.69,25.54,-84.86,-147.49,6.403,1.0,52.402472,-1.5012845000000001
52.40247266666667,-1.5012855833333334,144.08,,3.0,281.58,18 / 22,127128,2019-09-07 09:15:32:407,-4.5302,1.2857,10.1914,0.0033,0.0459,9.8065,0.1294,-0.5475,0.1257,-3.19,-32.94,29.0,29.71,-84.86,-147.37,6.3998333333333335,1.0,52.40247266666667,-1.5012855833333334
52.40247333333333,-1.5012866666666667,144.08,,3.0,281.58,18 / 21,127227,2019-09-07 09:15:32:506,-4.0105,0.2222,10.1945,0.0072,-0.0231,9.8065,0.072,-0.6242,0.1251,-2.0,-33.19,28.06,30.47,-84.73,-148.7,6.3966666666666665,1.0,52.40247333333333,-1.5012866666666667
52.402474000000005,-1.5012877500000001,144.08,,3.0,281.58,18 / 21,127328,2019-09-07 09:15:32:607,-3.5703,1.1328,10.1259,0.0104,-0.0188,9.8066,-0.0939,-0.6467,0.0953,-1.12,-33.31,27.19,31.91,-84.85,-149.4,6.3934999999999995,1.0,52.402474000000005,-1.5012877500000001
52.40247466666667,-1.5012888333333334,144.08,,3.0,281.58,18 / 21,127427,2019-09-07 09:15:32:706,-4.6354,-0.8961,9.9589,-0.0061,0.0039,9.8066,-0.0084,-0.6322,0.0736,-0.75,-33.12,26.81,31.62,-84.93,-149.6,6.390333333333333,1.0,52.40247466666667,-1.5012888333333334
52.402475333333335,-1.5012899166666667,144.08,,3.0,281.58,18 / 21,127527,2019-09-07 09:15:32:806,-4.6909,0.286,9.3309,0.0037,0.0018,9.8066,-0.0559,-0.6409,-0.0102,-0.62,-33.75,25.38,32.18,-84.97,-149.27,6.387166666666666,1.0,52.402475333333335,-1.5012899166666667
52.402476,-1.5012910000000002,144.08,,3.0,281.58,18 / 21,127627,2019-09-07 09:15:32:906,-4.2275,0.6818,9.6575,0.002,0.0026,9.8066,-0.0834,-0.6222,0.0003,0.44,-33.56,23.69,33.94,-85.04,-150.08,6.3839999999999995,1.0,52.402476,-1.5012910000000002
52.40247666666667,-1.5012920833333334,144.08,,3.0,281.58,18 / 21,127727,2019-09-07 09:15:33:006,-4.5621,0.6717,10.0038,0.0041,-0.0074,9.8066,-0.0551,-0.6164,0.0076,1.44,-33.94,23.63,36.22,-85.02,-150.44,6.380833333333333,1.0,52.40247666666667,-1.5012920833333334
52.40247733333334,-1.5012931666666667,144.08,,3.0,281.58,18 / 21,127827,2019-09-07 09:15:33:106,-4.8771,1.2975,9.7212,0.0164,0.0094,9.8065,-0.0464,-0.631,0.0339,1.81,-33.75,22.13,38.02,-85.17,-151.86,6.377666666666666,1.0,52.40247733333334,-1.5012931666666667
52.402478,-1.5012942500000002,144.08,,3.0,281.58,18 / 21,127927,2019-09-07 09:15:33:206,-3.8196,1.2975,9.4443,0.0175,0.0121,9.8066,-0.0513,-0.6052,0.0666,2.25,-33.75,21.69,35.82,-85.37,-153.64,6.374499999999999,1.0,52.402478,-1.5012942500000002
52.40247866666667,-1.5012953333333334,144.08,,3.0,281.58,18 / 21,128027,2019-09-07 09:15:33:306,-4.0864,1.2123,9.8269,0.0125,-0.0001,9.8066,-0.0131,-0.6197,0.0468,2.5,-33.81,20.13,39.78,-85.51,-153.67,6.371333333333333,1.0,52.40247866666667,-1.5012953333333334
52.40247933333334,-1.5012964166666667,144.08,,3.0,281.58,18 / 21,128128,2019-09-07 09:15:33:407,-4.1372,1.5412,10.3152,-0.0003,-0.0075,9.8066,-0.0772,-0.6275,0.0099,3.25,-33.75,18.19,40.28,-85.64,-154.52,6.368166666666666,1.0,52.40247933333334,-1.5012964166666667
52.402480000000004,-1.5012975,144.08,,3.0,281.58,19 / 22,128227,2019-09-07 09:15:33:506,-3.9672,1.5901,9.8091,0.0159,0.0098,9.8065,-0.0232,-0.6073,-0.0449,3.38,-34.06,17.94,39.46,-85.77,-155.1,6.365,1.0,52.402480000000004,-1.5012975
52.40248066666667,-1.5012985833333334,144.08,,3.0,281.58,19 / 22,128327,2019-09-07 09:15:33:606,-4.0286,1.003,9.0816,0.0164,-0.0037,9.8066,-0.0865,-0.6139,0.0223,3.44,-34.25,16.56,36.97,-85.93,-157.93,6.361833333333333,1.0,52.40248066666667,-1.5012985833333334
52.402481333333334,-1.5012996666666667,144.08,,3.0,281.58,19 / 22,128427,2019-09-07 09:15:33:706,-3.4235,2.4149,8.7565,0.0092,0.0155,9.8065,-0.0835,-0.4929,0.0191,4.25,-34.06,14.56,39.24,-85.9,-161.46,6.358666666666666,1.0,52.402481333333334,-1.5012996666666667
52.402482,-1.50130075,144.08,,3.0,281.58,19 / 22,128527,2019-09-07 09:15:33:806,-3.4177,0.8639,10.3749,0.0035,0.0273,9.8065,-0.0133,-0.584,0.1732,3.19,-34.06,13.69,37.18,-85.76,-161.09,6.3555,1.0,52.402482,-1.50130075
52.40248266666667,-1.5013018333333334,144.08,,3.0,281.58,19 / 22,128627,2019-09-07 09:15:33:906,-6.0021,1.695,10.3599,-0.0206,-0.045,9.8064,-0.0214,-0.7901,0.1365,3.38,-34.19,12.63,42.64,-85.68,-157.92,6.352333333333333,1.0,52.40248266666667,-1.5013018333333334
52.402483333333336,-1.5013029166666667,144.08,,3.0,281.58,19 / 22,128727,2019-09-07 09:15:34:006,-4.7644,2.1602,10.323,-0.0038,-0.0234,9.8066,-0.0043,-0.621,0.0625,3.13,-34.19,11.5,40.64,-85.53,-161.51,6.349166666666666,1.0,52.402483333333336,-1.5013029166666667
52.402484,-1.501304,144.08,,3.0,281.58,19 / 22,128827,2019-09-07 09:15:34:106,-3.428,3.2589,10.3871,-0.0217,0.0074,9.8065,0.0845,-0.6171,0.0953,2.75,-34.56,11.06,49.11,-85.56,-156.6,6.346,1.0,52.402484,-1.501304
52.402484666666666,-1.5013050833333335,144.08,,3.0,281.58,19 / 22,128927,2019-09-07 09:15:34:206,-2.0582,0.7207,9.6753,-0.0004,0.0412,9.8065,-0.0527,-0.6946,0.2398,2.69,-35.37,9.19,60.7,-85.49,-152.49,6.342833333333333,1.0,52.402484666666666,-1.5013050833333335
52.40248533333334,-1.5013061666666667,144.08,,3.0,281.58,19 / 22,129027,2019-09-07 09:15:34:306,-3.5,1.7806,9.9066,-0.0271,-0.0022,9.8066,-0.0668,-0.5908,0.1408,2.81,-35.19,8.25,67.51,-85.34,-151.06,6.339666666666666,1.0,52.40248533333334,-1.5013061666666667
52.402486,-1.50130725,144.08,,3.0,281.58,18 / 22,129127,2019-09-07 09:15:34:406,-2.1658,2.9099,9.6356,-0.0017,-0.01,9.8066,-0.0486,-0.6154,-0.0092,1.81,-35.12,7.38,68.93,-85.23,-149.06,6.3365,1.0,52.402486,-1.50130725
52.40248666666667,-1.5013083333333335,144.08,,3.0,281.58,18 / 22,129227,2019-09-07 09:15:34:506,-2.0838,3.3707,10.0173,0.0092,0.024,9.8066,-0.0989,-0.6234,0.0198,1.44,-35.5,5.75,66.86,-85.3,-148.42,6.333333333333333,1.0,52.40248666666667,-1.5013083333333335
52.40248733333333,-1.5013094166666667,144.08,,3.0,281.58,18 / 22,129327,2019-09-07 09:15:34:606,-3.7871,2.8318,9.9447,0.0024,0.0126,9.8066,-0.0874,-0.6069,-0.018,1.0,-36.37,5.19,79.13,-85.24,-147.5,6.330166666666666,1.0,52.40248733333333,-1.5013094166666667
52.402488000000005,-1.5013105,144.08,,3.0,281.58,18 / 22,129427,2019-09-07 09:15:34:706,-1.6427,2.803,9.8256,-0.0091,-0.004,9.8066,-0.0267,-0.5503,0.0196,0.06,-36.06,3.88,80.08,-85.23,-147.62,6.327,1.0,52.402488000000005,-1.5013105
52.40248866666667,-1.5013115833333335,144.08,,3.0,281.58,18 / 22,129527,2019-09-07 09:15:34:806,-1.3019,3.0883,9.842,-0.0166,0.0002,9.8066,0.0339,-0.5453,0.1065,0.13,-36.37,3.19,109.12,-85.11,-146.66,6.323833333333333,1.0,52.40248866666667,-1.5013115833333335
52.402489333333335,-1.5013126666666667,144.08,,3.0,281.58,18 / 22,129628,2019-09-07 09:15:34:907,2.9562,3.3279,9.8813,0.0031,0.0199,9.8066,0.0307,-0.6261,0.1453,-1.06,-37.06,2.06,162.77,-85.04,-145.52,6.320666666666666,1.0,52.402489333333335,-1.5013126666666667
52.40249,-1.50131375,144.08,,3.0,281.58,18 / 22,129727,2019-09-07 09:15:35:006,4.7002,-0.795,9.9025,0.0081,0.0042,9.8066,-0.0252,-0.5707,0.0548,-2.0,-37.25,1.88,222.37,-84.9,-144.49,6.3175,1.0,52.40249,-1.50131375
52.40249066666667,-1.5013148333333335,144.08,,3.0,281.58,18 / 22,129827,2019-09-07 09:15:35:106,4.7729,-0.5473,9.8944,0.0042,0.0115,9.8066,-0.0666,-0.6377,0.1044,-2.25,-37.69,1.06,215.34,-84.78,-144.97,6.314333333333333,1.0,52.40249066666667,-1.5013148333333335
52.40249133333334,-1.5013159166666667,144.08,,3.0,281.58,18 / 22,129927,2019-09-07 09:15:35:206,3.2407,-2.2943,10.0634,0.0109,0.0061,9.8066,-0.0885,-0.5648,0.0088,-3.25,-37.37,1.0,245.01,-84.71,-144.86,6.311166666666666,1.0,52.40249133333334,-1.5013159166666667
52.402492,-1.501317,144.08,,3.0,281.58,18 / 22,130027,2019-09-07 09:15:35:306,3.0536,-2.9607,9.592,-0.0103,-0.0104,9.8066,-0.035,-0.6024,-0.0013,-3.62,-36.75,0.31,250.92,-84.7,-144.96,6.308,1.0,52.402492,-1.501317
52.40249266666667,-1.5013180833333335,144.08,,3.0,281.58,20 / 23,130127,2019-09-07 09:15:35:406,2.447,-3.5777,9.4773,-0.0049,-0.013,9.8066,-0.0401,-0.5711,0.0461,-4.87,-36.37,0.25,264.41,-84.81,-144.98,6.304833333333333,1.0,52.40249266666667,-1.5013180833333335
52.40249333333334,-1.5013191666666668,144.08,,3.0,281.58,20 / 23,130227,2019-09-07 09:15:35:506,3.2781,-3.613,10.2106,0.0033,-0.0172,9.8066,-0.0471,-0.6121,0.0247,-5.37,-36.56,-2.06,249.89,-84.85,-142.84,6.301666666666667,1.0,52.40249333333334,-1.5013191666666668
52.402494000000004,-1.50132025,144.08,,3.0,281.58,20 / 23,130327,2019-09-07 09:15:35:606,2.3659,-3.5443,9.8555,-0.0185,-0.0011,9.8065,-0.0076,-0.5971,0.0391,-6.25,-35.25,-2.19,260.07,-84.94,-142.71,6.2985,1.0,52.402494000000004,-1.50132025
52.40249466666667,-1.5013213333333333,144.08,,3.0,281.58,20 / 23,130427,2019-09-07 09:15:35:706,2.2921,-3.5781,9.9425,-0.0051,-0.0067,9.8066,-0.0277,-0.5634,0.0437,-6.87,-36.0,-2.06,265.94,-85.08,-143.02,6.295333333333333,1.0,52.40249466666667,-1.5013213333333333
52.402495333333334,-1.5013224166666668,144.08,,3.0,281.58,20 / 23,130527,2019-09-07 09:15:35:806,1.8753,-2.6429,9.5202,0.01,0.0115,9.8066,-0.132,-0.6182,0.0931,-7.81,-34.75,-3.25,265.17,-85.11,-143.87,6.292166666666667,1.0,52.402495333333334,-1.5013224166666668
52.402496000000006,-1.5013235,144.08,,3.0,281.58,20 / 23,130628,2019-09-07 09:15:35:907,1.7883,-3.9493,9.9325,0.0116,0.0055,9.8066,-0.095,-0.5695,0.0385,-8.69,-34.44,-3.37,270.8,-85.15,-143.07,6.289,1.0,52.402496000000006,-1.5013235
52.40249666666667,-1.5013245833333333,144.08,,3.0,281.58,20 / 23,130727,2019-09-07 09:15:36:006,1.5331,-3.4713,10.1266,-0.0047,-0.0027,9.8066,-0.0354,-0.5459,0.0141,-10.12,-35.19,-3.81,269.84,-85.24,-142.64,6.285833333333333,1.0,52.40249666666667,-1.5013245833333333
52.402497333333336,-1.5013256666666668,144.08,,3.0,281.58,20 / 23,130827,2019-09-07 09:15:36:106,2.3641,-3.5427,9.9214,-0.014,-0.0089,9.8065,-0.0212,-0.6463,0.0898,-10.19,-35.06,-5.62,262.9,-85.34,-142.12,6.282666666666667,1.0,52.402497333333336,-1.5013256666666668
52.402498,-1.50132675,144.08,,3.0,281.58,20 / 23,130927,2019-09-07 09:15:36:206,2.4172,-3.4202,9.2781,0.0025,0.0015,9.8066,-0.0582,-0.626,0.0784,-12.12,-34.62,-5.94,268.87,-85.32,-142.25,6.2795,1.0,52.402498,-1.50132675
52.40249866666667,-1.5013278333333333,144.08,,3.0,281.58,20 / 23,131027,2019-09-07 09:15:36:306,2.1486,-3.1823,8.9347,0.0097,0.0093,9.8066,0.0091,-0.5749,0.0068,-13.12,-35.56,-5.62,271.48,-85.33,-141.9,6.276333333333333,1.0,52.40249866666667,-1.5013278333333333
52.40249933333334,-1.5013289166666668,144.08,,3.0,281.58,20 / 23,131127,2019-09-07 09:15:36:406,1.8764,-4.3192,9.516,-0.0138,-0.0008,9.8065,-0.1545,-0.5389,0.0102,-13.75,-35.06,-5.81,273.8,-85.56,-142.73,6.273166666666667,1.0,52.40249933333334,-1.5013289166666668
52.4025,-1.50133,145.25,6.27,3.0,346.7,18 / 21,131227,2019-09-07 09:15:36:506,1.2364,-3.5866,10.1006,-0.0059,-0.0098,9.8066,-0.1453,-0.5425,0.0216,-14.12,-34.69,-5.69,274.74,-85.75,-142.24,6.27,1.0,52.4025,-1.50133
52.402499222222225,-1.5013289111111112,145.25,,3.0,346.7,18 / 21,131327,2019-09-07 09:15:36:606,1.7729,-3.9052,10.1756,-0.0125,0.005,9.8066,-0.0834,-0.5156,-0.0385,-15.81,-34.19,-6.0,280.39,-85.97,-141.11,6.2716666666666665,1.0,52.402499222222225,-1.5013289111111112
52.40249844444445,-1.5013278222222222,145.25,,3.0,346.7,18 / 21,131427,2019-09-07 09:15:36:706,1.4223,-4.0868,10.0034,0.0096,-0.0111,9.8066,0.0132,-0.5123,0.0008,-16.56,-34.06,-6.44,282.29,-86.22,-141.26,6.2733333333333325,1.0,52.40249844444445,-1.5013278222222222
52.40249766666667,-1.5013267333333333,145.25,,3.0,346.7,18 / 21,131528,2019-09-07 09:15:36:807,0.9397,-3.0333,9.7391,-0.0044,-0.0046,9.8066,-0.0732,-0.5589,0.0763,-17.56,-34.56,-6.62,282.74,-86.19,-139.23,6.2749999999999995,1.0,52.40249766666667,-1.5013267333333333
52.40249688888889,-1.5013256444444445,145.25,,3.0,346.7,18 / 21,131627,2019-09-07 09:15:36:906,0.9919,-3.5012,10.0524,0.0259,0.0006,9.8066,-0.0674,-0.5318,0.0623,-19.06,-34.56,-6.56,283.81,-86.06,-139.29,6.276666666666666,1.0,52.40249688888889,-1.5013256444444445
52.40249611111111,-1.5013245555555557,145.25,,3.0,346.7,18 / 21,131727,2019-09-07 09:15:37:006,0.5966,-3.3797,10.4032,-0.0049,-0.0084,9.8066,0.0365,-0.51,0.0106,-19.87,-34.31,-5.75,287.5,-86.04,-139.59,6.278333333333333,1.0,52.40249611111111,-1.5013245555555557
52.402495333333334,-1.5013234666666666,145.25,,3.0,346.7,18 / 21,131827,2019-09-07 09:15:37:106,1.3432,-3.5484,9.8031,-0.0049,-0.0058,9.8066,-0.0085,-0.6447,0.094,-21.12,-34.81,-5.62,288.7,-86.0,-139.22,6.279999999999999,1.0,52.402495333333334,-1.5013234666666666
52.402494555555556,-1.5013223777777778,145.25,,3.0,346.7,18 / 21,131927,2019-09-07 09:15:37:206,0.2603,-2.9606,9.6067,-0.0079,-0.0037,9.8066,-0.0022,-0.586,0.0438,-21.81,-33.94,-5.06,293.86,-85.93,-137.65,6.281666666666666,1.0,52.402494555555556,-1.5013223777777778
52.40249377777778,-1.501321288888889,145.25,,3.0,346.7,18 / 21,132027,2019-09-07 09:15:37:306,0.2563,-3.5846,9.8543,-0.0061,-0.0014,9.8066,-0.0315,-0.6003,0.0669,-22.62,-33.69,-3.75,298.02,-86.01,-136.91,6.283333333333333,1.0,52.40249377777778,-1.501321288888889
52.402493,-1.5013202,145.25,,3.0,346.7,18 / 21,132127,2019-09-07 09:15:37:406,0.2877,-3.5585,10.0857,-0.0046,-0.0031,9.8066,-0.0385,-0.5771,0.0154,-23.87,-34.06,-3.31,301.86,-86.0,-136.17,6.284999999999999,1.0,52.402493,-1.5013202
52.40249222222223,-1.501319111111111,145.25,,3.0,346.7,18 / 21,132227,2019-09-07 09:15:37:506,1.0809,-3.0875,9.5869,-0.0191,-0.0003,9.8066,0.0368,-0.5597,0.0072,-24.5,-33.12,-3.81,301.07,-86.1,-134.87,6.286666666666666,1.0,52.40249222222223,-1.501319111111111
52.40249144444445,-1.5013180222222222,145.25,,3.0,346.7,18 / 21,132327,2019-09-07 09:15:37:606,0.3722,-2.888,9.6982,0.0072,0.0007,9.8066,-0.0749,-0.593,0.0627,-24.94,-32.94,-2.19,305.79,-86.14,-135.45,6.288333333333333,1.0,52.40249144444445,-1.5013180222222222
52.40249066666667,-1.5013169333333334,145.25,,3.0,346.7,18 / 21,132427,2019-09-07 09:15:37:706,-0.997,-3.1784,10.3435,0.0106,0.001,9.8066,-0.045,-0.5523,0.0381,-25.44,-33.06,-2.12,305.86,-86.08,-135.31,6.29,1.0,52.40249066666667,-1.5013169333333334
52.402489888888894,-1.5013158444444445,145.25,,3.0,346.7,18 / 21,132527,2019-09-07 09:15:37:806,-0.0175,-3.3037,10.0755,-0.0012,0.0093,9.8066,0.0556,-0.5677,0.0128,-26.69,-33.12,-1.25,307.66,-86.04,-136.32,6.291666666666666,1.0,52.402489888888894,-1.5013158444444445
52.402489111111116,-1.5013147555555555,145.25,,3.0,346.7,18 / 21,132627,2019-09-07 09:15:37:906,-0.1003,-3.2922,9.4847,0.0031,0.0075,9.8065,-0.007,-0.5463,-0.0023,-26.94,-32.44,-0.25,307.46,-86.05,-138.75,6.293333333333333,1.0,52.402489111111116,-1.5013147555555555
52.40248833333334,-1.5013136666666667,145.25,,3.0,346.7,18 / 21,132727,2019-09-07 09:15:38:006,-1.26,-3.1331,9.7992,-0.0024,0.0047,9.8066,0.018,-0.5762,0.0357,-27.87,-33.0,0.81,308.23,-86.1,-140.14,6.295,1.0,52.40248833333334,-1.5013136666666667
52.40248755555556,-1.5013125777777778,145.25,,3.0,346.7,18 / 21,132827,2019-09-07 09:15:38:106,-1.1687,-2.9207,10.2516,-0.0008,0.0055,9.8066,0.0145,-0.5481,0.0229,-28.0,-33.12,0.81,306.71,-86.1,-141.58,6.296666666666666,1.0,52.40248755555556,-1.5013125777777778
52.40248677777778,-1.501311488888889,145.25,,3.0,346.7,18 / 21,132927,2019-09-07 09:15:38:206,-0.8908,-3.2195,9.6586,-0.0093,0.0087,9.8066,-0.0076,-0.5641,-0.0025,-28.75,-32.87,2.25,307.09,-86.09,-143.25,6.298333333333333,1.0,52.40248677777778,-1.501311488888889
52.402486,-1.5013104,145.25,,3.0,346.7,18 / 21,133027,2019-09-07 09:15:38:306,-0.814,-3.6907,9.6981,0.0047,0.0043,9.8066,0.0179,-0.6001,0.0175,-28.94,-33.19,3.19,307.39,-86.11,-144.95,6.3,1.0,52.402486,-1.5013104
52.402485222222225,-1.501309311111111,145.25,,3.0,346.7,19 / 23,133127,2019-09-07 09:15:38:406,-0.8552,-2.8299,9.7811,0.0102,0.0073,9.8066,-0.0361,-0.561,0.0278,-29.31,-32.62,4.06,307.79,-86.17,-146.59,6.301666666666667,1.0,52.402485222222225,-1.501309311111111
52.40248444444445,-1.5013082222222223,145.25,,3.0,346.7,19 / 23,133227,2019-09-07 09:15:38:506,-1.8651,-3.1717,9.8756,-0.0098,0.0044,9.8065,-0.0843,-0.5517,0.0541,-29.62,-32.5,5.44,309.41,-86.13,-146.84,6.303333333333333,1.0,52.40248444444445,-1.5013082222222223
52.40248366666667,-1.5013071333333334,145.25,,3.0,346.7,19 / 23,133327,2019-09-07 09:15:38:606,-1.0534,-2.7741,10.003,0.0006,0.0054,9.8066,-0.0008,-0.5554,0.0531,-29.87,-32.69,6.25,310.02,-86.14,-148.03,6.305,1.0,52.40248366666667,-1.5013071333333334
52.40248288888889,-1.5013060444444444,145.25,,3.0,346.7,19 / 23,133427,2019-09-07 09:15:38:706,-1.6038,-3.8006,10.2779,0.0021,0.0064,9.8066,-0.0288,-0.5916,0.048,-29.94,-32.37,7.25,310.66,-86.18,-149.4,6.306666666666667,1.0,52.40248288888889,-1.5013060444444444
52.40248211111111,-1.5013049555555555,145.25,,3.0,346.7,19 / 23,133527,2019-09-07 09:15:38:806,-0.9916,-3.3992,9.8776,0.014,0.0071,9.8066,-0.0641,-0.5652,-0.0196,-30.69,-31.81,8.88,311.8,-86.2,-151.52,6.308333333333333,1.0,52.40248211111111,-1.5013049555555555
52.402481333333334,-1.5013038666666667,145.25,,3.0,346.7,19 / 23,133627,2019-09-07 09:15:38:906,-1.355,-3.2746,9.5425,-0.0111,0.0067,9.8065,-0.0737,-0.5809,0.0081,-31.19,-31.62,9.5,313.47,-86.19,-151.62,6.31,1.0,52.402481333333334,-1.5013038666666667
52.402480555555556,-1.5013027777777779,145.25,,3.0,346.7,19 / 23,133727,2019-09-07 09:15:39:006,-1.7959,-3.5255,9.8508,0.0015,0.0076,9.8066,-0.004,-0.6041,0.005,-30.87,-32.37,10.31,312.24,-86.27,-152.86,6.3116666666666665,1.0,52.402480555555556,-1.5013027777777779
52.40247977777778,-1.5013016888888888,145.25,,3.0,346.7,19 / 23,133827,2019-09-07 09:15:39:106,-2.0128,-3.2935,10.1268,0.0058,0.0017,9.8066,0.0194,-0.5937,0.0088,-30.94,-31.87,11.88,313.62,-86.3,-154.9,6.313333333333333,1.0,52.40247977777778,-1.5013016888888888
52.402479,-1.5013006,145.25,,3.0,346.7,19 / 23,133927,2019-09-07 09:15:39:206,-1.5319,-2.9459,9.7797,-0.0018,0.0043,9.8066,-0.0206,-0.6242,0.0856,-31.0,-32.0,12.5,314.82,-86.35,-155.4,6.3149999999999995,1.0,52.402479,-1.5013006
52.40247822222223,-1.5012995111111112,145.25,,3.0,346.7,19 / 23,134027,2019-09-07 09:15:39:306,-0.7541,-3.3628,9.889,0.0044,0.0002,9.8066,-0.0273,-0.546,0.0518,-30.69,-31.25,14.31,316.11,-86.32,-155.81,6.316666666666666,1.0,52.40247822222223,-1.5012995111111112
52.40247744444445,-1.5012984222222223,145.25,,3.0,346.7,18 / 21,134127,2019-09-07 09:15:39:406,-2.4933,-2.7232,9.7254,0.0052,0.0005,9.8066,-0.0803,-0.5366,0.0519,-30.19,-32.12,15.19,318.05,-86.32,-156.1,6.318333333333333,1.0,52.40247744444445,-1.5012984222222223
52.40247666666667,-1.5012973333333333,145.25,,3.0,346.7,18 / 21,134227,2019-09-07 09:15:39:506,-2.525,-3.3019,9.6003,0.0005,0.0073,9.8066,-0.087,-0.5898,0.033,-30.25,-32.81,16.13,318.02,-86.37,-157.64,6.319999999999999,1.0,52.40247666666667,-1.5012973333333333
52.402475888888894,-1.5012962444444444,145.25,,3.0,346.7,18 / 21,134327,2019-09-07 09:15:39:606,-2.6475,-2.1091,10.1982,-0.0067,0.0174,9.8066,0.0778,-0.6009,-0.0164,-30.75,-31.69,17.06,316.92,-86.47,-159.58,6.321666666666666,1.0,52.402475888888894,-1.5012962444444444
52.402475111111116,-1.5012951555555556,145.25,,3.0,346.7,18 / 21,134427,2019-09-07 09:15:39:706,-0.9766,-3.9116,9.9007,0.0295,-0.026,9.8065,0.1142,-0.6049,0.0044,-30.06,-31.69,19.06,322.14,-86.24,-158.07,6.323333333333333,1.0,52.402475111111116,-1.5012951555555556
52.40247433333334,-1.5012940666666668,145.25,,3.0,346.7,18 / 21,134527,2019-09-07 09:15:39:806,-2.2056,-2.4839,9.6384,0.0273,-0.0081,9.8065,0.0297,-0.5798,0.0209,-29.69,-32.0,19.44,321.62,-86.35,-158.63,6.324999999999999,1.0,52.40247433333334,-1.5012940666666668
52.40247355555556,-1.5012929777777777,145.25,,3.0,346.7,18 / 21,134627,2019-09-07 09:15:39:906,-2.5708,-2.8941,9.5639,0.0025,0.0085,9.8066,-0.0106,-0.6081,0.0437,-29.0,-32.12,19.94,323.13,-86.49,-159.49,6.326666666666666,1.0,52.40247355555556,-1.5012929777777777
52.40247277777778,-1.5012918888888889,145.25,,3.0,346.7,18 / 21,134727,2019-09-07 09:15:40:006,-1.8369,-2.6133,9.8778,-0.0017,-0.0011,9.8066,-0.0894,-0.6743,0.0569,-28.81,-32.56,21.81,324.38,-86.6,-160.96,6.328333333333333,1.0,52.40247277777778,-1.5012918888888889
52.402472,-1.5012908,145.25,,3.0,346.7,18 / 21,134827,2019-09-07 09:15:40:106,-3.08,-2.4755,9.8504,-0.0037,0.009,9.8066,-0.0331,-0.5293,-0.0505,-27.87,-32.06,22.75,326.38,-86.63,-161.32,6.33,1.0,52.402472,-1.5012908
52.402471222222225,-1.5012897111111112,145.25,,3.0,346.7,18 / 21,134927,2019-09-07 09:15:40:206,-2.1885,-2.7435,9.8335,-0.0105,0.0055,9.8066,0.04,-0.563,0.0913,-27.81,-31.37,23.19,328.04,-86.69,-159.82,6.331666666666666,1.0,52.402471222222225,-1.5012897111111112
52.40247044444445,-1.5012886222222221,145.25,,3.0,346.7,18 / 21,135027,2019-09-07 09:15:40:306,-2.5228,-3.7159,10.087,-0.002,-0.007,9.8066,-0.0329,-0.6308,0.1112,-26.94,-31.94,24.94,332.51,-86.74,-158.94,6.333333333333333,1.0,52.40247044444445,-1.5012886222222221
52.40246966666667,-1.5012875333333333,145.25,,3.0,346.7,18 / 21,135127,2019-09-07 09:15:40:406,-2.8764,-2.6266,10.2181,0.0012,-0.0045,9.8066,-0.0086,-0.6095,0.0434,-26.25,-31.31,25.56,335.97,-86.72,-157.87,6.335,1.0,52.40246966666667,-1.5012875333333333
52.40246888888889,-1.5012864444444445,145.25,,3.0,346.7,18 / 21,135227,2019-09-07 09:15:40:506,-2.6864,-2.0622,9.452,0.0011,-0.0024,9.8066,0.026,-0.6011,0.0407,-25.31,-32.12,26.19,337.46,-86.67,-157.5,6.336666666666666,1.0,52.40246888888889,-1.5012864444444445
52.40246811111111,-1.5012853555555556,145.25,,3.0,346.7,18 / 21,135327,2019-09-07 09:15:40:606,-2.7467,-2.4665,9.6926,0.0027,-0.0024,9.8066,0.0131,-0.6148,0.0853,-25.37,-31.5,27.31,338.18,-86.55,-157.9,6.338333333333333,1.0,52.40246811111111,-1.5012853555555556
52.402467333333334,-1.5012842666666666,145.25,,3.0,346.7,18 / 21,135427,2019-09-07 09:15:40:706,-3.4966,-2.1908,10.118,-0.0034,0.0057,9.8066,-0.0543,-0.599,0.0582,-24.0,-31.62,28.13,341.14,-86.52,-157.25,6.34,1.0,52.402467333333334,-1.5012842666666666
52.402466555555556,-1.5012831777777778,145.25,,3.0,346.7,18 / 21,135527,2019-09-07 09:15:40:806,-3.355,-1.4609,10.0735,-0.0123,0.0125,9.8066,0.0713,-0.5969,0.0629,-22.5,-31.37,28.75,344.06,-86.53,-157.91,6.341666666666667,1.0,52.402466555555556,-1.5012831777777778
52.40246577777778,-1.501282088888889,145.25,,3.0,346.7,18 / 21,135627,2019-09-07 09:15:40:906,-3.145,-2.1672,9.7885,0.0127,-0.0063,9.8066,-0.0159,-0.6155,0.0569,-22.56,-31.31,29.63,343.46,-86.49,-158.22,6.343333333333333,1.0,52.40246577777778,-1.501282088888889
52.402465,-1.501281,145.25,,3.0,346.7,18 / 21,135727,2019-09-07 09:15:41:006,-3.2145,-1.5134,10.0325,0.0051,-0.0029,9.8065,-0.0201,-0.6107,0.0174,-21.5,-31.37,30.5,345.33,-86.47,-159.79,6.345,1.0,52.402465,-1.501281
52.40246422222223,-1.501279911111111,145.25,,3.0,346.7,18 / 21,135827,2019-09-07 09:15:41:106,-2.8443,-2.6722,9.8842,-0.0068,-0.0125,9.8066,0.0258,-0.5929,0.0454,-19.87,-31.75,31.0,347.27,-86.36,-159.18,6.346666666666667,1.0,52.40246422222223,-1.501279911111111
52.40246344444445,-1.5012788222222222,145.25,,3.0,346.7,18 / 21,135927,2019-09-07 09:15:41:206,-2.9467,-2.0987,9.7006,0.0029,-0.0009,9.8066,-0.0694,-0.63,0.0751,-20.25,-31.75,31.06,348.45,-86.23,-158.05,6.348333333333333,1.0,52.40246344444445,-1.5012788222222222
52.40246266666667,-1.5012777333333334,145.25,,3.0,346.7,18 / 21,136027,2019-09-07 09:15:41:306,-3.4368,-1.95,10.2467,0.0023,-0.0125,9.8066,-0.0097,-0.5677,0.0399,-18.37,-31.5,32.13,352.09,-86.09,-158.08,6.35,1.0,52.40246266666667,-1.5012777333333334
52.402461888888894,-1.5012766444444443,145.25,,3.0,346.7,18 / 21,136127,2019-09-07 09:15:41:406,-3.7561,-0.9957,10.3309,0.0117,-0.0156,9.8066,-0.0204,-0.5908,0.0386,-17.37,-31.56,32.44,352.87,-86.01,-158.7,6.351666666666667,1.0,52.402461888888894,-1.5012766444444443
52.402461111111116,-1.5012755555555555,145.25,,3.0,346.7,18 / 21,136227,2019-09-07 09:15:41:506,-3.637,-1.6868,9.9738,-0.0064,-0.0066,9.8066,-0.0112,-0.6253,0.0951,-17.0,-31.62,32.31,352.76,-85.96,-158.8,6.3533333333333335,1.0,52.402461111111116,-1.5012755555555555
52.40246033333334,-1.5012744666666666,145.25,,3.0,346.7,18 / 21,136327,2019-09-07 09:15:41:606,-3.2908,-1.8894,9.7145,-0.0058,-0.0097,9.8066,0.0137,-0.5994,0.0546,-16.06,-31.5,33.0,355.91,-85.8,-157.96,6.3549999999999995,1.0,52.40246033333334,-1.5012744666666666
52.40245955555556,-1.5012733777777778,145.25,,3.0,346.7,18 / 21,136427,2019-09-07 09:15:41:706,-3.7411,-1.3767,10.0476,0.0002,-0.0038,9.8066,0.0091,-0.5802,0.0424,-15.0,-31.62,32.88,357.48,-85.69,-157.9,6.3566666666666665,1.0,52.40245955555556,-1.5012733777777778
52.40245877777778,-1.5012722888888888,145.25,,3.0,346.7,18 / 21,136527,2019-09-07 09:15:41:806,-3.9751,-2.1523,10.4157,0.0096,-0.0088,9.8066,-0.0784,-0.5681,-0.0263,-14.37,-31.44,32.56,358.32,-85.59,-158.57,6.358333333333333,1.0,52.40245877777778,-1.5012722888888888
52.402458,-1.5012712,145.25,,3.0,346.7,18 / 21,136627,2019-09-07 09:15:41:906,-3.485,-1.2235,9.8985,0.0067,0.0012,9.8066,-0.0239,-0.5741,-0.0091,-12.94,-31.87,33.19,357.72,-85.57,-160.62,6.359999999999999,1.0,52.402458,-1.5012712
52.402457222222225,-1.501270111111111,145.25,,3.0,346.7,18 / 21,136727,2019-09-07 09:15:42:006,-3.4887,-0.8957,9.9922,-0.0043,-0.0024,9.8066,0.02,-0.5422,0.0434,-11.87,-31.75,33.06,358.97,-85.6,-160.97,6.361666666666666,1.0,52.402457222222225,-1.501270111111111
52.40245644444445,-1.5012690222222222,145.25,,3.0,346.7,18 / 21,136827,2019-09-07 09:15:42:106,-4.5297,-1.4716,10.1379,-0.0032,-0.0072,9.8066,-0.0371,-0.6031,0.1098,-10.94,-32.0,32.81,2.09,-85.61,-159.63,6.363333333333333,1.0,52.40245644444445,-1.5012690222222222
52.40245566666667,-1.5012679333333332,145.25,,3.0,346.7,18 / 21,136927,2019-09-07 09:15:42:206,-4.0423,-1.1227,9.4855,0.0062,-0.0013,9.8066,-0.03,-0.5894,0.0568,-9.69,-31.81,33.13,2.97,-85.62,-160.39,6.365,1.0,52.40245566666667,-1.5012679333333332
52.40245488888889,-1.5012668444444444,145.25,,3.0,346.7,18 / 21,137027,2019-09-07 09:15:42:306,-3.0285,-0.8703,10.1497,-0.0072,0.0003,9.8066,-0.0026,-0.5353,0.0526,-9.37,-31.87,32.31,4.47,-85.69,-160.16,6.366666666666666,1.0,52.40245488888889,-1.5012668444444444
52.40245411111111,-1.5012657555555555,145.25,,3.0,346.7,18 / 21,137128,2019-09-07 09:15:42:407,-4.0839,-0.7518,9.6968,0.0053,0.0079,9.8066,-0.0465,-0.6381,0.1262,-8.25,-32.06,32.25,8.33,-85.68,-158.26,6.368333333333333,1.0,52.40245411111111,-1.5012657555555555
52.402453333333334,-1.5012646666666667,145.25,,3.0,346.7,18 / 21,137227,2019-09-07 09:15:42:506,-4.3832,0.1121,10.167,-0.0089,-0.0111,9.8066,-0.083,-0.579,-0.0046,-7.62,-31.94,31.94,9.85,-85.56,-156.88,6.37,1.0,52.402453333333334,-1.5012646666666667
52.402452555555556,-1.5012635777777776,145.25,,3.0,346.7,18 / 21,137327,2019-09-07 09:15:42:606,-3.7576,0.1343,9.5524,0.0102,0.0098,9.8065,-0.0039,-0.6254,0.0451,-6.25,-33.19,31.5,12.64,-85.56,-157.76,6.371666666666666,1.0,52.402452555555556,-1.5012635777777776
52.40245177777778,-1.5012624888888888,145.25,,3.0,346.7,18 / 21,137427,2019-09-07 09:15:42:706,-4.273,-0.3342,9.4816,-0.0044,0.0124,9.8065,0.0384,-0.6037,0.0894,-5.44,-32.87,30.5,13.88,-85.54,-158.12,6.373333333333333,1.0,52.40245177777778,-1.5012624888888888
52.402451,-1.5012614,145.25,,3.0,346.7,18 / 21,137528,2019-09-07 09:15:42:807,-3.4557,-0.1717,9.9857,-0.0001,-0.0079,9.8066,0.0441,-0.6821,0.0747,-4.81,-32.44,30.81,13.9,-85.46,-158.08,6.375,1.0,52.402451,-1.5012614
52.40245022222223,-1.5012603111111111,145.25,,3.0,346.7,18 / 21,137627,2019-09-07 09:15:42:906,-4.1305,-0.2785,9.7964,0.0031,0.0175,9.8066,0.0101,-0.5942,-0.0387,-4.0,-32.75,30.0,15.6,-85.25,-158.25,6.376666666666667,1.0,52.40245022222223,-1.5012603111111111
52.40244944444445,-1.501259222222222,145.25,,3.0,346.7,18 / 21,137727,2019-09-07 09:15:43:006,-4.0372,-0.4644,9.8933,0.0041,0.0024,9.8066,-0.0835,-0.5496,0.0296,-2.62,-32.75,29.69,15.52,-85.48,-160.13,6.378333333333333,1.0,52.40244944444445,-1.501259222222222
52.40244866666667,-1.5012581333333332,145.25,,3.0,346.7,18 / 21,137827,2019-09-07 09:15:43:106,-3.7879,-0.0964,9.624,-0.0025,-0.005,9.8066,-0.052,-0.5738,0.0521,-2.06,-33.31,28.75,18.01,-85.53,-159.67,6.38,1.0,52.40244866666667,-1.5012581333333332
52.402447888888894,-1.5012570444444444,145.25,,3.0,346.7,18 / 21,137927,2019-09-07 09:15:43:206,-4.3626,0.825,9.8228,0.0047,0.017,9.8066,0.0145,-0.5801,0.0418,-1.19,-32.87,27.94,20.27,-85.48,-159.59,6.381666666666667,1.0,52.402447888888894,-1.5012570444444444
52.402447111111115,-1.5012559555555556,145.25,,3.0,346.7,18 / 21,138027,2019-09-07 09:15:43:306,-3.2369,0.5356,9.3504,0.0007,0.0071,9.8065,-0.012,-0.5629,0.0533,-0.5,-33.12,26.44,21.96,-85.55,-160.21,6.383333333333333,1.0,52.402447111111115,-1.5012559555555556
52.40244633333334,-1.5012548666666665,145.25,,3.0,346.7,18 / 21,138127,2019-09-07 09:15:43:406,-3.5781,0.4959,9.7051,-0.0023,0.0056,9.8066,0.0111,-0.5743,0.051,-0.5,-33.62,25.88,22.92,-85.5,-159.44,6.385,1.0,52.40244633333334,-1.5012548666666665
52.40244555555556,-1.5012537777777777,145.25,,3.0,346.7,18 / 21,138227,2019-09-07 09:15:43:506,-3.8606,1.2517,9.8998,-0.0024,-0.0101,9.8066,-0.0174,-0.5867,0.0477,0.56,-32.87,24.94,25.25,-85.39,-159.71,6.386666666666667,1.0,52.40244555555556,-1.5012537777777777
52.40244477777778,-1.5012526888888889,145.25,,3.0,346.7,18 / 21,138327,2019-09-07 09:15:43:606,-3.7754,0.8009,9.5636,0.0174,0.0083,9.8066,-0.0594,-0.6111,0.0073,0.88,-33.5,23.81,24.72,-85.41,-160.37,6.388333333333333,1.0,52.40244477777778,-1.5012526888888889
52.402444,-1.5012516,145.25,,3.0,346.7,18 / 21,138428,2019-09-07 09:15:43:707,-3.6036,1.0065,9.6641,0.0058,0.014,9.8066,-0.1013,-0.5942,0.0334,1.25,-33.94,22.81,23.05,-85.64,-162.02,6.39,1.0,52.402444,-1.5012516
52.402443222222225,-1.501250511111111,145.25,,3.0,346.7,18 / 21,138527,2019-09-07 09:15:43:806,-3.1215,0.3871,9.9915,0.0155,0.0212,9.8066,0.0446,-0.6068,0.0692,2.31,-33.31,21.94,25.05,-85.99,-162.74,6.391666666666667,1.0,52.402443222222225,-1.501250511111111
52.402442444444446,-1.5012494222222221,145.25,,3.0,346.7,18 / 21,138627,2019-09-07 09:15:43:906,-3.7533,-0.9229,10.1373,-0.0131,0.0329,9.8065,0.1107,-0.5269,-0.006,2.75,-33.75,20.5,31.44,-86.1,-160.01,6.3933333333333335,1.0,52.402442444444446,-1.5012494222222221
52.40244166666667,-1.5012483333333333,145.25,,3.0,346.7,18 / 21,138727,2019-09-07 09:15:44:006,-4.797,1.8904,9.6162,-0.0199,-0.0082,9.8065,-0.1748,-0.5072,-0.0877,2.81,-33.87,19.31,31.4,-86.19,-161.14,6.395,1.0,52.40244166666667,-1.5012483333333333
52.40244088888889,-1.5012472444444445,145.25,,3.0,346.7,18 / 21,138827,2019-09-07 09:15:44:106,-2.993,1.2735,9.1614,0.0044,0.0041,9.8066,-0.0027,-0.5882,-0.0023,3.06,-34.25,18.44,32.53,-86.16,-160.84,6.3966666666666665,1.0,52.40244088888889,-1.5012472444444445
52.40244011111111,-1.5012461555555554,145.25,,3.0,346.7,18 / 21,138928,2019-09-07 09:15:44:207,-3.3036,0.5422,9.5769,-0.0043,-0.0099,9.8066,0.0094,-0.5685,0.1025,2.94,-33.81,16.88,32.18,-85.99,-162.1,6.398333333333333,1.0,52.40244011111111,-1.5012461555555554
52.402439333333334,-1.5012450666666666,145.25,,3.0,346.7,18 / 21,139027,2019-09-07 09:15:44:306,-4.6368,2.0943,9.2961,-0.0162,-0.0168,9.8065,-0.0471,-0.6442,0.1325,3.06,-34.5,15.75,34.97,-85.77,-160.79,6.3999999999999995,1.0,52.402439333333334,-1.5012450666666666
52.402438555555555,-1.5012439777777777,145.25,,3.0,346.7,19 / 22,139128,2019-09-07 09:15:44:407,-2.5972,0.2487,9.1613,-0.009,0.018,9.8066,-0.0214,-0.7564,0.1603,3.63,-33.69,15.81,41.1,-85.68,-158.88,6.401666666666666,1.0,52.402438555555555,-1.5012439777777777
52.40243777777778,-1.501242888888889,145.25,,3.0,346.7,19 / 22,139227,2019-09-07 09:15:44:506,-4.256,2.5304,10.6038,-0.0109,0.0033,9.8066,0.0274,-0.5771,0.0573,3.19,-34.5,14.06,41.53,-85.59,-157.62,6.403333333333333,1.0,52.40243777777778,-1.501242888888889
52.402437,-1.5012417999999998,145.25,,3.0,346.7,19 / 22,139327,2019-09-07 09:15:44:606,-4.74,-0.1886,9.672,0.0068,0.0362,9.8065,0.0125,-0.6209,0.0657,3.06,-34.62,13.19,45.39,-85.8,-155.56,6.405,1.0,52.402437,-1.5012417999999998
52.40243622222223,-1.501240711111111,145.25,,3.0,346.7,19 / 22,139427,2019-09-07 09:15:44:706,-3.2318,-0.6337,9.9467,-0.0182,-0.0394,9.8065,0.1173,-0.5236,-0.0275,3.13,-34.62,11.63,48.37,-85.76,-154.74,6.406666666666666,1.0,52.40243622222223,-1.501240711111111
52.40243544444445,-1.5012396222222222,145.25,,3.0,346.7,19 / 22,139528,2019-09-07 09:15:44:807,-3.3001,2.5976,9.8786,-0.0272,-0.0231,9.8065,-0.1017,-0.6165,0.061,2.94,-35.31,9.5,56.41,-85.45,-153.19,6.408333333333333,1.0,52.40243544444445,-1.5012396222222222
52.40243466666667,-1.5012385333333333,145.25,,3.0,346.7,19 / 22,139627,2019-09-07 09:15:44:906,-3.1066,3.9999,9.8941,-0.0008,0.0273,9.8066,-0.119,-0.6985,0.1802,2.69,-34.94,9.19,61.25,-85.44,-152.2,6.41,1.0,52.40243466666667,-1.5012385333333333
52.40243388888889,-1.5012374444444443,145.25,,3.0,346.7,19 / 22,139728,2019-09-07 09:15:45:007,-3.0755,3.8319,10.0793,-0.009,0.0171,9.8066,-0.0479,-0.611,0.0497,2.5,-35.06,7.69,69.02,-85.43,-149.37,6.411666666666666,1.0,52.40243388888889,-1.5012374444444443
52.402433111111115,-1.5012363555555555,145.25,,3.0,346.7,19 / 22,139827,2019-09-07 09:15:45:106,-2.8997,3.9391,9.7271,0.0002,0.0201,9.8065,-0.0394,-0.6133,0.0476,1.81,-36.19,6.94,67.72,-85.45,-149.61,6.413333333333333,1.0,52.402433111111115,-1.5012363555555555
52.40243233333334,-1.5012352666666666,145.25,,3.0,346.7,19 / 22,139927,2019-09-07 09:15:45:206,-2.4463,2.7316,9.9675,0.0026,-0.0037,9.8066,0.0111,-0.5901,0.0505,2.0,-36.06,6.06,76.19,-85.46,-148.33,6.415,1.0,52.40243233333334,-1.5012352666666666
52.40243155555556,-1.5012341777777778,145.25,,3.0,346.7,19 / 22,140027,2019-09-07 09:15:45:306,-1.6867,4.1336,10.4042,-0.0027,0.0109,9.8066,-0.0382,-0.6089,0.1258,0.75,-36.44,4.94,79.15,-85.37,-146.39,6.416666666666667,1.0,52.40243155555556,-1.5012341777777778
52.40243077777778,-1.5012330888888887,145.25,,3.0,346.7,18 / 21,140127,2019-09-07 09:15:45:406,-0.6808,2.3649,10.3178,-0.0092,-0.0045,9.8066,-0.0797,-0.6537,0.1761,0.31,-36.44,3.88,80.44,-85.3,-146.41,6.418333333333333,1.0,52.40243077777778,-1.5012330888888887
52.40243,-1.501232,146.02,6.42,3.0,289.12,18 / 21,140227,2019-09-07 09:15:45:506,-2.7729,3.5725,9.7768,-0.0113,-0.0011,9.8066,-0.0171,-0.598,0.0297,0.19,-36.37,3.5,82.34,-85.25,-145.51,6.42,1.0,52.40243,-1.501232
52.402430055555556,-1.5012305777777777,146.02,,3.0,289.12,18 / 21,140328,2019-09-07 09:15:45:607,1.2144,3.3759,9.8019,0.0071,0.0223,9.8065,0.0521,-0.5434,0.0392,-0.5,-37.37,2.25,143.9,-85.0,-144.09,6.419,1.0,52.402430055555556,-1.5012305777777777
52.402430111111116,-1.5012291555555555,146.02,,3.0,289.12,18 / 21,140427,2019-09-07 09:15:45:706,2.0073,3.4556,9.7449,0.0094,-0.0065,9.8066,0.0221,-0.602,0.0932,-1.06,-38.0,1.75,163.73,-84.9,-144.59,6.418,1.0,52.402430111111116,-1.5012291555555555
52.40243016666667,-1.5012277333333333,146.02,,3.0,289.12,18 / 21,140527,2019-09-07 09:15:45:806,3.1046,0.295,10.2219,0.0056,0.0374,9.8065,-0.1211,-0.6182,0.0948,-2.12,-37.06,1.25,217.26,-84.83,-144.04,6.417,1.0,52.40243016666667,-1.5012277333333333
52.40243022222222,-1.501226311111111,146.02,,3.0,289.12,18 / 21,140627,2019-09-07 09:15:45:906,5.1292,-0.8018,9.9692,0.0035,0.0409,9.8065,-0.1785,-0.6445,0.0825,-2.25,-37.0,-0.37,214.51,-84.53,-144.55,6.416,1.0,52.40243022222222,-1.501226311111111
52.40243027777778,-1.5012248888888888,146.02,,3.0,289.12,18 / 21,140728,2019-09-07 09:15:46:007,3.3567,-4.0348,9.3138,-0.0093,-0.0491,9.8065,0.0053,-0.6125,0.008,-3.94,-36.12,0.06,254.61,-84.77,-142.87,6.415,1.0,52.40243027777778,-1.5012248888888888
52.402430333333335,-1.5012234666666666,146.02,,3.0,289.12,18 / 21,140827,2019-09-07 09:15:46:106,1.2266,-3.5389,10.0331,-0.0237,-0.0103,9.8066,-0.0533,-0.6027,0.0199,-4.94,-36.06,-1.19,256.35,-84.88,-144.49,6.414,1.0,52.402430333333335,-1.5012234666666666
52.40243038888889,-1.5012220444444444,146.02,,3.0,289.12,18 / 21,140927,2019-09-07 09:15:46:206,2.8656,-2.2498,10.2985,0.0067,-0.0072,9.8066,-0.0464,-0.5384,-0.0116,-5.44,-36.31,-2.06,249.65,-84.92,-144.78,6.413,1.0,52.40243038888889,-1.5012220444444444
52.40243044444445,-1.5012206222222222,146.02,,3.0,289.12,18 / 21,141028,2019-09-07 09:15:46:307,2.9026,-3.4925,10.093,-0.0046,-0.0076,9.8065,-0.1403,-0.6042,0.0598,-6.0,-35.25,-2.62,253.56,-84.91,-143.48,6.412,1.0,52.40243044444445,-1.5012206222222222
52.4024305,-1.5012192,146.02,,3.0,289.12,18 / 21,141127,2019-09-07 09:15:46:406,2.0689,-2.0839,9.4502,0.0005,-0.0071,9.8066,-0.0228,-0.5815,0.1013,-7.31,-34.87,-3.19,260.66,-84.99,-142.76,6.411,1.0,52.4024305,-1.5012192
52.402430555555554,-1.5012177777777778,146.02,,3.0,289.12,18 / 21,141227,2019-09-07 09:15:46:506,2.6431,-2.8794,9.5808,0.0104,-0.0057,9.8066,-0.0496,-0.5929,0.0607,-8.19,-35.25,-4.31,261.65,-84.89,-141.57,6.41,1.0,52.402430555555554,-1.5012177777777778
52.402430611111114,-1.5012163555555555,146.02,,3.0,289.12,18 / 21,141327,2019-09-07 09:15:46:606,3.1052,-3.1466,9.9185,-0.0139,-0.0091,9.8065,-0.0078,-0.5978,-0.0305,-8.81,-34.5,-4.19,266.44,-84.91,-141.73,6.409,1.0,52.402430611111114,-1.5012163555555555
52.40243066666667,-1.5012149333333333,146.02,,3.0,289.12,18 / 21,141427,2019-09-07 09:15:46:706,2.037,-3.8566,9.8719,-0.0292,0.002,9.8066,-0.0779,-0.6075,0.0549,-9.94,-34.94,-5.06,265.72,-85.18,-142.46,6.408,1.0,52.40243066666667,-1.5012149333333333
52.40243072222222,-1.5012135111111111,146.02,,3.0,289.12,18 / 21,141527,2019-09-07 09:15:46:806,3.1346,-4.007,10.3791,0.0284,0.0235,9.8065,-0.1212,-0.6734,0.1559,-11.44,-35.5,-5.37,270.9,-85.17,-140.49,6.407,1.0,52.40243072222222,-1.5012135111111111
52.40243077777778,-1.501212088888889,146.02,,3.0,289.12,18 / 21,141628,2019-09-07 09:15:46:907,1.779,-3.0645,9.7244,0.0408,0.0057,9.8065,-0.0502,-0.5391,0.0417,-12.81,-34.37,-6.31,272.45,-84.89,-140.52,6.406,1.0,52.40243077777778,-1.501212088888889
52.402430833333334,-1.5012106666666665,146.02,,3.0,289.12,18 / 21,141727,2019-09-07 09:15:47:006,1.5253,-4.6159,9.7929,-0.0238,-0.01,9.8066,0.0603,-0.5192,-0.0361,-13.75,-34.87,-6.25,274.22,-84.9,-140.76,6.405,1.0,52.402430833333334,-1.5012106666666665
52.402430888888894,-1.5012092444444443,146.02,,3.0,289.12,18 / 21,141827,2019-09-07 09:15:47:106,3.3511,-4.19,10.0982,-0.0137,0.0086,9.8066,-0.0804,-0.6793,0.091,-13.75,-34.25,-6.37,274.16,-85.14,-141.71,6.404,1.0,52.402430888888894,-1.5012092444444443
52.40243094444445,-1.501207822222222,146.02,,3.0,289.12,18 / 21,141927,2019-09-07 09:15:47:206,0.0191,-3.3313,10.5341,-0.0188,0.0028,9.8065,-0.0074,-0.8239,0.0944,-15.31,-34.62,-6.12,275.13,-85.13,-142.45,6.403,1.0,52.40243094444445,-1.501207822222222
52.402431,-1.5012063999999998,146.02,,3.0,289.12,18 / 21,142028,2019-09-07 09:15:47:307,0.8603,-2.7142,9.9981,0.0056,-0.0081,9.8066,-0.1074,-0.6179,-0.0491,-16.12,-34.0,-6.37,280.23,-85.11,-139.54,6.402,1.0,52.402431,-1.5012063999999998
52.40243105555556,-1.5012049777777776,146.02,,3.0,289.12,18 / 21,142128,2019-09-07 09:15:47:407,1.6827,-4.5035,9.255,-0.0056,0.0071,9.8066,-0.085,-0.5906,-0.0569,-16.87,-34.19,-6.25,283.43,-85.31,-138.44,6.401,1.0,52.40243105555556,-1.5012049777777776
52.40243111111111,-1.5012035555555554,146.02,,3.0,289.12,18 / 21,142227,2019-09-07 09:15:47:506,1.2093,-1.1752,9.2034,-0.0196,0.0345,9.8065,-0.0688,-0.5783,-0.0813,-18.44,-34.31,-6.69,281.99,-85.55,-139.02,6.4,1.0,52.40243111111111,-1.5012035555555554
52.402431166666666,-1.5012021333333332,146.02,,3.0,289.12,18 / 21,142327,2019-09-07 09:15:47:606,-0.2777,-5.2652,10.6083,0.0025,0.0156,9.8066,-0.1538,-0.6688,0.1442,-19.94,-34.25,-6.12,283.47,-85.96,-143.37,6.399,1.0,52.402431166666666,-1.5012021333333332
52.402431222222226,-1.501200711111111,146.02,,3.0,289.12,18 / 21,142427,2019-09-07 09:15:47:706,1.545,-2.4224,9.9081,0.0134,0.0138,9.8065,-0.0996,-0.6622,0.1154,-21.19,-34.62,-5.62,283.76,-85.92,-143.88,6.398,1.0,52.402431222222226,-1.501200711111111
52.40243127777778,-1.5011992888888888,146.02,,3.0,289.12,18 / 21,142527,2019-09-07 09:15:47:806,1.9415,-3.4578,9.5072,0.0191,-0.0196,9.8066,-0.0625,-0.495,0.0521,-22.0,-35.19,-5.44,289.02,-85.81,-141.97,6.397,1.0,52.40243127777778,-1.5011992888888888
52.40243133333333,-1.5011978666666665,146.02,,3.0,289.12,18 / 21,142628,2019-09-07 09:15:47:907,1.7267,-2.998,8.9767,0.0071,-0.0092,9.8066,0.022,-0.576,0.0313,-23.37,-34.06,-4.19,293.83,-85.72,-140.52,6.396,1.0,52.40243133333333,-1.5011978666666665
52.40243138888889,-1.5011964444444443,146.02,,3.0,289.12,18 / 21,142727,2019-09-07 09:15:48:006,-0.2117,-4.5194,9.765,0.0072,0.0005,9.8066,-0.061,-0.6134,0.0215,-23.69,-33.75,-3.5,297.37,-85.59,-139.92,6.395,1.0,52.40243138888889,-1.5011964444444443
52.402431444444446,-1.5011950222222221,146.02,,3.0,289.12,18 / 21,142827,2019-09-07 09:15:48:106,0.3123,-4.332,10.1405,-0.0161,-0.0015,9.8066,-0.083,-0.6527,0.0064,-24.37,-33.75,-3.0,298.4,-85.58,-138.91,6.394,1.0,52.402431444444446,-1.5011950222222221
52.4024315,-1.5011936,146.02,,3.0,289.12,18 / 21,142928,2019-09-07 09:15:48:207,-0.4741,-3.7066,9.9635,-0.0053,-0.0028,9.8065,-0.0612,-0.5893,0.0245,-25.25,-32.94,-2.5,302.66,-85.74,-137.96,6.393,1.0,52.4024315,-1.5011936
52.40243155555556,-1.5011921777777777,146.02,,3.0,289.12,18 / 21,143027,2019-09-07 09:15:48:306,0.5,-3.5745,9.5845,0.0052,0.0045,9.8066,-0.015,-0.6296,0.0739,-25.69,-33.12,-1.69,303.46,-85.76,-137.58,6.392,1.0,52.40243155555556,-1.5011921777777777
52.40243161111111,-1.5011907555555555,146.02,,3.0,289.12,18 / 21,143132,2019-09-07 09:15:48:411,-0.088,-4.1537,10.0229,0.0076,-0.0103,9.8066,-0.0114,-0.5845,0.0442,-26.0,-33.0,-1.44,305.84,-85.66,-137.41,6.391,1.0,52.40243161111111,-1.5011907555555555
52.402431666666665,-1.5011893333333333,146.02,,3.0,289.12,18 / 21,143227,2019-09-07 09:15:48:506,0.2221,-3.39,9.7169,0.0066,0.0093,9.8065,-0.0483,-0.5657,-0.0054,-27.25,-32.69,-0.12,307.49,-85.62,-138.18,6.39,1.0,52.402431666666665,-1.5011893333333333
52.402431722222225,-1.501187911111111,146.02,,3.0,289.12,18 / 21,143327,2019-09-07 09:15:48:606,0.2296,-4.3584,10.2257,-0.0006,0.0039,9.8065,0.0033,-0.6364,0.053,-28.25,-33.12,1.25,308.18,-85.64,-139.74,6.389,1.0,52.402431722222225,-1.501187911111111
52.40243177777778,-1.5011864888888888,146.02,,3.0,289.12,18 / 21,143427,2019-09-07 09:15:48:706,-0.7046,-3.6252,10.123,0.0179,0.0047,9.8065,-0.0722,-0.6247,0.0354,-28.19,-33.19,1.5,309.65,-85.66,-140.42,6.388,1.0,52.40243177777778,-1.5011864888888888
52.40243183333333,-1.5011850666666666,146.02,,3.0,289.12,18 / 21,143527,2019-09-07 09:15:48:806,-0.781,-3.9681,9.7938,0.0219,0.0009,9.8065,-0.1113,-0.6468,0.0838,-28.87,-32.0,3.25,309.59,-85.57,-142.48,6.387,1.0,52.40243183333333,-1.5011850666666666
52.40243188888889,-1.5011836444444444,146.02,,3.0,289.12,18 / 21,143627,2019-09-07 09:15:48:906,-0.8534,-4.1219,9.9291,-0.0015,0.0077,9.8065,0.0243,-0.6347,-0.0075,-29.31,-32.87,3.63,311.49,-85.63,-142.59,6.386,1.0,52.40243188888889,-1.5011836444444444
52.402431944444444,-1.5011822222222222,146.02,,3.0,289.12,18 / 21,143727,2019-09-07 09:15:49:006,-0.5061,-3.2973,9.346,-0.0106,0.0054,9.8066,0.0278,-0.603,0.0009,-29.75,-32.69,4.88,312.67,-85.69,-143.27,6.385,1.0,52.402431944444444,-1.5011822222222222
52.402432,-1.5011808,146.02,,3.0,289.12,18 / 21,143827,2019-09-07 09:15:49:106,-0.3347,-3.6063,9.4827,0.0034,0.0038,9.8066,-0.0483,-0.5915,0.0389,-30.44,-32.25,5.69,314.04,-85.64,-143.9,6.384,1.0,52.402432,-1.5011808
52.40243205555556,-1.5011793777777778,146.02,,3.0,289.12,18 / 21,143927,2019-09-07 09:15:49:206,-1.3178,-4.5557,9.9763,0.0142,0.0042,9.8066,-0.0716,-0.6363,0.0498,-30.94,-33.0,7.63,316.01,-85.62,-145.24,6.383,1.0,52.40243205555556,-1.5011793777777778
52.40243211111111,-1.5011779555555556,146.02,,3.0,289.12,18 / 21,144027,2019-09-07 09:15:49:306,-1.0453,-3.8605,9.9346,0.0056,0.0017,9.8066,-0.0347,-0.61,0.0305,-30.56,-32.44,8.13,315.36,-85.72,-146.02,6.382,1.0,52.40243211111111,-1.5011779555555556
52.402432166666664,-1.5011765333333333,146.02,,3.0,289.12,18 / 21,144127,2019-09-07 09:15:49:406,-1.7647,-3.9195,9.466,0.0037,0.0057,9.8066,-0.0059,-0.5995,0.0336,-31.5,-31.94,9.63,318.38,-85.72,-146.63,6.381,1.0,52.402432166666664,-1.5011765333333333
52.402432222222224,-1.5011751111111111,146.02,,3.0,289.12,18 / 21,144227,2019-09-07 09:15:49:506,-1.8539,-4.0434,9.5418,-0.0041,0.0121,9.8066,-0.0488,-0.6205,0.0391,-31.12,-31.87,10.5,317.86,-85.82,-148.87,6.38,1.0,52.402432222222224,-1.5011751111111111
52.40243227777778,-1.501173688888889,146.02,,3.0,289.12,18 / 21,144327,2019-09-07 09:15:49:606,-1.6342,-4.3759,9.6116,0.0063,0.0027,9.8066,-0.0401,-0.6572,0.06,-30.62,-31.81,11.63,318.03,-85.87,-150.4,6.379,1.0,52.40243227777778,-1.501173688888889
52.40243233333333,-1.5011722666666667,146.02,,3.0,289.12,18 / 21,144427,2019-09-07 09:15:49:706,-1.4206,-4.0659,9.7697,0.0091,-0.0017,9.8066,-0.0029,-0.6171,0.0272,-31.44,-32.25,12.56,319.22,-85.9,-150.91,6.378,1.0,52.40243233333333,-1.5011722666666667
52.40243238888889,-1.5011708444444445,146.02,,3.0,289.12,18 / 21,144527,2019-09-07 09:15:49:806,-0.9013,-2.8923,9.7648,0.0006,0.0081,9.8066,0.0269,-0.6224,-0.0181,-31.37,-31.69,14.06,319.25,-85.9,-152.47,6.377,1.0,52.40243238888889,-1.5011708444444445
52.40243244444444,-1.5011694222222223,146.02,,3.0,289.12,18 / 21,144627,2019-09-07 09:15:49:906,-1.9151,-3.8085,10.1949,0.0024,-0.0007,9.8066,-0.1055,-0.6228,0.0148,-31.0,-31.87,15.56,322.07,-85.9,-152.84,6.376,1.0,52.40243244444444,-1.5011694222222223
52.402432499999996,-1.5011679999999998,146.02,,3.0,289.12,18 / 21,144727,2019-09-07 09:15:50:006,-2.4231,-3.4063,9.6981,0.0021,0.0091,9.8066,-0.0472,-0.6027,0.0191,-30.62,-31.62,16.44,321.32,-85.95,-153.59,6.375,1.0,52.402432499999996,-1.5011679999999998
52.402432555555556,-1.5011665777777776,146.02,,3.0,289.12,18 / 21,144827,2019-09-07 09:15:50:106,-2.0768,-2.9755,9.7411,0.009,-0.0044,9.8066,-0.0549,-0.6266,0.0611,-30.5,-31.75,17.94,323.29,-86.04,-155.44,6.374,1.0,52.402432555555556,-1.5011665777777776
52.40243261111111,-1.5011651555555554,146.02,,3.0,289.12,18 / 21,144927,2019-09-07 09:15:50:206,-3.1371,-2.7873,10.0716,0.0203,-0.0014,9.8066,-0.1128,-0.6774,0.0784,-30.31,-31.37,18.44,323.08,-86.02,-155.7,6.373,1.0,52.40243261111111,-1.5011651555555554
52.40243266666667,-1.5011637333333332,146.02,,3.0,289.12,18 / 21,145027,2019-09-07 09:15:50:306,-2.2406,-3.5667,9.8009,-0.0005,0.0213,9.8066,0.0237,-0.6024,-0.0571,-29.44,-31.56,19.31,325.57,-86.02,-155.52,6.372,1.0,52.40243266666667,-1.5011637333333332
52.40243272222222,-1.501162311111111,146.02,,3.0,289.12,19 / 22,145127,2019-09-07 09:15:50:406,-3.3186,-2.4868,10.2667,0.0001,-0.0024,9.8066,-0.0341,-0.5833,0.0357,-29.06,-31.44,20.88,326.25,-86.13,-157.74,6.371,1.0,52.40243272222222,-1.501162311111111
52.402432777777776,-1.5011608888888888,146.02,,3.0,289.12,19 / 22,145227,2019-09-07 09:15:50:506,-3.2895,-2.6262,9.8237,-0.0028,0.0047,9.8066,-0.0739,-0.6112,0.0204,-28.44,-31.69,21.69,328.51,-86.16,-157.79,6.37,1.0,52.402432777777776,-1.5011608888888888
52.402432833333336,-1.5011594666666666,146.02,,3.0,289.12,19 / 22,145327,2019-09-07 09:15:50:606,-1.6217,-3.3259,9.6624,-0.0111,0.005,9.8066,-0.0446,-0.6077,-0.0056,-28.12,-31.06,22.56,330.15,-86.24,-157.59,6.369,1.0,52.402432833333336,-1.5011594666666666
52.40243288888889,-1.5011580444444443,146.02,,3.0,289.12,19 / 22,145427,2019-09-07 09:15:50:706,-3.0707,-3.9255,10.051,0.0048,-0.0115,9.8066,-0.0873,-0.5883,-0.025,-27.5,-31.37,23.88,333.84,-86.29,-156.35,6.368,1.0,52.40243288888889,-1.5011580444444443
52.40243294444444,-1.5011566222222221,146.02,,3.0,289.12,19 / 22,145527,2019-09-07 09:15:50:806,-3.3876,-3.187,10.2579,0.0035,0.0021,9.8066,-0.0034,-0.6754,0.0317,-27.44,-32.0,25.0,334.92,-86.33,-156.48,6.367,1.0,52.40243294444444,-1.5011566222222221
52.402433,-1.5011552,146.02,,3.0,289.12,19 / 22,145628,2019-09-07 09:15:50:907,-3.54,-2.7801,9.6937,0.0178,-0.0047,9.8065,-0.1025,-0.5922,0.0565,-26.37,-31.44,25.69,337.57,-86.36,-156.22,6.366,1.0,52.402433,-1.5011552
52.402433055555555,-1.5011537777777777,146.02,,3.0,289.12,19 / 22,145727,2019-09-07 09:15:51:006,-3.4536,-2.6931,9.7567,0.0097,-0.0032,9.8066,-0.0456,-0.6489,0.0624,-25.56,-31.75,27.19,336.38,-86.3,-158.4,6.365,1.0,52.402433055555555,-1.5011537777777777
52.40243311111111,-1.5011523555555555,146.02,,3.0,289.12,19 / 22,145827,2019-09-07 09:15:51:106,-3.1089,-2.9864,10.2382,0.012,-0.0137,9.8065,-0.0398,-0.6543,0.0656,-25.62,-31.44,27.5,337.69,-86.27,-158.25,6.364,1.0,52.40243311111111,-1.5011523555555555
52.40243316666667,-1.5011509333333333,146.02,,3.0,289.12,19 / 22,145927,2019-09-07 09:15:51:206,-3.556,-2.7532,10.0261,0.017,-0.0133,9.8066,-0.0685,-0.622,0.0178,-23.37,-31.0,28.13,340.75,-86.12,-158.72,6.363,1.0,52.40243316666667,-1.5011509333333333
52.40243322222222,-1.501149511111111,146.02,,3.0,289.12,19 / 22,146028,2019-09-07 09:15:51:307,-3.0761,-2.9086,9.809,0.0017,0.0034,9.8066,-0.0047,-0.6398,0.023,-23.75,-31.87,29.0,340.24,-86.14,-159.0,6.362,1.0,52.40243322222222,-1.501149511111111
52.402433277777774,-1.5011480888888888,146.02,,3.0,289.12,19 / 22,146127,2019-09-07 09:15:51:406,-3.5421,-1.1736,9.8453,0.0059,0.0011,9.8066,-0.0202,-0.5799,0.0183,-22.31,-31.44,29.56,342.9,-86.15,-159.87,6.361,1.0,52.402433277777774,-1.5011480888888888
52.402433333333335,-1.5011466666666666,146.02,,3.0,289.12,18 / 22,146227,2019-09-07 09:15:51:506,-4.3725,-2.3271,9.9062,-0.0022,-0.0119,9.8066,0.0032,-0.6192,0.0845,-20.87,-31.62,30.06,343.99,-86.14,-160.05,6.36,1.0,52.402433333333335,-1.5011466666666666
52.40243338888889,-1.5011452444444444,146.02,,3.0,289.12,18 / 22,146327,2019-09-07 09:15:51:606,-3.5894,-2.1209,9.5318,-0.0059,-0.0003,9.8066,0.0219,-0.578,0.0164,-20.19,-30.94,31.19,346.76,-86.02,-159.61,6.359,1.0,52.40243338888889,-1.5011452444444444
52.40243344444444,-1.5011438222222222,146.02,,3.0,289.12,18 / 22,146427,2019-09-07 09:15:51:706,-3.3506,-2.1817,9.9237,0.0044,-0.0061,9.8066,-0.007,-0.609,0.0265,-19.5,-31.25,31.5,347.9,-85.9,-160.66,6.358,1.0,52.40243344444444,-1.5011438222222222
52.4024335,-1.5011424,146.02,,3.0,289.12,18 / 22,146527,2019-09-07 09:15:51:806,-3.9176,-2.3284,10.1472,0.0039,-0.0105,9.8066,0.0096,-0.5684,0.048,-18.56,-31.31,31.81,348.05,-85.85,-160.5,6.357,1.0,52.4024335,-1.5011424
52.402433555555554,-1.5011409777777778,146.02,,3.0,289.12,18 / 22,146627,2019-09-07 09:15:51:906,-3.8702,-2.0764,9.9982,-0.002,-0.0134,9.8066,-0.0019,-0.5847,0.0916,-17.75,-31.44,32.75,348.94,-85.81,-161.76,6.356,1.0,52.402433555555554,-1.5011409777777778
52.40243361111111,-1.5011395555555556,146.02,,3.0,289.12,18 / 22,146727,2019-09-07 09:15:52:006,-4.2089,-1.4167,9.7998,-0.008,-0.0055,9.8066,0.0116,-0.614,0.1065,-16.87,-31.12,33.0,351.49,-85.66,-160.7,6.355,1.0,52.40243361111111,-1.5011395555555556
52.40243366666667,-1.5011381333333333,146.02,,3.0,289.12,18 / 22,146827,2019-09-07 09:15:52:106,-4.3829,-2.1138,9.9103,0.0007,-0.0103,9.8066,-0.0071,-0.57,-0.0184,-15.0,-31.81,32.25,354.81,-85.54,-159.69,6.354,1.0,52.40243366666667,-1.5011381333333333
52.40243372222222,-1.5011367111111111,146.02,,3.0,289.12,18 / 22,146927,2019-09-07 09:15:52:206,-4.5907,-0.8919,9.9739,0.0154,-0.0142,9.8066,-0.0385,-0.6079,0.027,-14.56,-31.31,32.69,354.33,-85.39,-160.82,6.353,1.0,52.40243372222222,-1.5011367111111111
52.40243377777777,-1.501135288888889,146.02,,3.0,289.12,18 / 22,147027,2019-09-07 09:15:52:306,-4.4086,-1.1614,9.8445,0.0061,-0.0008,9.8066,-0.0494,-0.5757,0.0798,-13.37,-31.0,33.38,355.97,-85.44,-162.24,6.352,1.0,52.40243377777777,-1.501135288888889
52.40243383333333,-1.5011338666666667,146.02,,3.0,289.12,18 / 22,147127,2019-09-07 09:15:52:406,-3.7139,-0.8297,9.7437,-0.0055,-0.0062,9.8066,-0.0393,-0.6048,0.0756,-12.62,-32.12,33.06,355.52,-85.48,-162.65,6.351,1.0,52.40243383333333,-1.5011338666666667
52.402433888888886,-1.5011324444444445,146.02,,3.0,289.12,18 / 21,147228,2019-09-07 09:15:52:507,-3.7926,-0.7777,9.7302,-0.0003,-0.0024,9.8066,-0.0627,-0.5845,-0.0041,-11.19,-31.69,33.31,359.79,-85.53,-161.75,6.35,1.0,52.402433888888886,-1.5011324444444445
52.40243394444444,-1.5011310222222223,146.02,,3.0,289.12,18 / 21,147327,2019-09-07 09:15:52:606,-4.0086,-1.2153,9.5279,0.0086,0.0017,9.8066,-0.0706,-0.6188,0.0074,-10.25,-32.06,33.13,0.54,-85.59,-162.64,6.349,1.0,52.40243394444444,-1.5011310222222223
52.402434,-1.5011296,146.02,,3.0,289.12,18 / 21,147429,2019-09-07 09:15:52:708,-4.0011,-0.9547,10.0301,-0.0085,-0.001,9.8065,-0.0719,-0.6286,0.0747,-9.0,-32.75,31.88,2.82,-85.7,-161.69,6.348,1.0,52.402434,-1.5011296
52.40243405555555,-1.5011281777777779,146.02,,3.0,289.12,18 / 21,147527,2019-09-07 09:15:52:806,-2.7018,-1.2114,9.1829,-0.0051,0.0005,9.8066,-0.0326,-0.5815,-0.0026,-8.44,-31.75,31.75,5.96,-85.76,-160.45,6.347,1.0,52.40243405555555,-1.5011281777777779
52.402434111111106,-1.5011267555555556,146.02,,3.0,289.12,18 / 21,147627,2019-09-07 09:15:52:906,-5.784,-1.071,9.7913,0.0057,0.0322,9.8065,0.0909,-0.6916,0.1448,-7.56,-32.81,31.56,7.39,-85.57,-159.16,6.346,1.0,52.402434111111106,-1.5011267555555556
52.402434166666666,-1.5011253333333332,146.02,,3.0,289.12,18 / 21,147727,2019-09-07 09:15:53:006,-3.2453,-0.4346,9.4793,-0.0064,-0.0005,9.8066,-0.0328,-0.5039,0.0164,-6.19,-32.81,31.38,10.49,-85.64,-159.42,6.345,1.0,52.402434166666666,-1.5011253333333332
52.40243422222222,-1.501123911111111,146.02,,3.0,289.12,18 / 21,147827,2019-09-07 09:15:53:106,-4.1394,0.4352,9.443,-0.0026,-0.0045,9.8066,-0.001,-0.6087,0.0584,-5.06,-32.69,31.06,11.66,-85.61,-160.14,6.344,1.0,52.40243422222222,-1.501123911111111
52.40243427777778,-1.5011224888888888,146.02,,3.0,289.12,18 / 21,147927,2019-09-07 09:15:53:206,-4.2755,-0.399,9.9959,0.0008,-0.0125,9.8066,-0.049,-0.6188,0.0478,-4.56,-32.56,30.38,11.62,-85.55,-159.93,6.343,1.0,52.40243427777778,-1.5011224888888888
52.40243433333333,-1.5011210666666666,146.02,,3.0,289.12,18 / 21,148028,2019-09-07 09:15:53:307,-4.0649,-0.1847,9.6397,0.0138,-0.0028,9.8066,-0.0259,-0.6064,0.0439,-3.0,-33.12,29.44,14.08,-85.53,-161.29,6.342,1.0,52.40243433333333,-1.5011210666666666
52.402434388888885,-1.5011196444444443,146.02,,3.0,289.12,18 / 21,148130,2019-09-07 09:15:53:409,-3.9747,1.156,9.7301,-0.0004,0.0112,9.8066,-0.055,-0.5827,0.0594,-2.5,-32.69,29.13,16.17,-85.62,-161.31,6.341,1.0,52.402434388888885,-1.5011196444444443
52.402434444444445,-1.5011182222222221,146.02,,3.0,289.12,18 / 21,148227,2019-09-07 09:15:53:506,-3.6568,1.1749,10.0409,0.0011,0.0024,9.8066,0.0006,-0.6393,0.0662,-2.5,-32.75,29.06,16.71,-85.74,-160.78,6.34,1.0,52.402434444444445,-1.5011182222222221
52.4024345,-1.5011168,146.02,,3.0,289.12,18 / 21,148327,2019-09-07 09:15:53:606,-4.4597,0.2546,9.8337,0.0046,-0.0058,9.8066,0.0071,-0.6207,0.0269,-1.12,-33.12,27.88,18.44,-85.74,-161.15,6.339,1.0,52.4024345,-1.5011168
52.40243455555555,-1.5011153777777777,146.02,,3.0,289.12,18 / 21,148427,2019-09-07 09:15:53:706,-4.0249,-0.3936,9.2075,0.0012,-0.0042,9.8066,-0.0256,-0.6445,0.0567,-0.56,-33.44,26.5,18.21,-85.72,-161.35,6.338,1.0,52.40243455555555,-1.5011153777777777
52.40243461111111,-1.5011139555555555,146.02,,3.0,289.12,18 / 21,148527,2019-09-07 09:15:53:806,-4.484,-0.4684,9.5545,0.0028,-0.0051,9.8066,-0.0083,-0.5897,0.0733,-0.31,-32.69,25.81,20.58,-85.7,-161.39,6.337,1.0,52.40243461111111,-1.5011139555555555
52.402434666666664,-1.5011125333333333,146.02,,3.0,289.12,18 / 21,148627,2019-09-07 09:15:53:906,-3.8327,1.0726,9.8284,0.0004,0.0064,9.8066,0.0048,-0.6,0.0496,0.31,-33.56,24.94,20.78,-85.65,-161.38,6.336,1.0,52.402434666666664,-1.5011125333333333
52.40243472222222,-1.501111111111111,146.02,,3.0,289.12,18 / 21,148727,2019-09-07 09:15:54:006,-4.1633,0.8923,9.5613,0.0119,0.0073,9.8065,-0.0747,-0.5944,-0.0009,0.94,-33.31,23.63,22.74,-85.71,-161.98,6.335,1.0,52.40243472222222,-1.501111111111111
52.40243477777778,-1.5011096888888888,146.02,,3.0,289.12,18 / 21,148827,2019-09-07 09:15:54:106,-3.6943,0.1188,9.4189,0.0053,0.0092,9.8066,-0.0859,-0.6345,0.0496,1.56,-33.56,22.19,24.51,-85.94,-163.33,6.334,1.0,52.40243477777778,-1.5011096888888888
52.40243483333333,-1.5011082666666666,146.02,,3.0,289.12,18 / 21,148928,2019-09-07 09:15:54:207,-4.5442,1.8324,9.5831,0.0087,0.0129,9.8065,-0.1085,-0.5162,-0.0056,2.31,-33.5,21.94,24.37,-86.19,-163.22,6.333,1.0,52.40243483333333,-1.5011082666666666
52.402434888888884,-1.5011068444444444,146.02,,3.0,289.12,18 / 21,149027,2019-09-07 09:15:54:306,-3.1473,-0.528,10.5428,-0.009,0.0073,9.8066,0.1068,-0.5739,0.082,3.06,-34.12,20.0,28.87,-86.36,-162.67,6.332,1.0,52.402434888888884,-1.5011068444444444
52.402434944444444,-1.5011054222222222,146.02,,3.0,289.12,18 / 22,149127,2019-09-07 09:15:54:406,-5.0004,1.7781,10.5419,0.0218,-0.0368,9.8065,-0.0623,-0.7449,0.1812,3.19,-33.75,18.81,27.29,-86.41,-164.65,6.331,1.0,52.402434944444444,-1.5011054222222222
52.402435,-1.501104,146.15,6.33,4.0,240.72,18 / 22,149227,2019-09-07 09:15:54:506,-2.3115,1.331,9.5094,0.0212,0.0288,9.8065,0.0344,-0.708,0.0601,3.38,-34.06,18.38,29.67,-86.33,-163.22,6.33,1.0,52.402435,-1.501104
52.40243564444444,-1.501103111111111,146.15,,4.0,240.72,18 / 22,149327,2019-09-07 09:15:54:606,-1.9606,0.9969,9.7191,0.0077,-0.0049,9.8066,-0.0463,-0.5922,0.0909,3.5,-34.12,17.25,32.68,-86.42,-164.38,6.334555555555555,1.0,52.40243564444444,-1.501103111111111
52.402436288888886,-1.5011022222222221,146.15,,4.0,240.72,18 / 22,149427,2019-09-07 09:15:54:706,-4.8017,1.11,9.7774,-0.0197,-0.0259,9.8066,-0.0904,-0.6537,0.0921,3.31,-33.81,16.31,34.32,-86.09,-160.97,6.339111111111111,1.0,52.402436288888886,-1.5011022222222221
52.402436933333334,-1.5011013333333334,146.15,,4.0,240.72,18 / 22,149527,2019-09-07 09:15:54:806,-2.7294,1.1866,10.0373,-0.0237,-0.003,9.8065,-0.0107,-0.5131,-0.0909,3.94,-34.56,15.19,42.61,-86.04,-158.44,6.343666666666667,1.0,52.402436933333334,-1.5011013333333334
52.402437577777775,-1.5011004444444445,146.15,,4.0,240.72,18 / 22,149627,2019-09-07 09:15:54:906,-2.4527,0.8829,10.1494,-0.0063,0.0074,9.8066,0.0468,-0.6787,0.0566,3.06,-34.31,13.56,41.56,-86.05,-156.83,6.348222222222223,1.0,52.402437577777775,-1.5011004444444445
52.402438222222216,-1.5010995555555555,146.15,,4.0,240.72,18 / 22,149728,2019-09-07 09:15:55:007,-4.2318,1.7818,9.5289,0.0178,0.041,9.8065,0.0613,-0.6813,0.0367,3.44,-34.19,12.0,47.89,-86.23,-153.93,6.352777777777778,1.0,52.402438222222216,-1.5010995555555555
52.402438866666664,-1.5010986666666666,146.15,,4.0,240.72,18 / 22,149827,2019-09-07 09:15:55:106,-3.6825,1.0268,9.6539,-0.0137,-0.0215,9.8065,-0.0145,-0.5963,0.025,3.13,-34.37,11.38,50.8,-86.16,-153.43,6.357333333333333,1.0,52.402438866666664,-1.5010986666666666
52.40243951111111,-1.5010977777777779,146.15,,4.0,240.72,18 / 22,149927,2019-09-07 09:15:55:206,-3.9351,1.682,10.2029,-0.0232,-0.0041,9.8066,-0.0199,-0.6053,0.0816,2.25,-35.0,10.06,50.15,-85.9,-152.12,6.361888888888889,1.0,52.40243951111111,-1.5010977777777779
52.40244015555555,-1.501096888888889,146.15,,4.0,240.72,18 / 22,150028,2019-09-07 09:15:55:307,-3.3287,2.6699,9.9662,0.0222,0.0039,9.8065,-0.019,-0.6979,0.1124,2.44,-35.0,9.31,56.13,-85.81,-149.81,6.366444444444444,1.0,52.40244015555555,-1.501096888888889
52.402440799999994,-1.501096,146.15,,4.0,240.72,18 / 21,150128,2019-09-07 09:15:55:407,-3.5973,2.2796,10.2086,-0.0117,0.0179,9.8065,-0.0929,-0.5454,0.0817,2.38,-35.06,8.75,58.18,-85.84,-147.97,6.371,1.0,52.402440799999994,-1.501096
52.40244144444444,-1.501095111111111,146.15,,4.0,240.72,18 / 21,150227,2019-09-07 09:15:55:506,-3.9324,3.3649,10.1457,0.0063,-0.0265,9.8066,-0.1401,-0.6965,0.1859,2.38,-35.0,6.19,71.35,-85.88,-149.33,6.375555555555556,1.0,52.40244144444444,-1.501095111111111
52.40244208888889,-1.501094222222222,146.15,,4.0,240.72,18 / 21,150327,2019-09-07 09:15:55:606,-2.7995,2.4376,9.5918,-0.008,0.0083,9.8066,-0.0478,-0.6146,0.0502,2.0,-35.81,5.25,83.09,-85.88,-147.28,6.380111111111111,1.0,52.40244208888889,-1.501094222222222
52.40244273333333,-1.5010933333333334,146.15,,4.0,240.72,18 / 21,150427,2019-09-07 09:15:55:706,-3.363,3.7226,9.9732,-0.0045,-0.0069,9.8066,-0.1124,-0.6598,0.0725,1.0,-36.37,4.75,76.0,-85.78,-145.74,6.384666666666667,1.0,52.40244273333333,-1.5010933333333334
52.40244337777777,-1.5010924444444445,146.15,,4.0,240.72,18 / 21,150527,2019-09-07 09:15:55:806,-1.8483,1.2451,10.1477,0.0076,0.0081,9.8066,0.055,-0.6494,0.0756,0.88,-37.19,3.5,91.5,-85.74,-144.41,6.389222222222222,1.0,52.40244337777777,-1.5010924444444445
52.40244402222222,-1.5010915555555555,146.15,,4.0,240.72,18 / 21,150627,2019-09-07 09:15:55:906,-0.7905,3.4331,10.0506,-0.0223,0.0165,9.8065,-0.0616,-0.5486,0.0355,0.19,-36.94,2.81,106.74,-85.49,-141.81,6.393777777777778,1.0,52.40244402222222,-1.5010915555555555
52.40244466666667,-1.5010906666666666,146.15,,4.0,240.72,18 / 21,150727,2019-09-07 09:15:56:006,1.8454,3.5416,9.5625,0.0021,0.0104,9.8066,-0.0617,-0.6396,0.0621,-0.56,-37.5,1.94,150.18,-85.41,-141.97,6.398333333333333,1.0,52.40244466666667,-1.5010906666666666
52.40244531111111,-1.5010897777777779,146.15,,4.0,240.72,18 / 21,150827,2019-09-07 09:15:56:106,1.3457,3.5771,9.9676,0.0038,-0.0169,9.8066,0.0455,-0.5882,0.0519,-1.31,-37.5,1.56,150.16,-85.33,-141.11,6.402888888888889,1.0,52.40244531111111,-1.5010897777777779
52.40244595555555,-1.501088888888889,146.15,,4.0,240.72,18 / 21,150927,2019-09-07 09:15:56:206,4.0114,-0.8023,10.3956,0.0048,0.0249,9.8066,0.0024,-0.6518,0.0681,-1.62,-37.31,1.0,221.23,-85.22,-140.89,6.407444444444445,1.0,52.40244595555555,-1.501088888888889
52.4024466,-1.501088,146.15,,4.0,240.72,18 / 21,151027,2019-09-07 09:15:56:306,3.1241,-0.9847,9.958,0.0258,-0.014,9.8066,-0.0409,-0.6825,0.0857,-2.69,-37.19,0.63,253.12,-85.06,-139.84,6.412,1.0,52.4024466,-1.501088
52.402447244444446,-1.501087111111111,146.15,,4.0,240.72,18 / 21,151128,2019-09-07 09:15:56:407,2.7847,-2.7323,9.6184,0.01,-0.0035,9.8066,-0.109,-0.5612,-0.0066,-3.69,-36.87,-0.25,257.94,-85.08,-140.97,6.416555555555556,1.0,52.402447244444446,-1.501087111111111
52.40244788888889,-1.501086222222222,146.15,,4.0,240.72,20 / 23,151227,2019-09-07 09:15:56:506,3.2477,-1.6488,9.5785,-0.0073,-0.0033,9.8065,-0.0721,-0.56,-0.0376,-4.25,-36.19,-0.19,260.74,-85.1,-139.7,6.421111111111111,1.0,52.40244788888889,-1.501086222222222
52.40244853333333,-1.5010853333333334,146.15,,4.0,240.72,20 / 23,151327,2019-09-07 09:15:56:606,3.4192,-2.5581,10.1993,0.0059,0.0005,9.8066,-0.0163,-0.5917,0.0651,-5.25,-36.12,-1.5,262.41,-85.06,-139.13,6.425666666666666,1.0,52.40244853333333,-1.5010853333333334
52.402449177777775,-1.5010844444444444,146.15,,4.0,240.72,20 / 23,151427,2019-09-07 09:15:56:706,1.5901,-2.6115,10.2201,0.0057,0.0068,9.8066,-0.1101,-0.597,0.1016,-6.0,-36.25,-1.94,262.8,-85.06,-139.58,6.4302222222222225,1.0,52.402449177777775,-1.5010844444444444
52.40244982222222,-1.5010835555555555,146.15,,4.0,240.72,20 / 23,151527,2019-09-07 09:15:56:806,2.0817,-2.6398,9.7675,-0.0101,-0.0064,9.8066,-0.097,-0.5898,0.0795,-7.06,-35.25,-2.5,269.84,-85.04,-139.54,6.434777777777778,1.0,52.40244982222222,-1.5010835555555555
52.402450466666664,-1.5010826666666666,146.15,,4.0,240.72,20 / 23,151627,2019-09-07 09:15:56:906,2.9741,-2.4561,9.8317,0.0046,-0.0113,9.8066,-0.0941,-0.551,0.0776,-7.94,-35.5,-3.69,265.05,-85.05,-138.66,6.439333333333334,1.0,52.402450466666664,-1.5010826666666666
52.402451111111105,-1.5010817777777778,146.15,,4.0,240.72,20 / 23,151727,2019-09-07 09:15:57:006,1.986,-2.6959,10.1347,-0.0265,-0.0089,9.8065,-0.0073,-0.5293,0.0026,-9.0,-34.94,-3.62,272.11,-85.29,-136.92,6.443888888888889,1.0,52.402451111111105,-1.5010817777777778
52.40245175555555,-1.501080888888889,146.15,,4.0,240.72,20 / 23,151827,2019-09-07 09:15:57:106,1.5663,-3.6175,9.9449,-0.0227,-0.0066,9.8065,-0.0289,-0.5734,0.0327,-10.06,-34.94,-4.37,273.74,-85.2,-138.63,6.448444444444444,1.0,52.40245175555555,-1.501080888888889
52.4024524,-1.50108,146.15,,4.0,240.72,20 / 23,151927,2019-09-07 09:15:57:206,0.4508,-2.7582,10.3061,-0.0147,0.0021,9.8066,-0.0223,-0.6367,-0.0092,-10.62,-34.94,-5.56,269.01,-85.24,-138.92,6.453,1.0,52.4024524,-1.50108
52.40245304444444,-1.501079111111111,146.15,,4.0,240.72,20 / 23,152029,2019-09-07 09:15:57:308,2.2157,-2.331,9.7326,0.0182,-0.0007,9.8066,-0.1041,-0.6185,0.0961,-12.0,-34.19,-6.06,273.76,-85.2,-137.41,6.4575555555555555,1.0,52.40245304444444,-1.501079111111111
52.40245368888888,-1.501078222222222,146.15,,4.0,240.72,18 / 21,152129,2019-09-07 09:15:57:408,2.4624,-3.0031,9.6576,0.0036,-0.0138,9.8066,-0.0927,-0.5655,0.0118,-13.06,-35.37,-5.25,279.35,-85.04,-137.15,6.462111111111112,1.0,52.40245368888888,-1.501078222222222
52.40245433333333,-1.5010773333333334,146.15,,4.0,240.72,18 / 21,152228,2019-09-07 09:15:57:507,1.7808,-2.318,9.4814,0.0043,0.0195,9.8066,-0.0436,-0.5888,-0.0201,-13.56,-35.44,-6.12,276.98,-85.09,-138.49,6.466666666666667,1.0,52.40245433333333,-1.5010773333333334
52.40245497777778,-1.5010764444444444,146.15,,4.0,240.72,18 / 21,152327,2019-09-07 09:15:57:606,2.0151,-3.2987,10.083,-0.0016,0.0224,9.8066,-0.0418,-0.571,0.0527,-14.75,-34.81,-5.94,278.62,-85.26,-139.32,6.471222222222222,1.0,52.40245497777778,-1.5010764444444444
52.40245562222222,-1.5010755555555555,146.15,,4.0,240.72,18 / 21,152427,2019-09-07 09:15:57:706,1.1502,-3.1944,10.3077,-0.022,-0.0188,9.8065,-0.001,-0.4905,-0.033,-15.44,-34.0,-5.69,278.08,-85.44,-140.52,6.475777777777778,1.0,52.40245562222222,-1.5010755555555555
52.40245626666666,-1.5010746666666666,146.15,,4.0,240.72,18 / 21,152528,2019-09-07 09:15:57:807,1.0263,-4.3891,10.0037,-0.015,0.0137,9.8066,-0.059,-0.7714,0.1073,-16.5,-34.25,-6.69,278.78,-85.56,-138.97,6.480333333333333,1.0,52.40245626666666,-1.5010746666666666
52.40245691111111,-1.5010737777777778,146.15,,4.0,240.72,18 / 21,152627,2019-09-07 09:15:57:906,1.4996,-3.7857,9.5808,-0.0159,0.0109,9.8065,0.0154,-0.536,0.0154,-17.75,-33.62,-6.12,286.66,-85.54,-137.16,6.484888888888889,1.0,52.40245691111111,-1.5010737777777778
52.40245755555556,-1.501072888888889,146.15,,4.0,240.72,18 / 21,152727,2019-09-07 09:15:58:006,1.6859,-3.0578,10.4849,-0.0046,0.0025,9.8066,-0.0371,-0.533,0.0655,-19.0,-34.25,-6.75,284.95,-85.75,-137.87,6.489444444444445,1.0,52.40245755555556,-1.501072888888889
52.4024582,-1.501072,146.15,,4.0,240.72,18 / 21,152827,2019-09-07 09:15:58:106,0.6977,-2.9274,10.0432,0.0126,0.0113,9.8066,-0.024,-0.5553,0.0677,-19.62,-34.0,-6.62,284.78,-85.78,-139.32,6.494,1.0,52.4024582,-1.501072
52.40245884444444,-1.501071111111111,146.15,,4.0,240.72,18 / 21,152927,2019-09-07 09:15:58:206,0.7865,-3.6684,9.7352,0.0264,0.0132,9.8066,-0.1131,-0.5811,0.0616,-20.62,-34.62,-5.69,287.01,-85.68,-140.35,6.498555555555556,1.0,52.40245884444444,-1.501071111111111
52.40245948888889,-1.501070222222222,146.15,,4.0,240.72,18 / 21,153028,2019-09-07 09:15:58:307,0.5391,-4.124,9.6141,-0.0115,-0.0221,9.8065,-0.0631,-0.5824,0.0783,-22.25,-34.31,-5.19,291.49,-85.56,-139.4,6.503111111111111,1.0,52.40245948888889,-1.501070222222222
52.402460133333335,-1.5010693333333334,146.15,,4.0,240.72,18 / 21,153128,2019-09-07 09:15:58:407,1.303,-3.6776,9.5074,-0.0111,-0.0128,9.8066,0.0052,-0.654,0.0785,-22.87,-34.06,-4.25,297.54,-85.5,-136.69,6.507666666666667,1.0,52.402460133333335,-1.5010693333333334
52.402460777777776,-1.5010684444444444,146.15,,4.0,240.72,18 / 22,153227,2019-09-07 09:15:58:506,0.6599,-4.4188,9.9953,-0.0077,-0.0081,9.8066,0.0048,-0.6248,0.0747,-23.87,-33.94,-3.44,301.1,-85.47,-136.22,6.512222222222222,1.0,52.402460777777776,-1.5010684444444444
52.40246142222222,-1.5010675555555555,146.15,,4.0,240.72,18 / 22,153327,2019-09-07 09:15:58:606,-0.0217,-4.4615,9.7587,0.0052,0.0021,9.8066,-0.1171,-0.5677,-0.0432,-24.56,-33.37,-2.62,302.71,-85.44,-135.32,6.516777777777778,1.0,52.40246142222222,-1.5010675555555555
52.402462066666665,-1.5010666666666665,146.15,,4.0,240.72,18 / 22,153427,2019-09-07 09:15:58:706,0.507,-3.3649,9.682,0.0075,0.008,9.8066,-0.1218,-0.6177,0.0519,-25.06,-33.19,-1.94,304.7,-85.49,-135.76,6.521333333333334,1.0,52.402462066666665,-1.5010666666666665
52.40246271111111,-1.5010657777777778,146.15,,4.0,240.72,18 / 22,153527,2019-09-07 09:15:58:806,-0.2598,-3.5444,9.8078,-0.0007,-0.0064,9.8066,0.0005,-0.5799,0.0594,-26.19,-33.62,-0.94,307.29,-85.5,-135.74,6.525888888888889,1.0,52.40246271111111,-1.5010657777777778
52.402463355555554,-1.501064888888889,146.15,,4.0,240.72,18 / 22,153627,2019-09-07 09:15:58:906,0.0972,-4.1049,10.1592,0.0044,0.0019,9.8066,0.0068,-0.5961,0.0025,-26.81,-33.0,-1.12,307.56,-85.41,-135.78,6.530444444444445,1.0,52.402463355555554,-1.501064888888889
52.402463999999995,-1.501064,146.15,,4.0,240.72,18 / 22,153727,2019-09-07 09:15:59:006,-0.6753,-3.8391,9.6681,0.0147,0.0036,9.8066,-0.0777,-0.5807,0.0154,-27.75,-32.5,0.75,309.47,-85.39,-138.41,6.535,1.0,52.402463999999995,-1.501064
52.40246464444444,-1.501063111111111,146.15,,4.0,240.72,18 / 22,153827,2019-09-07 09:15:59:106,-1.2448,-4.162,10.1788,0.0193,0.0097,9.8066,-0.1327,-0.5951,0.0444,-28.0,-33.19,1.06,307.94,-85.39,-139.73,6.539555555555555,1.0,52.40246464444444,-1.501063111111111
52.40246528888889,-1.501062222222222,146.15,,4.0,240.72,18 / 22,153927,2019-09-07 09:15:59:206,-1.2876,-3.8027,10.0074,-0.0097,0.0027,9.8066,0.1067,-0.6022,0.0275,-28.12,-32.94,1.88,309.05,-85.39,-140.73,6.544111111111111,1.0,52.40246528888889,-1.501062222222222
52.40246593333333,-1.5010613333333334,146.15,,4.0,240.72,18 / 22,154027,2019-09-07 09:15:59:306,-0.4816,-4.1422,10.0859,0.0085,0.0063,9.8066,-0.0355,-0.6174,0.0307,-29.5,-32.44,2.69,310.72,-85.36,-141.23,6.548666666666667,1.0,52.40246593333333,-1.5010613333333334
52.40246657777777,-1.5010604444444444,146.15,,4.0,240.72,18 / 21,154127,2019-09-07 09:15:59:406,-0.3657,-3.8141,10.2347,0.0137,0.0058,9.8065,-0.0388,-0.5943,0.0154,-29.87,-33.0,3.69,310.69,-85.37,-142.99,6.553222222222223,1.0,52.40246657777777,-1.5010604444444444
52.40246722222222,-1.5010595555555555,146.15,,4.0,240.72,18 / 21,154227,2019-09-07 09:15:59:506,-1.3503,-3.8814,9.6605,0.0145,-0.0031,9.8066,-0.0742,-0.6155,0.0328,-29.37,-32.44,5.0,311.63,-85.4,-144.32,6.557777777777778,1.0,52.40246722222222,-1.5010595555555555
52.40246786666667,-1.5010586666666665,146.15,,4.0,240.72,18 / 21,154327,2019-09-07 09:15:59:606,-1.5087,-4.0085,9.6213,0.0003,0.0037,9.8066,0.0246,-0.5973,0.0392,-30.37,-32.31,6.69,314.77,-85.4,-144.88,6.562333333333333,1.0,52.40246786666667,-1.5010586666666665
52.40246851111111,-1.5010577777777778,146.15,,4.0,240.72,18 / 21,154427,2019-09-07 09:15:59:706,-1.421,-4.2056,9.9775,0.0016,0.0119,9.8066,-0.0477,-0.6563,0.0505,-30.31,-32.19,7.38,313.13,-85.45,-146.47,6.566888888888889,1.0,52.40246851111111,-1.5010577777777778
52.40246915555555,-1.5010568888888889,146.15,,4.0,240.72,18 / 21,154527,2019-09-07 09:15:59:806,-1.5559,-3.8134,9.5091,-0.0045,0.0083,9.8066,-0.0334,-0.6267,-0.0203,-30.69,-31.69,8.56,315.92,-85.46,-147.04,6.571444444444444,1.0,52.40246915555555,-1.5010568888888889
52.4024698,-1.501056,146.15,,4.0,240.72,18 / 21,154627,2019-09-07 09:15:59:906,-1.2466,-4.0115,9.8162,0.0057,0.0082,9.8066,-0.0806,-0.6452,-0.0067,-31.31,-32.19,9.75,316.18,-85.5,-148.54,6.5760000000000005,1.0,52.4024698,-1.501056
52.40247044444445,-1.501055111111111,146.15,,4.0,240.72,18 / 21,154727,2019-09-07 09:16:00:006,-1.7239,-4.193,9.9589,0.0119,0.0071,9.8066,-0.0542,-0.6309,0.0047,-31.25,-32.12,10.75,316.16,-85.6,-150.32,6.580555555555556,1.0,52.40247044444445,-1.501055111111111
52.40247108888889,-1.501054222222222,146.15,,4.0,240.72,18 / 21,154827,2019-09-07 09:16:00:106,-3.0445,-3.3801,9.8856,0.0133,0.0046,9.8066,-0.0995,-0.6456,0.0697,-31.06,-31.75,12.75,318.12,-85.65,-151.78,6.585111111111111,1.0,52.40247108888889,-1.501054222222222
52.40247173333333,-1.5010533333333334,146.15,,4.0,240.72,18 / 21,154927,2019-09-07 09:16:00:206,-1.0786,-4.0378,9.6426,0.0024,0.0109,9.8066,-0.0061,-0.6308,0.0289,-31.37,-31.75,13.19,317.65,-85.69,-152.25,6.589666666666667,1.0,52.40247173333333,-1.5010533333333334
52.40247237777778,-1.5010524444444444,146.15,,4.0,240.72,18 / 21,155027,2019-09-07 09:16:00:306,-2.0424,-4.3154,9.703,-0.0086,-0.0023,9.8066,0.0396,-0.6141,-0.0024,-30.81,-31.62,15.06,320.31,-85.75,-152.92,6.594222222222222,1.0,52.40247237777778,-1.5010524444444444
52.402473022222225,-1.5010515555555555,146.15,,4.0,240.72,18 / 21,155127,2019-09-07 09:16:00:406,-1.9837,-3.616,9.7018,0.0139,0.0113,9.8066,-0.1228,-0.6419,0.0255,-30.94,-31.75,16.13,321.64,-85.77,-153.18,6.598777777777778,1.0,52.402473022222225,-1.5010515555555555
52.402473666666666,-1.5010506666666665,146.15,,4.0,240.72,18 / 21,155228,2019-09-07 09:16:00:507,-2.9829,-3.8424,9.4846,0.002,0.0119,9.8066,-0.0905,-0.685,0.0672,-31.25,-31.56,16.56,320.82,-85.86,-155.48,6.6033333333333335,1.0,52.402473666666666,-1.5010506666666665
52.402474311111106,-1.5010497777777778,146.15,,4.0,240.72,18 / 21,155327,2019-09-07 09:16:00:606,-1.7767,-4.1811,9.218,-0.0034,-0.0103,9.8066,-0.0932,-0.6752,0.1171,-29.87,-31.56,18.06,323.39,-85.84,-155.23,6.607888888888889,1.0,52.402474311111106,-1.5010497777777778
52.402474955555554,-1.5010488888888889,146.15,,4.0,240.72,18 / 21,155427,2019-09-07 09:16:00:706,-2.8456,-4.567,9.8766,-0.0182,0.0098,9.8065,0.0671,-0.5255,-0.1322,-29.87,-31.25,19.25,326.32,-85.89,-153.97,6.612444444444445,1.0,52.402474955555554,-1.5010488888888889
52.4024756,-1.501048,146.15,,4.0,240.72,18 / 21,155527,2019-09-07 09:16:00:806,-2.2114,-2.7131,10.2344,-0.0017,0.0075,9.8066,0.028,-0.6674,-0.0197,-29.81,-31.94,20.25,323.53,-86.01,-157.99,6.617,1.0,52.4024756,-1.501048
52.40247624444444,-1.501047111111111,146.15,,4.0,240.72,18 / 21,155627,2019-09-07 09:16:00:906,-2.933,-2.9984,10.6198,-0.0013,-0.0042,9.8066,-0.0159,-0.5907,-0.0292,-29.0,-31.62,21.44,325.2,-86.09,-158.65,6.621555555555556,1.0,52.40247624444444,-1.501047111111111
52.402476888888884,-1.501046222222222,146.15,,4.0,240.72,18 / 21,155727,2019-09-07 09:16:01:006,-2.6873,-3.2902,9.4436,0.0005,0.0057,9.8066,-0.0646,-0.6436,0.0235,-28.5,-31.62,22.31,326.76,-86.19,-159.46,6.626111111111111,1.0,52.402476888888884,-1.501046222222222
52.40247753333333,-1.5010453333333333,146.15,,4.0,240.72,18 / 21,155827,2019-09-07 09:16:01:106,-2.6789,-4.0525,9.8575,-0.007,0.0013,9.8066,-0.0501,-0.6085,0.0464,-27.81,-31.56,23.19,328.17,-86.23,-159.42,6.6306666666666665,1.0,52.40247753333333,-1.5010453333333333
52.40247817777778,-1.5010444444444444,146.15,,4.0,240.72,18 / 21,155927,2019-09-07 09:16:01:206,-3.5801,-2.769,10.0522,-0.0015,-0.0041,9.8066,-0.0315,-0.628,0.0081,-27.69,-32.37,24.69,331.74,-86.28,-158.46,6.635222222222223,1.0,52.40247817777778,-1.5010444444444444
52.40247882222222,-1.5010435555555555,146.15,,4.0,240.72,18 / 21,156027,2019-09-07 09:16:01:306,-2.6933,-3.5087,9.6488,-0.0076,0.0131,9.8066,0.0658,-0.636,0.0203,-26.81,-31.5,25.0,333.19,-86.36,-158.18,6.639777777777778,1.0,52.40247882222222,-1.5010435555555555
52.40247946666666,-1.5010426666666665,146.15,,4.0,240.72,18 / 22,156127,2019-09-07 09:16:01:406,-3.0348,-2.732,9.7131,0.0147,-0.0205,9.8065,-0.0416,-0.6365,0.0196,-25.75,-31.69,27.06,335.56,-86.19,-159.13,6.644333333333334,1.0,52.40247946666666,-1.5010426666666665
52.40248011111111,-1.5010417777777778,146.15,,4.0,240.72,18 / 22,156227,2019-09-07 09:16:01:506,-3.7079,-3.3827,10.0236,0.0015,-0.0102,9.8065,-0.0987,-0.6291,0.0175,-25.56,-31.31,27.25,336.41,-86.15,-158.35,6.648888888888889,1.0,52.40248011111111,-1.5010417777777778
52.40248075555556,-1.5010408888888889,146.15,,4.0,240.72,18 / 22,156327,2019-09-07 09:16:01:606,-3.5497,-1.9989,10.0949,0.0077,-0.0079,9.8065,-0.0547,-0.6241,0.0062,-24.0,-31.12,27.75,340.14,-86.08,-158.09,6.653444444444444,1.0,52.40248075555556,-1.5010408888888889
52.4024814,-1.50104,146.15,,4.0,240.72,18 / 22,156428,2019-09-07 09:16:01:707,-4.483,-1.7092,10.1269,-0.0052,0.0017,9.8066,0.065,-0.6513,0.0568,-23.37,-31.62,29.19,341.75,-86.11,-158.74,6.658,1.0,52.4024814,-1.50104
52.40248204444444,-1.501039111111111,146.15,,4.0,240.72,18 / 22,156527,2019-09-07 09:16:01:806,-2.39,-2.2324,9.6837,0.0095,0.0065,9.8066,-0.029,-0.5639,0.02,-21.81,-31.12,29.88,342.89,-86.15,-159.88,6.662555555555556,1.0,52.40248204444444,-1.501039111111111
52.40248268888889,-1.501038222222222,146.15,,4.0,240.72,18 / 22,156627,2019-09-07 09:16:01:906,-3.3,-2.0344,9.767,0.0354,-0.0332,9.8065,-0.1887,-0.759,0.1055,-21.62,-31.31,30.31,343.71,-86.21,-159.12,6.667111111111112,1.0,52.40248268888889,-1.501038222222222
52.402483333333336,-1.5010373333333333,146.15,,4.0,240.72,18 / 22,156727,2019-09-07 09:16:02:006,-2.0068,-2.6137,9.37,-0.023,-0.0345,9.8065,0.0029,-0.4758,-0.1277,-20.75,-31.56,31.13,348.59,-85.93,-156.58,6.671666666666667,1.0,52.402483333333336,-1.5010373333333333
52.40248397777778,-1.5010364444444444,146.15,,4.0,240.72,18 / 22,156827,2019-09-07 09:16:02:106,-4.4392,-2.1249,10.3798,-0.0049,-0.0193,9.8066,-0.0505,-0.6186,-0.0272,-19.69,-31.69,31.5,349.5,-85.89,-157.83,6.676222222222222,1.0,52.40248397777778,-1.5010364444444444
52.40248462222222,-1.5010355555555555,146.15,,4.0,240.72,18 / 22,156927,2019-09-07 09:16:02:206,-3.5635,-1.0067,9.6578,0.0293,-0.0272,9.8065,-0.1322,-0.704,0.0631,-18.69,-31.44,32.44,351.72,-85.7,-157.04,6.680777777777778,1.0,52.40248462222222,-1.5010355555555555
52.402485266666666,-1.5010346666666665,146.15,,4.0,240.72,18 / 22,157028,2019-09-07 09:16:02:307,-5.1367,-1.6147,9.4787,-0.0065,0.0142,9.8066,-0.034,-0.6705,0.0348,-17.69,-31.56,32.0,353.83,-85.63,-156.39,6.685333333333333,1.0,52.402485266666666,-1.5010346666666665
52.402485911111114,-1.5010337777777778,146.15,,4.0,240.72,18 / 22,157127,2019-09-07 09:16:02:406,-4.6343,-0.7988,9.2304,-0.0164,0.0066,9.8066,0.0143,-0.5994,0.0276,-16.5,-31.25,32.81,357.1,-85.61,-156.84,6.689888888888889,1.0,52.402485911111114,-1.5010337777777778
52.402486555555555,-1.5010328888888889,146.15,,4.0,240.72,19 / 23,157228,2019-09-07 09:16:02:507,-4.4893,-2.0367,10.3491,0.0118,-0.0296,9.8065,-0.0537,-0.6626,0.0699,-15.75,-31.5,33.13,358.08,-85.39,-155.92,6.694444444444445,1.0,52.402486555555555,-1.5010328888888889
52.402487199999996,-1.501032,146.15,,4.0,240.72,19 / 23,157327,2019-09-07 09:16:02:606,-5.6279,-1.3616,10.3874,0.0112,-0.0222,9.8065,-0.1061,-0.6878,0.1354,-14.69,-31.69,33.56,0.12,-85.31,-156.09,6.699,1.0,52.402487199999996,-1.501032
52.402487844444444,-1.501031111111111,146.15,,4.0,240.72,19 / 23,157427,2019-09-07 09:16:02:706,-4.8314,-1.0037,9.8858,-0.0122,0.0244,9.8065,0.0235,-0.6426,0.0718,-13.62,-31.94,33.69,2.02,-85.31,-155.75,6.703555555555556,1.0,52.402487844444444,-1.501031111111111
52.40248848888889,-1.501030222222222,146.15,,4.0,240.72,19 / 23,157527,2019-09-07 09:16:02:806,-4.0692,-0.7178,9.6501,-0.0131,0.0045,9.8066,-0.0118,-0.5544,0.017,-12.5,-31.44,33.0,6.09,-85.46,-154.37,6.708111111111111,1.0,52.40248848888889,-1.501030222222222
52.40248913333333,-1.5010293333333333,146.15,,4.0,240.72,19 / 23,157627,2019-09-07 09:16:02:906,-4.547,-0.5503,10.1052,-0.0024,-0.0039,9.8066,-0.0187,-0.5795,-0.015,-11.12,-31.12,33.44,7.95,-85.47,-154.2,6.712666666666667,1.0,52.40248913333333,-1.5010293333333333
52.402489777777774,-1.5010284444444444,146.15,,4.0,240.72,19 / 23,157727,2019-09-07 09:16:03:006,-4.2298,-0.9987,9.6949,0.0048,-0.0099,9.8066,-0.0771,-0.6735,0.0504,-10.44,-32.12,32.13,8.42,-85.49,-154.88,6.717222222222222,1.0,52.402489777777774,-1.5010284444444444
52.40249042222222,-1.5010275555555554,146.15,,4.0,240.72,19 / 23,157827,2019-09-07 09:16:03:106,-4.4726,-0.6668,9.5052,-0.0145,0.0247,9.8065,-0.0254,-0.7064,0.0279,-9.12,-32.06,31.94,12.25,-85.49,-153.0,6.721777777777778,1.0,52.40249042222222,-1.5010275555555554
52.40249106666667,-1.5010266666666665,146.15,,4.0,240.72,19 / 23,157927,2019-09-07 09:16:03:206,-4.4984,1.2246,9.5978,0.0047,0.0238,9.8066,-0.1078,-0.62,-0.0006,-7.94,-32.31,32.31,14.74,-85.7,-152.32,6.726333333333334,1.0,52.40249106666667,-1.5010266666666665
52.40249171111111,-1.5010257777777778,146.15,,4.0,240.72,19 / 23,158028,2019-09-07 09:16:03:307,-6.3805,-0.9211,9.7112,-0.001,0.059,9.8065,0.1446,-0.7426,0.1552,-7.0,-32.5,31.25,19.09,-85.72,-149.65,6.730888888888889,1.0,52.40249171111111,-1.5010257777777778
52.40249235555555,-1.5010248888888889,146.15,,4.0,240.72,19 / 22,158127,2019-09-07 09:16:03:406,-2.7444,-0.3154,9.531,-0.0209,0.0365,9.8065,0.1906,-0.479,-0.0408,-6.69,-32.44,31.0,19.08,-85.68,-149.67,6.735444444444445,1.0,52.40249235555555,-1.5010248888888889
52.402493,-1.501024,145.69,6.74,3.0,193.14,19 / 22,158227,2019-09-07 09:16:03:506,-4.0714,-0.4613,9.7689,0.0058,-0.0166,9.8065,-0.0425,-0.5925,0.0681,-5.19,-32.87,30.75,21.35,-85.45,-151.29,6.74,1.0,52.402493,-1.501024
52.40249236363636,-1.5010249256198347,145.69,,3.0,193.14,19 / 22,158327,2019-09-07 09:16:03:606,-6.2051,-0.5127,10.1657,0.0088,-0.0226,9.8065,0.0047,-0.7083,0.2077,-4.25,-33.19,30.19,22.0,-85.32,-152.39,6.7391735537190085,1.0,52.40249236363636,-1.5010249256198347
52.402491727272725,-1.5010258512396693,145.69,,3.0,193.14,19 / 22,158427,2019-09-07 09:16:03:706,-4.7994,-0.574,9.7744,0.0038,0.0105,9.8066,-0.0941,-0.6275,0.0908,-3.06,-32.94,29.75,26.06,-85.44,-150.49,6.738347107438017,1.0,52.402491727272725,-1.5010258512396693
52.40249109090909,-1.501026776859504,145.69,,3.0,193.14,19 / 22,158527,2019-09-07 09:16:03:806,-4.6923,0.6481,10.0896,-0.0065,0.0193,9.8066,-0.0679,-0.638,0.0456,-3.06,-33.06,28.56,26.94,-85.53,-149.51,6.737520661157025,1.0,52.40249109090909,-1.501026776859504
52.40249045454546,-1.5010277024793388,145.69,,3.0,193.14,19 / 22,158628,2019-09-07 09:16:03:907,-4.4892,0.05,10.2572,-0.0053,-0.0046,9.8066,0.0064,-0.6175,0.0133,-2.06,-33.25,27.56,29.4,-85.56,-149.15,6.736694214876033,1.0,52.40249045454546,-1.5010277024793388
52.40248981818182,-1.5010286280991734,145.69,,3.0,193.14,19 / 22,158727,2019-09-07 09:16:04:006,-4.1837,0.5121,9.8673,0.0018,-0.0107,9.8065,-0.0433,-0.6035,-0.0084,-1.06,-33.62,26.5,31.75,-85.5,-149.19,6.735867768595042,1.0,52.40248981818182,-1.5010286280991734
52.40248918181818,-1.5010295537190081,145.69,,3.0,193.14,19 / 22,158827,2019-09-07 09:16:04:106,-4.5636,0.8627,9.5177,-0.0013,0.0083,9.8066,-0.0291,-0.5842,0.0417,-0.25,-33.44,26.06,33.15,-85.56,-150.01,6.73504132231405,1.0,52.40248918181818,-1.5010295537190081
52.402488545454545,-1.501030479338843,145.69,,3.0,193.14,19 / 22,158927,2019-09-07 09:16:04:206,-3.5095,1.2397,9.9033,-0.0073,0.0115,9.8066,0.0054,-0.617,0.0707,0.69,-33.0,24.63,37.0,-85.59,-148.87,6.734214876033058,1.0,52.402488545454545,-1.501030479338843
52.40248790909091,-1.5010314049586777,145.69,,3.0,193.14,19 / 22,159027,2019-09-07 09:16:04:306,-4.2819,0.5045,9.7932,0.0107,-0.0025,9.8066,-0.0447,-0.6419,0.018,0.25,-33.44,23.5,34.89,-85.54,-148.7,6.7333884297520665,1.0,52.40248790909091,-1.5010314049586777
52.40248727272727,-1.5010323305785123,145.69,,3.0,193.14,18 / 21,159127,2019-09-07 09:16:04:406,-3.9514,0.6273,9.5055,0.0197,0.0017,9.8066,-0.0943,-0.6279,-0.009,0.94,-33.69,23.19,34.85,-85.71,-151.34,6.732561983471075,1.0,52.40248727272727,-1.5010323305785123
52.40248663636363,-1.501033256198347,145.69,,3.0,193.14,18 / 21,159228,2019-09-07 09:16:04:507,-3.8738,1.0641,9.6369,-0.0017,0.0217,9.8065,-0.0428,-0.5845,0.0074,2.06,-34.12,21.69,38.15,-85.94,-150.97,6.731735537190083,1.0,52.40248663636363,-1.501033256198347
52.402486,-1.5010341818181818,145.69,,3.0,193.14,18 / 21,159327,2019-09-07 09:16:04:606,-4.1283,1.1213,10.1616,0.0077,0.021,9.8066,0.015,-0.6368,0.0689,2.31,-34.12,19.56,39.39,-86.06,-150.62,6.730909090909091,1.0,52.402486,-1.5010341818181818
52.402485363636366,-1.5010351074380164,145.69,,3.0,193.14,18 / 21,159427,2019-09-07 09:16:04:706,-4.1608,0.4533,9.8773,0.0036,-0.0039,9.8066,-0.1068,-0.628,0.0674,2.69,-33.75,18.94,43.8,-86.09,-150.03,6.7300826446281,1.0,52.402485363636366,-1.5010351074380164
52.40248472727273,-1.5010360330578512,145.69,,3.0,193.14,18 / 21,159527,2019-09-07 09:16:04:806,-3.9949,2.351,9.9164,-0.0019,-0.0038,9.8066,-0.0011,-0.5982,-0.004,3.06,-33.81,18.25,43.84,-86.15,-150.67,6.729256198347108,1.0,52.40248472727273,-1.5010360330578512
52.40248409090909,-1.501036958677686,145.69,,3.0,193.14,18 / 21,159627,2019-09-07 09:16:04:906,-3.3397,1.8487,9.3032,-0.002,-0.014,9.8065,-0.0237,-0.7031,0.0884,3.5,-34.12,16.94,46.13,-86.07,-152.71,6.728429752066116,1.0,52.40248409090909,-1.501036958677686
52.402483454545454,-1.5010378842975205,145.69,,3.0,193.14,18 / 21,159727,2019-09-07 09:16:05:006,-2.9789,2.4835,10.0676,-0.0087,-0.0207,9.8065,-0.0467,-0.6296,-0.0408,3.31,-34.37,15.75,43.13,-85.81,-153.57,6.7276033057851246,1.0,52.402483454545454,-1.5010378842975205
52.40248281818182,-1.5010388099173553,145.69,,3.0,193.14,18 / 21,159827,2019-09-07 09:16:05:106,-4.5046,2.5829,9.7736,-0.0152,0.0162,9.8066,0.0853,-0.5542,-0.0439,3.5,-34.31,14.56,48.37,-85.7,-153.7,6.726776859504132,1.0,52.40248281818182,-1.5010388099173553
52.40248218181818,-1.50103973553719,145.69,,3.0,193.14,18 / 21,159927,2019-09-07 09:16:05:206,-4.4827,0.8904,9.8303,0.0448,0.0108,9.8065,0.069,-0.7253,0.1916,3.19,-34.0,13.13,46.55,-85.75,-154.42,6.72595041322314,1.0,52.40248218181818,-1.50103973553719
52.40248154545455,-1.5010406611570246,145.69,,3.0,193.14,18 / 21,160028,2019-09-07 09:16:05:307,-0.3044,3.0084,10.3105,-0.0057,-0.0054,9.8066,-0.0961,-0.5295,0.0712,4.19,-34.44,12.31,52.94,-85.82,-154.57,6.7251239669421485,1.0,52.40248154545455,-1.5010406611570246
52.40248090909091,-1.5010415867768594,145.69,,3.0,193.14,18 / 21,160128,2019-09-07 09:16:05:407,-3.8509,1.4332,10.3851,-0.0378,-0.0483,9.8064,-0.2076,-0.5746,0.1671,3.0,-34.81,10.38,55.33,-85.51,-153.95,6.724297520661157,1.0,52.40248090909091,-1.5010415867768594
52.402480272727274,-1.5010425123966942,145.69,,3.0,193.14,18 / 21,160227,2019-09-07 09:16:05:506,-3.3606,3.2677,9.8214,-0.0011,0.018,9.8066,-0.0224,-0.6102,0.1086,3.13,-34.44,9.19,61.23,-85.46,-151.71,6.723471074380165,1.0,52.402480272727274,-1.5010425123966942
52.40247963636364,-1.501043438016529,145.69,,3.0,193.14,18 / 21,160327,2019-09-07 09:16:05:606,-4.8449,2.165,8.9945,-0.0082,0.0156,9.8066,-0.0005,-0.6342,0.0801,2.44,-34.94,8.5,58.61,-85.44,-148.96,6.722644628099173,1.0,52.40247963636364,-1.501043438016529
52.402479,-1.5010443636363635,145.69,,3.0,193.14,18 / 21,160427,2019-09-07 09:16:05:706,-1.4805,2.0269,9.9994,0.0074,0.0138,9.8066,0.0233,-0.6972,0.1901,2.19,-35.25,7.0,69.36,-85.47,-147.52,6.721818181818182,1.0,52.402479,-1.5010443636363635
52.40247836363636,-1.5010452892561983,145.69,,3.0,193.14,18 / 21,160527,2019-09-07 09:16:05:806,-3.4992,2.9449,9.6802,0.0,0.0171,9.8066,-0.015,-0.5299,0.0737,1.56,-35.31,6.38,79.09,-85.37,-145.47,6.72099173553719,1.0,52.40247836363636,-1.5010452892561983
52.402477727272725,-1.501046214876033,145.69,,3.0,193.14,18 / 21,160627,2019-09-07 09:16:05:906,-1.5268,3.3381,10.1171,-0.0236,-0.0025,9.8065,-0.0839,-0.5567,0.0449,1.06,-35.69,5.0,80.14,-85.41,-145.14,6.720165289256198,1.0,52.402477727272725,-1.501046214876033
52.402477090909095,-1.5010471404958676,145.69,,3.0,193.14,18 / 21,160728,2019-09-07 09:16:06:007,-1.4564,4.0038,10.3551,-0.0081,0.0042,9.8066,-0.0189,-0.5199,0.0102,1.5,-36.12,3.88,103.13,-85.25,-144.02,6.719338842975207,1.0,52.402477090909095,-1.5010471404958676
52.40247645454546,-1.5010480661157024,145.69,,3.0,193.14,18 / 21,160827,2019-09-07 09:16:06:106,-0.5276,3.4053,9.3122,0.0065,0.0001,9.8066,0.0083,-0.5752,0.0966,0.31,-36.56,2.25,140.93,-85.23,-143.01,6.718512396694215,1.0,52.40247645454546,-1.5010480661157024
52.40247581818182,-1.5010489917355372,145.69,,3.0,193.14,18 / 21,160927,2019-09-07 09:16:06:206,2.0968,4.0176,10.6435,0.0178,0.0104,9.8066,0.0479,-0.6246,0.0905,-0.31,-37.25,2.19,141.46,-85.17,-142.16,6.717685950413223,1.0,52.40247581818182,-1.5010489917355372
52.40247518181818,-1.5010499173553717,145.69,,3.0,193.14,18 / 21,161027,2019-09-07 09:16:06:306,1.3793,3.2923,10.2044,-0.0274,0.0177,9.8066,-0.0931,-0.6543,0.0904,-1.37,-37.19,1.94,155.42,-85.04,-141.36,6.716859504132231,1.0,52.40247518181818,-1.5010499173553717
52.402474545454545,-1.5010508429752065,145.69,,3.0,193.14,19 / 22,161127,2019-09-07 09:16:06:406,3.4458,0.041,9.5484,-0.0111,0.0229,9.8066,-0.0287,-0.5393,0.0242,-2.06,-37.25,0.81,214.93,-84.75,-141.92,6.71603305785124,1.0,52.402474545454545,-1.5010508429752065
52.40247390909091,-1.5010517685950413,145.69,,3.0,193.14,19 / 22,161227,2019-09-07 09:16:06:506,4.1778,0.3983,9.6344,0.009,0.0046,9.8065,-0.057,-0.5353,0.0438,-2.5,-37.19,0.63,214.04,-84.66,-142.38,6.715206611570248,1.0,52.40247390909091,-1.5010517685950413
52.40247327272727,-1.501052694214876,145.69,,3.0,193.14,19 / 22,161327,2019-09-07 09:16:06:606,3.1566,-2.0288,9.831,0.0022,-0.0177,9.8066,0.0268,-0.5489,0.0143,-3.25,-36.44,-0.19,237.51,-84.66,-141.57,6.714380165289256,1.0,52.40247327272727,-1.501052694214876
52.40247263636363,-1.5010536198347106,145.69,,3.0,193.14,19 / 22,161427,2019-09-07 09:16:06:706,2.8411,-2.8002,9.4362,0.015,0.0123,9.8065,-0.0884,-0.6307,0.0551,-4.56,-36.44,-0.44,265.69,-84.59,-141.5,6.713553719008265,1.0,52.40247263636363,-1.5010536198347106
52.402472,-1.5010545454545454,145.69,,3.0,193.14,19 / 22,161527,2019-09-07 09:16:06:806,2.9764,-3.2333,9.773,0.0063,0.0186,9.8066,-0.1473,-0.6021,0.0699,-5.0,-36.06,-1.44,256.83,-84.6,-141.43,6.712727272727273,1.0,52.402472,-1.5010545454545454
52.402471363636366,-1.5010554710743802,145.69,,3.0,193.14,19 / 22,161627,2019-09-07 09:16:06:906,3.2556,-1.7857,9.5713,-0.0057,0.0052,9.8066,-0.0858,-0.5856,0.0396,-6.12,-35.87,-2.12,259.16,-84.65,-140.86,6.711900826446281,1.0,52.402471363636366,-1.5010554710743802
52.40247072727273,-1.5010563966942148,145.69,,3.0,193.14,19 / 22,161727,2019-09-07 09:16:07:006,2.3517,-2.2139,9.6358,0.0062,0.0041,9.8066,-0.0517,-0.5404,0.0243,-7.12,-35.25,-3.5,260.92,-84.72,-141.1,6.7110743801652895,1.0,52.40247072727273,-1.5010563966942148
52.40247009090909,-1.5010573223140495,145.69,,3.0,193.14,19 / 22,161828,2019-09-07 09:16:07:107,2.383,-2.4287,9.272,-0.0087,-0.0051,9.8066,-0.0241,-0.5925,0.0569,-7.69,-35.0,-3.5,265.7,-84.71,-141.53,6.710247933884298,1.0,52.40247009090909,-1.5010573223140495
52.402469454545454,-1.5010582479338843,145.69,,3.0,193.14,19 / 22,161927,2019-09-07 09:16:07:206,2.5703,-3.565,9.7902,0.0028,-0.0022,9.8066,-0.0471,-0.6287,0.1033,-9.06,-35.0,-3.56,265.89,-84.72,-141.05,6.709421487603306,1.0,52.402469454545454,-1.5010582479338843
52.402468818181816,-1.5010591735537189,145.69,,3.0,193.14,19 / 22,162027,2019-09-07 09:16:07:306,1.7888,-2.8633,9.9457,-0.0089,-0.0044,9.8066,-0.03,-0.5802,0.0062,-9.75,-35.12,-4.37,269.27,-84.71,-141.44,6.708595041322314,1.0,52.402468818181816,-1.5010591735537189
52.40246818181818,-1.5010600991735537,145.69,,3.0,193.14,18 / 22,162127,2019-09-07 09:16:07:406,1.9697,-2.8485,9.8581,-0.0068,-0.0041,9.8066,-0.0424,-0.595,0.035,-10.5,-34.12,-5.5,266.06,-84.78,-141.3,6.707768595041323,1.0,52.40246818181818,-1.5010600991735537
52.40246754545455,-1.5010610247933884,145.69,,3.0,193.14,18 / 22,162227,2019-09-07 09:16:07:506,2.1866,-3.0215,10.0935,-0.0097,-0.0075,9.8066,-0.0133,-0.626,0.0252,-11.87,-34.56,-5.5,272.35,-84.75,-140.71,6.706942148760331,1.0,52.40246754545455,-1.5010610247933884
52.40246690909091,-1.501061950413223,145.69,,3.0,193.14,18 / 22,162328,2019-09-07 09:16:07:607,2.0435,-3.2626,9.6366,-0.006,0.0085,9.8066,-0.0298,-0.6664,0.0625,-12.56,-35.5,-5.69,271.12,-84.83,-141.33,6.706115702479339,1.0,52.40246690909091,-1.501061950413223
52.402466272727274,-1.5010628760330578,145.69,,3.0,193.14,18 / 22,162427,2019-09-07 09:16:07:706,2.5337,-3.2303,9.2898,-0.0259,-0.0001,9.8066,-0.0197,-0.6332,0.0629,-13.56,-35.5,-6.44,273.43,-84.93,-141.63,6.7052892561983475,1.0,52.402466272727274,-1.5010628760330578
52.40246563636364,-1.5010638016528925,145.69,,3.0,193.14,18 / 22,162527,2019-09-07 09:16:07:806,1.2895,-2.8635,9.6082,-0.0225,-0.0038,9.8066,-0.096,-0.5202,-0.0131,-14.81,-34.62,-5.87,275.12,-85.07,-142.33,6.704462809917356,1.0,52.40246563636364,-1.5010638016528925
52.402465,-1.5010647272727273,145.69,,3.0,193.14,18 / 22,162627,2019-09-07 09:16:07:906,1.0895,-3.1641,10.4856,-0.003,0.0042,9.8066,-0.088,-0.5719,0.0226,-15.19,-34.25,-6.12,275.4,-85.27,-142.8,6.703636363636364,1.0,52.402465,-1.5010647272727273
52.40246436363636,-1.5010656528925619,145.69,,3.0,193.14,18 / 22,162727,2019-09-07 09:16:08:006,0.0232,-3.3038,9.9178,-0.0073,0.0016,9.8066,-0.1049,-0.5722,0.0083,-16.12,-33.75,-6.81,274.97,-85.48,-142.56,6.702809917355372,1.0,52.40246436363636,-1.5010656528925619
52.402463727272725,-1.5010665785123967,145.69,,3.0,193.14,18 / 22,162827,2019-09-07 09:16:08:106,0.8326,-3.6458,9.3195,-0.0171,-0.0137,9.8066,0.0668,-0.6376,0.0216,-17.87,-34.0,-6.81,280.12,-85.47,-140.71,6.70198347107438,1.0,52.402463727272725,-1.5010665785123967
52.402463090909094,-1.5010675041322314,145.69,,3.0,193.14,18 / 22,162927,2019-09-07 09:16:08:206,-0.0862,-3.4839,9.2628,-0.0303,-0.0057,9.8065,0.0366,-0.626,-0.0057,-19.44,-34.19,-6.37,286.19,-85.58,-138.97,6.701157024793388,1.0,52.402463090909094,-1.5010675041322314
52.40246245454546,-1.501068429752066,145.69,,3.0,193.14,18 / 22,163027,2019-09-07 09:16:08:306,1.5189,-3.3187,9.9935,0.0184,-0.001,9.8066,-0.0368,-0.5896,0.0407,-19.75,-33.94,-6.19,286.06,-85.48,-140.09,6.700330578512396,1.0,52.40246245454546,-1.501068429752066
52.40246181818182,-1.5010693553719008,145.69,,3.0,193.14,18 / 22,163127,2019-09-07 09:16:08:406,0.6577,-3.6179,9.7038,0.0116,0.0078,9.8066,-0.0671,-0.6068,0.0238,-21.44,-33.94,-4.94,288.81,-85.3,-140.71,6.699504132231405,1.0,52.40246181818182,-1.5010693553719008
52.40246118181818,-1.5010702809917356,145.69,,3.0,193.14,18 / 21,163227,2019-09-07 09:16:08:506,0.7482,-3.6862,9.3588,-0.0079,-0.0048,9.8066,-0.0141,-0.6153,0.0555,-22.06,-34.31,-4.81,290.56,-85.39,-140.04,6.698677685950413,1.0,52.40246118181818,-1.5010702809917356
52.402460545454545,-1.5010712066115701,145.69,,3.0,193.14,18 / 21,163327,2019-09-07 09:16:08:606,0.9348,-4.1981,9.7426,-0.0015,-0.0058,9.8066,-0.064,-0.6239,0.0701,-22.56,-32.94,-3.62,295.19,-85.32,-138.87,6.697851239669421,1.0,52.402460545454545,-1.5010712066115701
52.40245990909091,-1.501072132231405,145.69,,3.0,193.14,18 / 21,163427,2019-09-07 09:16:08:706,0.1733,-4.5205,9.9449,0.0003,0.0017,9.8066,-0.0479,-0.6038,0.0107,-24.5,-33.31,-3.56,296.61,-85.37,-138.23,6.6970247933884295,1.0,52.40245990909091,-1.501072132231405
52.40245927272727,-1.5010730578512397,145.69,,3.0,193.14,18 / 21,163528,2019-09-07 09:16:08:807,-0.0966,-4.1105,9.7426,-0.0173,-0.0015,9.8066,-0.0883,-0.6071,-0.0171,-24.5,-33.69,-2.94,299.3,-85.38,-137.81,6.696198347107438,1.0,52.40245927272727,-1.5010730578512397
52.40245863636364,-1.5010739834710742,145.69,,3.0,193.14,18 / 21,163627,2019-09-07 09:16:08:906,0.6231,-3.6869,9.4032,-0.0209,-0.0028,9.8065,-0.0457,-0.6177,0.0526,-25.5,-32.94,-2.37,302.51,-85.43,-137.75,6.695371900826446,1.0,52.40245863636364,-1.5010739834710742
52.402458,-1.501074909090909,145.69,,3.0,193.14,18 / 21,163727,2019-09-07 09:16:09:006,0.6191,-4.5645,9.738,0.0105,0.0045,9.8066,-0.0617,-0.5708,0.0363,-26.69,-33.44,-2.31,304.5,-85.47,-136.62,6.694545454545454,1.0,52.402458,-1.501074909090909
52.402457363636366,-1.5010758347107438,145.69,,3.0,193.14,18 / 21,163827,2019-09-07 09:16:09:106,-0.4412,-4.0415,9.5922,0.0054,0.0154,9.8066,-0.031,-0.6155,0.0077,-26.62,-32.31,-0.19,306.46,-85.46,-139.12,6.693719008264463,1.0,52.402457363636366,-1.5010758347107438
52.40245672727273,-1.5010767603305786,145.69,,3.0,193.14,18 / 21,163927,2019-09-07 09:16:09:206,-0.1941,-4.0046,9.8526,-0.0084,0.0097,9.8066,-0.052,-0.6175,-0.0129,-27.94,-33.31,0.0,304.77,-85.45,-140.73,6.692892561983471,1.0,52.40245672727273,-1.5010767603305786
52.40245609090909,-1.5010776859504131,145.69,,3.0,193.14,18 / 21,164027,2019-09-07 09:16:09:306,-0.466,-3.4115,9.6031,-0.0111,0.008,9.8066,-0.0222,-0.646,0.0535,-28.06,-32.81,0.81,305.5,-85.57,-142.21,6.692066115702479,1.0,52.40245609090909,-1.5010776859504131
52.40245545454545,-1.501078611570248,145.69,,3.0,193.14,17 / 20,164128,2019-09-07 09:16:09:407,-0.5559,-4.5888,9.9168,0.0019,0.0062,9.8066,-0.0222,-0.6377,0.0839,-28.69,-32.31,2.13,306.67,-85.55,-143.25,6.6912396694214875,1.0,52.40245545454545,-1.501078611570248
52.402454818181816,-1.5010795371900827,145.69,,3.0,193.14,17 / 20,164227,2019-09-07 09:16:09:506,-0.835,-4.4598,10.1153,0.0168,0.0084,9.8066,-0.0594,-0.6545,0.042,-29.06,-32.69,2.94,307.74,-85.65,-144.19,6.690413223140496,1.0,52.402454818181816,-1.5010795371900827
52.402454181818186,-1.5010804628099172,145.69,,3.0,193.14,17 / 20,164327,2019-09-07 09:16:09:606,-0.6224,-3.9992,9.6364,0.0083,0.0007,9.8065,-0.0245,-0.6128,0.0083,-30.12,-32.5,4.0,308.0,-85.67,-145.89,6.689586776859504,1.0,52.402454181818186,-1.5010804628099172
52.40245354545455,-1.501081388429752,145.69,,3.0,193.14,17 / 20,164427,2019-09-07 09:16:09:706,-0.3437,-4.0265,9.5126,0.0072,0.0097,9.8066,-0.0956,-0.641,0.0219,-30.25,-32.5,5.31,309.58,-85.64,-146.26,6.688760330578512,1.0,52.40245354545455,-1.501081388429752
52.40245290909091,-1.5010823140495868,145.69,,3.0,193.14,17 / 20,164527,2019-09-07 09:16:09:806,-0.898,-3.9808,9.845,0.0169,-0.0027,9.8066,-0.1103,-0.6287,-0.0006,-30.87,-32.44,6.31,309.44,-85.62,-148.0,6.687933884297521,1.0,52.40245290909091,-1.5010823140495868
52.402452272727274,-1.5010832396694214,145.69,,3.0,193.14,17 / 20,164627,2019-09-07 09:16:09:906,-1.2071,-3.6645,9.5515,-0.005,0.0156,9.8065,0.0357,-0.6215,0.0498,-30.31,-32.06,8.0,312.0,-85.79,-149.62,6.687107438016529,1.0,52.402452272727274,-1.5010832396694214
52.40245163636364,-1.5010841652892561,145.69,,3.0,193.14,17 / 20,164727,2019-09-07 09:16:10:006,-0.5784,-4.3207,9.6863,0.0068,0.0067,9.8065,-0.0537,-0.6256,0.034,-31.0,-32.87,8.81,312.5,-85.81,-150.45,6.686280991735537,1.0,52.40245163636364,-1.5010841652892561
52.402451,-1.501085090909091,145.69,,3.0,193.14,17 / 20,164827,2019-09-07 09:16:10:106,-1.8758,-4.7297,9.898,0.0012,0.0191,9.8066,0.0408,-0.6899,0.1056,-30.75,-32.25,10.31,313.44,-85.9,-151.44,6.6854545454545455,1.0,52.402451,-1.501085090909091
52.40245036363636,-1.5010860165289257,145.69,,3.0,193.14,17 / 20,164927,2019-09-07 09:16:10:206,-2.128,-4.1999,9.8894,0.0188,0.0052,9.8066,-0.0842,-0.6485,0.1098,-31.25,-31.44,11.19,312.49,-85.96,-154.17,6.684628099173554,1.0,52.40245036363636,-1.5010860165289257
52.40244972727273,-1.5010869421487603,145.69,,3.0,193.14,17 / 20,165027,2019-09-07 09:16:10:306,-2.0685,-3.9944,9.7128,-0.0088,0.0103,9.8066,0.0149,-0.626,0.0294,-30.94,-32.5,12.25,314.34,-85.96,-153.97,6.683801652892562,1.0,52.40244972727273,-1.5010869421487603
52.402449090909094,-1.501087867768595,145.69,,3.0,193.14,17 / 20,165128,2019-09-07 09:16:10:407,-1.0542,-4.0593,9.2005,0.0064,-0.0017,9.8066,0.0414,-0.6062,0.0182,-30.75,-32.19,13.63,316.69,-86.0,-154.96,6.68297520661157,1.0,52.402449090909094,-1.501087867768595
52.40244845454546,-1.5010887933884298,145.69,,3.0,193.14,19 / 22,165227,2019-09-07 09:16:10:506,-2.0544,-3.8281,9.2179,0.0046,0.0026,9.8066,-0.0345,-0.5924,0.066,-31.0,-31.94,14.94,318.22,-86.0,-155.05,6.682148760330579,1.0,52.40244845454546,-1.5010887933884298
52.40244781818182,-1.5010897190082644,145.69,,3.0,193.14,19 / 22,165327,2019-09-07 09:16:10:606,-2.8406,-3.9478,9.4436,-0.0183,0.0169,9.8066,-0.0505,-0.6269,0.1025,-31.25,-32.0,16.56,319.75,-86.04,-156.61,6.681322314049587,1.0,52.40244781818182,-1.5010897190082644
52.40244718181818,-1.5010906446280992,145.69,,3.0,193.14,19 / 22,165427,2019-09-07 09:16:10:706,-2.2107,-4.7572,9.2649,-0.0093,0.0034,9.8066,-0.07,-0.646,0.1493,-30.25,-31.5,17.81,321.8,-86.2,-157.02,6.680495867768595,1.0,52.40244718181818,-1.5010906446280992
52.402446545454545,-1.501091570247934,145.69,,3.0,193.14,19 / 22,165527,2019-09-07 09:16:10:806,-0.6198,-2.14,9.2562,0.0222,0.0342,9.8065,0.0926,-0.5449,-0.0959,-30.44,-31.56,18.0,323.3,-86.11,-155.47,6.679669421487604,1.0,52.402446545454545,-1.501091570247934
52.40244590909091,-1.5010924958677685,145.69,,3.0,193.14,19 / 22,165627,2019-09-07 09:16:10:906,-2.6593,-4.0334,9.0662,0.0003,-0.0014,9.8066,-0.0821,-0.6543,-0.0211,-29.62,-31.31,20.19,323.23,-86.27,-158.49,6.678842975206612,1.0,52.40244590909091,-1.5010924958677685
52.40244527272728,-1.5010934214876033,145.69,,3.0,193.14,19 / 22,165727,2019-09-07 09:16:11:006,-4.5126,-4.7168,9.5126,-0.0213,0.0011,9.8066,-0.0609,-0.5986,-0.0673,-28.62,-32.12,20.75,322.52,-86.44,-161.4,6.67801652892562,1.0,52.40244527272728,-1.5010934214876033
52.40244463636364,-1.501094347107438,145.69,,3.0,193.14,19 / 22,165828,2019-09-07 09:16:11:107,-4.3089,-4.3741,9.9396,-0.0042,0.0148,9.8066,-0.1322,-0.6539,0.0778,-29.0,-30.87,20.94,322.93,-86.58,-161.14,6.6771900826446275,1.0,52.40244463636364,-1.501094347107438
52.402444,-1.5010952727272726,145.69,,3.0,193.14,19 / 22,165927,2019-09-07 09:16:11:206,-2.3509,-3.4162,9.5857,-0.0073,0.0026,9.8066,0.0385,-0.5334,0.0929,-27.87,-31.31,23.25,326.99,-86.64,-160.8,6.676363636363636,1.0,52.402444,-1.5010952727272726
52.402443363636365,-1.5010961983471074,145.69,,3.0,193.14,19 / 22,166027,2019-09-07 09:16:11:306,-4.1352,-3.2742,9.9426,0.0049,-0.0028,9.8066,0.0564,-0.3894,-0.0042,-27.69,-32.0,23.5,328.81,-86.66,-160.25,6.675537190082644,1.0,52.402443363636365,-1.5010961983471074
52.40244272727273,-1.5010971239669422,145.69,,3.0,193.14,19 / 22,166127,2019-09-07 09:16:11:406,-4.5197,-5.0988,10.3963,0.0287,-0.034,9.8065,0.1743,-0.7318,0.1179,-27.31,-30.87,24.81,332.87,-86.78,-158.65,6.674710743801652,1.0,52.40244272727273,-1.5010971239669422
52.40244209090909,-1.501098049586777,145.69,,3.0,193.14,19 / 22,166227,2019-09-07 09:16:11:506,-3.3672,-2.5383,9.6804,0.0106,-0.0388,9.8065,-0.0325,-0.726,0.0835,-26.69,-31.62,26.25,335.36,-86.44,-157.25,6.673884297520661,1.0,52.40244209090909,-1.501098049586777
52.40244145454545,-1.5010989752066115,145.69,,3.0,193.14,19 / 22,166327,2019-09-07 09:16:11:606,-3.823,-2.3009,9.5473,-0.0197,0.004,9.8066,-0.0475,-0.581,0.0069,-25.12,-31.56,26.69,341.37,-86.43,-154.81,6.673057851239669,1.0,52.40244145454545,-1.5010989752066115
52.40244081818182,-1.5010999008264463,145.69,,3.0,193.14,19 / 22,166427,2019-09-07 09:16:11:706,-4.268,-3.1727,10.0761,-0.0031,0.0028,9.8066,0.011,-0.615,-0.0115,-24.94,-30.69,28.31,343.02,-86.33,-154.3,6.672231404958677,1.0,52.40244081818182,-1.5010999008264463
52.402440181818186,-1.501100826446281,145.69,,3.0,193.14,19 / 22,166528,2019-09-07 09:16:11:807,-3.4908,-2.4348,9.9525,0.0097,0.0013,9.8066,0.0121,-0.6358,0.0392,-24.62,-31.19,29.13,344.6,-86.33,-153.81,6.671404958677686,1.0,52.402440181818186,-1.501100826446281
52.40243954545455,-1.5011017520661156,145.69,,3.0,193.14,19 / 22,166627,2019-09-07 09:16:11:906,-3.6078,-2.7235,9.5032,0.0094,-0.0002,9.8065,-0.1207,-0.6635,0.0522,-23.0,-31.87,29.19,345.35,-86.36,-155.4,6.670578512396694,1.0,52.40243954545455,-1.5011017520661156
52.40243890909091,-1.5011026776859504,145.69,,3.0,193.14,19 / 22,166727,2019-09-07 09:16:12:006,-4.0211,-2.0346,10.0076,-0.0073,0.0042,9.8066,-0.1192,-0.6452,0.0495,-22.56,-31.12,30.31,347.72,-86.31,-154.14,6.669752066115702,1.0,52.40243890909091,-1.5011026776859504
52.402438272727274,-1.5011036033057852,145.69,,3.0,193.14,19 / 22,166827,2019-09-07 09:16:12:106,-5.0096,-2.4674,9.8159,-0.0012,0.0031,9.8066,0.0351,-0.5885,-0.0269,-21.5,-31.81,30.5,351.7,-86.25,-153.7,6.66892561983471,1.0,52.402438272727274,-1.5011036033057852
52.402437636363636,-1.5011045289256197,145.69,,3.0,193.14,19 / 22,166927,2019-09-07 09:16:12:206,-4.4276,-1.6123,10.3444,-0.0091,-0.0105,9.8066,0.0016,-0.6944,0.1097,-19.87,-30.81,31.31,354.27,-86.23,-152.58,6.668099173553719,1.0,52.402437636363636,-1.5011045289256197
52.402437,-1.5011054545454545,145.69,,3.0,193.14,19 / 22,167027,2019-09-07 09:16:12:306,-3.8901,-2.6289,10.0611,0.005,0.0059,9.8066,-0.0537,-0.6665,0.0818,-19.87,-31.06,31.75,355.61,-86.21,-152.13,6.667272727272727,1.0,52.402437,-1.5011054545454545
52.40243636363637,-1.5011063801652893,145.69,,3.0,193.14,18 / 21,167127,2019-09-07 09:16:12:406,-3.6162,-1.5787,9.5703,0.0018,0.0004,9.8066,-0.0445,-0.5872,0.0106,-18.31,-31.25,32.13,359.01,-86.11,-151.57,6.666446280991735,1.0,52.40243636363637,-1.5011063801652893
52.40243572727273,-1.5011073057851239,145.69,,3.0,193.14,18 / 21,167228,2019-09-07 09:16:12:507,-4.1072,-2.1376,9.888,-0.0121,-0.0126,9.8066,0.0075,-0.6349,0.0711,-17.06,-31.37,32.31,1.85,-85.98,-150.29,6.665619834710744,1.0,52.40243572727273,-1.5011073057851239
52.402435090909094,-1.5011082314049586,145.69,,3.0,193.14,18 / 21,167327,2019-09-07 09:16:12:606,-4.2402,-1.7868,10.1555,-0.0083,-0.0106,9.8066,-0.002,-0.6259,0.0895,-16.75,-31.37,33.06,2.99,-85.86,-149.94,6.664793388429752,1.0,52.402435090909094,-1.5011082314049586
52.40243445454546,-1.5011091570247934,145.69,,3.0,193.14,18 / 21,167427,2019-09-07 09:16:12:706,-4.408,-1.2019,10.3129,0.0011,-0.0012,9.8066,-0.0184,-0.6631,0.0957,-14.87,-31.81,33.5,7.55,-85.75,-149.14,6.66396694214876,1.0,52.40243445454546,-1.5011091570247934
52.40243381818182,-1.5011100826446282,145.69,,3.0,193.14,18 / 21,167527,2019-09-07 09:16:12:806,-4.0338,-1.6458,9.5026,-0.0031,-0.0041,9.8066,-0.0145,-0.6227,0.0444,-13.75,-31.56,33.19,9.63,-85.62,-148.06,6.6631404958677685,1.0,52.40243381818182,-1.5011100826446282
52.40243318181818,-1.5011110082644628,145.69,,3.0,193.14,18 / 21,167627,2019-09-07 09:16:12:906,-3.7391,-1.7258,9.0163,0.005,0.0001,9.8066,-0.0377,-0.6906,0.0453,-13.5,-31.81,33.13,11.22,-85.6,-148.08,6.662314049586777,1.0,52.40243318181818,-1.5011110082644628
52.402432545454545,-1.5011119338842975,145.69,,3.0,193.14,18 / 21,167727,2019-09-07 09:16:13:006,-4.3931,-0.7748,9.5598,-0.0087,-0.0003,9.8066,-0.0877,-0.6164,0.0144,-12.12,-31.69,32.75,13.36,-85.59,-147.62,6.661487603305785,1.0,52.402432545454545,-1.5011119338842975
52.40243190909091,-1.5011128595041323,145.69,,3.0,193.14,18 / 21,167827,2019-09-07 09:16:13:106,-4.6142,-1.705,10.0372,-0.0101,0.0066,9.8066,-0.0302,-0.6233,0.065,-11.0,-32.62,32.5,17.57,-85.52,-145.33,6.660661157024793,1.0,52.40243190909091,-1.5011128595041323
52.40243127272728,-1.5011137851239669,145.69,,3.0,193.14,18 / 21,167928,2019-09-07 09:16:13:207,-4.2267,-1.5586,9.8637,-0.0067,-0.004,9.8066,-0.0446,-0.6212,0.023,-9.87,-31.94,32.31,20.56,-85.46,-143.67,6.659834710743802,1.0,52.40243127272728,-1.5011137851239669
52.40243063636364,-1.5011147107438017,145.69,,3.0,193.14,18 / 21,168027,2019-09-07 09:16:13:306,-4.3018,-1.0732,9.7062,0.0084,0.0044,9.8066,0.0082,-0.6344,-0.0112,-9.25,-32.62,31.88,23.04,-85.47,-143.07,6.65900826446281,1.0,52.40243063636364,-1.5011147107438017
52.40243,-1.5011156363636364,145.69,,3.0,193.14,18 / 21,168127,2019-09-07 09:16:13:406,-3.2791,0.8679,9.9832,0.0045,0.0245,9.8066,0.0368,-0.6518,0.1094,-7.06,-32.69,31.56,24.81,-85.7,-144.73,6.658181818181818,1.0,52.40243,-1.5011156363636364
52.402429363636365,-1.501116561983471,145.69,,3.0,193.14,18 / 21,168227,2019-09-07 09:16:13:506,-5.8959,-0.0068,10.2619,0.0002,0.0409,9.8065,0.1126,-0.7409,0.1937,-7.37,-32.12,31.13,25.26,-85.64,-143.95,6.6573553719008265,1.0,52.402429363636365,-1.501116561983471
52.40242872727273,-1.5011174876033058,145.69,,3.0,193.14,18 / 21,168327,2019-09-07 09:16:13:606,-3.4302,-0.9128,9.7982,0.0083,-0.0292,9.8065,-0.0448,-0.6824,0.1452,-6.5,-32.94,30.75,27.86,-85.43,-143.49,6.656528925619835,1.0,52.40242872727273,-1.5011174876033058
52.40242809090909,-1.5011184132231405,145.69,,3.0,193.14,18 / 21,168428,2019-09-07 09:16:13:707,-3.9848,0.7958,9.6829,-0.0112,-0.0045,9.8066,-0.0212,-0.5784,0.0091,-4.69,-32.56,29.88,28.95,-85.19,-144.2,6.655702479338843,1.0,52.40242809090909,-1.5011184132231405
52.40242745454545,-1.5011193388429753,145.69,,3.0,193.14,18 / 21,168527,2019-09-07 09:16:13:806,-6.4494,1.4309,10.4487,-0.0288,-0.043,9.8065,-0.1624,-0.5812,-0.1506,-3.5,-32.75,30.25,31.78,-85.22,-145.36,6.654876033057851,1.0,52.40242745454545,-1.5011193388429753
52.40242681818182,-1.5011202644628099,145.69,,3.0,193.14,18 / 21,168627,2019-09-07 09:16:13:906,-4.6584,0.8681,10.4667,0.0031,-0.0364,9.8065,-0.157,-0.6811,-0.0544,-3.12,-33.19,28.75,31.5,-84.92,-145.7,6.65404958677686,1.0,52.40242681818182,-1.5011202644628099
52.402426181818186,-1.5011211900826447,145.69,,3.0,193.14,18 / 21,168727,2019-09-07 09:16:14:006,-4.4279,0.3427,9.3258,0.0115,0.0336,9.8066,-0.0374,-0.6647,-0.0118,-2.44,-33.0,28.63,34.3,-85.27,-144.88,6.653223140495868,1.0,52.402426181818186,-1.5011211900826447
52.40242554545455,-1.5011221157024794,145.69,,3.0,193.14,18 / 21,168827,2019-09-07 09:16:14:106,-3.7339,0.4757,9.6002,0.0013,0.024,9.8066,-0.023,-0.5704,0.0093,-1.75,-33.0,28.13,33.73,-85.35,-145.3,6.652396694214875,1.0,52.40242554545455,-1.5011221157024794
52.40242490909091,-1.501123041322314,145.69,,3.0,193.14,18 / 21,168927,2019-09-07 09:16:14:206,-4.1298,0.2048,9.4725,0.0011,0.0008,9.8066,-0.0771,-0.6359,0.0926,-1.12,-33.19,26.56,36.03,-85.28,-145.34,6.651570247933884,1.0,52.40242490909091,-1.501123041322314
52.40242427272727,-1.5011239669421488,145.69,,3.0,193.14,18 / 21,169027,2019-09-07 09:16:14:306,-4.3431,0.7266,9.5059,-0.0061,-0.0072,9.8066,-0.0613,-0.619,0.0604,-0.25,-33.19,25.63,38.84,-85.24,-145.05,6.650743801652892,1.0,52.40242427272727,-1.5011239669421488
52.402423636363636,-1.5011248925619836,145.69,,3.0,193.14,18 / 21,169128,2019-09-07 09:16:14:407,-4.0817,1.5947,9.5171,-0.0028,0.0029,9.8066,0.0338,-0.6496,0.0423,0.0,-33.0,24.44,39.61,-85.27,-144.64,6.6499173553719,1.0,52.402423636363636,-1.5011248925619836
52.402423,-1.5011258181818181,145.69,,3.0,193.14,18 / 22,169227,2019-09-07 09:16:14:506,-4.2448,0.5191,10.3276,0.009,0.0027,9.8066,0.0035,-0.6509,0.0143,0.81,-33.44,23.81,41.24,-85.27,-145.53,6.6490909090909085,1.0,52.402423,-1.5011258181818181
52.40242236363637,-1.501126743801653,145.69,,3.0,193.14,18 / 22,169327,2019-09-07 09:16:14:606,-4.5754,0.9108,9.7292,0.0077,-0.0071,9.8066,-0.0985,-0.616,-0.0277,1.13,-33.87,22.63,41.43,-85.3,-145.76,6.648264462809917,1.0,52.40242236363637,-1.501126743801653
52.40242172727273,-1.5011276694214877,145.69,,3.0,193.14,18 / 22,169428,2019-09-07 09:16:14:707,-3.8254,0.4742,9.3029,0.0122,-0.0008,9.8066,-0.051,-0.5958,0.0312,1.38,-33.31,21.5,39.46,-85.44,-147.58,6.647438016528925,1.0,52.40242172727273,-1.5011276694214877
52.402421090909094,-1.5011285950413222,145.69,,3.0,193.14,18 / 22,169527,2019-09-07 09:16:14:806,-3.8263,0.9485,9.6951,-0.0005,-0.0016,9.8065,-0.1088,-0.6136,0.0509,2.88,-34.06,20.25,46.99,-85.54,-147.12,6.646611570247933,1.0,52.402421090909094,-1.5011285950413222
52.40242045454546,-1.501129520661157,145.69,,3.0,193.14,18 / 22,169628,2019-09-07 09:16:14:907,-4.1835,1.6561,10.1062,0.0005,0.0088,9.8066,-0.0593,-0.6273,0.0501,2.44,-34.19,19.31,45.35,-85.57,-146.36,6.645785123966942,1.0,52.40242045454546,-1.501129520661157
52.40241981818182,-1.5011304462809918,145.69,,3.0,193.14,18 / 22,169727,2019-09-07 09:16:15:006,-3.3401,1.5091,10.0213,0.0159,-0.0084,9.8066,-0.0562,-0.624,0.0061,2.81,-33.87,17.69,48.39,-85.73,-147.12,6.64495867768595,1.0,52.40241981818182,-1.5011304462809918
52.40241918181818,-1.5011313719008266,145.69,,3.0,193.14,18 / 22,169827,2019-09-07 09:16:15:106,-3.7641,1.5357,9.9926,-0.0018,-0.0124,9.8066,-0.0212,-0.6366,0.0362,3.44,-33.69,16.75,47.8,-85.71,-148.56,6.644132231404958,1.0,52.40241918181818,-1.5011313719008266
52.402418545454545,-1.5011322975206611,145.69,,3.0,193.14,18 / 22,169927,2019-09-07 09:16:15:206,-4.3154,0.7027,9.484,-0.0051,-0.0079,9.8066,0.0346,-0.6451,0.0387,3.19,-34.69,14.19,51.99,-85.6,-148.71,6.6433057851239665,1.0,52.402418545454545,-1.5011322975206611
52.402417909090914,-1.501133223140496,145.69,,3.0,193.14,18 / 22,170027,2019-09-07 09:16:15:306,-3.1241,1.5059,9.5474,-0.0088,0.0033,9.8066,0.0384,-0.5847,0.0849,2.94,-33.81,13.81,52.03,-85.44,-148.72,6.642479338842975,1.0,52.402417909090914,-1.501133223140496
52.40241727272728,-1.5011341487603307,145.69,,3.0,193.14,19 / 22,170127,2019-09-07 09:16:15:406,-3.6922,1.529,9.9763,-0.0019,-0.0161,9.8066,-0.0904,-0.6334,0.0977,3.44,-34.62,13.81,52.89,-85.35,-148.41,6.641652892561983,1.0,52.40241727272728,-1.5011341487603307
52.40241663636364,-1.5011350743801652,145.69,,3.0,193.14,19 / 22,170227,2019-09-07 09:16:15:506,-2.9754,2.2518,9.7527,-0.0003,0.0047,9.8066,-0.0034,-0.589,0.0122,3.06,-34.69,11.13,58.74,-85.34,-148.93,6.640826446280991,1.0,52.40241663636364,-1.5011350743801652
52.402416,-1.501136,145.49,6.64,4.0,256.41,19 / 22,170327,2019-09-07 09:16:15:606,-3.3366,2.0159,9.6863,-0.0091,-0.0044,9.8066,-0.0027,-0.594,0.0111,2.88,-34.56,10.94,58.68,-85.27,-149.18,6.64,1.0,52.402416,-1.501136
52.4024164269663,-1.5011348651685394,145.49,,4.0,256.41,19 / 22,170427,2019-09-07 09:16:15:706,-2.2142,2.58,10.0477,0.0075,-0.0066,9.8066,0.0252,-0.6233,0.0597,2.81,-34.94,9.25,64.09,-85.3,-150.25,6.63752808988764,1.0,52.4024164269663,-1.5011348651685394
52.402416853932586,-1.5011337303370786,145.49,,4.0,256.41,19 / 22,170527,2019-09-07 09:16:15:806,-3.1657,2.7564,10.205,-0.0093,0.004,9.8066,0.0211,-0.6258,0.0861,2.25,-34.94,8.25,62.89,-85.18,-149.8,6.6350561797752805,1.0,52.402416853932586,-1.5011337303370786
52.40241728089888,-1.501132595505618,145.49,,4.0,256.41,19 / 22,170627,2019-09-07 09:16:15:906,-2.3207,2.529,9.9258,-0.0007,0.0008,9.8066,-0.0057,-0.6803,0.0998,2.06,-35.56,7.13,70.48,-85.12,-149.0,6.632584269662921,1.0,52.40241728089888,-1.501132595505618
52.40241770786517,-1.5011314606741573,145.49,,4.0,256.41,19 / 22,170727,2019-09-07 09:16:16:006,-1.8864,5.1078,10.1194,-0.0143,0.0015,9.8066,-0.1772,-0.652,0.0552,1.06,-35.81,5.44,80.97,-85.06,-147.44,6.630112359550561,1.0,52.40241770786517,-1.5011314606741573
52.402418134831464,-1.5011303258426967,145.49,,4.0,256.41,19 / 22,170827,2019-09-07 09:16:16:106,-0.7371,3.7776,9.2992,-0.0034,-0.0086,9.8066,-0.1208,-0.6208,-0.0524,1.13,-35.69,4.38,96.04,-85.01,-147.3,6.627640449438202,1.0,52.402418134831464,-1.5011303258426967
52.40241856179775,-1.5011291910112359,145.49,,4.0,256.41,19 / 22,170927,2019-09-07 09:16:16:206,-0.5044,4.4652,9.807,-0.0046,0.0118,9.8065,-0.0036,-0.6202,0.0277,0.63,-36.0,3.25,114.77,-85.02,-147.81,6.625168539325842,1.0,52.40241856179775,-1.5011291910112359
52.40241898876405,-1.5011280561797753,145.49,,4.0,256.41,19 / 22,171028,2019-09-07 09:16:16:307,-0.9902,3.5562,9.9943,0.004,0.0093,9.8066,0.0307,-0.5248,0.0758,0.13,-36.69,2.69,115.41,-84.92,-146.6,6.622696629213483,1.0,52.40241898876405,-1.5011280561797753
52.402419415730336,-1.5011269213483147,145.49,,4.0,256.41,18 / 21,171130,2019-09-07 09:16:16:409,3.2761,1.8748,10.0535,0.0132,0.0139,9.8065,-0.0372,-0.6342,0.0401,0.0,-36.37,1.31,167.13,-84.83,-146.57,6.620224719101123,1.0,52.402419415730336,-1.5011269213483147
52.40241984269663,-1.501125786516854,145.49,,4.0,256.41,18 / 21,171227,2019-09-07 09:16:16:506,4.3001,1.7233,10.0547,0.0135,0.0078,9.8066,-0.0096,-0.5937,0.0664,-1.44,-37.5,0.69,186.27,-84.59,-144.39,6.617752808988763,1.0,52.40241984269663,-1.501125786516854
52.402420269662926,-1.5011246516853933,145.49,,4.0,256.41,18 / 21,171327,2019-09-07 09:16:16:606,4.0855,0.657,9.5738,-0.0083,0.0187,9.8066,-0.0375,-0.6763,0.069,-1.87,-37.69,0.19,213.14,-84.49,-144.35,6.615280898876404,1.0,52.402420269662926,-1.5011246516853933
52.402420696629214,-1.5011235168539325,145.49,,4.0,256.41,18 / 21,171427,2019-09-07 09:16:16:706,4.6984,-0.1087,9.9463,0.0055,0.0194,9.8065,-0.065,-0.6219,0.0335,-2.87,-37.56,0.13,230.16,-84.34,-145.77,6.612808988764044,1.0,52.402420696629214,-1.5011235168539325
52.40242112359551,-1.501122382022472,145.49,,4.0,256.41,18 / 21,171527,2019-09-07 09:16:16:806,3.5838,-3.6794,9.9503,-0.001,-0.0152,9.8066,-0.0645,-0.6318,0.0501,-4.19,-36.87,-0.31,246.68,-84.36,-146.41,6.6103370786516855,1.0,52.40242112359551,-1.501122382022472
52.4024215505618,-1.5011212471910111,145.49,,4.0,256.41,18 / 21,171628,2019-09-07 09:16:16:907,1.8185,-3.4505,9.9199,-0.0172,-0.009,9.8065,-0.1056,-0.6038,0.062,-4.81,-36.0,-0.37,260.62,-84.46,-145.84,6.607865168539326,1.0,52.4024215505618,-1.5011212471910111
52.40242197752809,-1.5011201123595506,145.49,,4.0,256.41,18 / 21,171727,2019-09-07 09:16:17:006,2.6568,-3.4286,9.6495,0.0,-0.0054,9.8066,-0.0783,-0.6182,0.0841,-5.62,-36.31,-0.87,260.75,-84.41,-144.97,6.605393258426966,1.0,52.40242197752809,-1.5011201123595506
52.40242240449438,-1.50111897752809,145.49,,4.0,256.41,18 / 21,171827,2019-09-07 09:16:17:106,1.7861,-3.2764,10.0332,-0.0002,-0.004,9.8066,-0.0439,-0.6072,0.049,-7.06,-35.5,-1.94,262.25,-84.43,-144.17,6.602921348314607,1.0,52.40242240449438,-1.50111897752809
52.402422831460676,-1.5011178426966292,145.49,,4.0,256.41,18 / 21,171927,2019-09-07 09:16:17:206,2.5712,-3.1958,9.827,-0.0078,0.0035,9.8066,-0.0264,-0.6122,0.0414,-7.19,-35.31,-2.56,256.63,-84.58,-145.15,6.600449438202247,1.0,52.402422831460676,-1.5011178426966292
52.40242325842697,-1.5011167078651686,145.49,,4.0,256.41,18 / 21,172027,2019-09-07 09:16:17:306,2.3201,-3.2971,9.4549,0.0005,0.0027,9.8066,-0.0737,-0.6373,0.0491,-8.44,-35.19,-3.56,257.14,-84.59,-145.16,6.597977528089888,1.0,52.40242325842697,-1.5011167078651686
52.40242368539326,-1.5011155730337078,145.49,,4.0,256.41,18 / 21,172127,2019-09-07 09:16:17:406,2.3376,-3.0117,9.4927,-0.0128,-0.0078,9.8066,-0.0323,-0.6155,0.0077,-9.31,-34.62,-3.94,262.11,-84.67,-144.81,6.595505617977528,1.0,52.40242368539326,-1.5011155730337078
52.402424112359554,-1.5011144382022472,145.49,,4.0,256.41,18 / 21,172227,2019-09-07 09:16:17:506,2.6994,-3.8069,9.5325,-0.0106,-0.0006,9.8065,-0.0076,-0.6126,0.0273,-9.81,-34.5,-4.19,266.06,-84.71,-145.21,6.593033707865168,1.0,52.402424112359554,-1.5011144382022472
52.40242453932584,-1.5011133033707864,145.49,,4.0,256.41,18 / 21,172327,2019-09-07 09:16:17:606,1.6335,-3.3412,10.1541,-0.0008,-0.0014,9.8066,-0.0339,-0.6488,0.0792,-11.19,-34.81,-5.56,261.83,-84.8,-145.03,6.590561797752809,1.0,52.40242453932584,-1.5011133033707864
52.40242496629214,-1.5011121685393258,145.49,,4.0,256.41,18 / 21,172427,2019-09-07 09:16:17:706,1.7007,-3.3821,9.9748,-0.0029,0.0095,9.8066,-0.0704,-0.6015,0.0261,-12.56,-34.31,-6.25,268.3,-84.89,-144.67,6.588089887640449,1.0,52.40242496629214,-1.5011121685393258
52.402425393258426,-1.5011110337078652,145.49,,4.0,256.41,18 / 21,172527,2019-09-07 09:16:17:806,2.1106,-3.4089,9.4156,-0.0104,-0.0179,9.8065,0.0568,-0.6621,0.1406,-13.69,-34.62,-5.94,270.52,-84.98,-144.63,6.58561797752809,1.0,52.402425393258426,-1.5011110337078652
52.40242582022472,-1.5011098988764044,145.49,,4.0,256.41,18 / 21,172627,2019-09-07 09:16:17:906,2.5694,-4.1496,9.2043,0.0275,0.0267,9.8066,0.0648,-0.5374,-0.0212,-14.56,-35.19,-6.37,271.91,-84.97,-145.3,6.58314606741573,1.0,52.40242582022472,-1.5011098988764044
52.40242624719101,-1.5011087640449439,145.49,,4.0,256.41,18 / 21,172727,2019-09-07 09:16:18:006,0.6623,-3.6541,9.636,0.0208,0.0235,9.8065,-0.2501,-0.5513,-0.0306,-15.31,-34.12,-6.12,273.85,-85.23,-144.24,6.5806741573033705,1.0,52.40242624719101,-1.5011087640449439
52.402426674157304,-1.501107629213483,145.49,,4.0,256.41,18 / 21,172827,2019-09-07 09:16:18:106,0.9129,-4.6156,10.1632,-0.0387,-0.012,9.8065,-0.1587,-0.6408,0.0064,-16.87,-34.19,-5.75,279.59,-85.51,-142.55,6.578202247191011,1.0,52.402426674157304,-1.501107629213483
52.4024271011236,-1.5011064943820225,145.49,,4.0,256.41,18 / 21,172927,2019-09-07 09:16:18:206,1.9165,-3.1082,9.6666,-0.0098,-0.0118,9.8066,-0.0432,-0.5987,0.0787,-17.25,-34.06,-6.94,279.23,-85.86,-140.78,6.575730337078651,1.0,52.4024271011236,-1.5011064943820225
52.40242752808989,-1.5011053595505617,145.49,,4.0,256.41,18 / 21,173027,2019-09-07 09:16:18:306,1.1067,-3.5664,9.3278,0.015,-0.0133,9.8066,-0.0133,-0.5876,0.012,-18.75,-33.69,-6.19,286.95,-85.8,-138.59,6.573258426966292,1.0,52.40242752808989,-1.5011053595505617
52.40242795505618,-1.501104224719101,145.49,,4.0,256.41,18 / 21,173130,2019-09-07 09:16:18:409,0.4985,-3.683,9.7075,0.0102,0.0154,9.8066,-0.0682,-0.6271,-0.0223,-20.56,-34.37,-5.87,288.89,-85.66,-138.69,6.570786516853932,1.0,52.40242795505618,-1.501104224719101
52.40242838202247,-1.5011030898876405,145.49,,4.0,256.41,18 / 21,173227,2019-09-07 09:16:18:506,1.7215,-4.0026,10.0189,0.0052,-0.0075,9.8066,0.0019,-0.6022,0.0534,-20.81,-33.69,-5.44,291.56,-85.65,-138.6,6.5683146067415725,1.0,52.40242838202247,-1.5011030898876405
52.402428808988766,-1.5011019550561797,145.49,,4.0,256.41,18 / 21,173327,2019-09-07 09:16:18:606,1.9653,-3.6039,9.8864,0.0234,0.0002,9.8065,0.0234,-0.6071,0.0509,-22.75,-33.31,-4.56,294.41,-85.6,-137.63,6.565842696629213,1.0,52.402428808988766,-1.5011019550561797
52.402429235955054,-1.5011008202247191,145.49,,4.0,256.41,18 / 21,173427,2019-09-07 09:16:18:706,0.7695,-3.5992,9.147,0.0309,0.0001,9.8065,-0.1674,-0.5879,0.0157,-23.69,-33.0,-4.06,296.8,-85.45,-138.13,6.563370786516853,1.0,52.402429235955054,-1.5011008202247191
52.40242966292135,-1.5010996853932583,145.49,,4.0,256.41,18 / 21,173527,2019-09-07 09:16:18:806,0.1993,-4.3927,9.7641,-0.0242,-0.0098,9.8066,-0.1425,-0.6305,-0.001,-23.94,-33.87,-3.19,302.64,-85.64,-134.98,6.560898876404494,1.0,52.40242966292135,-1.5010996853932583
52.402430089887645,-1.5010985505617978,145.49,,4.0,256.41,18 / 21,173627,2019-09-07 09:16:18:906,-0.1313,-4.9664,9.5919,-0.0143,-0.0043,9.8066,-0.0237,-0.5941,-0.0506,-24.44,-33.25,-3.06,304.05,-85.7,-133.88,6.558426966292134,1.0,52.402430089887645,-1.5010985505617978
52.40243051685393,-1.501097415730337,145.49,,4.0,256.41,18 / 21,173727,2019-09-07 09:16:19:006,0.2726,-4.2442,9.6774,0.0023,-0.0048,9.8066,-0.0458,-0.6519,0.0542,-25.56,-32.5,-3.12,304.94,-85.84,-134.23,6.5559550561797755,1.0,52.40243051685393,-1.501097415730337
52.40243094382023,-1.5010962808988764,145.49,,4.0,256.41,18 / 21,173827,2019-09-07 09:16:19:106,0.0811,-4.2168,9.5496,0.0093,-0.0054,9.8066,-0.051,-0.6228,0.0358,-25.81,-32.62,-1.56,307.13,-85.76,-134.12,6.553483146067416,1.0,52.40243094382023,-1.5010962808988764
52.402431370786516,-1.5010951460674158,145.49,,4.0,256.41,18 / 21,173927,2019-09-07 09:16:19:206,0.1467,-4.0418,9.3906,0.0026,0.0053,9.8066,-0.0393,-0.5717,0.0169,-26.94,-32.75,-1.12,308.04,-85.77,-135.68,6.551011235955056,1.0,52.402431370786516,-1.5010951460674158
52.40243179775281,-1.501094011235955,145.49,,4.0,256.41,18 / 21,174028,2019-09-07 09:16:19:307,-0.4226,-4.7891,9.612,-0.0104,0.0123,9.8066,0.0929,-0.5764,0.0855,-27.37,-32.19,0.31,308.92,-85.81,-137.14,6.548539325842697,1.0,52.40243179775281,-1.501094011235955
52.4024322247191,-1.5010928764044944,145.49,,4.0,256.41,17 / 21,174127,2019-09-07 09:16:19:406,-0.2331,-4.224,9.8458,0.005,0.0097,9.8066,0.0948,-0.5925,0.1063,-28.06,-32.56,1.25,310.73,-85.85,-137.54,6.546067415730337,1.0,52.4024322247191,-1.5010928764044944
52.402432651685395,-1.5010917415730336,145.49,,4.0,256.41,17 / 21,174227,2019-09-07 09:16:19:506,0.1195,-4.0462,10.1382,0.0203,-0.0005,9.8066,-0.1437,-0.6385,0.0125,-28.62,-32.56,1.44,309.09,-85.81,-139.11,6.5435955056179775,1.0,52.402432651685395,-1.5010917415730336
52.40243307865168,-1.501090606741573,145.49,,4.0,256.41,17 / 21,174327,2019-09-07 09:16:19:606,-0.1012,-4.5419,9.8264,-0.0131,0.0072,9.8065,-0.0824,-0.6246,0.0315,-29.0,-32.25,2.94,311.59,-86.02,-140.97,6.541123595505618,1.0,52.40243307865168,-1.501090606741573
52.40243350561798,-1.5010894719101122,145.49,,4.0,256.41,17 / 21,174427,2019-09-07 09:16:19:706,-1.0194,-3.7539,10.4115,-0.0096,0.0014,9.8066,0.0261,-0.631,-0.0116,-29.81,-33.25,4.63,315.16,-86.06,-141.22,6.538651685393258,1.0,52.40243350561798,-1.5010894719101122
52.40243393258427,-1.5010883370786516,145.49,,4.0,256.41,17 / 21,174527,2019-09-07 09:16:19:806,-0.9092,-4.0184,9.8778,0.0096,0.0052,9.8065,-0.004,-0.6298,0.0144,-29.75,-32.56,4.5,314.2,-86.08,-142.15,6.536179775280899,1.0,52.40243393258427,-1.5010883370786516
52.40243435955056,-1.501087202247191,145.49,,4.0,256.41,17 / 21,174627,2019-09-07 09:16:19:906,-0.6714,-3.9899,9.6575,0.0114,-0.0028,9.8066,-0.0546,-0.61,0.0386,-30.06,-32.25,5.94,314.32,-86.03,-143.95,6.533707865168539,1.0,52.40243435955056,-1.501087202247191
52.40243478651686,-1.5010860674157303,145.49,,4.0,256.41,17 / 21,174727,2019-09-07 09:16:20:006,-1.5961,-4.1957,9.9563,0.0108,0.0083,9.8066,0.0108,-0.6347,0.0358,-30.37,-31.94,6.88,315.78,-86.1,-144.46,6.53123595505618,1.0,52.40243478651686,-1.5010860674157303
52.402435213483145,-1.5010849325842697,145.49,,4.0,256.41,17 / 21,174827,2019-09-07 09:16:20:106,-1.1567,-3.2905,9.9483,-0.0068,0.0109,9.8066,0.0158,-0.6212,-0.0029,-30.5,-31.81,7.25,314.55,-86.09,-145.62,6.52876404494382,1.0,52.402435213483145,-1.5010849325842697
52.40243564044944,-1.5010837977528089,145.49,,4.0,256.41,17 / 21,174927,2019-09-07 09:16:20:206,-1.3867,-4.2634,9.6141,-0.0048,0.0175,9.8066,-0.0354,-0.584,0.0218,-30.87,-31.81,10.06,318.13,-86.16,-147.16,6.52629213483146,1.0,52.40243564044944,-1.5010837977528089
52.40243606741573,-1.5010826629213483,145.49,,4.0,256.41,17 / 21,175027,2019-09-07 09:16:20:306,-1.6738,-3.5167,10.0123,0.0072,0.0012,9.8066,-0.0889,-0.6028,0.0782,-31.19,-32.31,10.38,316.37,-86.29,-148.93,6.523820224719101,1.0,52.40243606741573,-1.5010826629213483
52.40243649438202,-1.5010815280898877,145.49,,4.0,256.41,18 / 21,175127,2019-09-07 09:16:20:406,-1.6731,-4.2826,9.5644,0.0005,-0.0009,9.8066,0.0149,-0.6266,0.0165,-30.44,-31.81,12.44,320.97,-86.26,-148.44,6.521348314606741,1.0,52.40243649438202,-1.5010815280898877
52.40243692134832,-1.501080393258427,145.49,,4.0,256.41,18 / 21,175227,2019-09-07 09:16:20:506,-1.1046,-3.8955,9.8196,0.0043,0.0019,9.8066,0.0149,-0.6218,0.0049,-31.75,-31.87,12.88,321.02,-86.27,-148.86,6.518876404494382,1.0,52.40243692134832,-1.501080393258427
52.402437348314606,-1.5010792584269663,145.49,,4.0,256.41,18 / 21,175327,2019-09-07 09:16:20:606,-3.0316,-3.3937,9.8775,0.0011,0.0122,9.8066,-0.0591,-0.629,0.0407,-31.06,-32.06,14.31,322.2,-86.3,-149.91,6.516404494382022,1.0,52.402437348314606,-1.5010792584269663
52.4024377752809,-1.5010781235955055,145.49,,4.0,256.41,18 / 21,175427,2019-09-07 09:16:20:706,-2.322,-4.0875,9.1142,0.0021,0.0029,9.8066,-0.0714,-0.6448,0.0361,-31.0,-31.81,14.94,322.4,-86.36,-151.3,6.5139325842696625,1.0,52.4024377752809,-1.5010781235955055
52.40243820224719,-1.501076988764045,145.49,,4.0,256.41,18 / 21,175527,2019-09-07 09:16:20:806,-3.4062,-5.2123,9.8332,-0.0346,-0.0146,9.8066,0.0418,-0.5168,0.0479,-31.12,-32.31,16.13,322.06,-86.35,-153.12,6.511460674157303,1.0,52.40243820224719,-1.501076988764045
52.402438629213485,-1.5010758539325841,145.49,,4.0,256.41,18 / 21,175627,2019-09-07 09:16:20:906,0.1145,-3.3982,9.0954,-0.0258,0.0246,9.8065,0.1437,-0.6128,0.0329,-30.69,-31.5,17.88,327.13,-86.44,-151.3,6.508988764044943,1.0,52.402438629213485,-1.5010758539325841
52.40243905617977,-1.5010747191011236,145.49,,4.0,256.41,18 / 21,175727,2019-09-07 09:16:21:006,-3.2141,-4.0004,9.305,-0.0072,0.0076,9.8065,-0.0657,-0.7096,0.0145,-29.69,-31.56,19.06,327.58,-86.41,-152.98,6.506516853932584,1.0,52.40243905617977,-1.5010747191011236
52.40243948314607,-1.501073584269663,145.49,,4.0,256.41,18 / 21,175827,2019-09-07 09:16:21:106,-1.9311,-1.904,10.461,-0.0226,0.0074,9.8066,-0.0551,-0.5087,-0.11,-29.62,-31.94,19.63,328.31,-86.6,-153.75,6.504044943820224,1.0,52.40243948314607,-1.501073584269663
52.402439910112356,-1.5010724494382022,145.49,,4.0,256.41,18 / 21,175927,2019-09-07 09:16:21:206,-3.5995,-5.8164,10.2461,0.0439,-0.0198,9.8065,-0.1675,-0.6343,0.0936,-28.69,-31.94,20.88,327.1,-86.57,-157.09,6.501573033707865,1.0,52.402439910112356,-1.5010724494382022
52.40244033707865,-1.5010713146067416,145.49,,4.0,256.41,18 / 21,176028,2019-09-07 09:16:21:307,-2.2784,-1.7723,10.2844,-0.0132,-0.0174,9.8066,0.0408,-0.461,0.0151,-28.06,-31.12,21.94,331.04,-86.75,-155.71,6.499101123595506,1.0,52.40244033707865,-1.5010713146067416
52.40244076404495,-1.5010701797752808,145.49,,4.0,256.41,18 / 21,176128,2019-09-07 09:16:21:407,-3.6241,-3.2982,9.7487,0.0147,-0.0164,9.8065,-0.0053,-0.5489,-0.0398,-28.0,-31.44,22.75,333.26,-86.63,-154.81,6.496629213483146,1.0,52.40244076404495,-1.5010701797752808
52.402441191011235,-1.5010690449438202,145.49,,4.0,256.41,18 / 21,176227,2019-09-07 09:16:21:506,-2.3542,-3.1856,9.4631,-0.0124,-0.0126,9.8066,0.0244,-0.6356,0.0574,-27.06,-31.5,24.19,336.66,-86.56,-153.77,6.494157303370787,1.0,52.402441191011235,-1.5010690449438202
52.40244161797753,-1.5010679101123594,145.49,,4.0,256.41,18 / 21,176327,2019-09-07 09:16:21:606,-3.6286,-2.508,9.8312,-0.0019,-0.0086,9.8066,-0.0514,-0.6105,-0.032,-26.31,-31.5,25.06,342.69,-86.4,-150.24,6.491685393258427,1.0,52.40244161797753,-1.5010679101123594
52.40244204494382,-1.5010667752808988,145.49,,4.0,256.41,18 / 21,176427,2019-09-07 09:16:21:706,-3.6684,-2.6941,9.7437,-0.0088,-0.0086,9.8066,-0.0609,-0.66,0.0572,-26.31,-31.44,26.44,342.85,-86.32,-151.2,6.4892134831460675,1.0,52.40244204494382,-1.5010667752808988
52.40244247191011,-1.5010656404494382,145.49,,4.0,256.41,18 / 21,176527,2019-09-07 09:16:21:806,-4.0321,-1.9045,10.0344,0.0036,-0.0082,9.8066,-0.0142,-0.6873,0.0358,-25.94,-31.44,27.13,344.7,-86.18,-150.52,6.486741573033708,1.0,52.40244247191011,-1.5010656404494382
52.4024428988764,-1.5010645056179774,145.49,,4.0,256.41,18 / 21,176628,2019-09-07 09:16:21:907,-4.9747,-2.9757,10.0037,-0.0244,0.0096,9.8065,-0.0878,-0.6435,0.0612,-24.81,-31.19,27.75,345.81,-86.11,-151.61,6.484269662921348,1.0,52.4024428988764,-1.5010645056179774
52.4024433258427,-1.5010633707865169,145.49,,4.0,256.41,18 / 21,176727,2019-09-07 09:16:22:006,-3.0858,-2.3056,10.1415,-0.0157,0.015,9.8065,0.0496,-0.6406,0.1245,-23.69,-31.31,29.38,349.88,-86.18,-149.93,6.481797752808989,1.0,52.4024433258427,-1.5010633707865169
52.40244375280899,-1.501062235955056,145.49,,4.0,256.41,18 / 21,176827,2019-09-07 09:16:22:106,-4.1447,-3.0005,9.9186,0.0097,-0.0071,9.8066,0.0415,-0.6174,0.0471,-22.5,-31.75,29.69,353.47,-86.05,-149.87,6.479325842696629,1.0,52.40244375280899,-1.501062235955056
52.40244417977528,-1.5010611011235955,145.49,,4.0,256.41,18 / 21,176927,2019-09-07 09:16:22:206,-3.6313,-1.9447,9.5817,0.0027,-0.0124,9.8065,-0.0377,-0.5914,0.0214,-21.62,-31.19,30.25,354.11,-86.02,-149.28,6.47685393258427,1.0,52.40244417977528,-1.5010611011235955
52.402444606741575,-1.5010599662921347,145.49,,4.0,256.41,18 / 21,177027,2019-09-07 09:16:22:306,-4.5992,-1.5215,10.0949,-0.0048,-0.0044,9.8066,-0.0473,-0.6681,0.0198,-21.75,-31.37,31.25,355.92,-86.0,-148.47,6.47438202247191,1.0,52.402444606741575,-1.5010599662921347
52.40244503370786,-1.501058831460674,145.49,,4.0,256.41,18 / 21,177128,2019-09-07 09:16:22:407,-3.5618,-2.0115,9.8256,-0.0032,0.0035,9.8066,-0.0189,-0.6255,0.035,-20.25,-32.06,31.75,359.81,-85.95,-148.17,6.47191011235955,1.0,52.40244503370786,-1.501058831460674
52.40244546067416,-1.5010576966292135,145.49,,4.0,256.41,18 / 21,177227,2019-09-07 09:16:22:506,-3.9939,-2.2952,10.0334,-0.0024,-0.0191,9.8066,0.0323,-0.633,0.0779,-18.87,-31.5,31.81,0.39,-85.91,-148.94,6.469438202247191,1.0,52.40244546067416,-1.5010576966292135
52.40244588764045,-1.5010565617977527,145.49,,4.0,256.41,18 / 21,177327,2019-09-07 09:16:22:606,-3.5346,-1.9666,9.5338,0.0099,-0.0097,9.8066,0.0054,-0.6202,0.0618,-18.56,-32.12,32.75,0.87,-85.71,-149.26,6.466966292134831,1.0,52.40244588764045,-1.5010565617977527
52.40244631460674,-1.5010554269662921,145.49,,4.0,256.41,18 / 21,177427,2019-09-07 09:16:22:706,-3.9655,-1.76,9.55,0.0107,-0.0144,9.8066,0.0359,-0.6249,0.0803,-17.12,-31.75,32.81,3.14,-85.55,-149.83,6.464494382022472,1.0,52.40244631460674,-1.5010554269662921
52.40244674157303,-1.5010542921348313,145.49,,4.0,256.41,18 / 21,177528,2019-09-07 09:16:22:807,-4.1197,-1.2056,9.51,-0.0039,-0.022,9.8065,-0.0872,-0.6173,0.0635,-16.06,-31.56,33.06,5.45,-85.45,-149.08,6.462022471910112,1.0,52.40244674157303,-1.5010542921348313
52.402447168539325,-1.5010531573033707,145.49,,4.0,256.41,18 / 21,177627,2019-09-07 09:16:22:906,-4.3805,-1.8821,10.1164,-0.0055,0.0055,9.8065,-0.088,-0.6325,0.0232,-15.25,-31.69,32.5,6.86,-85.41,-149.2,6.459550561797752,1.0,52.402447168539325,-1.5010531573033707
52.40244759550562,-1.50105202247191,145.49,,4.0,256.41,18 / 21,177727,2019-09-07 09:16:23:006,-3.0965,-2.0645,9.5295,-0.0112,0.0122,9.8066,-0.0172,-0.6369,0.0305,-14.37,-31.5,33.25,9.38,-85.39,-148.31,6.457078651685393,1.0,52.40244759550562,-1.50105202247191
52.40244802247191,-1.5010508876404494,145.49,,4.0,256.41,18 / 21,177827,2019-09-07 09:16:23:106,-4.0671,-0.9302,9.3155,-0.0044,-0.0052,9.8066,-0.0445,-0.6351,0.034,-12.69,-31.5,32.81,11.56,-85.26,-147.81,6.454606741573033,1.0,52.40244802247191,-1.5010508876404494
52.402448449438204,-1.5010497528089888,145.49,,4.0,256.41,18 / 21,177927,2019-09-07 09:16:23:206,-4.1013,-0.8916,9.9618,-0.0053,0.0001,9.8066,-0.0382,-0.6149,0.0601,-12.12,-31.69,32.69,13.97,-85.19,-147.15,6.452134831460674,1.0,52.402448449438204,-1.5010497528089888
52.40244887640449,-1.501048617977528,145.49,,4.0,256.41,18 / 21,178027,2019-09-07 09:16:23:306,-3.9148,-0.853,9.7629,0.0051,-0.0045,9.8066,-0.0282,-0.5904,0.0464,-10.87,-31.62,33.13,16.1,-85.2,-146.75,6.449662921348314,1.0,52.40244887640449,-1.501048617977528
52.40244930337079,-1.5010474831460674,145.49,,4.0,256.41,18 / 21,178127,2019-09-07 09:16:23:406,-4.5259,-0.4091,10.1011,-0.0142,-0.0062,9.8066,-0.0427,-0.6237,0.0819,-9.87,-32.81,32.63,19.05,-85.15,-145.67,6.447191011235955,1.0,52.40244930337079,-1.5010474831460674
52.402449730337075,-1.5010463483146066,145.49,,4.0,256.41,18 / 21,178227,2019-09-07 09:16:23:506,-3.8408,-0.2198,10.0011,0.0188,0.0089,9.8066,-0.0064,-0.6356,0.0298,-9.19,-32.0,32.25,19.62,-85.24,-146.27,6.444719101123596,1.0,52.402449730337075,-1.5010463483146066
52.40245015730337,-1.501045213483146,145.49,,4.0,256.41,18 / 21,178327,2019-09-07 09:16:23:606,-3.5551,-0.2426,9.7934,0.0152,0.005,9.8066,0.0081,-0.5616,0.0288,-7.5,-31.87,32.0,21.11,-85.31,-148.26,6.442247191011236,1.0,52.40245015730337,-1.501045213483146
52.402450584269666,-1.5010440786516852,145.49,,4.0,256.41,18 / 21,178427,2019-09-07 09:16:23:706,-3.4399,0.8578,10.478,-0.0244,-0.0157,9.8066,-0.1431,-0.5418,-0.0298,-6.75,-32.31,31.13,21.24,-85.24,-147.83,6.439775280898877,1.0,52.402450584269666,-1.5010440786516852
52.402451011235954,-1.5010429438202246,145.49,,4.0,256.41,18 / 21,178527,2019-09-07 09:16:23:806,-4.3522,-0.4615,9.9862,0.0059,0.0102,9.8066,-0.0103,-0.6712,0.0532,-6.12,-32.25,30.5,24.31,-85.14,-146.84,6.437303370786517,1.0,52.402451011235954,-1.5010429438202246
52.40245143820225,-1.501041808988764,145.49,,4.0,256.41,18 / 21,178627,2019-09-07 09:16:23:906,-3.8975,-0.0839,9.7582,0.0051,-0.005,9.8066,-0.0105,-0.6195,0.0834,-5.31,-33.0,30.81,25.81,-85.02,-147.39,6.4348314606741575,1.0,52.40245143820225,-1.501041808988764
52.40245186516854,-1.5010406741573032,145.49,,4.0,256.41,18 / 21,178727,2019-09-07 09:16:24:006,-3.0273,1.6766,9.2783,-0.0062,0.0014,9.8066,0.0023,-0.5438,0.014,-4.56,-32.81,29.63,24.96,-84.97,-147.96,6.432359550561798,1.0,52.40245186516854,-1.5010406741573032
52.40245229213483,-1.5010395393258427,145.49,,4.0,256.41,18 / 21,178827,2019-09-07 09:16:24:106,-4.6931,1.4004,9.9697,-0.0054,0.025,9.8066,0.0357,-0.6144,0.0156,-3.37,-32.37,29.88,28.59,-84.9,-148.39,6.429887640449438,1.0,52.40245229213483,-1.5010395393258427
52.40245271910112,-1.5010384044943819,145.49,,4.0,256.41,18 / 21,178928,2019-09-07 09:16:24:207,-3.8805,1.0426,10.0648,0.0087,0.0342,9.8066,-0.0273,-0.6245,-0.0127,-2.94,-33.44,28.88,27.63,-84.96,-149.2,6.427415730337079,1.0,52.40245271910112,-1.5010384044943819
52.402453146067415,-1.5010372696629213,145.49,,4.0,256.41,18 / 21,179027,2019-09-07 09:16:24:306,-3.4,0.4809,9.6386,0.012,-0.013,9.8066,-0.1104,-0.6305,0.0063,-2.37,-32.94,27.94,28.85,-85.04,-149.97,6.424943820224719,1.0,52.402453146067415,-1.5010372696629213
52.4024535730337,-1.5010361348314605,145.49,,4.0,256.41,18 / 21,179127,2019-09-07 09:16:24:406,-3.6924,0.0196,9.6869,0.0026,-0.0139,9.8066,-0.1002,-0.6217,0.0411,-1.62,-32.62,27.13,28.64,-85.15,-150.05,6.4224719101123595,1.0,52.4024535730337,-1.5010361348314605
52.402454,-1.501035,145.76,6.42,3.0,213.85,19 / 22,179227,2019-09-07 09:16:24:506,-3.8348,0.2736,9.9236,-0.0077,0.0175,9.8066,0.0135,-0.6075,0.0058,-0.56,-33.94,26.19,32.23,-85.11,-149.07,6.42,1.0,52.402454,-1.501035
52.40245488888889,-1.5010348999999998,145.76,,3.0,213.85,19 / 22,179327,2019-09-07 09:16:24:606,-4.0266,0.9141,10.1667,0.0096,0.0112,9.8065,-0.0399,-0.6172,0.0593,0.31,-33.75,25.38,34.03,-85.12,-149.78,6.420333333333334,1.0,52.40245488888889,-1.5010348999999998
52.402455777777774,-1.5010348,145.76,,3.0,213.85,19 / 22,179427,2019-09-07 09:16:24:706,-4.2272,0.6176,9.7793,-0.0026,-0.0142,9.8066,-0.0673,-0.6002,0.0388,1.06,-33.06,23.94,36.79,-85.17,-149.67,6.4206666666666665,1.0,52.402455777777774,-1.5010348
52.402456666666666,-1.5010347,145.76,,3.0,213.85,19 / 22,179528,2019-09-07 09:16:24:807,-4.4129,1.0201,9.8682,0.0062,-0.0154,9.8065,-0.0384,-0.6226,0.0284,1.44,-33.75,23.38,35.49,-85.14,-151.26,6.421,1.0,52.402456666666666,-1.5010347
52.40245755555556,-1.5010345999999999,145.76,,3.0,213.85,19 / 22,179627,2019-09-07 09:16:24:906,-3.9932,1.3705,9.7432,0.0036,-0.0033,9.8066,-0.0682,-0.5789,-0.0259,1.69,-33.62,22.38,37.89,-85.22,-151.92,6.421333333333333,1.0,52.40245755555556,-1.5010345999999999
52.40245844444444,-1.5010344999999998,145.76,,3.0,213.85,19 / 22,179727,2019-09-07 09:16:25:006,-3.2999,1.5482,9.2486,0.0113,0.0022,9.8066,-0.0684,-0.5878,0.0305,2.81,-33.25,21.5,38.89,-85.32,-153.34,6.421666666666667,1.0,52.40245844444444,-1.5010344999999998
52.40245933333333,-1.5010344,145.76,,3.0,213.85,19 / 22,179827,2019-09-07 09:16:25:106,-3.2754,1.6375,9.5314,0.0107,0.0012,9.8066,-0.0445,-0.604,0.0431,2.63,-33.69,19.94,39.83,-85.46,-153.69,6.422,1.0,52.40245933333333,-1.5010344
52.402460222222224,-1.5010343,145.76,,3.0,213.85,19 / 22,179927,2019-09-07 09:16:25:206,-3.606,1.2722,10.0741,-0.0004,0.0045,9.8066,-0.0446,-0.5609,0.0467,2.94,-33.75,18.94,40.52,-85.56,-153.64,6.4223333333333334,1.0,52.402460222222224,-1.5010343
52.40246111111111,-1.5010341999999999,145.76,,3.0,213.85,19 / 22,180027,2019-09-07 09:16:25:306,-3.3604,1.8165,9.9517,0.0111,0.0105,9.8065,-0.0079,-0.5535,-0.0113,3.38,-33.87,17.06,41.69,-85.63,-154.14,6.422666666666666,1.0,52.40246111111111,-1.5010341999999999
52.402462,-1.5010340999999998,145.76,,3.0,213.85,19 / 22,180127,2019-09-07 09:16:25:406,-3.423,1.8495,9.9123,0.0103,-0.0063,9.8066,0.0245,-0.5721,0.0128,3.75,-33.81,17.0,43.2,-85.74,-155.81,6.423,1.0,52.402462,-1.5010340999999998
52.40246288888889,-1.501034,145.76,,3.0,213.85,18 / 22,180227,2019-09-07 09:16:25:506,-3.3329,1.257,9.4986,0.0005,-0.0084,9.8066,0.0101,-0.5678,0.0502,4.19,-34.31,15.19,43.04,-85.68,-158.44,6.423333333333333,1.0,52.40246288888889,-1.501034
52.402463777777776,-1.5010339,145.76,,3.0,213.85,18 / 22,180328,2019-09-07 09:16:25:607,-2.8903,1.5764,10.1341,-0.0133,-0.0083,9.8066,-0.0143,-0.5945,0.0863,3.13,-34.75,13.56,40.52,-85.56,-158.72,6.423666666666667,1.0,52.402463777777776,-1.5010339
52.40246466666667,-1.5010337999999999,145.76,,3.0,213.85,18 / 22,180427,2019-09-07 09:16:25:706,-4.2003,2.2459,10.2549,-0.0089,-0.0013,9.8066,-0.0308,-0.6271,0.1057,3.56,-34.37,13.0,48.47,-85.4,-157.37,6.424,1.0,52.40246466666667,-1.5010337999999999
52.40246555555556,-1.5010336999999998,145.76,,3.0,213.85,18 / 22,180527,2019-09-07 09:16:25:806,-3.3009,1.6327,9.9022,0.0123,-0.0053,9.8066,-0.0575,-0.5731,0.0152,3.31,-33.87,12.19,45.37,-85.41,-157.77,6.424333333333333,1.0,52.40246555555556,-1.5010336999999998
52.40246644444444,-1.5010336,145.76,,3.0,213.85,18 / 22,180627,2019-09-07 09:16:25:906,-3.1474,2.6323,9.7631,0.0004,-0.0032,9.8066,-0.0438,-0.5856,0.0526,3.25,-34.75,10.94,46.22,-85.48,-159.21,6.424666666666667,1.0,52.40246644444444,-1.5010336
52.402467333333334,-1.5010335,145.76,,3.0,213.85,18 / 22,180727,2019-09-07 09:16:26:006,-3.4877,1.9392,9.6762,0.0079,-0.0112,9.8066,0.0254,-0.5611,-0.0281,2.5,-34.19,9.5,49.36,-85.4,-158.89,6.425,1.0,52.402467333333334,-1.5010335
52.40246822222222,-1.5010333999999999,145.76,,3.0,213.85,18 / 22,180827,2019-09-07 09:16:26:106,-2.7296,2.2768,9.8315,-0.0073,-0.0158,9.8066,-0.0043,-0.5831,0.0591,3.06,-34.81,8.56,50.74,-85.3,-161.36,6.425333333333334,1.0,52.40246822222222,-1.5010333999999999
52.40246911111111,-1.5010333,145.76,,3.0,213.85,18 / 22,180927,2019-09-07 09:16:26:206,-1.6856,2.4996,10.5784,-0.0125,-0.0026,9.8065,-0.0406,-0.562,0.0884,2.31,-35.37,7.0,55.59,-85.29,-159.49,6.425666666666666,1.0,52.40246911111111,-1.5010333
52.40247,-1.5010332,145.76,,3.0,213.85,18 / 22,181028,2019-09-07 09:16:26:307,-2.1961,3.6452,10.4019,-0.0067,-0.0081,9.8066,0.0009,-0.6609,0.1733,2.13,-34.62,5.81,64.0,-85.24,-158.97,6.426,1.0,52.40247,-1.5010332
52.402470888888885,-1.5010331,145.76,,3.0,213.85,18 / 21,181128,2019-09-07 09:16:26:407,-2.0952,3.3486,9.7458,0.0037,0.0271,9.8066,0.0,-0.6869,0.1472,1.38,-35.31,4.56,69.47,-85.11,-155.25,6.426333333333333,1.0,52.402470888888885,-1.5010331
52.40247177777778,-1.5010329999999998,145.76,,3.0,213.85,18 / 21,181227,2019-09-07 09:16:26:506,-1.6008,3.9955,9.6696,0.005,0.0122,9.8065,-0.015,-0.5724,0.0348,1.19,-35.69,4.13,90.47,-85.1,-152.03,6.426666666666667,1.0,52.40247177777778,-1.5010329999999998
52.40247266666667,-1.5010329,145.76,,3.0,213.85,18 / 21,181327,2019-09-07 09:16:26:606,-0.5959,3.7612,9.7032,-0.0151,0.0031,9.8066,-0.003,-0.5478,0.0662,0.44,-35.81,2.75,106.26,-85.14,-152.28,6.427,1.0,52.40247266666667,-1.5010329
52.40247355555555,-1.5010328,145.76,,3.0,213.85,18 / 21,181427,2019-09-07 09:16:26:706,-0.8695,3.4778,10.1278,-0.0177,0.0064,9.8066,-0.0478,-0.549,0.0449,-0.19,-36.0,2.56,109.86,-84.99,-151.91,6.427333333333333,1.0,52.40247355555555,-1.5010328
52.402474444444444,-1.5010326999999999,145.76,,3.0,213.85,18 / 21,181527,2019-09-07 09:16:26:806,3.2212,0.9554,10.2066,0.0111,-0.0115,9.8066,0.0645,-0.5755,0.0918,-0.56,-36.81,1.69,176.97,-84.96,-152.05,6.427666666666667,1.0,52.402474444444444,-1.5010326999999999
52.402475333333335,-1.5010325999999998,145.76,,3.0,213.85,18 / 21,181627,2019-09-07 09:16:26:906,3.6083,0.0723,9.8944,0.0156,-0.0079,9.8066,0.0351,-0.5829,0.0816,-1.0,-37.0,0.38,197.19,-84.88,-150.59,6.428,1.0,52.402475333333335,-1.5010325999999998
52.40247622222222,-1.5010325,145.76,,3.0,213.85,18 / 21,181727,2019-09-07 09:16:27:006,3.4555,-1.8715,9.7997,0.0045,0.0094,9.8066,-0.067,-0.5507,0.0284,-3.0,-37.37,0.25,234.0,-84.76,-150.17,6.428333333333334,1.0,52.40247622222222,-1.5010325
52.40247711111111,-1.5010324,145.76,,3.0,213.85,18 / 21,181827,2019-09-07 09:16:27:106,3.6206,-1.4746,10.236,0.0043,0.0041,9.8066,-0.0103,-0.5844,0.0113,-2.94,-37.12,0.19,233.41,-84.72,-150.58,6.4286666666666665,1.0,52.40247711111111,-1.5010324
52.402478,-1.5010322999999999,145.76,,3.0,213.85,18 / 21,181927,2019-09-07 09:16:27:206,2.8534,-1.791,9.8727,0.0045,0.0076,9.8066,0.0141,-0.5527,0.0372,-3.31,-36.37,-0.44,233.93,-84.71,-152.38,6.429,1.0,52.402478,-1.5010322999999999
52.402478888888886,-1.5010321999999998,145.76,,3.0,213.85,18 / 21,182027,2019-09-07 09:16:27:306,2.0553,-2.7893,9.5842,0.0012,-0.0041,9.8066,-0.0292,-0.5667,0.0702,-4.81,-36.5,-1.0,249.45,-84.73,-151.74,6.429333333333333,1.0,52.402478888888886,-1.5010321999999998
52.40247977777778,-1.5010321,145.76,,3.0,213.85,18 / 21,182127,2019-09-07 09:16:27:406,1.6176,-3.4289,9.4253,-0.0067,-0.0035,9.8065,-0.0247,-0.5746,0.0571,-5.62,-35.87,-0.94,257.59,-84.8,-151.25,6.429666666666667,1.0,52.40247977777778,-1.5010321
52.40248066666667,-1.501032,145.76,,3.0,213.85,18 / 21,182227,2019-09-07 09:16:27:506,3.1358,-2.9447,10.0908,-0.001,-0.001,9.8066,0.0028,-0.5984,0.0757,-6.37,-35.87,-2.37,251.96,-84.91,-150.83,6.43,1.0,52.40248066666667,-1.501032
52.40248155555555,-1.5010318999999999,145.76,,3.0,213.85,18 / 21,182327,2019-09-07 09:16:27:606,2.1593,-2.5386,9.8759,-0.006,0.0047,9.8066,-0.006,-0.5495,0.018,-7.12,-35.56,-2.94,252.65,-84.95,-150.71,6.4303333333333335,1.0,52.40248155555555,-1.5010318999999999
52.402482444444445,-1.5010318,145.76,,3.0,213.85,18 / 21,182427,2019-09-07 09:16:27:706,2.182,-3.1032,9.6678,0.0055,0.0044,9.8066,-0.0897,-0.5335,0.004,-8.0,-34.87,-3.62,252.98,-84.97,-151.31,6.430666666666666,1.0,52.402482444444445,-1.5010318
52.402483333333336,-1.5010317,145.76,,3.0,213.85,18 / 21,182527,2019-09-07 09:16:27:806,2.3935,-2.3581,9.5235,-0.0128,-0.0019,9.8066,-0.0735,-0.5615,0.0285,-8.25,-34.87,-4.0,253.36,-85.15,-151.56,6.431,1.0,52.402483333333336,-1.5010317
52.40248422222222,-1.5010316,145.76,,3.0,213.85,18 / 21,182627,2019-09-07 09:16:27:906,1.923,-3.2491,10.4598,-0.0052,-0.0055,9.8066,0.016,-0.587,0.0101,-10.0,-34.69,-5.0,257.47,-85.16,-151.03,6.431333333333334,1.0,52.40248422222222,-1.5010316
52.40248511111111,-1.5010314999999999,145.76,,3.0,213.85,18 / 21,182727,2019-09-07 09:16:28:006,1.1944,-2.8443,10.1792,0.0179,0.0129,9.8065,0.0923,-0.553,0.0464,-10.94,-34.25,-5.0,261.77,-85.2,-150.29,6.431666666666667,1.0,52.40248511111111,-1.5010314999999999
52.402486,-1.5010314,145.76,,3.0,213.85,18 / 21,182827,2019-09-07 09:16:28:106,1.9489,-4.2859,10.1181,0.029,0.0149,9.8066,-0.186,-0.5101,-0.043,-11.62,-34.19,-5.62,260.65,-85.1,-150.44,6.432,1.0,52.402486,-1.5010314
52.40248688888889,-1.5010313,145.76,,3.0,213.85,18 / 21,182927,2019-09-07 09:16:28:206,1.3195,-1.921,9.4853,-0.0363,-0.0021,9.8065,-0.1641,-0.5874,0.0774,-12.31,-34.75,-6.25,260.7,-85.28,-150.5,6.432333333333333,1.0,52.40248688888889,-1.5010313
52.40248777777778,-1.5010312,145.76,,3.0,213.85,18 / 21,183027,2019-09-07 09:16:28:306,1.7473,-3.6792,8.865,-0.014,-0.0148,9.8066,-0.0084,-0.5297,0.106,-14.19,-34.56,-6.12,265.01,-85.48,-151.38,6.432666666666667,1.0,52.40248777777778,-1.5010312
52.40248866666667,-1.5010310999999998,145.76,,3.0,213.85,18 / 21,183127,2019-09-07 09:16:28:406,1.556,-4.431,9.8935,-0.0153,-0.0129,9.8065,-0.0383,-0.5059,0.1078,-14.25,-34.69,-5.87,265.83,-85.49,-150.58,6.433,1.0,52.40248866666667,-1.5010310999999998
52.402489555555555,-1.501031,145.76,,3.0,213.85,17 / 20,183227,2019-09-07 09:16:28:506,0.1252,-1.2716,10.4474,-0.0245,0.0005,9.8066,-0.0402,-0.6401,-0.0024,-15.56,-34.44,-5.62,271.53,-85.8,-149.52,6.433333333333334,1.0,52.402489555555555,-1.501031
52.402490444444446,-1.5010309,145.76,,3.0,213.85,17 / 20,183328,2019-09-07 09:16:28:607,1.6614,-4.6566,9.8909,-0.0496,0.0288,9.8064,-0.0662,-0.6838,0.0286,-16.0,-34.19,-6.37,269.64,-86.09,-151.99,6.433666666666666,1.0,52.402490444444446,-1.5010309
52.40249133333334,-1.5010307999999999,145.76,,3.0,213.85,17 / 20,183427,2019-09-07 09:16:28:706,1.3584,-2.7873,8.9864,-0.0182,-0.0225,9.8066,0.045,-0.5622,-0.0013,-17.62,-33.5,-6.06,273.1,-86.2,-151.83,6.434,1.0,52.40249133333334,-1.5010307999999999
52.40249222222222,-1.5010306999999998,145.76,,3.0,213.85,17 / 20,183528,2019-09-07 09:16:28:807,2.8736,-4.2291,10.0434,0.0072,-0.0559,9.8064,0.1947,-0.708,0.1493,-19.44,-34.0,-6.69,279.53,-86.18,-143.88,6.434333333333333,1.0,52.40249222222222,-1.5010306999999998
52.40249311111111,-1.5010306,145.76,,3.0,213.85,17 / 20,183627,2019-09-07 09:16:28:906,1.4747,-2.511,10.587,0.0151,0.0183,9.8066,-0.1711,-0.682,0.1478,-19.37,-34.19,-6.06,286.74,-85.9,-138.96,6.434666666666667,1.0,52.40249311111111,-1.5010306
52.402494000000004,-1.5010305,145.76,,3.0,213.85,17 / 20,183727,2019-09-07 09:16:29:006,0.9929,-2.906,10.1881,0.0368,0.0133,9.8065,-0.1984,-0.4131,-0.1299,-20.69,-33.69,-5.19,289.63,-85.78,-140.64,6.435,1.0,52.402494000000004,-1.5010305
52.40249488888889,-1.5010303999999999,145.76,,3.0,213.85,17 / 20,183828,2019-09-07 09:16:29:107,0.8551,-2.3657,9.2296,-0.0372,-0.0166,9.8065,0.0527,-0.5397,0.0254,-22.0,-33.25,-5.5,290.96,-86.28,-141.09,6.435333333333333,1.0,52.40249488888889,-1.5010303999999999
52.40249577777778,-1.5010303,145.76,,3.0,213.85,17 / 20,183927,2019-09-07 09:16:29:206,1.5065,-3.1059,9.1731,-0.0072,-0.0209,9.8065,0.0588,-0.6364,0.0359,-22.12,-33.12,-4.44,294.57,-86.15,-139.89,6.435666666666667,1.0,52.40249577777778,-1.5010303
52.402496666666664,-1.5010302,145.76,,3.0,213.85,17 / 20,184027,2019-09-07 09:16:29:306,0.4231,-4.5686,9.8067,0.0079,-0.0108,9.8066,-0.1139,-0.5622,0.0649,-23.62,-32.75,-4.31,298.51,-85.99,-137.17,6.436,1.0,52.402496666666664,-1.5010302
52.402497555555556,-1.5010301,145.76,,3.0,213.85,18 / 21,184127,2019-09-07 09:16:29:406,-0.0776,-4.8604,9.8817,-0.0336,0.0006,9.8065,-0.1183,-0.5659,0.0749,-24.62,-32.87,-3.06,302.68,-85.86,-135.84,6.436333333333334,1.0,52.402497555555556,-1.5010301
,,145.76,,3.0,213.85,18 / 21,184227,2019-09-07 09:16:29:506,1.0287,-4.628,10.3799,-0.0255,0.0076,9.8066,0.0371,-0.4691,0.0263,-24.62,-32.94,-2.5,306.7,-86.21,-134.67,6.4366666666666665,0.0,52.40249844444445,-1.5010299999999999
,,145.76,,3.0,213.85,18 / 21,184327,2019-09-07 09:16:29:606,-1.3527,-5.1135,10.2141,-0.0054,0.0164,9.8066,0.0575,-0.5859,0.0638,-26.12,-32.5,-1.56,307.47,-86.18,-134.35,6.437,0.0,52.40249933333333,-1.5010299
,,145.76,,3.0,213.85,18 / 21,184427,2019-09-07 09:16:29:706,0.2381,-5.1862,9.8339,0.0179,-0.027,9.8066,-0.071,-0.7214,0.1761,-26.69,-32.69,-1.5,309.88,-86.16,-134.33,6.437333333333333,0.0,52.40250022222222,-1.5010298
,,145.76,,3.0,213.85,18 / 21,184527,2019-09-07 09:16:29:806,-1.3774,-3.5609,10.1507,-0.0159,-0.0107,9.8066,-0.1105,-0.6115,0.0261,-27.44,-33.31,0.31,313.23,-86.2,-133.32,6.437666666666667,0.0,52.402501111111114,-1.5010297
,,145.76,,3.0,213.85,18 / 21,184627,2019-09-07 09:16:29:906,0.2333,-5.3813,10.472,-0.0124,0.0125,9.8066,0.0258,-0.596,-0.0601,-28.19,-32.5,0.19,312.2,-86.17,-134.49,6.438,0.0,52.402502,-1.5010295999999999
,,145.76,,3.0,213.85,18 / 21,184727,2019-09-07 09:16:30:006,-0.6389,-4.5333,9.6538,-0.0006,0.0148,9.8065,-0.0593,-0.6429,0.0145,-28.75,-32.19,1.19,314.18,-86.11,-134.65,6.4383333333333335,0.0,52.40250288888889,-1.5010295
,,145.76,,3.0,213.85,18 / 21,184828,2019-09-07 09:16:30:107,-1.2304,-3.8358,9.724,0.0188,-0.0027,9.8066,-0.1268,-0.5806,0.0264,-28.81,-32.5,2.5,316.03,-86.15,-136.87,6.438666666666666,0.0,52.40250377777778,-1.5010294
,,145.76,,3.0,213.85,18 / 21,184927,2019-09-07 09:16:30:206,-0.0847,-4.8931,9.9202,-0.0181,0.0145,9.8066,-0.0936,-0.6888,0.0717,-29.62,-32.75,3.44,313.91,-86.18,-138.72,6.439,0.0,52.402504666666665,-1.5010293
,,145.76,,3.0,213.85,18 / 21,185027,2019-09-07 09:16:30:306,-1.0525,-3.287,9.507,-0.0238,0.0045,9.8066,0.0366,-0.6049,0.0159,-29.81,-32.37,4.75,316.58,-86.34,-140.17,6.439333333333334,0.0,52.40250555555556,-1.5010291999999998
,,145.76,,3.0,213.85,18 / 21,185127,2019-09-07 09:16:30:406,-0.7868,-3.8191,9.8111,0.0128,-0.0063,9.8066,0.0071,-0.6543,0.019,-30.19,-32.12,5.75,317.57,-86.3,-141.07,6.439666666666667,0.0,52.40250644444445,-1.5010291
,,145.76,,3.0,213.85,18 / 21,185227,2019-09-07 09:16:30:506,-0.435,-3.324,10.0584,0.0331,-0.0285,9.8065,-0.1626,-0.5727,0.1298,-30.25,-32.12,7.25,318.96,-86.01,-141.38,6.44,0.0,52.40250733333333,-1.501029
,,145.76,,3.0,213.85,18 / 21,185327,2019-09-07 09:16:30:606,-1.2486,-3.6997,9.886,-0.0281,0.0152,9.8066,-0.1809,-0.6303,0.1076,-30.5,-31.81,8.5,321.76,-86.09,-142.4,6.440333333333333,0.0,52.402508222222224,-1.5010288999999999
,,145.76,,3.0,213.85,18 / 21,185427,2019-09-07 09:16:30:706,-1.6027,-4.1003,9.5622,-0.0148,0.0188,9.8066,0.0254,-0.5914,0.0025,-30.75,-32.19,8.94,320.16,-86.35,-143.65,6.440666666666667,0.0,52.402509111111115,-1.5010288
,,145.76,,3.0,213.85,18 / 21,185527,2019-09-07 09:16:30:806,-1.0178,-4.2558,9.7889,-0.0033,0.0027,9.8066,0.0262,-0.6807,0.0719,-31.06,-31.94,10.63,322.9,-86.29,-144.4,6.441,0.0,52.40251,-1.5010287
,,145.76,,3.0,213.85,18 / 21,185627,2019-09-07 09:16:30:906,-1.1719,-3.9758,10.0833,-0.0056,-0.0115,9.8066,-0.1193,-0.6213,0.0805,-31.25,-31.25,12.44,324.58,-86.27,-144.51,6.441333333333334,0.0,52.40251088888889,-1.5010286
,,145.76,,3.0,213.85,18 / 21,185727,2019-09-07 09:16:31:006,-3.0576,-3.4709,9.8727,0.0044,-0.0018,9.8066,-0.098,-0.677,0.0831,-31.31,-31.37,13.81,327.84,-86.25,-144.59,6.441666666666666,0.0,52.40251177777778,-1.5010284999999999
,,145.76,,3.0,213.85,18 / 21,185827,2019-09-07 09:16:31:106,-2.2183,-4.0263,9.8459,-0.0048,0.0015,9.8066,0.0478,-0.6389,0.0423,-31.0,-31.69,14.31,327.88,-86.26,-144.5,6.442,0.0,52.40251266666667,-1.5010284
,,145.76,,3.0,213.85,18 / 21,185927,2019-09-07 09:16:31:206,-2.8704,-3.4525,10.0168,0.0014,-0.0036,9.8066,-0.0355,-0.6499,0.0358,-31.69,-31.69,16.44,330.15,-86.25,-144.69,6.442333333333333,0.0,52.40251355555556,-1.5010283
,,145.76,,3.0,213.85,18 / 21,186027,2019-09-07 09:16:31:306,-2.7194,-3.5573,10.0804,0.002,0.0,9.8066,-0.1112,-0.6409,0.035,-30.75,-31.56,16.69,332.56,-86.27,-144.58,6.442666666666667,0.0,52.40251444444445,-1.5010282
,,145.76,,3.0,213.85,18 / 22,186127,2019-09-07 09:16:31:406,-2.2136,-3.4637,9.9741,-0.0067,0.015,9.8065,-0.0048,-0.6637,0.0256,-29.75,-31.69,17.94,334.19,-86.24,-145.23,6.4430000000000005,0.0,52.402515333333334,-1.5010280999999999
,,145.76,,3.0,213.85,18 / 22,186227,2019-09-07 09:16:31:506,-2.3911,-3.162,9.8698,-0.0127,0.0116,9.8066,0.0277,-0.6051,-0.0068,-30.31,-31.87,18.88,335.06,-86.36,-145.86,6.443333333333333,0.0,52.402516222222225,-1.501028
,,145.76,,3.0,213.85,18 / 22,186327,2019-09-07 09:16:31:606,-2.5963,-3.6135,9.6829,0.0001,0.0148,9.8066,-0.0676,-0.6308,0.0306,-29.19,-31.69,20.13,336.11,-86.32,-147.08,6.443666666666667,0.0,52.402517111111116,-1.5010279
,,145.76,,3.0,213.85,18 / 22,186429,2019-09-07 09:16:31:708,-2.3329,-3.523,9.9452,-0.0077,-0.0045,9.8066,-0.0395,-0.6296,0.0608,-28.69,-31.5,21.63,338.1,-86.4,-147.9,6.444,0.0,52.402518,-1.5010278
,,145.76,,3.0,213.85,18 / 22,186527,2019-09-07 09:16:31:806,-3.8461,-3.146,10.1184,0.0011,-0.0029,9.8066,-0.0126,-0.6357,-0.0186,-28.56,-31.56,22.31,339.72,-86.35,-146.32,6.444333333333334,0.0,52.40251888888889,-1.5010276999999999
,,145.76,,3.0,213.85,18 / 22,186628,2019-09-07 09:16:31:907,-3.0361,-3.643,9.8616,-0.0081,0.0122,9.8065,0.0625,-0.6388,0.0134,-28.69,-31.31,22.94,340.15,-86.34,-147.19,6.4446666666666665,0.0,52.40251977777778,-1.5010276
,,145.76,,3.0,213.85,18 / 22,186727,2019-09-07 09:16:32:006,-2.9964,-2.9748,10.3434,0.0102,-0.017,9.8066,-0.0713,-0.6122,0.0341,-27.37,-31.75,24.75,344.25,-86.32,-147.65,6.445,0.0,52.40252066666667,-1.5010275
,,145.76,,3.0,213.85,18 / 22,186827,2019-09-07 09:16:32:106,-3.6201,-2.8948,9.4326,0.0322,-0.0119,9.8065,-0.0526,-0.6476,0.086,-26.81,-31.56,24.88,342.41,-86.3,-149.38,6.445333333333333,0.0,52.40252155555556,-1.5010274
,,145.76,,3.0,213.85,18 / 22,186927,2019-09-07 09:16:32:206,-3.487,-2.2819,9.6293,-0.0034,-0.0024,9.8066,0.0081,-0.6465,0.0842,-25.75,-30.81,26.69,345.61,-86.22,-149.66,6.445666666666667,0.0,52.40252244444444,-1.5010273
,,145.76,,3.0,213.85,18 / 22,187027,2019-09-07 09:16:32:306,-3.3662,-2.1108,10.2963,0.0026,-0.002,9.8066,-0.038,-0.6705,0.0731,-24.94,-31.37,27.31,346.82,-86.13,-149.61,6.446,0.0,52.402523333333335,-1.5010272
,,145.76,,3.0,213.85,18 / 22,187130,2019-09-07 09:16:32:409,-3.5642,-2.9026,9.8847,-0.0047,0.0142,9.8066,0.0442,-0.6666,0.0922,-24.25,-31.12,28.75,350.17,-86.12,-149.66,6.4463333333333335,0.0,52.402524222222226,-1.5010271
,,145.76,,3.0,213.85,19 / 22,187227,2019-09-07 09:16:32:506,-4.016,-1.9895,10.3986,0.0151,-0.0169,9.8066,-0.0743,-0.6043,0.0413,-23.0,-31.25,30.13,351.61,-86.11,-150.43,6.446666666666667,0.0,52.40252511111111,-1.501027
,,145.76,,3.0,213.85,19 / 22,187328,2019-09-07 09:16:32:607,-3.2565,-3.2549,10.2422,0.0009,-0.014,9.8066,0.0156,-0.6379,0.0421,-22.37,-31.87,29.38,350.22,-85.96,-151.97,6.447,0.0,52.402526,-1.5010269
,,145.76,,3.0,213.85,19 / 22,187427,2019-09-07 09:16:32:706,-4.3664,-2.555,10.0596,-0.0217,0.0057,9.8065,0.0913,-0.6536,-0.0537,-20.75,-31.0,30.81,356.09,-85.79,-149.55,6.447333333333334,0.0,52.40252688888889,-1.5010268
,,145.76,,3.0,213.85,19 / 22,187527,2019-09-07 09:16:32:806,-3.8686,-1.124,9.7333,0.0034,-0.008,9.8066,-0.0846,-0.7118,0.0173,-20.12,-31.56,31.19,356.93,-85.61,-150.03,6.447666666666667,0.0,52.40252777777778,-1.5010267
,,145.76,,3.0,213.85,19 / 22,187628,2019-09-07 09:16:32:907,-4.4369,-2.573,10.2793,0.0058,-0.0079,9.8066,-0.0146,-0.6103,0.0248,-19.06,-32.0,31.31,358.75,-85.59,-149.66,6.448,0.0,52.40252866666667,-1.5010265999999999
,,145.76,,3.0,213.85,19 / 22,187727,2019-09-07 09:16:33:006,-3.7336,-1.9831,10.1615,-0.0032,-0.0157,9.8066,-0.052,-0.5584,0.0602,-18.12,-30.56,32.31,0.88,-85.44,-149.82,6.448333333333333,0.0,52.40252955555556,-1.5010265
,,145.76,,3.0,213.85,19 / 22,187827,2019-09-07 09:16:33:106,-3.8655,-1.5198,9.6801,0.0002,0.0008,9.8066,0.012,-0.6748,0.106,-17.56,-31.56,32.69,0.73,-85.39,-150.71,6.448666666666667,0.0,52.402530444444444,-1.5010264
,,145.76,,3.0,213.85,19 / 22,187927,2019-09-07 09:16:33:206,-4.6585,-1.8621,9.7155,0.0057,-0.0193,9.8066,-0.0598,-0.7237,0.107,-16.31,-31.37,32.75,3.38,-85.23,-151.0,6.449,0.0,52.402531333333336,-1.5010263
,,145.76,,3.0,213.85,19 / 22,188028,2019-09-07 09:16:33:307,-3.8706,-1.816,10.5263,-0.0103,0.0056,9.8066,0.0514,-0.6725,0.0554,-14.75,-30.87,32.75,5.83,-85.06,-150.17,6.449333333333334,0.0,52.40253222222223,-1.5010261999999999
,,145.76,,3.0,213.85,19 / 22,188128,2019-09-07 09:16:33:407,-3.8907,-1.8889,10.2177,0.0048,0.0165,9.8066,0.0156,-0.6545,0.0517,-14.5,-31.94,33.31,7.79,-85.04,-149.85,6.449666666666666,0.0,52.40253311111111,-1.5010261
,,145.73,6.45,3.0,164.22,18 / 20,188227,2019-09-07 09:16:33:506,-3.0414,-0.8337,9.6317,0.005,0.0114,9.8066,-0.0265,-0.7105,0.1445,-12.87,-31.44,33.06,9.21,-85.04,-150.02,6.45,0.0,52.402534,-1.501026
,,145.73,,3.0,164.22,18 / 20,188327,2019-09-07 09:16:33:606,-4.351,-0.2204,10.2196,-0.0111,0.0027,9.8066,0.0073,-0.6285,0.0647,-11.94,-32.56,32.88,12.35,-85.08,-148.7,6.450444444444445,0.0,52.40253473333333,-1.5010268333333332
,,145.73,,3.0,164.22,18 / 20,188427,2019-09-07 09:16:33:706,-3.8988,-0.136,9.8414,0.0104,0.0037,9.8066,-0.038,-0.6307,0.0146,-10.75,-31.62,32.56,12.7,-85.13,-149.89,6.450888888888889,0.0,52.40253546666667,-1.5010276666666666
,,145.73,,3.0,164.22,18 / 20,188527,2019-09-07 09:16:33:806,-3.4214,-1.0072,9.8282,-0.007,0.0133,9.8065,-0.0423,-0.6147,0.0318,-9.62,-31.44,32.38,13.44,-85.13,-150.3,6.451333333333333,0.0,52.4025362,-1.5010284999999999
,,145.73,,3.0,164.22,18 / 20,188628,2019-09-07 09:16:33:907,-4.8911,-0.8149,10.2593,-0.0158,0.0158,9.8065,-0.064,-0.6209,0.0318,-8.87,-32.31,32.06,18.11,-85.15,-147.7,6.451777777777778,0.0,52.40253693333334,-1.5010293333333333
,,145.73,,3.0,164.22,18 / 20,188727,2019-09-07 09:16:34:006,-3.4068,0.924,10.6858,-0.0088,0.0057,9.8066,-0.1102,-0.6297,0.1489,-7.69,-31.87,31.56,18.4,-85.26,-149.08,6.452222222222223,0.0,52.40253766666667,-1.5010301666666666
,,145.73,,3.0,164.22,18 / 20,188827,2019-09-07 09:16:34:106,-5.0001,0.3518,10.5629,0.0022,0.0584,9.8064,0.0099,-0.501,-0.0707,-6.37,-32.37,30.69,23.38,-85.3,-147.62,6.4526666666666666,0.0,52.402538400000005,-1.501031
,,145.73,,3.0,164.22,18 / 20,188927,2019-09-07 09:16:34:206,-3.3244,-0.0207,9.9537,0.0161,-0.0337,9.8065,0.0398,-0.7189,0.0319,-5.81,-32.5,30.25,22.76,-85.18,-147.95,6.453111111111111,0.0,52.402539133333335,-1.5010318333333332
,,145.73,,3.0,164.22,18 / 20,189027,2019-09-07 09:16:34:306,-4.476,-0.1311,9.3875,-0.0066,-0.0194,9.8065,-0.0662,-0.6554,0.0309,-4.19,-32.37,30.13,24.53,-84.92,-150.19,6.453555555555556,0.0,52.40253986666667,-1.5010326666666667
,,145.73,,3.0,164.22,18 / 20,189127,2019-09-07 09:16:34:406,-4.6142,-0.6852,10.1813,-0.0142,-0.01,9.8066,0.022,-0.6791,0.1274,-3.87,-33.06,30.13,23.97,-84.9,-150.78,6.454000000000001,0.0,52.4025406,-1.5010335
,,145.73,,3.0,164.22,18 / 21,189227,2019-09-07 09:16:34:506,-4.1585,0.6556,9.9617,0.0045,0.0017,9.8066,-0.0686,-0.6102,0.0515,-2.56,-32.69,28.69,26.24,-84.89,-150.5,6.454444444444444,0.0,52.40254133333334,-1.5010343333333334
,,145.73,,3.0,164.22,18 / 21,189327,2019-09-07 09:16:34:606,-4.3091,0.6863,9.6307,0.0005,0.0096,9.8066,-0.0671,-0.6178,0.0328,-1.62,-32.5,27.81,28.16,-85.07,-150.49,6.454888888888889,0.0,52.40254206666667,-1.5010351666666666
,,145.73,,3.0,164.22,18 / 21,189427,2019-09-07 09:16:34:706,-3.7631,0.9396,9.5646,0.0016,0.0067,9.8066,0.0064,-0.6171,0.0339,-2.06,-33.56,27.13,28.03,-85.13,-150.69,6.455333333333334,0.0,52.4025428,-1.501036
,,145.73,,3.0,164.22,18 / 21,189527,2019-09-07 09:16:34:806,-3.8839,0.8646,9.5683,0.0101,-0.0101,9.8066,-0.0035,-0.6007,0.0333,-0.62,-33.62,25.81,30.38,-85.13,-150.73,6.455777777777778,0.0,52.402543533333336,-1.5010368333333333
,,145.73,,3.0,164.22,18 / 21,189627,2019-09-07 09:16:34:906,-3.7993,0.8753,9.3873,0.006,-0.0103,9.8066,-0.0463,-0.6541,0.0603,0.19,-33.31,25.13,30.79,-85.18,-152.55,6.456222222222222,0.0,52.402544266666666,-1.5010376666666667
,,145.73,,3.0,164.22,18 / 21,189727,2019-09-07 09:16:35:006,-3.6569,1.1675,9.9594,0.0,0.0046,9.8066,-0.0567,-0.589,-0.0088,0.31,-33.62,24.5,30.77,-85.21,-152.65,6.456666666666667,0.0,52.402545,-1.5010385
,,145.73,,3.0,164.22,18 / 21,189827,2019-09-07 09:16:35:106,-4.12,0.8923,10.0013,0.0078,0.0049,9.8066,-0.0222,-0.6184,0.0198,1.56,-33.81,23.44,35.91,-85.17,-153.33,6.457111111111112,0.0,52.40254573333333,-1.5010393333333334
,,145.73,,3.0,164.22,18 / 21,189927,2019-09-07 09:16:35:206,-3.748,0.4609,9.1085,0.0183,0.0035,9.8066,-0.0694,-0.5881,0.0084,1.75,-33.37,22.38,35.08,-85.23,-154.31,6.4575555555555555,0.0,52.40254646666667,-1.5010401666666666
,,145.73,,3.0,164.22,18 / 21,190027,2019-09-07 09:16:35:306,-4.1033,0.1082,9.1842,0.0169,0.004,9.8066,-0.1611,-0.6344,0.0226,1.81,-33.62,21.69,32.23,-85.5,-156.74,6.458,0.0,52.4025472,-1.501041
,,145.73,,3.0,164.22,18 / 21,190128,2019-09-07 09:16:35:407,-3.6928,2.3989,10.109,0.0105,0.0274,9.8065,-0.1937,-0.6107,0.0358,2.63,-34.25,19.75,36.06,-85.77,-156.73,6.458444444444445,0.0,52.40254793333334,-1.5010418333333333
,,145.73,,3.0,164.22,18 / 21,190227,2019-09-07 09:16:35:506,-3.8276,-1.2042,9.8611,-0.0103,0.0418,9.8065,0.1084,-0.571,0.0354,2.75,-33.69,18.81,38.32,-85.79,-155.34,6.458888888888889,0.0,52.40254866666667,-1.5010426666666667
,,145.73,,3.0,164.22,18 / 21,190328,2019-09-07 09:16:35:607,-5.0843,2.062,10.3287,0.0121,-0.0372,9.8065,-0.0074,-0.6737,0.0927,2.81,-33.87,17.88,37.98,-85.93,-156.22,6.459333333333333,0.0,52.402549400000005,-1.5010435
,,145.73,,3.0,164.22,18 / 21,190427,2019-09-07 09:16:35:706,-3.5463,2.0412,10.3049,-0.0229,-0.0168,9.8065,0.112,-0.5723,0.0335,3.63,-33.94,16.0,40.01,-85.84,-159.63,6.459777777777778,0.0,52.402550133333335,-1.5010443333333334
,,145.73,,3.0,164.22,18 / 21,190528,2019-09-07 09:16:35:807,-4.3581,1.4303,9.9759,-0.0102,-0.0122,9.8066,0.0807,-0.7505,0.1677,3.44,-34.62,15.63,38.18,-85.67,-158.28,6.460222222222223,0.0,52.402550866666665,-1.5010451666666667
,,145.73,,3.0,164.22,18 / 21,190627,2019-09-07 09:16:35:906,-4.5609,3.491,9.5138,-0.0209,-0.0074,9.8066,-0.0811,-0.7499,0.1933,3.38,-34.25,14.44,41.84,-85.39,-157.67,6.460666666666667,0.0,52.4025516,-1.5010459999999999
,,145.73,,3.0,164.22,18 / 21,190727,2019-09-07 09:16:36:006,-2.2078,2.7428,10.7349,-0.0061,0.0286,9.8066,-0.0478,-0.5798,0.0146,4.0,-33.94,13.5,48.48,-85.27,-155.87,6.461111111111111,0.0,52.40255233333333,-1.5010468333333333
,,145.73,,3.0,164.22,18 / 21,190827,2019-09-07 09:16:36:106,-2.6209,1.5248,10.4815,0.0125,0.0326,9.8065,0.0475,-0.5578,-0.0084,3.13,-34.81,11.56,49.65,-85.31,-154.64,6.461555555555556,0.0,52.40255306666667,-1.5010476666666666
,,145.73,,3.0,164.22,18 / 21,190927,2019-09-07 09:16:36:206,-3.5351,2.206,9.7315,-0.0204,-0.0219,9.8066,0.028,-0.6144,0.0704,2.88,-34.75,10.31,57.27,-85.32,-152.84,6.462000000000001,0.0,52.4025538,-1.5010485
,,145.73,,3.0,164.22,18 / 21,191028,2019-09-07 09:16:36:307,-3.0225,2.3181,9.6975,-0.0094,-0.0172,9.8066,-0.0197,-0.6011,0.0902,3.19,-35.12,9.69,57.86,-85.26,-152.54,6.462444444444444,0.0,52.40255453333334,-1.5010493333333332
,,145.73,,3.0,164.22,18 / 22,191127,2019-09-07 09:16:36:406,-2.7078,1.7012,9.9619,-0.0194,0.0035,9.8066,-0.0092,-0.6392,0.1359,2.44,-35.31,9.13,56.07,-85.15,-152.02,6.462888888888889,0.0,52.40255526666667,-1.5010501666666667
,,145.73,,3.0,164.22,18 / 22,191227,2019-09-07 09:16:36:506,-2.5978,2.2211,9.921,-0.003,-0.0015,9.8066,-0.0046,-0.5847,0.0692,1.63,-35.12,7.06,68.44,-85.04,-150.38,6.463333333333334,0.0,52.402556000000004,-1.501051
,,145.73,,3.0,164.22,18 / 22,191327,2019-09-07 09:16:36:606,-4.3094,2.0825,9.6303,-0.0105,0.0098,9.8066,-0.0294,-0.6288,0.1426,1.38,-35.19,6.56,60.94,-84.98,-149.58,6.463777777777778,0.0,52.402556733333334,-1.5010518333333334
,,145.73,,3.0,164.22,18 / 22,191427,2019-09-07 09:16:36:706,-2.4019,3.2897,10.0458,0.0058,0.0045,9.8066,0.0077,-0.5743,0.0332,0.63,-36.06,4.94,80.52,-84.98,-148.52,6.464222222222222,0.0,52.40255746666667,-1.5010526666666666
,,145.73,,3.0,164.22,18 / 22,191527,2019-09-07 09:16:36:806,-1.2255,3.2428,9.7573,-0.0086,-0.0042,9.8066,0.0032,-0.5771,0.0521,0.69,-35.37,3.81,93.16,-84.94,-149.55,6.464666666666667,0.0,52.4025582,-1.5010535
,,145.73,,3.0,164.22,18 / 22,191627,2019-09-07 09:16:36:906,-1.8063,3.244,10.0634,-0.0114,0.0106,9.8066,-0.0147,-0.5985,0.0944,0.0,-36.56,3.25,115.67,-84.88,-148.4,6.465111111111112,0.0,52.40255893333333,-1.5010543333333333
,,145.73,,3.0,164.22,18 / 22,191727,2019-09-07 09:16:37:006,2.6599,2.4018,10.2033,0.0015,0.0086,9.8066,-0.059,-0.6032,0.1133,-0.81,-37.06,1.94,168.78,-84.78,-147.56,6.4655555555555555,0.0,52.40255966666667,-1.5010551666666667
,,145.73,,3.0,164.22,18 / 22,191827,2019-09-07 09:16:37:106,4.163,1.0963,9.6487,0.0048,-0.0056,9.8066,-0.0043,-0.5671,0.0406,-1.06,-37.19,0.69,188.33,-84.69,-147.26,6.466,0.0,52.4025604,-1.501056
,,145.73,,3.0,164.22,18 / 22,191927,2019-09-07 09:16:37:206,3.3668,-0.8332,9.4674,-0.0051,0.0087,9.8066,-0.0078,-0.5721,0.0407,-2.12,-37.69,0.75,214.74,-84.61,-147.58,6.466444444444445,0.0,52.402561133333336,-1.5010568333333334
,,145.73,,3.0,164.22,18 / 22,192027,2019-09-07 09:16:37:306,2.5977,-1.4205,9.9211,-0.0099,0.0113,9.8065,-0.0271,-0.544,0.0047,-2.75,-37.0,0.19,232.62,-84.57,-148.98,6.466888888888889,0.0,52.402561866666666,-1.5010576666666666
,,145.73,,3.0,164.22,19 / 22,192127,2019-09-07 09:16:37:406,2.8226,-1.9037,9.6572,0.0014,0.0069,9.8066,-0.0113,-0.5668,0.0648,-3.12,-36.44,0.0,233.77,-84.58,-149.75,6.467333333333333,0.0,52.4025626,-1.5010585
,,145.73,,3.0,164.22,19 / 22,192227,2019-09-07 09:16:37:506,2.0581,-2.3507,9.6146,-0.0123,0.0009,9.8066,-0.0819,-0.6189,0.1032,-4.5,-36.56,-0.5,246.67,-84.56,-149.52,6.467777777777778,0.0,52.40256333333333,-1.5010593333333333
,,145.73,,3.0,164.22,19 / 22,192327,2019-09-07 09:16:37:606,2.7932,-2.7683,9.7664,-0.0058,-0.0103,9.8066,-0.0295,-0.5823,0.0383,-4.87,-36.62,-1.37,250.67,-84.73,-148.93,6.468222222222223,0.0,52.40256406666667,-1.5010601666666668
,,145.73,,3.0,164.22,19 / 22,192427,2019-09-07 09:16:37:706,1.9844,-3.4976,10.1913,0.0055,0.003,9.8066,-0.0801,-0.5428,0.0199,-5.56,-35.5,-1.37,260.82,-84.78,-148.47,6.468666666666667,0.0,52.4025648,-1.501061
,,145.73,,3.0,164.22,19 / 22,192527,2019-09-07 09:16:37:806,1.2431,-2.9414,9.5002,0.0061,0.0104,9.8066,-0.0737,-0.5076,-0.0058,-6.69,-35.31,-2.75,254.02,-84.78,-149.07,6.469111111111111,0.0,52.40256553333334,-1.5010618333333334
,,145.73,,3.0,164.22,19 / 22,192627,2019-09-07 09:16:37:906,1.8151,-3.2592,9.2313,-0.0229,-0.0154,9.8066,-0.016,-0.5929,0.0463,-7.69,-34.94,-3.12,257.87,-84.84,-150.4,6.469555555555556,0.0,52.40256626666667,-1.5010626666666667
,,145.73,,3.0,164.22,19 / 22,192727,2019-09-07 09:16:38:006,2.1119,-3.2086,10.1487,-0.0172,-0.0228,9.8066,0.0186,-0.5872,0.063,-8.12,-34.94,-3.44,259.42,-85.05,-149.64,6.470000000000001,0.0,52.402567000000005,-1.5010635
,,145.73,,3.0,164.22,19 / 22,192827,2019-09-07 09:16:38:106,1.3863,-3.2019,10.1053,0.0111,0.0192,9.8066,-0.1325,-0.6081,0.0705,-10.44,-34.56,-4.5,263.15,-85.08,-148.96,6.470444444444444,0.0,52.402567733333335,-1.5010643333333333
,,145.73,,3.0,164.22,19 / 22,192927,2019-09-07 09:16:38:206,2.1534,-2.919,9.634,0.008,0.0074,9.8066,-0.1216,-0.6008,0.0616,-10.44,-34.94,-4.56,258.17,-85.08,-150.0,6.470888888888889,0.0,52.402568466666665,-1.5010651666666666
,,145.73,,3.0,164.22,19 / 22,193027,2019-09-07 09:16:38:306,1.6027,-3.5265,10.0574,-0.0122,0.0027,9.8066,-0.0316,-0.6085,0.0486,-11.31,-35.06,-5.25,262.04,-85.14,-149.42,6.471333333333334,0.0,52.4025692,-1.501066
,,145.73,,3.0,164.22,18 / 21,193128,2019-09-07 09:16:38:407,1.3897,-2.78,8.9912,-0.0222,-0.011,9.8065,0.0585,-0.5827,0.041,-12.62,-34.5,-6.25,263.67,-85.32,-150.43,6.471777777777778,0.0,52.40256993333333,-1.5010668333333332
,,145.73,,3.0,164.22,18 / 21,193227,2019-09-07 09:16:38:506,2.7814,-3.3156,8.996,-0.0003,-0.009,9.8066,0.04,-0.6044,0.1179,-13.0,-34.87,-6.31,263.99,-85.3,-149.72,6.472222222222222,0.0,52.40257066666667,-1.5010676666666667
,,145.73,,3.0,164.22,18 / 21,193327,2019-09-07 09:16:38:606,1.8834,-3.2383,10.1834,-0.0332,-0.009,9.8065,-0.0148,-0.6804,0.1377,-14.0,-34.75,-6.19,267.52,-85.53,-148.96,6.472666666666667,0.0,52.4025714,-1.5010685
,,145.73,,3.0,164.22,18 / 21,193427,2019-09-07 09:16:38:706,1.4533,-2.8495,10.2333,-0.0279,-0.0054,9.8065,-0.1107,-0.5275,-0.0388,-15.06,-34.25,-6.69,268.11,-85.68,-147.96,6.473111111111112,0.0,52.40257213333334,-1.5010693333333334
,,145.73,,3.0,164.22,18 / 21,193527,2019-09-07 09:16:38:806,1.5043,-2.7462,9.7518,-0.0334,-0.0039,9.8066,-0.0185,-0.615,0.0181,-16.12,-33.56,-6.31,273.84,-86.07,-147.76,6.4735555555555555,0.0,52.40257286666667,-1.5010701666666666
,,145.73,,3.0,164.22,18 / 21,193627,2019-09-07 09:16:38:906,1.2902,-4.1474,9.3521,0.0049,-0.023,9.8066,-0.0073,-0.6732,0.1181,-17.87,-34.0,-6.19,278.18,-86.12,-146.46,6.474,0.0,52.402573600000004,-1.501071
,,145.73,,3.0,164.22,18 / 21,193727,2019-09-07 09:16:39:006,3.6326,-3.5685,10.1587,0.0075,-0.0094,9.8066,-0.0562,-0.664,0.0641,-18.44,-34.44,-6.62,277.81,-85.97,-143.87,6.474444444444445,0.0,52.402574333333334,-1.5010718333333333
,,145.73,,3.0,164.22,18 / 21,193827,2019-09-07 09:16:39:106,1.2134,-3.243,9.8297,0.0041,0.001,9.8066,-0.0308,-0.563,0.0426,-19.81,-33.69,-6.06,282.38,-85.95,-144.43,6.474888888888889,0.0,52.40257506666667,-1.5010726666666667
,,145.73,,3.0,164.22,18 / 21,193927,2019-09-07 09:16:39:206,0.2528,-4.1765,9.6164,0.0082,-0.0017,9.8066,-0.0417,-0.6269,0.099,-21.06,-34.56,-5.62,283.77,-85.88,-143.81,6.475333333333333,0.0,52.4025758,-1.5010735
,,145.73,,3.0,164.22,18 / 21,194027,2019-09-07 09:16:39:306,1.6784,-2.7362,9.8093,-0.0256,-0.0115,9.8066,-0.1005,-0.4999,0.0553,-21.56,-34.19,-4.94,288.18,-85.76,-142.88,6.475777777777778,0.0,52.40257653333333,-1.5010743333333334
,,145.73,,3.0,164.22,18 / 21,194128,2019-09-07 09:16:39:407,0.1607,-4.3502,9.7426,-0.0376,-0.0072,9.8065,0.0056,-0.5448,0.0449,-22.19,-33.44,-4.62,289.34,-85.73,-141.9,6.476222222222223,0.0,52.40257726666667,-1.5010751666666666
,,145.73,,3.0,164.22,18 / 21,194228,2019-09-07 09:16:39:507,0.5249,-4.201,10.3384,0.0026,0.0032,9.8065,0.0032,-0.5998,0.051,-24.06,-33.12,-3.31,298.81,-85.99,-139.19,6.476666666666667,0.0,52.402578,-1.501076
,,145.73,,3.0,164.22,18 / 21,194328,2019-09-07 09:16:39:607,0.6883,-3.5509,9.952,0.0048,0.0015,9.8066,-0.0693,-0.5923,0.0241,-24.12,-33.37,-2.87,300.28,-86.08,-137.9,6.477111111111111,0.0,52.402578733333335,-1.5010768333333333
,,145.73,,3.0,164.22,18 / 21,194427,2019-09-07 09:16:39:706,0.1058,-3.9139,9.5694,-0.0106,-0.0055,9.8066,-0.0594,-0.5794,0.0371,-24.75,-32.5,-2.81,300.72,-86.15,-138.17,6.477555555555556,0.0,52.402579466666666,-1.5010776666666668
,,145.73,,3.0,164.22,18 / 21,194527,2019-09-07 09:16:39:806,-0.5965,-4.3719,10.1055,-0.0081,-0.0027,9.8066,-0.0215,-0.5751,0.0101,-25.81,-32.25,-1.81,304.62,-86.15,-137.02,6.478000000000001,0.0,52.4025802,-1.5010785
,,145.73,,3.0,164.22,18 / 21,194627,2019-09-07 09:16:39:906,-0.6782,-3.8642,10.2279,0.015,0.0007,9.8066,-0.0528,-0.5818,0.0583,-25.44,-32.62,-1.31,304.62,-86.15,-138.85,6.4784444444444444,0.0,52.40258093333333,-1.5010793333333334
,,145.73,,3.0,164.22,18 / 21,194728,2019-09-07 09:16:40:007,-0.8191,-4.0575,10.1446,-0.0036,0.0102,9.8066,0.0798,-0.5531,0.0261,-26.94,-33.06,-0.44,305.2,-86.12,-140.85,6.478888888888889,0.0,52.40258166666667,-1.5010801666666667
,,145.73,,3.0,164.22,18 / 21,194827,2019-09-07 09:16:40:106,0.1216,-4.2406,9.5192,-0.0017,0.0027,9.8066,-0.029,-0.6013,0.0954,-27.31,-32.56,0.69,306.08,-86.16,-142.18,6.479333333333334,0.0,52.4025824,-1.501081
,,145.73,,3.0,164.22,18 / 21,194927,2019-09-07 09:16:40:206,0.0711,-3.8146,10.2133,-0.0112,0.0031,9.8066,0.0034,-0.6114,0.0412,-27.87,-33.06,1.5,307.78,-86.21,-142.72,6.479777777777778,0.0,52.40258313333334,-1.5010818333333333
,,145.73,,3.0,164.22,18 / 21,195027,2019-09-07 09:16:40:306,-0.1438,-4.5935,9.7882,0.008,-0.0026,9.8066,-0.0168,-0.5622,0.0573,-28.62,-32.69,2.44,306.47,-86.24,-143.98,6.480222222222222,0.0,52.40258386666667,-1.5010826666666666
,,145.73,,3.0,164.22,18 / 21,195127,2019-09-07 09:16:40:406,-0.5568,-4.0487,10.0187,-0.0037,0.0155,9.8066,0.0128,-0.6706,0.0461,-28.94,-32.44,3.25,307.33,-86.27,-145.25,6.480666666666667,0.0,52.4025846,-1.5010835
,,145.73,,3.0,164.22,18 / 21,195227,2019-09-07 09:16:40:506,-0.7476,-3.835,9.9054,0.0083,0.0012,9.8066,-0.1081,-0.6128,-0.0271,-29.25,-32.25,4.69,311.53,-86.22,-145.11,6.481111111111112,0.0,52.402585333333334,-1.5010843333333332
,,145.73,,3.0,164.22,18 / 21,195327,2019-09-07 09:16:40:606,-0.7547,-4.7505,10.0955,0.0156,0.0073,9.8065,-0.0711,-0.6093,0.0528,-29.87,-32.44,4.94,309.38,-86.18,-146.91,6.4815555555555555,0.0,52.402586066666665,-1.5010851666666667
,,145.73,,3.0,164.22,18 / 21,195427,2019-09-07 09:16:40:706,-0.8801,-3.6729,9.664,0.0024,0.0068,9.8066,-0.051,-0.604,0.041,-30.06,-32.25,6.75,311.75,-86.28,-148.44,6.482,0.0,52.4025868,-1.501086
,,145.73,,3.0,164.22,18 / 21,195527,2019-09-07 09:16:40:806,-0.8249,-3.8546,9.8553,0.0044,0.0007,9.8066,-0.066,-0.6008,0.0418,-30.87,-32.25,8.13,313.15,-86.31,-148.57,6.482444444444445,0.0,52.40258753333333,-1.5010868333333334
,,145.73,,3.0,164.22,18 / 21,195627,2019-09-07 09:16:40:906,-1.0811,-4.1428,9.749,0.0009,0.0086,9.8066,-0.0523,-0.5718,-0.0405,-30.44,-31.75,8.38,314.08,-86.34,-148.09,6.482888888888889,0.0,52.40258826666667,-1.5010876666666666
,,145.73,,3.0,164.22,18 / 21,195727,2019-09-07 09:16:41:006,-2.0883,-3.4292,9.6332,0.0019,0.0115,9.8066,-0.0645,-0.5728,0.0346,-30.19,-32.25,10.44,315.69,-86.45,-150.18,6.483333333333333,0.0,52.402589,-1.5010885
,,145.73,,3.0,164.22,18 / 21,195827,2019-09-07 09:16:41:106,-0.1264,-2.8852,10.1007,0.0283,0.0223,9.8065,-0.0611,-0.5711,0.0742,-30.87,-31.94,11.31,315.99,-86.57,-151.17,6.483777777777778,0.0,52.402589733333336,-1.5010893333333333
,,145.73,,3.0,164.22,18 / 21,195927,2019-09-07 09:16:41:206,-3.2649,-3.9646,10.1703,0.0403,-0.0123,9.8065,-0.1012,-0.6385,0.0959,-30.81,-32.56,11.88,314.55,-86.46,-154.05,6.484222222222223,0.0,52.402590466666666,-1.5010901666666667
,,145.73,,3.0,164.22,18 / 21,196027,2019-09-07 09:16:41:306,-2.4301,-3.2445,9.1674,-0.0298,0.0163,9.8066,0.0487,-0.6312,0.081,-30.87,-31.25,13.38,317.79,-86.45,-152.7,6.484666666666667,0.0,52.4025912,-1.501091
,,145.73,,3.0,164.22,18 / 21,196127,2019-09-07 09:16:41:406,-3.4766,-2.6926,9.383,-0.0359,0.0025,9.8066,0.0043,-0.5783,-0.005,-31.31,-32.12,14.94,320.04,-86.43,-153.59,6.485111111111111,0.0,52.40259193333333,-1.5010918333333334
,,145.73,,3.0,164.22,18 / 21,196227,2019-09-07 09:16:41:506,-2.6041,-3.6795,9.5016,-0.0266,0.0094,9.8066,-0.0312,-0.6416,0.0382,-30.62,-31.87,15.38,323.05,-86.53,-150.78,6.485555555555556,0.0,52.40259266666666,-1.5010926666666666
,,145.73,,3.0,164.22,18 / 21,196327,2019-09-07 09:16:41:606,-2.4392,-2.6798,10.053,0.0113,-0.0046,9.8066,-0.0305,-0.619,0.0358,-30.69,-31.69,16.81,324.33,-86.51,-152.52,6.486000000000001,0.0,52.4025934,-1.5010935
,,145.73,,3.0,164.22,18 / 21,196428,2019-09-07 09:16:41:707,-2.3183,-4.0253,10.2122,0.018,-0.0006,9.8066,-0.0577,-0.6147,0.0054,-30.44,-31.87,18.13,325.77,-86.47,-153.33,6.4864444444444445,0.0,52.40259413333333,-1.5010943333333333
,,145.73,,3.0,164.22,18 / 21,196528,2019-09-07 09:16:41:807,-3.2719,-3.3261,9.9342,0.0017,-0.0103,9.8066,-0.0256,-0.5927,0.0239,-29.75,-31.37,19.81,327.96,-86.46,-154.07,6.486888888888889,0.0,52.40259486666667,-1.5010951666666668
,,145.73,,3.0,164.22,18 / 21,196627,2019-09-07 09:16:41:906,-2.5679,-2.657,9.3547,0.0089,-0.0101,9.8066,-0.0302,-0.5659,0.0102,-29.5,-31.12,20.88,330.27,-86.43,-154.06,6.487333333333334,0.0,52.4025956,-1.501096
,,145.73,,3.0,164.22,18 / 21,196727,2019-09-07 09:16:42:006,-4.5369,-2.882,9.8805,-0.0191,0.0,9.8066,-0.0535,-0.5702,0.006,-29.25,-31.75,21.63,331.43,-86.51,-154.25,6.487777777777778,0.0,52.402596333333335,-1.5010968333333334
,,145.73,,3.0,164.22,18 / 21,196828,2019-09-07 09:16:42:107,-2.037,-1.5099,9.8128,-0.01,0.0045,9.8066,0.0107,-0.5655,-0.0374,-27.69,-32.12,22.63,335.6,-86.63,-152.53,6.488222222222222,0.0,52.402597066666665,-1.5010976666666667
,,145.73,,3.0,164.22,18 / 21,196927,2019-09-07 09:16:42:206,-3.6544,-2.6674,9.7664,0.0029,-0.0016,9.8066,-0.0658,-0.6359,0.0054,-28.0,-31.69,23.38,335.39,-86.68,-152.75,6.488666666666667,0.0,52.4025978,-1.5010985000000001
,,145.73,,3.0,164.22,18 / 21,197027,2019-09-07 09:16:42:306,-2.2003,-2.0916,9.3953,0.0022,0.0,9.8066,-0.0621,-0.5857,0.044,-26.87,-31.87,24.19,337.43,-86.73,-153.05,6.489111111111112,0.0,52.40259853333333,-1.5010993333333333
,,145.73,,3.0,164.22,18 / 21,197128,2019-09-07 09:16:42:407,-4.0496,-2.2658,9.8096,-0.0153,-0.0105,9.8066,0.048,-0.6198,0.0675,-26.0,-31.94,25.56,343.99,-86.62,-150.17,6.4895555555555555,0.0,52.40259926666667,-1.5011001666666668
,,145.7,6.49,3.0,115.0,18 / 21,197227,2019-09-07 09:16:42:506,-2.8434,-3.0971,9.6055,-0.0012,-0.0054,9.8066,0.0261,-0.6145,0.0433,-26.81,-31.62,26.31,342.72,-86.5,-150.28,6.49,0.0,52.4026,-1.501101
,,145.7,,3.0,115.0,18 / 21,197327,2019-09-07 09:16:42:606,-3.8238,-2.7549,9.8725,-0.0004,-0.0032,9.8066,-0.031,-0.6167,0.0467,-25.12,-31.31,27.13,346.6,-86.41,-149.87,6.478888888888889,0.0,52.40259966666667,-1.501103088888889
,,145.7,,3.0,115.0,18 / 21,197427,2019-09-07 09:16:42:706,-4.0802,-2.0829,10.4513,-0.0022,-0.0089,9.8066,-0.0388,-0.5988,0.0663,-23.87,-31.44,28.06,349.36,-86.35,-149.45,6.467777777777778,0.0,52.402599333333335,-1.5011051777777777
,,145.7,,3.0,115.0,18 / 21,197527,2019-09-07 09:16:42:806,-3.6856,-1.077,9.9923,0.0028,0.0127,9.8066,0.0355,-0.6175,0.05,-23.37,-31.69,28.81,351.35,-86.36,-149.74,6.456666666666667,0.0,52.402599,-1.5011072666666667
,,145.7,,3.0,115.0,18 / 21,197627,2019-09-07 09:16:42:906,-3.2962,-2.5054,9.738,-0.0076,-0.0075,9.8066,0.0247,-0.5974,0.0336,-23.0,-31.37,29.56,352.17,-86.33,-149.93,6.445555555555556,0.0,52.40259866666667,-1.5011093555555555
,,145.7,,3.0,115.0,18 / 21,197727,2019-09-07 09:16:43:006,-3.0758,-1.7761,9.5435,0.0047,-0.0065,9.8066,-0.0537,-0.6194,0.0718,-21.62,-31.62,30.69,354.48,-86.21,-149.84,6.434444444444445,0.0,52.40259833333333,-1.5011114444444444
,,145.7,,3.0,115.0,18 / 21,197827,2019-09-07 09:16:43:106,-3.8171,-2.1894,9.7257,-0.0034,-0.0056,9.8066,-0.0626,-0.6142,0.0607,-20.56,-31.31,30.5,356.57,-86.13,-149.11,6.423333333333334,0.0,52.402598,-1.5011135333333334
,,145.7,,3.0,115.0,18 / 21,197927,2019-09-07 09:16:43:206,-4.4598,-1.5987,10.0801,0.0069,0.0002,9.8066,-0.0172,-0.6632,0.0699,-20.25,-30.87,31.56,359.16,-86.08,-148.79,6.412222222222223,0.0,52.402597666666665,-1.5011156222222222
,,145.7,,3.0,115.0,18 / 21,198027,2019-09-07 09:16:43:306,-3.6354,-2.109,10.071,0.0036,0.004,9.8066,0.039,-0.6084,0.0441,-18.87,-32.06,31.44,358.37,-86.08,-150.03,6.401111111111112,0.0,52.40259733333333,-1.5011177111111111
,,145.7,,3.0,115.0,18 / 21,198127,2019-09-07 09:16:43:406,-3.8067,-1.5892,9.6673,0.0039,-0.0118,9.8066,-0.0506,-0.6099,0.0414,-18.0,-31.81,32.25,0.21,-85.9,-150.45,6.390000000000001,0.0,52.402597,-1.5011198000000001
,,145.7,,3.0,115.0,18 / 21,198227,2019-09-07 09:16:43:506,-4.5244,-0.9882,9.5676,-0.0045,0.0066,9.8066,0.0188,-0.6447,0.0983,-17.25,-31.12,32.75,1.83,-85.82,-151.03,6.3788888888888895,0.0,52.40259666666667,-1.5011218888888889
,,145.7,,3.0,115.0,18 / 21,198327,2019-09-07 09:16:43:606,-3.7142,-1.1883,10.0162,-0.0008,-0.0095,9.8066,-0.0456,-0.5776,0.0124,-15.56,-31.75,32.69,3.55,-85.68,-150.82,6.367777777777778,0.0,52.402596333333335,-1.5011239777777778
,,145.7,,3.0,115.0,18 / 21,198427,2019-09-07 09:16:43:706,-3.8165,-0.894,9.7136,-0.0031,0.0007,9.8066,0.0061,-0.6321,0.0709,-14.75,-31.62,32.94,4.94,-85.6,-150.97,6.3566666666666665,0.0,52.402596,-1.5011260666666666
,,145.7,,3.0,115.0,18 / 21,198527,2019-09-07 09:16:43:806,-4.3004,-1.0928,10.2888,-0.0012,0.002,9.8066,-0.0038,-0.5969,0.0884,-14.69,-31.62,33.0,5.32,-85.53,-150.61,6.345555555555555,0.0,52.40259566666666,-1.5011281555555556
,,145.7,,3.0,115.0,18 / 21,198628,2019-09-07 09:16:43:907,-3.5272,-1.2071,9.8591,0.0079,-0.013,9.8066,-0.0299,-0.6216,0.0675,-12.69,-32.12,32.25,8.09,-85.45,-150.42,6.334444444444444,0.0,52.40259533333333,-1.5011302444444445
,,145.7,,3.0,115.0,18 / 21,198727,2019-09-07 09:16:44:006,-4.4409,-0.7012,9.6058,0.0013,-0.0132,9.8066,-0.0774,-0.6346,0.0623,-12.06,-31.31,32.75,10.29,-85.32,-150.49,6.323333333333333,0.0,52.402595,-1.5011323333333333
,,145.7,,3.0,115.0,18 / 21,198827,2019-09-07 09:16:44:106,-4.1002,0.0608,9.8009,0.0024,0.0022,9.8066,-0.0305,-0.6424,0.0433,-11.19,-31.19,32.81,13.13,-85.28,-149.44,6.312222222222222,0.0,52.402594666666666,-1.5011344222222223
,,145.7,,3.0,115.0,18 / 21,198928,2019-09-07 09:16:44:207,-3.2673,-0.9329,9.8281,0.0,-0.0008,9.8066,-0.046,-0.553,0.0308,-10.12,-31.94,32.75,14.73,-85.3,-149.57,6.301111111111111,0.0,52.40259433333333,-1.5011365111111112
,,145.7,,3.0,115.0,18 / 21,199027,2019-09-07 09:16:44:306,-4.3473,-0.8277,9.9945,-0.0144,-0.0005,9.8066,-0.0364,-0.5734,0.0727,-8.69,-32.31,32.38,17.75,-85.26,-147.99,6.29,0.0,52.402594,-1.5011386
,,145.7,,3.0,115.0,18 / 21,199127,2019-09-07 09:16:44:406,-4.5317,-0.0475,10.1569,0.0058,0.0034,9.8066,-0.0255,-0.5903,0.0212,-8.25,-32.44,31.81,20.61,-85.27,-147.03,6.278888888888889,0.0,52.40259366666667,-1.501140688888889
,,145.7,,3.0,115.0,18 / 21,199227,2019-09-07 09:16:44:506,-3.8056,-0.1669,8.8236,0.0182,0.0029,9.8065,-0.1426,-0.637,0.0482,-6.94,-32.31,31.63,19.47,-85.41,-149.74,6.267777777777778,0.0,52.402593333333336,-1.5011427777777777
,,145.7,,3.0,115.0,18 / 21,199327,2019-09-07 09:16:44:606,-1.9941,0.7867,9.8017,-0.0036,0.0427,9.8065,-0.2321,-0.4018,-0.1252,-5.94,-32.44,30.63,21.51,-85.44,-149.29,6.256666666666667,0.0,52.402592999999996,-1.5011448666666667
,,145.7,,3.0,115.0,18 / 21,199427,2019-09-07 09:16:44:706,-4.9433,0.2791,9.7461,0.0019,0.0166,9.8066,0.0728,-0.4812,-0.0373,-5.12,-32.69,29.94,23.62,-85.24,-149.06,6.245555555555556,0.0,52.40259266666666,-1.5011469555555557
,,145.7,,3.0,115.0,18 / 21,199527,2019-09-07 09:16:44:806,-4.1584,-0.9414,9.6363,-0.001,-0.0146,9.8066,0.0525,-0.643,0.082,-4.12,-32.56,30.38,24.58,-85.12,-150.12,6.234444444444445,0.0,52.40259233333333,-1.5011490444444444
,,145.7,,3.0,115.0,18 / 21,199628,2019-09-07 09:16:44:907,-3.7011,-0.1224,9.6714,0.0068,-0.0126,9.8066,-0.0301,-0.5914,0.0606,-3.56,-33.44,29.44,23.06,-85.01,-151.37,6.223333333333334,0.0,52.402592,-1.5011511333333334
,,145.7,,3.0,115.0,18 / 21,199727,2019-09-07 09:16:45:006,-3.9435,0.0033,9.566,0.0041,0.0364,9.8065,-0.0099,-0.5987,0.0225,-2.81,-32.69,27.88,24.4,-84.76,-152.11,6.2122222222222225,0.0,52.402591666666666,-1.5011532222222224
,,145.7,,3.0,115.0,18 / 21,199828,2019-09-07 09:16:45:107,-3.7141,0.4984,9.6091,0.0072,0.0299,9.8065,-0.0114,-0.5601,0.0167,-1.62,-32.69,28.0,26.68,-85.03,-151.94,6.2011111111111115,0.0,52.40259133333333,-1.5011553111111111
,,145.7,,3.0,115.0,18 / 21,199927,2019-09-07 09:16:45:206,-3.6237,0.5815,10.2192,0.0021,-0.0138,9.8066,-0.0749,-0.6026,0.0482,-2.0,-33.12,27.0,25.85,-85.15,-152.57,6.19,0.0,52.402591,-1.5011574
,,145.7,,3.0,115.0,18 / 21,200027,2019-09-07 09:16:45:306,-3.0679,0.7594,9.9478,0.0019,-0.0072,9.8066,-0.0342,-0.5708,-0.0059,-0.75,-33.44,25.31,27.98,-85.13,-152.83,6.178888888888889,0.0,52.40259066666667,-1.5011594888888888
,,145.7,,3.0,115.0,18 / 21,200127,2019-09-07 09:16:45:406,-4.0345,0.6446,9.3746,0.0065,0.0102,9.8066,-0.1052,-0.6141,0.0319,-0.31,-32.94,25.5,29.34,-85.14,-153.77,6.167777777777778,0.0,52.40259033333333,-1.5011615777777778
,,145.7,,3.0,115.0,19 / 22,200227,2019-09-07 09:16:45:506,-3.8901,0.4032,9.909,0.0051,0.0172,9.8066,0.0606,-0.5774,0.0539,0.31,-33.19,25.06,28.24,-85.27,-154.8,6.156666666666667,0.0,52.40259,-1.5011636666666668
,,145.7,,3.0,115.0,19 / 22,200327,2019-09-07 09:16:45:606,-3.8088,0.8511,10.1753,0.0013,-0.0129,9.8066,0.0122,-0.5808,0.0666,1.38,-33.06,23.06,30.69,-85.21,-155.39,6.145555555555556,0.0,52.402589666666664,-1.5011657555555555
,,145.7,,3.0,115.0,19 / 22,200427,2019-09-07 09:16:45:706,-3.8015,0.8994,10.1902,0.0071,-0.0098,9.8066,-0.0063,-0.5978,0.0163,1.31,-32.94,22.88,29.79,-85.18,-156.22,6.134444444444445,0.0,52.40258933333333,-1.5011678444444445
,,145.7,,3.0,115.0,19 / 22,200527,2019-09-07 09:16:45:806,-3.8076,0.7505,9.2365,0.0237,0.0137,9.8065,-0.0628,-0.5701,-0.0016,1.69,-33.62,21.19,31.59,-85.25,-157.96,6.123333333333334,0.0,52.402589,-1.5011699333333335
,,145.7,,3.0,115.0,19 / 22,200627,2019-09-07 09:16:45:906,-2.8294,0.5065,9.5929,0.0146,0.02,9.8065,-0.0195,-0.5798,0.0871,3.19,-33.81,20.38,32.57,-85.6,-160.02,6.112222222222222,0.0,52.40258866666667,-1.5011720222222222
,,145.7,,3.0,115.0,19 / 22,200727,2019-09-07 09:16:46:006,-4.1789,2.6731,10.1712,0.0021,-0.0122,9.8065,-0.0963,-0.6853,0.1016,3.5,-33.87,19.0,37.07,-85.68,-159.45,6.101111111111111,0.0,52.402588333333334,-1.5011741111111112
,,145.7,,3.0,115.0,19 / 22,200827,2019-09-07 09:16:46:106,-3.7429,1.1865,9.8569,0.0015,0.0234,9.8065,0.0516,-0.6289,0.0047,2.19,-33.75,17.88,29.86,-85.8,-160.47,6.09,0.0,52.402588,-1.5011762
,,145.7,,3.0,115.0,19 / 22,200927,2019-09-07 09:16:46:206,-4.44,1.2174,9.638,0.0216,-0.0354,9.8065,0.1091,-0.4937,-0.1557,3.38,-34.06,16.75,33.05,-86.0,-161.32,6.078888888888889,0.0,52.40258766666666,-1.501178288888889
,,145.7,,3.0,115.0,19 / 22,201027,2019-09-07 09:16:46:306,-2.8187,1.3255,9.5271,-0.0224,-0.0354,9.8065,0.0204,-0.4909,-0.0255,3.94,-34.06,15.94,37.16,-86.07,-161.83,6.067777777777778,0.0,52.40258733333333,-1.501180377777778
,,145.7,,3.0,115.0,19 / 22,201128,2019-09-07 09:16:46:407,-4.3551,1.92,9.6999,0.0017,-0.0043,9.8066,0.0019,-0.6132,0.1257,3.25,-34.5,14.31,38.1,-85.7,-160.38,6.056666666666667,0.0,52.402587,-1.5011824666666667
,,145.7,,3.0,115.0,19 / 22,201227,2019-09-07 09:16:46:506,-2.5332,3.6294,9.9358,-0.0072,-0.0209,9.8066,-0.0659,-0.5508,0.0819,3.69,-34.0,13.0,44.76,-85.62,-160.16,6.045555555555556,0.0,52.402586666666664,-1.5011845555555556
,,145.7,,3.0,115.0,19 / 22,201327,2019-09-07 09:16:46:606,-3.6145,2.2678,10.3883,-0.0122,-0.003,9.8066,0.037,-0.5873,0.1244,3.56,-34.81,12.5,44.8,-85.46,-160.66,6.0344444444444445,0.0,52.40258633333333,-1.5011866444444446
,,145.7,,3.0,115.0,19 / 22,201427,2019-09-07 09:16:46:706,-3.6027,1.4391,9.9734,-0.0024,0.0142,9.8066,-0.0147,-0.5454,0.0137,2.56,-34.5,11.31,46.09,-85.39,-159.23,6.023333333333333,0.0,52.402586,-1.5011887333333334
,,145.7,,3.0,115.0,19 / 22,201527,2019-09-07 09:16:46:806,-2.9235,2.6791,9.6217,-0.001,0.0108,9.8066,-0.0834,-0.5901,0.0714,3.06,-34.56,9.94,51.4,-85.39,-157.56,6.012222222222222,0.0,52.40258566666667,-1.5011908222222223
,,145.7,,3.0,115.0,19 / 22,201627,2019-09-07 09:16:46:906,-2.9132,2.0647,9.5032,0.0017,0.0011,9.8066,-0.0292,-0.5627,0.0281,3.0,-34.87,8.88,56.93,-85.36,-156.13,6.001111111111111,0.0,52.402585333333334,-1.501192911111111
,,145.7,,3.0,115.0,19 / 22,201727,2019-09-07 09:16:47:006,-1.903,2.506,10.0556,0.0016,0.0037,9.8066,0.008,-0.5163,0.0202,2.5,-34.0,7.56,61.27,-85.39,-155.72,5.99,0.0,52.402584999999995,-1.501195
,,145.7,,3.0,115.0,19 / 22,201827,2019-09-07 09:16:47:106,-2.0283,2.5911,9.5068,0.0022,0.0021,9.8066,-0.0391,-0.547,0.0851,2.19,-35.12,7.5,55.19,-85.32,-155.48,5.978888888888889,0.0,52.40258466666666,-1.501197088888889
,,145.7,,3.0,115.0,19 / 22,201927,2019-09-07 09:16:47:206,-2.4112,1.7833,9.582,-0.0034,-0.0043,9.8066,-0.0215,-0.5335,0.0785,2.25,-35.37,6.69,60.71,-85.31,-155.44,5.967777777777778,0.0,52.40258433333333,-1.5011991777777778
,,145.7,,3.0,115.0,19 / 22,202027,2019-09-07 09:16:47:306,-1.0112,2.9524,9.8207,0.0003,-0.0007,9.8066,-0.0101,-0.5362,0.0452,1.5,-35.31,4.44,92.46,-85.26,-154.54,5.956666666666667,0.0,52.402584,-1.5012012666666668
,,145.7,,3.0,115.0,19 / 22,202127,2019-09-07 09:16:47:406,-1.3172,2.8031,9.8141,-0.0067,-0.0088,9.8065,-0.0063,-0.5046,0.0319,0.88,-35.62,4.44,85.39,-85.23,-155.22,5.945555555555556,0.0,52.402583666666665,-1.5012033555555555
,,145.7,,3.0,115.0,18 / 21,202227,2019-09-07 09:16:47:506,-1.0951,2.3791,9.9936,-0.0025,0.0007,9.8065,-0.0558,-0.5292,0.0767,0.56,-36.5,3.69,85.51,-85.23,-155.11,5.934444444444445,0.0,52.40258333333333,-1.5012054444444445
,,145.7,,3.0,115.0,18 / 21,202327,2019-09-07 09:16:47:606,1.5738,2.3397,9.6444,-0.0056,0.0065,9.8066,-0.0986,-0.5006,0.0243,0.0,-36.75,2.31,147.24,-85.14,-154.52,5.923333333333334,0.0,52.402583,-1.5012075333333335
,,145.7,,3.0,115.0,18 / 21,202427,2019-09-07 09:16:47:706,1.9891,2.9204,9.4131,-0.0024,0.0113,9.8066,-0.0379,-0.4947,0.042,-0.69,-36.75,1.63,180.15,-84.99,-153.5,5.912222222222223,0.0,52.40258266666667,-1.5012096222222222
,,145.7,,3.0,115.0,18 / 21,202528,2019-09-07 09:16:47:807,2.8308,-0.1314,9.5429,0.0035,0.0125,9.8066,-0.071,-0.4609,0.0438,-0.94,-37.19,0.81,192.8,-84.9,-153.3,5.901111111111112,0.0,52.402582333333335,-1.5012117111111112
,,145.7,,3.0,115.0,18 / 21,202627,2019-09-07 09:16:47:906,3.0064,-0.8497,10.5575,-0.0003,0.0134,9.8065,-0.0601,-0.4649,0.0012,-2.31,-37.19,0.38,216.39,-84.85,-153.14,5.890000000000001,0.0,52.402581999999995,-1.5012138000000002
,,145.7,,3.0,115.0,18 / 21,202728,2019-09-07 09:16:48:007,1.6042,-1.8377,9.6115,0.0004,0.0177,9.8065,-0.0249,-0.4851,0.0361,-2.62,-37.37,0.69,243.46,-84.85,-154.53,5.8788888888888895,0.0,52.40258166666666,-1.501215888888889
,,145.7,,3.0,115.0,18 / 21,202827,2019-09-07 09:16:48:106,2.0167,-2.1716,9.8492,-0.005,0.0071,9.8066,-0.0762,-0.4733,0.0408,-2.69,-36.87,0.69,241.44,-84.74,-156.0,5.8677777777777775,0.0,52.40258133333333,-1.5012179777777779
,,145.7,,3.0,115.0,18 / 21,202927,2019-09-07 09:16:48:206,2.2527,-2.6199,10.2711,-0.0003,0.0004,9.8066,-0.0316,-0.4711,0.046,-4.44,-36.44,-0.37,245.62,-84.86,-156.99,5.8566666666666665,0.0,52.402581,-1.5012200666666666
,,145.7,,3.0,115.0,18 / 21,203027,2019-09-07 09:16:48:306,0.8729,-1.4036,9.5325,-0.0163,-0.0063,9.8066,-0.0348,-0.4412,-0.0337,-4.0,-36.25,-0.94,238.23,-84.96,-157.02,5.845555555555555,0.0,52.402580666666665,-1.5012221555555556
,,145.7,,3.0,115.0,18 / 21,203127,2019-09-07 09:16:48:406,2.8303,-1.8194,10.2102,0.0077,0.0031,9.8066,-0.0719,-0.4762,0.0972,-4.37,-35.94,-1.19,239.45,-85.13,-156.79,5.834444444444444,0.0,52.40258033333333,-1.5012242444444446
,,145.7,,3.0,115.0,18 / 21,203227,2019-09-07 09:16:48:506,2.0346,-1.8307,9.9069,0.0071,0.0067,9.8066,0.0319,-0.4562,0.0485,-5.69,-35.19,-1.56,249.2,-85.19,-156.66,5.823333333333333,0.0,52.40258,-1.5012263333333333
,,145.7,,3.0,115.0,18 / 21,203327,2019-09-07 09:16:48:606,1.2539,-2.7067,9.1768,-0.0217,-0.0075,9.8066,-0.0079,-0.4887,0.0495,-6.62,-35.56,-2.25,254.34,-85.38,-157.12,5.812222222222222,0.0,52.40257966666667,-1.5012284222222223
,,145.7,,3.0,115.0,18 / 21,203427,2019-09-07 09:16:48:706,1.9239,-2.1098,9.8731,-0.0031,-0.0094,9.8065,-0.0053,-0.4872,0.0557,-6.56,-34.87,-2.44,254.83,-85.36,-157.15,5.801111111111111,0.0,52.40257933333333,-1.5012305111111113
,,145.7,,3.0,115.0,18 / 21,203527,2019-09-07 09:16:48:806,1.3084,-2.3334,9.6437,0.0186,0.0109,9.8065,-0.0648,-0.5537,0.0639,-7.31,-34.5,-3.44,250.73,-85.47,-156.62,5.79,0.0,52.402578999999996,-1.5012326
,,145.7,,3.0,115.0,18 / 21,203627,2019-09-07 09:16:48:906,2.0406,-2.7877,9.7155,0.0078,-0.008,9.8066,-0.0532,-0.57,0.0537,-9.06,-34.81,-3.94,254.58,-85.33,-155.25,5.778888888888889,0.0,52.40257866666666,-1.501234688888889
,,145.7,,3.0,115.0,18 / 21,203727,2019-09-07 09:16:49:006,1.4726,-2.7799,8.8396,-0.0112,-0.0063,9.8066,-0.1184,-0.522,-0.0304,-9.19,-34.69,-4.44,255.9,-85.29,-153.69,5.767777777777778,0.0,52.40257833333333,-1.5012367777777778
,,145.7,,3.0,115.0,18 / 21,203827,2019-09-07 09:16:49:106,0.9722,-2.0529,10.2277,-0.0067,0.0016,9.8066,-0.1362,-0.4464,-0.0901,-10.19,-34.5,-5.25,256.54,-85.44,-153.3,5.756666666666667,0.0,52.402578,-1.5012388666666667
,,145.7,,3.0,115.0,18 / 21,203927,2019-09-07 09:16:49:206,2.3894,-1.9741,9.8812,-0.0024,0.0147,9.8066,-0.0267,-0.4933,0.0082,-10.94,-35.12,-6.12,252.44,-85.62,-157.24,5.745555555555556,0.0,52.402577666666666,-1.5012409555555557
,,145.7,,3.0,115.0,18 / 21,204028,2019-09-07 09:16:49:307,1.8243,-2.2903,9.2484,-0.0092,0.0042,9.8066,0.0115,-0.5464,0.0532,-11.56,-35.25,-6.37,254.18,-85.74,-158.53,5.734444444444445,0.0,52.40257733333333,-1.5012430444444445
,,145.7,,3.0,115.0,18 / 21,204128,2019-09-07 09:16:49:407,2.1473,-2.0736,9.0495,-0.0058,-0.0123,9.8066,-0.0367,-0.5148,0.0841,-12.44,-35.06,-6.25,254.69,-85.78,-158.1,5.723333333333334,0.0,52.402577,-1.5012451333333334
,,145.7,,3.0,115.0,18 / 21,204227,2019-09-07 09:16:49:506,2.4412,-4.0286,11.179,-0.0064,-0.0066,9.8066,-0.0181,-0.5227,0.1179,-13.25,-35.06,-6.37,259.36,-85.89,-155.96,5.7122222222222225,0.0,52.40257666666666,-1.5012472222222224
,,145.7,,3.0,115.0,17 / 21,204327,2019-09-07 09:16:49:606,0.6626,-0.8007,9.801,-0.023,0.0135,9.8066,-0.0231,-0.4795,0.0424,-15.25,-34.62,-6.94,260.39,-85.99,-156.21,5.7011111111111115,0.0,52.40257633333333,-1.5012493111111112
,,145.7,,3.0,115.0,17 / 21,204427,2019-09-07 09:16:49:706,1.2028,-2.8028,9.9821,-0.0098,-0.0061,9.8066,-0.0379,-0.5192,0.0854,-15.44,-33.87,-6.56,260.51,-86.27,-156.9,5.69,0.0,52.402575999999996,-1.5012514000000001
,,145.7,,3.0,115.0,17 / 21,204527,2019-09-07 09:16:49:806,0.365,-2.8955,9.4407,0.0183,-0.0084,9.8066,-0.1605,-0.526,0.0626,-16.44,-34.75,-6.44,268.86,-86.43,-153.24,5.678888888888889,0.0,52.402575666666664,-1.5012534888888889
,,145.7,,3.0,115.0,17 / 21,204627,2019-09-07 09:16:49:906,0.7528,-2.6671,9.458,0.0385,0.0002,9.8065,-0.1492,-0.4814,-0.0403,-17.44,-34.25,-6.75,270.05,-86.19,-150.5,5.667777777777778,0.0,52.40257533333333,-1.5012555777777778
,,145.7,,3.0,115.0,17 / 21,204728,2019-09-07 09:16:50:007,1.1368,-2.4715,9.2336,-0.0324,0.0029,9.8066,-0.0389,-0.5718,-0.0281,-18.56,-33.62,-5.94,275.24,-86.3,-150.92,5.656666666666667,0.0,52.402575,-1.5012576666666668
,,145.7,,3.0,115.0,17 / 21,204828,2019-09-07 09:16:50:107,1.2807,-3.4841,9.4596,-0.0255,-0.0043,9.8066,-0.0406,-0.503,-0.056,-19.62,-34.06,-6.81,273.16,-86.38,-151.72,5.645555555555556,0.0,52.402574666666666,-1.5012597555555556
,,145.7,,3.0,115.0,17 / 21,204929,2019-09-07 09:16:50:208,1.2918,-2.5525,9.3167,0.0017,-0.0067,9.8066,-0.0434,-0.5537,0.0616,-20.25,-34.5,-6.06,274.74,-86.48,-152.82,5.634444444444445,0.0,52.402574333333334,-1.5012618444444445
,,145.7,,3.0,115.0,17 / 21,205027,2019-09-07 09:16:50:306,1.1956,-1.5801,9.1531,0.0076,-0.0172,9.8066,0.0089,-0.5511,0.0845,-20.69,-33.31,-5.5,281.93,-86.38,-149.22,5.623333333333333,0.0,52.402573999999994,-1.5012639333333335
,,145.7,,3.0,115.0,17 / 20,205127,2019-09-07 09:16:50:406,0.4587,-4.5103,9.7171,0.0014,-0.0195,9.8065,-0.0181,-0.5107,0.08,-22.31,-33.5,-4.37,287.5,-86.05,-146.58,5.612222222222222,0.0,52.40257366666666,-1.5012660222222223
,,145.7,,3.0,115.0,17 / 20,205227,2019-09-07 09:16:50:506,0.7608,-3.6495,10.1346,-0.016,-0.0027,9.8066,-0.0926,-0.5176,0.0448,-23.62,-34.37,-3.56,291.63,-85.98,-143.62,5.601111111111111,0.0,52.40257333333333,-1.5012681111111112
,,145.7,,3.0,115.0,17 / 20,205327,2019-09-07 09:16:50:606,-0.3827,-3.3312,9.7714,-0.0255,0.0094,9.8065,-0.0317,-0.5601,0.0016,-23.75,-33.56,-3.37,294.98,-86.3,-143.12,5.59,0.0,52.402573,-1.5012702
,,145.7,,3.0,115.0,17 / 20,205427,2019-09-07 09:16:50:706,0.1143,-3.0318,9.8037,-0.0073,-0.0042,9.8066,-0.0449,-0.5355,0.0233,-23.75,-33.44,-2.87,294.29,-86.49,-144.18,5.578888888888889,0.0,52.402572666666664,-1.501272288888889
,,145.7,,3.0,115.0,17 / 20,205527,2019-09-07 09:16:50:806,0.6387,-2.9541,10.0559,0.0047,-0.0031,9.8066,-0.0775,-0.5797,0.0185,-25.12,-33.06,-2.81,295.45,-86.48,-143.49,5.567777777777778,0.0,52.40257233333333,-1.501274377777778
,,145.7,,3.0,115.0,17 / 20,205628,2019-09-07 09:16:50:907,0.4044,-2.6811,9.9418,0.0076,0.0054,9.8066,-0.0725,-0.5423,-0.0268,-25.81,-32.94,-1.5,298.73,-86.4,-145.02,5.556666666666667,0.0,52.402572,-1.5012764666666667
,,145.7,,3.0,115.0,17 / 20,205727,2019-09-07 09:16:51:006,0.5852,-2.9977,10.4411,0.0278,0.0012,9.8065,-0.086,-0.5291,-0.0035,-26.0,-33.25,-0.69,297.73,-86.28,-145.83,5.545555555555556,0.0,52.40257166666667,-1.5012785555555557
,,145.7,,3.0,115.0,17 / 20,205827,2019-09-07 09:16:51:106,-0.4599,-3.4779,9.8525,-0.01,0.0095,9.8066,-0.077,-0.5582,0.0435,-27.75,-33.44,0.5,302.44,-86.37,-145.94,5.5344444444444445,0.0,52.40257133333333,-1.5012806444444446
,,145.7,,3.0,115.0,17 / 20,205927,2019-09-07 09:16:51:206,-0.2907,-2.8023,9.7745,-0.0083,-0.001,9.8066,0.0214,-0.5767,-0.01,-28.12,-32.75,1.0,302.0,-86.43,-146.42,5.523333333333333,0.0,52.402570999999995,-1.5012827333333334
,,145.7,,3.0,115.0,17 / 20,206027,2019-09-07 09:16:51:306,-1.3871,-3.8773,9.8273,0.0088,0.0056,9.8066,-0.0258,-0.6096,-0.0153,-27.81,-32.87,1.56,303.7,-86.44,-146.85,5.512222222222222,0.0,52.40257066666666,-1.5012848222222224
,,145.7,,3.0,115.0,18 / 21,206127,2019-09-07 09:16:51:406,0.2802,-3.3577,9.8116,0.0079,0.0014,9.8066,-0.0569,-0.5985,0.0075,-29.12,-33.31,2.5,304.11,-86.45,-148.41,5.501111111111111,0.0,52.40257033333333,-1.5012869111111111
,,146.2,5.49,3.0,42.76,18 / 21,206227,2019-09-07 09:16:51:506,-0.391,-3.5705,9.618,0.0004,0.0055,9.8066,0.0061,-0.6042,0.0504,-30.0,-32.87,3.13,303.47,-86.41,-148.9,5.49,0.0,52.40257,-1.501289
,,146.2,,3.0,42.76,18 / 21,206327,2019-09-07 09:16:51:606,-0.674,-2.9188,9.6226,-0.0004,0.0032,9.8066,-0.0645,-0.5585,-0.0152,-29.37,-32.75,4.38,304.79,-86.43,-149.69,5.466033519553073,0.0,52.40256835955056,-1.5012900898876405
,,146.2,,3.0,42.76,18 / 21,206427,2019-09-07 09:16:51:706,-0.498,-3.2999,10.0519,0.0069,-0.0029,9.8066,-0.0644,-0.603,0.0269,-30.56,-33.0,5.75,307.55,-86.39,-150.36,5.442067039106146,0.0,52.402566719101124,-1.501291179775281
,,146.2,,3.0,42.76,18 / 21,206527,2019-09-07 09:16:51:806,-0.5496,-3.619,9.1247,0.011,0.0069,9.8066,-0.0338,-0.6064,0.0317,-30.87,-32.94,6.38,306.77,-86.4,-151.11,5.418100558659218,0.0,52.40256507865168,-1.5012922696629214
,,146.2,,3.0,42.76,18 / 21,206627,2019-09-07 09:16:51:906,-2.1946,-3.2907,9.2185,-0.0138,0.0,9.8066,-0.0171,-0.6142,0.0536,-30.25,-32.0,8.19,309.2,-86.44,-152.83,5.394134078212291,0.0,52.40256343820224,-1.501293359550562
,,146.2,,3.0,42.76,18 / 21,206727,2019-09-07 09:16:52:006,-1.2223,-3.2812,9.7743,-0.0046,0.0075,9.8066,-0.0628,-0.6173,-0.0121,-31.0,-32.12,9.0,310.38,-86.49,-153.1,5.370167597765363,0.0,52.40256179775281,-1.5012944494382023
,,146.2,,3.0,42.76,18 / 21,206827,2019-09-07 09:16:52:106,-1.3524,-3.4091,9.2855,0.0102,0.0033,9.8066,-0.0241,-0.6045,0.0054,-30.69,-32.19,10.0,311.42,-86.53,-153.85,5.346201117318436,0.0,52.40256015730337,-1.5012955393258427
,,146.2,,3.0,42.76,18 / 21,206927,2019-09-07 09:16:52:206,-1.1655,-2.9026,9.4894,0.0109,-0.0068,9.8066,0.0163,-0.5997,0.0657,-30.69,-31.62,11.0,312.19,-86.46,-154.74,5.322234636871508,0.0,52.40255851685393,-1.5012966292134833
,,146.2,,3.0,42.76,18 / 21,207027,2019-09-07 09:16:52:306,-0.7995,-2.9247,10.0428,-0.0079,0.0068,9.8066,-0.0071,-0.5969,0.0486,-31.0,-31.87,12.19,314.1,-86.52,-154.6,5.298268156424581,0.0,52.40255687640449,-1.5012977191011236
,,146.2,,3.0,42.76,18 / 21,207127,2019-09-07 09:16:52:406,-1.9683,-3.781,9.6663,-0.0033,-0.0014,9.8066,-0.0277,-0.5903,0.0262,-30.37,-32.06,14.13,318.33,-86.5,-154.38,5.274301675977654,0.0,52.402555235955056,-1.5012988089887642
,,146.2,,3.0,42.76,18 / 21,207228,2019-09-07 09:16:52:507,-2.1391,-3.1978,9.9142,-0.005,0.0014,9.8066,-0.0639,-0.6218,0.0309,-30.44,-31.44,14.88,319.73,-86.49,-154.69,5.2503351955307265,0.0,52.402553595505616,-1.5012998988764046
,,146.2,,3.0,42.76,18 / 21,207327,2019-09-07 09:16:52:606,-2.0869,-3.6865,9.7523,-0.0011,0.0041,9.8066,-0.0277,-0.5745,0.0153,-30.5,-31.87,15.56,320.44,-86.51,-155.48,5.226368715083799,0.0,52.402551955056175,-1.501300988764045
,,146.2,,3.0,42.76,18 / 21,207427,2019-09-07 09:16:52:706,-2.8221,-2.9154,9.8533,0.0017,0.0016,9.8066,-0.0257,-0.6025,0.0527,-30.44,-31.69,17.0,322.69,-86.5,-154.83,5.202402234636872,0.0,52.40255031460674,-1.5013020786516855
,,146.2,,3.0,42.76,18 / 21,207527,2019-09-07 09:16:52:806,-2.6519,-2.7316,9.8572,-0.0038,-0.0028,9.8066,0.0394,-0.6251,0.0916,-29.87,-32.12,17.88,325.12,-86.5,-153.96,5.178435754189945,0.0,52.4025486741573,-1.5013031685393259
,,146.2,,3.0,42.76,18 / 21,207627,2019-09-07 09:16:52:906,-2.5851,-3.3826,9.7505,0.001,0.0073,9.8066,-0.0145,-0.626,0.0408,-30.44,-31.56,19.44,326.74,-86.49,-153.82,5.154469273743017,0.0,52.40254703370786,-1.5013042584269665
,,146.2,,3.0,42.76,18 / 21,207728,2019-09-07 09:16:53:007,-2.4451,-2.6966,9.8701,-0.0129,0.0091,9.8065,-0.0435,-0.622,0.0375,-29.25,-31.5,20.94,329.44,-86.6,-154.93,5.130502793296089,0.0,52.40254539325843,-1.5013053483146068
,,146.2,,3.0,42.76,18 / 21,207827,2019-09-07 09:16:53:106,-2.7417,-2.5291,9.6713,0.0076,0.0022,9.8066,-0.1145,-0.6141,0.0027,-28.62,-31.94,21.69,329.5,-86.59,-156.12,5.106536312849162,0.0,52.40254375280899,-1.5013064382022472
,,146.2,,3.0,42.76,18 / 21,207927,2019-09-07 09:16:53:206,-3.2197,-2.4455,9.2007,0.0005,0.0027,9.8066,0.0066,-0.5862,0.013,-28.5,-32.0,22.94,331.83,-86.62,-156.12,5.082569832402235,0.0,52.40254211235955,-1.5013075280898878
,,146.2,,3.0,42.76,18 / 21,208027,2019-09-07 09:16:53:306,-3.0846,-2.9433,9.7832,-0.0021,-0.0028,9.8066,-0.0197,-0.6251,0.0486,-27.94,-31.31,23.63,335.55,-86.59,-153.83,5.058603351955307,0.0,52.40254047191011,-1.5013086179775281
,,146.2,,3.0,42.76,18 / 21,208128,2019-09-07 09:16:53:407,-2.496,-2.4042,9.8186,0.0038,-0.0033,9.8066,-0.047,-0.6406,0.0618,-27.12,-31.56,24.0,337.4,-86.62,-153.05,5.03463687150838,0.0,52.402538831460674,-1.5013097078651687
,,146.2,,3.0,42.76,18 / 21,208227,2019-09-07 09:16:53:506,-3.2079,-3.3727,9.8148,-0.0116,0.0032,9.8066,-0.0622,-0.6489,0.0767,-26.81,-31.94,24.88,340.04,-86.56,-151.7,5.010670391061453,0.0,52.402537191011234,-1.501310797752809
,,146.2,,3.0,42.76,18 / 21,208328,2019-09-07 09:16:53:607,-2.8084,-2.2682,9.6729,-0.0031,0.0172,9.8065,0.0164,-0.5796,0.0184,-25.75,-31.69,25.94,341.76,-86.65,-152.3,4.9867039106145254,0.0,52.402535550561794,-1.5013118876404494
,,146.2,,3.0,42.76,18 / 21,208427,2019-09-07 09:16:53:706,-2.2086,-1.8203,9.8183,0.0122,-0.007,9.8066,0.0304,-0.539,0.0274,-24.19,-31.94,27.25,343.79,-86.57,-153.7,4.962737430167598,0.0,52.40253391011236,-1.50131297752809
,,146.2,,3.0,42.76,18 / 21,208527,2019-09-07 09:16:53:806,-3.7065,-2.0336,10.0035,0.0118,-0.019,9.8066,-0.03,-0.5803,0.0552,-24.5,-31.62,28.06,344.48,-86.4,-154.05,4.938770949720671,0.0,52.40253226966292,-1.5013140674157304
,,146.2,,3.0,42.76,18 / 21,208627,2019-09-07 09:16:53:906,-3.0373,-1.9199,9.4987,0.003,0.0052,9.8066,-0.0173,-0.6011,0.036,-23.44,-31.12,28.63,346.4,-86.36,-154.43,4.914804469273744,0.0,52.40253062921348,-1.501315157303371
,,146.2,,3.0,42.76,18 / 21,208727,2019-09-07 09:16:54:006,-3.6528,-2.0978,10.1565,-0.0029,-0.0026,9.8066,0.0012,-0.6112,0.054,-21.87,-31.87,29.69,348.18,-86.33,-154.9,4.890837988826815,0.0,52.40252898876405,-1.5013162471910113
,,146.2,,3.0,42.76,18 / 21,208827,2019-09-07 09:16:54:106,-3.2204,-1.452,10.2252,0.0115,-0.0036,9.8066,0.0043,-0.609,0.0324,-21.37,-31.56,30.06,348.81,-86.33,-155.56,4.866871508379888,0.0,52.40252734831461,-1.501317337078652
,,146.2,,3.0,42.76,18 / 21,208927,2019-09-07 09:16:54:206,-3.8261,-1.676,9.7442,0.0126,-0.0132,9.8065,-0.0262,-0.5871,0.031,-20.12,-31.44,30.19,347.76,-86.21,-157.84,4.842905027932961,0.0,52.402525707865166,-1.5013184269662923
,,146.2,,3.0,42.76,18 / 21,209027,2019-09-07 09:16:54:306,-3.1245,-1.5654,9.5423,0.0034,0.0008,9.8066,-0.0434,-0.6346,0.0545,-19.62,-31.56,31.5,349.01,-86.11,-158.33,4.818938547486034,0.0,52.402524067415726,-1.5013195168539326
,,146.2,,3.0,42.76,19 / 22,209128,2019-09-07 09:16:54:407,-3.6619,-1.4147,10.118,0.0069,-0.0126,9.8066,-0.0504,-0.5919,0.0614,-18.75,-31.37,31.56,350.01,-85.98,-158.68,4.794972067039106,0.0,52.40252242696629,-1.5013206067415732
,,146.2,,3.0,42.76,19 / 22,209227,2019-09-07 09:16:54:506,-3.305,-1.0381,10.4012,0.0019,-0.0067,9.8066,0.0498,-0.5723,0.0466,-17.56,-31.31,31.5,350.41,-85.9,-159.63,4.771005586592179,0.0,52.40252078651685,-1.5013216966292136
,,146.2,,3.0,42.76,19 / 22,209327,2019-09-07 09:16:54:606,-2.8757,-1.3128,9.9452,0.007,-0.011,9.8066,0.0253,-0.5731,0.0523,-16.69,-31.44,32.75,352.15,-85.76,-160.09,4.747039106145252,0.0,52.40251914606741,-1.5013227865168541
,,146.2,,3.0,42.76,19 / 22,209427,2019-09-07 09:16:54:706,-3.1138,-1.4246,9.7141,-0.001,-0.0112,9.8066,0.0288,-0.53,0.0259,-16.56,-31.31,32.19,350.98,-85.62,-160.43,4.723072625698324,0.0,52.40251750561798,-1.5013238764044945
,,146.2,,3.0,42.76,19 / 22,209527,2019-09-07 09:16:54:806,-3.8787,-1.2122,9.6649,0.0048,-0.0064,9.8066,-0.0152,-0.5904,0.0594,-14.56,-31.12,32.56,353.98,-85.51,-161.15,4.699106145251397,0.0,52.40251586516854,-1.5013249662921349
,,146.2,,3.0,42.76,19 / 22,209627,2019-09-07 09:16:54:906,-3.6292,-0.7522,10.2002,0.012,-0.0029,9.8066,-0.0005,-0.5797,0.0129,-14.06,-31.5,33.06,355.27,-85.39,-161.4,4.67513966480447,0.0,52.4025142247191,-1.5013260561797754
,,146.2,,3.0,42.76,19 / 22,209727,2019-09-07 09:16:55:006,-3.7715,-0.2271,9.7298,0.0134,-0.0096,9.8066,-0.0083,-0.6057,0.0282,-13.37,-31.69,32.69,354.32,-85.31,-163.74,4.651173184357542,0.0,52.402512584269665,-1.5013271460674158
,,146.2,,3.0,42.76,19 / 22,209827,2019-09-07 09:16:55:106,-3.4368,-0.7994,9.5145,-0.0071,0.0046,9.8066,-0.0451,-0.5645,0.0646,-12.19,-31.31,32.94,355.54,-85.35,-164.15,4.627206703910614,0.0,52.402510943820225,-1.5013282359550564
,,146.2,,3.0,42.76,19 / 22,209927,2019-09-07 09:16:55:206,-3.8836,-0.5758,9.9631,-0.005,-0.0027,9.8066,-0.0381,-0.5694,0.0499,-10.81,-31.56,32.88,358.14,-85.35,-163.28,4.603240223463687,0.0,52.402509303370785,-1.5013293258426967
,,146.2,,3.0,42.76,19 / 22,210027,2019-09-07 09:16:55:306,-3.9557,0.1314,10.3933,0.013,-0.0023,9.8066,-0.0206,-0.5529,0.0301,-10.31,-31.56,32.56,358.95,-85.44,-164.11,4.57927374301676,0.0,52.40250766292135,-1.501330415730337
,,146.2,,3.0,42.76,18 / 21,210128,2019-09-07 09:16:55:407,-3.4741,-0.5828,9.5639,0.0093,-0.0096,9.8066,-0.0029,-0.5593,0.0788,-9.06,-31.5,32.06,357.47,-85.46,-166.63,4.5553072625698325,0.0,52.40250602247191,-1.5013315056179777
,,146.2,,3.0,42.76,18 / 21,210227,2019-09-07 09:16:55:506,-2.947,0.3876,9.037,-0.0031,-0.0121,9.8066,0.0123,-0.5619,0.08,-8.0,-32.5,32.44,0.22,-85.46,-165.76,4.531340782122905,0.0,52.40250438202247,-1.501332595505618
,,146.2,,3.0,42.76,18 / 21,210327,2019-09-07 09:16:55:606,-4.9633,-0.5818,10.0288,-0.0101,-0.0076,9.8066,0.064,-0.6103,0.0944,-7.56,-31.94,31.5,2.07,-85.41,-164.06,4.507374301675978,0.0,52.40250274157303,-1.5013336853932586
,,146.2,,3.0,42.76,18 / 21,210427,2019-09-07 09:16:55:706,-4.2712,-0.2918,10.0347,0.0093,-0.0068,9.8066,-0.0137,-0.5147,0.0139,-6.69,-31.69,31.56,4.13,-85.4,-163.87,4.483407821229051,0.0,52.4025011011236,-1.501334775280899
,,146.2,,3.0,42.76,18 / 21,210527,2019-09-07 09:16:55:806,-4.1898,-0.3077,9.7265,0.0087,-0.0066,9.8066,-0.0134,-0.5937,0.0439,-5.94,-32.5,31.31,3.83,-85.33,-165.54,4.459441340782123,0.0,52.40249946067416,-1.5013358651685393
,,146.2,,3.0,42.76,18 / 21,210627,2019-09-07 09:16:55:906,-3.3719,0.7442,9.4923,0.0045,-0.0062,9.8066,0.0036,-0.559,0.0621,-4.87,-32.56,30.44,3.48,-85.29,-167.38,4.435474860335196,0.0,52.40249782022472,-1.50133695505618
,,146.2,,3.0,42.76,18 / 21,210727,2019-09-07 09:16:56:006,-4.1688,-0.2465,9.7306,0.0024,0.0204,9.8066,-0.0677,-0.5793,0.1204,-3.94,-32.12,29.88,5.9,-85.21,-167.05,4.411508379888268,0.0,52.402496179775284,-1.5013380449438203
,,146.2,,3.0,42.76,18 / 21,210828,2019-09-07 09:16:56:107,-3.511,0.8034,10.2072,0.0004,0.0236,9.8065,0.0457,-0.5506,0.0518,-3.25,-32.56,29.75,6.98,-85.39,-167.94,4.387541899441341,0.0,52.40249453932584,-1.5013391348314609
,,146.2,,3.0,42.76,18 / 21,210927,2019-09-07 09:16:56:206,-3.4286,0.309,10.1446,0.0028,-0.0191,9.8066,0.0143,-0.5903,0.0666,-2.12,-33.25,28.75,7.6,-85.54,-169.14,4.363575418994413,0.0,52.4024928988764,-1.5013402247191012
,,146.2,,3.0,42.76,18 / 21,211027,2019-09-07 09:16:56:306,-3.4959,0.7202,9.7368,0.005,-0.0179,9.8066,-0.0586,-0.5582,0.0152,-1.69,-32.44,28.56,6.32,-85.47,-170.3,4.339608938547486,0.0,52.40249125842697,-1.5013413146067416
,,146.2,,3.0,42.76,18 / 21,211127,2019-09-07 09:16:56:406,-2.8934,0.5481,9.4129,0.0033,0.0148,9.8065,-0.055,-0.5372,0.0545,0.0,-33.0,27.5,9.22,-85.54,-171.65,4.315642458100559,0.0,52.40248961797753,-1.5013424044943822
,,146.2,,3.0,42.76,18 / 21,211227,2019-09-07 09:16:56:506,-3.1919,0.9679,9.769,-0.0088,0.0091,9.8066,0.0676,-0.59,0.0643,-0.12,-32.25,26.06,10.73,-85.5,-170.33,4.2916759776536315,0.0,52.40248797752809,-1.5013434943820225
,,146.2,,3.0,42.76,18 / 21,211327,2019-09-07 09:16:56:606,-3.6409,0.4146,9.7746,-0.0231,-0.0139,9.8066,0.062,-0.6128,0.0932,0.06,-32.31,26.31,11.56,-85.45,-169.6,4.267709497206704,0.0,52.40248633707865,-1.501344584269663
,,146.2,,3.0,42.76,18 / 21,211427,2019-09-07 09:16:56:706,-3.6391,1.1038,11.1182,-0.0004,-0.0086,9.8066,-0.045,-0.5365,-0.1477,0.88,-33.25,25.38,16.91,-85.27,-167.24,4.243743016759777,0.0,52.402484696629216,-1.5013456741573035
,,146.2,,3.0,42.76,18 / 21,211527,2019-09-07 09:16:56:806,-3.8883,1.1079,9.6697,-0.012,0.0177,9.8066,-0.1462,-0.5951,0.0936,1.44,-32.94,23.81,17.68,-85.59,-166.6,4.21977653631285,0.0,52.402483056179776,-1.5013467640449438
,,146.2,,3.0,42.76,18 / 21,211628,2019-09-07 09:16:56:907,-4.3027,0.5107,9.0716,0.0059,0.035,9.8066,-0.0683,-0.5447,-0.0073,1.56,-33.25,22.19,20.51,-85.96,-166.84,4.195810055865922,0.0,52.402481415730335,-1.5013478539325844
,,146.2,,3.0,42.76,18 / 21,211727,2019-09-07 09:16:57:006,-2.7493,1.0056,10.1707,-0.0479,-0.39,9.7987,0.8625,-0.5444,0.0716,1.94,-32.19,24.13,12.69,-84.3,-173.8,4.171843575418994,0.0,52.4024797752809,-1.5013489438202248
,,146.2,,3.0,42.76,18 / 21,211829,2019-09-07 09:16:57:108,-2.3461,1.8656,10.7485,-0.0033,0.0623,9.8064,-0.6432,-0.4709,0.1078,2.69,-32.06,21.94,16.54,-81.13,-175.04,4.147877094972067,0.0,52.40247813483146,-1.5013500337078654
,,146.2,,3.0,42.76,18 / 21,211929,2019-09-07 09:16:57:208,-2.2847,0.1325,10.3177,0.0016,0.072,9.8063,0.3151,-0.6348,0.1052,3.13,-32.19,21.81,18.27,-83.0,-172.78,4.12391061452514,0.0,52.40247649438202,-1.5013511235955057
,,146.2,,3.0,42.76,18 / 21,212027,2019-09-07 09:16:57:306,-3.8833,1.1066,9.1749,-0.0325,-0.055,9.8064,-0.1294,-0.5659,0.1175,2.31,-32.81,19.56,19.36,-82.36,-170.66,4.099944134078212,0.0,52.40247485393259,-1.501352213483146
,,146.2,,3.0,42.76,19 / 22,212127,2019-09-07 09:16:57:406,-2.6956,0.5711,9.505,-0.0011,-0.0677,9.8063,0.0263,-0.4844,0.045,3.06,-32.81,18.94,23.87,-82.29,-170.65,4.075977653631285,0.0,52.40247321348315,-1.5013533033707867
,,146.2,,3.0,42.76,19 / 22,212227,2019-09-07 09:16:57:506,-3.4991,-0.8319,9.7835,0.0017,-0.0195,9.8066,-0.1199,-0.4897,0.0646,3.44,-32.87,18.81,22.78,-82.29,-171.5,4.052011173184358,0.0,52.40247157303371,-1.501354393258427
,,146.2,,3.0,42.76,19 / 22,212327,2019-09-07 09:16:57:606,-2.3509,1.5088,10.0954,-0.0044,-0.0137,9.8066,-0.0855,-0.5044,0.0879,3.06,-33.44,17.06,23.98,-82.17,-172.31,4.0280446927374305,0.0,52.402469932584275,-1.5013554831460676
,,146.2,,3.0,42.76,19 / 22,212427,2019-09-07 09:16:57:706,-2.2214,1.2088,10.4398,0.0037,0.0148,9.8065,0.0263,-0.4278,0.012,2.81,-32.94,16.25,24.89,-82.32,-172.48,4.004078212290503,0.0,52.402468292134834,-1.501356573033708
,,146.2,,3.0,42.76,19 / 22,212527,2019-09-07 09:16:57:806,-1.986,-1.0578,9.5586,0.0042,0.0056,9.8066,0.0334,-0.3767,0.0311,3.44,-33.44,15.06,25.96,-82.37,-172.77,3.9801117318435755,0.0,52.402466651685394,-1.5013576629213483
,,146.2,,3.0,42.76,19 / 22,212628,2019-09-07 09:16:57:907,-2.9895,2.1148,9.6138,0.0103,-0.0047,9.8066,-0.0255,-0.4739,0.1619,4.06,-33.06,14.5,29.86,-82.37,-173.39,3.956145251396648,0.0,52.402465011235954,-1.501358752808989
,,146.2,,3.0,42.76,19 / 22,212727,2019-09-07 09:16:58:006,-0.794,0.2407,9.9713,0.003,0.0001,9.8066,-0.004,-0.4661,0.1571,3.13,-33.12,13.0,29.04,-82.38,-173.35,3.932178770949721,0.0,52.40246337078652,-1.5013598426966293
,,146.2,,3.0,42.76,19 / 22,212827,2019-09-07 09:16:58:106,-1.8432,1.3538,9.4951,0.0497,0.1331,9.8055,-0.0961,-0.3593,-0.0408,3.06,-34.12,12.13,33.76,-83.37,-170.64,3.9082122905027936,0.0,52.40246173033708,-1.5013609325842698
,,146.2,,3.0,42.76,19 / 22,212927,2019-09-07 09:16:58:206,-0.388,1.185,9.5156,0.0232,0.0648,9.8063,0.137,-0.3181,-0.0097,4.19,-34.31,12.13,36.17,-82.85,-173.9,3.884245810055866,0.0,52.40246008988764,-1.5013620224719102
,,146.2,,3.0,42.76,19 / 22,213027,2019-09-07 09:16:58:306,-0.5321,0.4692,9.4949,0.0174,-0.0351,9.8065,-0.0501,-0.306,0.02,2.94,-34.75,10.94,31.87,-82.68,-175.54,3.8602793296089386,0.0,52.40245844943821,-1.5013631123595508
,,146.2,,3.0,42.76,18 / 21,213127,2019-09-07 09:16:58:406,1.2214,0.4042,9.9076,0.0263,0.0324,9.8065,-0.1627,-0.1266,-0.0134,3.31,-33.81,10.06,35.53,-82.52,-175.7,3.8363128491620113,0.0,52.40245680898877,-1.5013642022471911
,,146.2,,3.0,42.76,18 / 21,213227,2019-09-07 09:16:58:506,-0.5644,-0.1005,10.0276,0.0049,-0.003,9.8065,-0.2705,-0.185,0.0484,3.88,-34.31,10.19,39.68,-83.06,-176.47,3.812346368715084,0.0,52.402455168539326,-1.5013652921348315
,,146.2,,3.0,42.76,18 / 21,213327,2019-09-07 09:16:58:606,-0.113,-0.1988,9.6093,0.0767,0.0805,9.806,-0.0739,-0.1607,0.0004,3.44,-35.25,8.06,38.75,-84.35,-176.61,3.7883798882681567,0.0,52.40245352808989,-1.501366382022472
,,146.2,,3.0,42.76,18 / 21,213427,2019-09-07 09:16:58:706,-0.016,0.1671,9.627,0.0394,0.0434,9.8064,-0.035,-0.1325,0.0044,3.31,-36.0,7.63,43.3,-85.48,-170.54,3.764413407821229,0.0,52.40245188764045,-1.5013674719101124
,,146.2,,3.0,42.76,18 / 21,213527,2019-09-07 09:16:58:806,-0.2698,0.2087,9.8126,0.0491,0.0721,9.8062,-0.3104,-0.1165,-0.0056,3.88,-35.62,8.44,49.33,-86.38,-168.43,3.7404469273743017,0.0,52.40245024719101,-1.501368561797753
,,146.2,,3.0,42.76,18 / 21,213627,2019-09-07 09:16:58:906,-0.1974,0.5624,9.734,0.036,0.0872,9.8061,-0.185,-0.1102,0.0462,4.0,-36.37,6.94,56.26,-87.84,-161.56,3.7164804469273744,0.0,52.40244860674157,-1.5013696516853934
,,146.2,,3.0,42.76,18 / 21,213727,2019-09-07 09:16:59:006,-0.533,0.3429,9.9122,0.0097,0.0122,9.8066,-0.0139,-0.1167,-0.0114,4.13,-36.12,6.31,67.78,-88.1,-154.76,3.692513966480447,0.0,52.40244696629214,-1.5013707415730337
,,146.2,,3.0,42.76,18 / 21,213827,2019-09-07 09:16:59:106,-0.9339,0.4149,9.922,0.0051,0.0033,9.8066,-0.0349,-0.1321,0.0064,3.38,-36.19,6.56,60.64,-88.23,-149.89,3.66854748603352,0.0,52.4024453258427,-1.5013718314606743
,,146.2,,3.0,42.76,18 / 21,213928,2019-09-07 09:16:59:207,-0.6606,-0.4097,9.1888,-0.017,0.0105,9.8065,-0.0149,-0.0493,0.0774,2.94,-36.44,6.5,66.3,-88.25,-144.5,3.644581005586592,0.0,52.40244368539326,-1.5013729213483147
,,146.2,,3.0,42.76,18 / 21,214028,2019-09-07 09:16:59:307,-0.0308,0.5771,9.5664,0.0054,0.0415,9.8065,-0.0804,0.0721,0.0332,3.06,-36.31,5.63,88.4,-88.27,-127.5,3.620614525139665,0.0,52.402442044943825,-1.5013740112359553
,,146.2,,3.0,42.76,18 / 21,214127,2019-09-07 09:16:59:406,-0.4924,0.4414,10.2908,-0.0204,-0.0306,9.8065,0.3006,-0.0462,0.111,2.44,-35.69,5.88,84.78,-88.21,-123.86,3.5966480446927376,0.0,52.402440404494385,-1.5013751011235956
,,146.2,,3.0,42.76,18 / 21,214227,2019-09-07 09:16:59:506,-0.6014,0.4023,9.7607,-0.1071,-0.1193,9.8053,0.2297,-0.1377,0.1111,2.25,-35.37,7.38,64.44,-86.31,-147.78,3.5726815642458103,0.0,52.402438764044945,-1.501376191011236
,,146.2,,3.0,42.76,18 / 21,214327,2019-09-07 09:16:59:606,-0.9659,0.9625,10.0485,-0.0008,0.0045,9.8066,0.2203,-0.0893,0.0528,2.13,-34.94,7.0,65.2,-85.0,-153.26,3.548715083798883,0.0,52.40243712359551,-1.5013772808988766
,,146.2,,3.0,42.76,18 / 21,214427,2019-09-07 09:16:59:706,-0.3674,-0.0157,9.7407,-0.0001,0.015,9.8066,0.1272,-0.0748,-0.0169,1.25,-34.69,7.56,53.76,-84.14,-154.51,3.5247486033519553,0.0,52.40243548314607,-1.501378370786517
,,146.2,,3.0,42.76,18 / 21,214527,2019-09-07 09:16:59:806,-0.4523,0.7846,9.7149,0.008,0.0286,9.8065,0.041,-0.0709,0.0355,1.63,-34.62,7.44,71.2,-84.18,-152.47,3.500782122905028,0.0,52.40243384269663,-1.5013794606741575
,,146.2,,3.0,42.76,18 / 21,214627,2019-09-07 09:16:59:906,-0.1003,0.9188,10.1239,-0.0037,-0.0039,9.8066,-0.0338,-0.0704,0.0043,1.13,-35.31,7.38,63.36,-84.18,-151.65,3.4768156424581007,0.0,52.40243220224719,-1.5013805505617979
,,146.2,,3.0,42.76,18 / 21,214727,2019-09-07 09:17:00:006,0.1561,0.231,10.0035,-0.0087,-0.0048,9.8066,-0.0476,-0.0321,0.0033,1.06,-35.12,6.69,63.57,-84.26,-151.1,3.4528491620111734,0.0,52.40243056179776,-1.5013816404494382
,,146.2,,3.0,42.76,18 / 21,214827,2019-09-07 09:17:00:106,-0.3767,0.6013,9.6326,-0.0107,0.0078,9.8066,-0.0258,-0.0194,0.0354,1.5,-34.69,7.25,74.2,-84.26,-149.49,3.428882681564246,0.0,52.40242892134832,-1.5013827303370788
,,146.2,,3.0,42.76,18 / 21,214927,2019-09-07 09:17:00:206,-0.7793,0.8403,9.5742,0.0042,-0.0025,9.8066,0.0073,-0.0517,-0.0379,1.38,-35.0,7.75,58.27,-84.26,-150.73,3.4049162011173184,0.0,52.40242728089888,-1.5013838202247192
,,146.2,,3.0,42.76,18 / 21,215027,2019-09-07 09:17:00:306,0.2453,-0.3016,9.785,0.0107,-0.0315,9.8066,0.0556,-0.0631,-0.1266,1.5,-34.87,6.38,77.21,-84.3,-153.88,3.380949720670391,0.0,52.402425640449444,-1.5013849101123597
,,147.01,,3.0,279.08,17 / 20,215127,2019-09-07 09:17:00:406,0.5376,1.0708,10.4554,0.0126,-0.0021,9.8066,0.1029,0.055,-0.0182,1.81,-34.75,6.44,74.82,-84.25,-156.19,3.356983240223464,0.0,52.402424,-1.501386
,,147.01,,3.0,279.08,17 / 20,215227,2019-09-07 09:17:00:506,-0.7936,-0.1637,10.0876,-0.0252,0.0028,9.8066,0.0694,-0.0434,-0.0587,1.69,-34.81,6.81,68.18,-84.16,-155.01,3.3330167597765366,0.0,52.40242547777778,-1.5013916111111112
,,147.01,,3.0,279.08,17 / 20,215327,2019-09-07 09:17:00:606,-0.4022,-0.0106,9.7118,0.0052,-0.0173,9.8066,-0.0247,-0.0421,0.0606,1.63,-35.31,6.44,75.97,-84.1,-156.2,3.3090502793296093,0.0,52.40242695555556,-1.5013972222222223
,,147.01,,3.0,279.08,17 / 20,215427,2019-09-07 09:17:00:706,1.2047,0.0707,9.6184,-0.0097,-0.0186,9.8066,0.0256,0.0552,-0.0161,1.81,-34.87,6.38,73.37,-84.06,-158.6,3.2850837988826815,0.0,52.402428433333334,-1.5014028333333334
,,147.01,,3.0,279.08,17 / 20,215527,2019-09-07 09:17:00:806,0.3722,0.4676,9.3934,-0.0098,0.0125,9.8066,0.0341,-0.0493,-0.0087,1.5,-34.06,6.5,61.06,-83.96,-160.6,3.2611173184357543,0.0,52.40242991111111,-1.5014084444444447
,,147.01,,3.0,279.08,17 / 20,215627,2019-09-07 09:17:00:906,-0.706,0.7907,10.1789,-0.0299,-0.0041,9.8066,-0.0916,-0.088,0.0311,1.0,-34.81,6.13,65.74,-83.71,-159.12,3.237150837988827,0.0,52.40243138888889,-1.5014140555555557
,,147.01,,3.0,279.08,17 / 20,215727,2019-09-07 09:17:01:006,-0.1504,0.3798,9.6944,0.0085,0.0229,9.8065,-0.0137,-0.022,-0.0783,1.13,-34.94,5.94,68.28,-83.78,-156.87,3.2131843575418997,0.0,52.40243286666667,-1.5014196666666668
,,147.01,,3.0,279.08,17 / 20,215827,2019-09-07 09:17:01:106,-0.2018,0.6599,9.6616,0.0006,-0.0023,9.8066,-0.0101,-0.0733,0.0021,1.38,-34.69,6.06,67.27,-83.84,-157.24,3.189217877094972,0.0,52.40243434444445,-1.501425277777778
,,147.01,,3.0,279.08,17 / 20,215927,2019-09-07 09:17:01:206,-0.0517,-0.7686,9.5539,-0.0169,-0.0229,9.8065,0.0016,-0.0892,0.0604,1.0,-35.81,6.25,69.81,-83.73,-157.36,3.1652513966480447,0.0,52.40243582222222,-1.501430888888889
,,147.01,,3.0,279.08,17 / 20,216028,2019-09-07 09:17:01:307,0.0004,1.3728,9.9218,-0.0179,-0.0149,9.8065,-0.0354,0.0324,-0.0264,0.56,-34.81,5.75,68.88,-83.44,-158.77,3.1412849162011174,0.0,52.4024373,-1.5014365
,,147.01,,3.0,279.08,17 / 20,216128,2019-09-07 09:17:01:407,-0.1949,0.3772,9.7581,0.0117,0.0147,9.8066,0.0162,-0.0211,0.0663,1.13,-35.0,6.69,58.6,-83.42,-158.8,3.11731843575419,0.0,52.40243877777778,-1.5014421111111111
,,147.01,,3.0,279.08,17 / 20,216227,2019-09-07 09:17:01:506,-0.1998,0.5166,9.8864,-0.0039,-0.0045,9.8066,0.0129,-0.0518,0.03,0.94,-35.5,6.13,70.4,-83.4,-157.99,3.093351955307263,0.0,52.40244025555556,-1.5014477222222222
,,147.01,,3.0,279.08,17 / 20,216327,2019-09-07 09:17:01:606,-0.3423,0.8376,10.0404,-0.0091,0.0042,9.8066,0.0168,-0.0816,0.0214,0.94,-35.12,5.81,71.59,-83.27,-158.06,3.069385474860335,0.0,52.40244173333333,-1.5014533333333335
,,147.01,,3.0,279.08,17 / 20,216427,2019-09-07 09:17:01:706,0.2489,0.3501,9.8712,-0.0067,-0.0043,9.8065,-0.0128,-0.0301,0.0255,1.44,-34.44,6.25,68.4,-83.1,-160.15,3.045418994413408,0.0,52.40244321111111,-1.5014589444444446
,,147.01,,3.0,279.08,17 / 20,216528,2019-09-07 09:17:01:807,0.2452,0.6157,9.7449,-0.0063,-0.003,9.8066,0.0498,-0.0004,-0.032,1.06,-35.06,5.88,72.93,-82.91,-159.81,3.0214525139664805,0.0,52.40244468888889,-1.5014645555555557
,,147.01,,3.0,279.08,17 / 20,216627,2019-09-07 09:17:01:906,0.144,0.3902,9.9397,-0.0144,0.0105,9.8065,0.0026,-0.0502,0.0579,1.13,-34.94,6.19,74.84,-82.6,-160.9,2.9974860335195532,0.0,52.40244616666667,-1.5014701666666668
,,147.01,,3.0,279.08,17 / 20,216728,2019-09-07 09:17:02:007,0.0003,0.7738,9.9579,-0.0248,-0.0079,9.8065,-0.0425,-0.033,0.0037,1.0,-34.5,5.69,74.55,-82.34,-161.42,2.973519553072626,0.0,52.40244764444445,-1.5014757777777779
,,147.01,,3.0,279.08,17 / 20,216827,2019-09-07 09:17:02:106,0.5789,0.3598,9.5012,0.001,-0.0106,9.8066,-0.0073,-0.0103,-0.0498,0.81,-35.12,6.25,76.32,-82.31,-162.21,2.949553072625698,0.0,52.40244912222222,-1.501481388888889
,,147.01,,3.0,279.08,17 / 20,216927,2019-09-07 09:17:02:206,-0.2503,0.8868,10.2164,0.1566,0.0588,9.8052,0.441,-0.0602,-0.0999,1.0,-35.75,6.0,73.79,-83.23,-158.14,2.925586592178771,0.0,52.4024506,-1.501487
,,147.01,,3.0,279.08,17 / 20,217027,2019-09-07 09:17:02:306,0.799,-0.1271,9.6607,0.0583,-0.0113,9.8064,-0.0509,0.0118,-0.0216,1.25,-34.81,5.38,98.04,-82.19,-162.02,2.9016201117318436,0.0,52.40245207777778,-1.5014926111111113
,,147.01,,3.0,279.08,19 / 22,217127,2019-09-07 09:17:02:406,-0.2426,0.6114,9.8489,0.0288,0.0214,9.8065,0.0693,-0.0383,-0.0075,1.0,-34.75,6.25,75.18,-82.5,-161.49,2.8776536312849164,0.0,52.40245355555556,-1.5014982222222224
,,147.01,,3.0,279.08,19 / 22,217227,2019-09-07 09:17:02:506,0.0499,0.0959,9.7338,-0.0258,-0.0166,9.8066,0.0723,-0.0395,-0.0092,1.0,-35.56,5.63,80.92,-82.23,-161.53,2.853687150837989,0.0,52.40245503333334,-1.5015038333333335
,,147.01,,3.0,279.08,19 / 22,217327,2019-09-07 09:17:02:606,0.8716,0.7899,10.0482,-0.0201,-0.0064,9.8066,-0.0288,-0.0522,0.0031,0.94,-35.62,6.06,81.42,-82.22,-161.2,2.8297206703910613,0.0,52.40245651111111,-1.5015094444444446
,,147.01,,3.0,279.08,19 / 22,217427,2019-09-07 09:17:02:706,0.4538,0.2521,9.9632,-0.0031,-0.0014,9.8066,0.0092,-0.0251,0.0099,0.63,-34.87,5.94,79.43,-82.19,-161.03,2.805754189944134,0.0,52.40245798888889,-1.5015150555555556
,,147.01,,3.0,279.08,19 / 22,217527,2019-09-07 09:17:02:806,0.556,1.1995,10.2091,-0.0048,0.0046,9.8066,0.0425,-0.0012,-0.0047,1.06,-35.19,5.63,81.5,-82.02,-160.91,2.7817877094972068,0.0,52.40245946666667,-1.5015206666666667
,,147.01,,3.0,279.08,19 / 22,217627,2019-09-07 09:17:02:906,1.6281,0.5824,9.1876,0.0241,0.004,9.8066,-0.1911,0.0139,0.0308,1.31,-35.25,5.38,101.73,-81.95,-161.21,2.7578212290502795,0.0,52.40246094444445,-1.5015262777777778
,,147.01,,3.0,279.08,19 / 22,217728,2019-09-07 09:17:03:007,-0.3433,0.1897,10.0093,-0.0255,-0.0022,9.8065,-0.1079,0.0576,-0.011,1.0,-35.0,5.63,82.15,-81.94,-161.16,2.733854748603352,0.0,52.40246242222223,-1.5015318888888889
,,147.01,,3.0,279.08,19 / 22,217827,2019-09-07 09:17:03:106,1.8117,0.4781,9.7592,0.0424,0.0175,9.8065,0.1415,0.0003,0.0338,0.94,-34.75,5.75,86.24,-81.58,-161.44,2.7098882681564245,0.0,52.4024639,-1.5015375000000002
,,147.01,,3.0,279.08,19 / 22,217929,2019-09-07 09:17:03:208,0.2208,0.2598,10.1685,0.0258,0.02,9.8066,0.1247,0.0066,0.0124,0.75,-35.06,5.75,86.63,-81.54,-161.52,2.685921787709497,0.0,52.40246537777778,-1.5015431111111113
,,147.01,,3.0,279.08,19 / 22,218027,2019-09-07 09:17:03:306,0.4192,0.776,10.018,-0.0375,-0.005,9.8066,0.0071,0.0413,-0.0069,1.25,-35.44,6.19,89.47,-81.34,-161.22,2.66195530726257,0.0,52.40246685555556,-1.5015487222222224
,,147.01,,3.0,279.08,17 / 21,218128,2019-09-07 09:17:03:407,0.4831,0.4563,9.3626,-0.0168,-0.0003,9.8066,0.0358,-0.0503,0.0518,0.31,-35.06,5.56,80.93,-81.31,-160.84,2.6379888268156426,0.0,52.40246833333334,-1.5015543333333334
,,147.01,,3.0,279.08,17 / 21,218227,2019-09-07 09:17:03:506,0.8852,0.4279,9.4802,0.0016,0.01,9.8066,-0.0407,-0.0422,0.0081,1.06,-35.44,6.0,91.27,-81.26,-160.31,2.6140223463687153,0.0,52.40246981111111,-1.5015599444444445
,,147.01,,3.0,279.08,17 / 21,218327,2019-09-07 09:17:03:606,0.3689,0.5031,9.8409,-0.0052,0.0002,9.8066,-0.0302,-0.0754,0.0014,0.38,-36.06,5.0,116.65,-81.2,-159.6,2.5900558659217876,0.0,52.40247128888889,-1.5015655555555556
,,147.01,,3.0,279.08,17 / 21,218427,2019-09-07 09:17:03:706,1.4307,0.4092,10.0686,0.0115,0.0072,9.8066,-0.0112,-0.0497,-0.0137,0.44,-35.31,4.81,113.5,-81.14,-158.97,2.5660893854748603,0.0,52.40247276666667,-1.5015711666666667
,,147.01,,3.0,279.08,17 / 21,218528,2019-09-07 09:17:03:807,0.547,0.4164,9.8601,0.0041,0.0074,9.8066,0.0095,-0.0493,-0.0152,0.5,-35.0,5.56,94.47,-81.16,-158.06,2.542122905027933,0.0,52.40247424444445,-1.501576777777778
,,147.01,,3.0,279.08,17 / 21,218627,2019-09-07 09:17:03:906,0.2587,0.3779,9.4165,-0.01,-0.0001,9.8065,-0.0545,-0.0648,0.0108,0.06,-35.44,6.0,88.66,-81.09,-157.41,2.5181564245810057,0.0,52.40247572222223,-1.501582388888889
,,147.01,,3.0,279.08,17 / 21,218727,2019-09-07 09:17:04:006,1.2626,0.4397,9.8639,-0.014,-0.0026,9.8066,-0.0456,-0.0043,-0.0196,0.31,-35.87,5.63,93.42,-81.04,-157.37,2.4941899441340785,0.0,52.4024772,-1.5015880000000001
,,147.01,,3.0,279.08,17 / 21,218827,2019-09-07 09:17:04:106,1.564,-0.5307,9.4918,0.0047,-0.0091,9.8066,0.017,-0.0157,-0.0068,0.06,-35.75,5.44,118.61,-81.04,-157.58,2.4702234636871507,0.0,52.40247867777778,-1.5015936111111112
,,147.01,,3.0,279.08,17 / 21,218927,2019-09-07 09:17:04:206,1.1794,0.3663,9.9932,-0.0048,0.0009,9.8066,-0.0377,-0.001,0.0144,-0.25,-34.69,5.25,115.46,-81.01,-158.07,2.4462569832402234,0.0,52.40248015555556,-1.5015992222222223
,,147.01,,3.0,279.08,17 / 21,219027,2019-09-07 09:17:04:306,0.6299,-0.255,9.8884,0.0037,-0.0002,9.8066,0.0574,0.0135,0.0072,0.94,-35.62,6.13,99.3,-80.98,-157.98,2.422290502793296,0.0,52.40248163333334,-1.5016048333333334
,,147.01,,3.0,279.08,17 / 20,219127,2019-09-07 09:17:04:406,0.8824,-0.0583,9.7844,0.0004,0.0102,9.8066,0.0193,0.0111,0.029,0.63,-35.25,5.13,114.72,-80.98,-157.36,2.398324022346369,0.0,52.40248311111112,-1.5016104444444445
,,147.01,,3.0,279.08,17 / 20,219227,2019-09-07 09:17:04:506,1.0336,0.1337,9.915,-0.001,0.0055,9.8066,-0.0031,0.016,0.0002,0.19,-36.44,5.19,120.32,-80.9,-156.43,2.3743575418994416,0.0,52.40248458888889,-1.5016160555555556
,,147.01,,3.0,279.08,17 / 20,219327,2019-09-07 09:17:04:606,0.5904,0.3997,9.6139,-0.0047,0.014,9.8066,0.0213,0.0447,-0.0135,0.81,-35.25,5.25,116.04,-80.88,-155.8,2.350391061452514,0.0,52.40248606666667,-1.5016216666666669
,,147.01,,3.0,279.08,17 / 20,219427,2019-09-07 09:17:04:706,0.6884,-0.1432,9.5374,0.0068,0.0038,9.8066,-0.0053,0.028,-0.0261,0.88,-35.0,5.75,99.33,-80.89,-155.59,2.3264245810055866,0.0,52.40248754444445,-1.501627277777778
,,147.01,,3.0,279.08,17 / 20,219527,2019-09-07 09:17:04:806,0.6128,0.1061,10.0899,-0.0022,0.0036,9.8066,0.0162,0.0219,-0.019,0.69,-35.62,6.31,102.0,-80.9,-155.2,2.3024581005586593,0.0,52.40248902222223,-1.501632888888889
,,147.01,,3.0,279.08,17 / 20,219628,2019-09-07 09:17:04:907,0.6493,0.2188,10.1642,-0.0038,-0.0012,9.8066,0.0027,0.0254,0.0086,0.25,-35.94,5.81,96.82,-80.93,-154.97,2.278491620111732,0.0,52.402490500000006,-1.5016385
,,147.01,,3.0,279.08,17 / 20,219727,2019-09-07 09:17:05:006,0.7444,0.0352,9.6998,-0.0034,0.0046,9.8066,0.0156,0.0227,0.01,0.69,-35.62,6.0,102.31,-80.9,-154.74,2.2545251396648047,0.0,52.40249197777778,-1.5016441111111112
,,147.01,,3.0,279.08,17 / 20,219827,2019-09-07 09:17:05:106,0.6942,0.6004,10.1242,-0.0084,0.0093,9.8066,0.0196,0.0176,0.0121,0.5,-35.12,6.13,101.29,-80.81,-153.94,2.230558659217877,0.0,52.40249345555556,-1.5016497222222223
,,147.01,,3.0,279.08,17 / 20,219927,2019-09-07 09:17:05:206,0.5683,0.3594,10.0148,-0.004,0.0098,9.8066,0.0043,0.0209,0.0163,0.44,-35.62,6.19,99.85,-80.79,-153.38,2.2065921787709497,0.0,52.40249493333334,-1.5016553333333333
,,147.01,,3.0,279.08,17 / 20,220027,2019-09-07 09:17:05:306,0.7032,0.2385,9.7735,-0.0043,-0.0012,9.8066,0.0013,0.0208,-0.0161,0.44,-35.75,5.94,100.53,-80.75,-153.1,2.1826256983240224,0.0,52.402496411111116,-1.5016609444444446
,,147.01,,3.0,279.08,18 / 21,220127,2019-09-07 09:17:05:406,0.7585,0.0495,10.0106,-0.0094,-0.0087,9.8066,-0.0129,-0.0106,0.0053,0.31,-36.12,5.94,100.9,-80.7,-153.65,2.158659217877095,0.0,52.40249788888889,-1.5016665555555557
,,147.01,,3.0,279.08,18 / 21,220228,2019-09-07 09:17:05:507,0.0741,0.3335,9.4734,0.0078,0.0001,9.8066,0.0637,-0.0041,0.011,0.25,-35.31,6.06,97.65,-80.69,-153.53,2.134692737430168,0.0,52.40249936666667,-1.5016721666666668
,,147.01,,3.0,279.08,18 / 21,220327,2019-09-07 09:17:05:606,0.5539,0.191,9.5701,-0.0009,-0.0095,9.8066,-0.0028,-0.0083,-0.0025,1.0,-35.12,6.0,101.88,-80.75,-153.85,2.11072625698324,0.0,52.40250084444445,-1.501677777777778
,,147.01,,3.0,279.08,18 / 21,220427,2019-09-07 09:17:05:706,0.7605,0.1193,9.9425,-0.0091,-0.0029,9.8066,-0.0018,0.0047,0.0155,1.19,-35.75,6.0,104.36,-80.72,-154.29,2.086759776536313,0.0,52.402502322222226,-1.501683388888889
,,147.01,,3.0,279.08,18 / 21,220527,2019-09-07 09:17:05:806,0.7612,0.3908,9.7141,0.0013,-0.0031,9.8066,0.0018,0.0175,0.0027,0.56,-36.0,6.5,89.73,-80.75,-154.44,2.0627932960893856,0.0,52.402503800000005,-1.501689
,,147.01,,3.0,279.08,18 / 21,220627,2019-09-07 09:17:05:906,0.4874,0.0822,9.3876,0.0069,0.0065,9.8066,-0.0054,0.002,0.0173,1.06,-35.37,6.19,101.82,-80.72,-154.31,2.0388268156424583,0.0,52.40250527777778,-1.5016946111111111
,,147.01,,3.0,279.08,18 / 21,220727,2019-09-07 09:17:06:006,0.1409,0.0176,9.4809,0.0089,0.0068,9.8066,0.0463,0.0202,-0.0048,0.38,-35.12,6.44,96.7,-80.76,-153.67,2.014860335195531,0.0,52.40250675555556,-1.5017002222222222
,,147.01,,3.0,279.08,18 / 21,220827,2019-09-07 09:17:06:106,0.9476,0.5793,10.163,-0.0006,-0.0011,9.8066,-0.0008,0.0149,-0.0033,0.44,-35.69,7.0,82.44,-80.76,-153.7,1.9908938547486035,0.0,52.402508233333336,-1.5017058333333335
,,147.01,,3.0,279.08,18 / 21,220928,2019-09-07 09:17:06:207,0.3462,0.1879,10.012,0.0043,0.0008,9.8066,-0.0072,-0.0182,0.0097,1.0,-35.37,6.88,87.81,-80.79,-153.67,1.966927374301676,0.0,52.402509711111115,-1.5017114444444446
,,147.01,,3.0,279.08,18 / 21,221027,2019-09-07 09:17:06:306,0.9695,0.2096,9.7279,0.0089,0.0051,9.8065,0.0317,-0.0131,-0.0147,0.44,-36.19,6.44,99.9,-80.78,-153.53,1.9429608938547487,0.0,52.402511188888894,-1.5017170555555557
,,147.01,,3.0,279.08,18 / 21,221127,2019-09-07 09:17:06:406,0.3392,0.4962,9.8082,0.0045,0.0072,9.8065,-0.0065,0.01,-0.0193,-0.12,-36.37,5.88,99.65,-80.83,-152.96,1.9189944134078212,0.0,52.40251266666667,-1.5017226666666668
,,147.01,,3.0,279.08,18 / 21,221227,2019-09-07 09:17:06:506,0.976,0.2326,9.5925,0.0088,0.0033,9.8066,-0.0232,-0.0058,0.004,0.38,-35.12,5.69,95.54,-80.91,-152.67,1.895027932960894,0.0,52.402514144444446,-1.5017282777777778
,,147.01,,3.0,279.08,18 / 21,221328,2019-09-07 09:17:06:607,0.5901,0.5127,9.8136,0.0066,0.0086,9.8066,0.0245,-0.0016,-0.0064,0.13,-35.0,6.0,95.92,-80.9,-152.28,1.8710614525139666,0.0,52.402515622222225,-1.501733888888889
,,147.01,,3.0,279.08,18 / 21,221427,2019-09-07 09:17:06:706,0.6178,0.1314,9.3585,0.0042,-0.0046,9.8066,0.0507,0.0026,0.0058,0.56,-35.0,6.19,101.17,-80.93,-152.43,1.847094972067039,0.0,52.402517100000004,-1.5017395
,,147.01,,3.0,279.08,18 / 21,221527,2019-09-07 09:17:06:806,0.7185,0.5764,9.8408,-0.0076,-0.0015,9.8066,0.0031,0.0076,0.0015,0.38,-35.62,6.38,98.74,-80.91,-152.71,1.8231284916201118,0.0,52.402518577777776,-1.5017451111111113
,,147.01,,3.0,279.08,18 / 21,221627,2019-09-07 09:17:06:906,0.96,0.0118,9.8827,0.0155,-0.0028,9.8065,-0.0165,-0.0013,-0.0042,0.69,-36.06,5.94,103.11,-80.94,-152.9,1.7991620111731843,0.0,52.402520055555556,-1.5017507222222224
,,147.01,,3.0,279.08,18 / 21,221727,2019-09-07 09:17:07:006,1.1024,0.0679,9.9207,0.0043,0.0067,9.8066,0.0017,0.0045,0.0093,0.38,-35.87,5.69,96.46,-81.09,-152.63,1.775195530726257,0.0,52.402521533333335,-1.5017563333333335
,,147.01,,3.0,279.08,18 / 21,221827,2019-09-07 09:17:07:106,1.0386,0.2203,9.8811,-0.0058,0.004,9.8066,0.0048,0.0026,-0.0094,0.19,-35.12,5.75,94.29,-81.05,-152.06,1.7512290502793297,0.0,52.402523011111114,-1.5017619444444446
,,147.01,,3.0,279.08,18 / 21,221927,2019-09-07 09:17:07:206,1.0121,0.3474,9.5732,0.0044,0.0064,9.8065,-0.0052,-0.0048,0.0053,0.44,-35.37,6.13,94.52,-81.06,-151.6,1.7272625698324022,0.0,52.40252448888889,-1.5017675555555556
,,147.01,,3.0,279.08,18 / 21,222028,2019-09-07 09:17:07:307,0.9231,0.3814,10.085,0.0017,-0.0003,9.8066,0.0013,0.0023,-0.0237,0.69,-35.5,6.38,101.05,-81.04,-151.09,1.703296089385475,0.0,52.402525966666666,-1.5017731666666667
,,147.01,,3.0,279.08,17 / 20,222127,2019-09-07 09:17:07:406,1.0257,0.3494,10.1718,-0.0015,0.0013,9.8066,0.014,-0.002,-0.0178,0.69,-35.87,6.19,103.09,-81.07,-151.09,1.6793296089385474,0.0,52.402527444444445,-1.5017787777777778
,,147.01,,3.0,279.08,17 / 20,222228,2019-09-07 09:17:07:507,0.9771,0.0151,9.999,0.0058,-0.0038,9.8066,-0.0257,0.0019,-0.0014,0.5,-36.25,6.44,102.92,-81.09,-151.13,1.6553631284916202,0.0,52.402528922222224,-1.5017843888888889
,,147.01,,3.0,279.08,17 / 20,222327,2019-09-07 09:17:07:606,0.605,0.3881,9.7464,-0.0025,0.002,9.8066,-0.0121,-0.0008,0.0181,0.63,-35.56,6.38,101.95,-81.2,-150.98,1.6313966480446929,0.0,52.4025304,-1.5017900000000002
,,147.01,,3.0,279.08,17 / 20,222427,2019-09-07 09:17:07:706,0.8187,0.1627,9.7204,0.0077,0.0009,9.8066,0.0179,-0.0066,0.003,0.81,-35.81,6.13,101.5,-81.27,-150.66,1.6074301675977654,0.0,52.40253187777778,-1.5017956111111113
,,147.01,,3.0,279.08,17 / 20,222527,2019-09-07 09:17:07:806,0.726,0.4296,10.0185,0.0026,0.0033,9.8066,0.0033,-0.0072,0.0046,0.31,-35.25,6.0,92.85,-81.28,-150.42,1.583463687150838,0.0,52.402533355555555,-1.5018012222222223
,,147.01,,3.0,279.08,17 / 20,222628,2019-09-07 09:17:07:907,0.6804,0.0323,9.5457,0.0044,-0.0037,9.8065,-0.0066,0.0092,0.0019,0.5,-35.25,6.25,99.1,-81.31,-150.46,1.5594972067039106,0.0,52.402534833333334,-1.5018068333333334
,,147.01,,3.0,279.08,17 / 20,222727,2019-09-07 09:17:08:006,1.1461,0.3778,9.946,0.0247,0.0121,9.8066,-0.0296,-0.0119,0.0091,0.31,-35.56,6.25,93.61,-81.5,-149.78,1.5355307262569833,0.0,52.40253631111111,-1.5018124444444445
,,147.01,,3.0,279.08,17 / 20,222828,2019-09-07 09:17:08:107,0.5541,0.4012,9.9427,0.0058,0.0057,9.8066,0.041,-0.0021,-0.0419,0.31,-35.81,6.44,94.24,-81.46,-149.64,1.511564245810056,0.0,52.40253778888889,-1.5018180555555556
,,147.01,,3.0,279.08,17 / 20,222928,2019-09-07 09:17:08:207,0.7306,0.5349,10.0579,-0.0128,-0.0145,9.8066,0.0192,0.0039,-0.0411,0.69,-35.87,6.69,88.63,-81.38,-150.03,1.4875977653631285,0.0,52.40253926666667,-1.5018236666666667
,,147.01,,3.0,279.08,17 / 20,223028,2019-09-07 09:17:08:307,0.5917,-0.0711,9.7226,0.0049,0.003,9.8066,-0.0385,-0.0021,0.0248,0.0,-35.94,6.19,94.32,-81.43,-149.99,1.4636312849162012,0.0,52.402540744444444,-1.501829277777778
,,147.01,,3.0,279.08,19 / 22,223128,2019-09-07 09:17:08:407,0.882,0.4938,9.8395,0.0051,0.0027,9.8066,-0.028,-0.0105,0.0298,0.5,-36.25,5.88,100.13,-81.49,-149.82,1.4396648044692737,0.0,52.40254222222222,-1.501834888888889
,,147.01,,3.0,279.08,19 / 22,223228,2019-09-07 09:17:08:507,0.7172,0.3063,10.0124,-0.0088,-0.0067,9.8066,-0.0264,-0.0262,0.0219,0.06,-35.25,6.19,89.92,-81.61,-149.4,1.4156983240223464,0.0,52.4025437,-1.5018405000000001
,,147.01,,3.0,279.08,19 / 22,223327,2019-09-07 09:17:08:606,0.7155,0.2789,10.0383,0.0301,0.0201,9.8065,0.0068,-0.0104,0.0112,0.5,-35.44,5.56,96.3,-81.83,-148.29,1.3917318435754191,0.0,52.40254517777778,-1.5018461111111112
,,147.01,,3.0,279.08,19 / 22,223427,2019-09-07 09:17:08:706,0.7949,0.486,9.7329,0.0106,0.0101,9.8066,-0.0876,-0.0259,0.008,0.06,-35.56,5.25,107.41,-81.98,-147.69,1.3677653631284916,0.0,52.402546655555554,-1.5018517222222223
,,147.01,,3.0,279.08,19 / 22,223528,2019-09-07 09:17:08:807,0.2884,0.2529,9.9442,-0.0521,-0.0487,9.8063,0.09,0.0029,-0.009,0.38,-34.94,6.19,88.64,-81.74,-149.25,1.3437988826815643,0.0,52.40254813333333,-1.5018573333333334
,,147.01,,3.0,279.08,19 / 22,223627,2019-09-07 09:17:08:906,0.8497,0.07,9.7008,-0.0041,0.0034,9.8066,-0.0358,0.0034,-0.0261,0.56,-35.44,6.19,96.38,-81.7,-149.54,1.3198324022346368,0.0,52.40254961111111,-1.5018629444444445
,,147.01,,3.0,279.08,19 / 22,223727,2019-09-07 09:17:09:006,0.8149,0.4704,9.8047,-0.0011,0.0006,9.8066,-0.0245,-0.0204,-0.0172,0.88,-35.19,6.81,85.04,-81.7,-149.17,1.2958659217877095,0.0,52.40255108888889,-1.5018685555555555
,,147.01,,3.0,279.08,19 / 22,223827,2019-09-07 09:17:09:106,0.5686,0.2134,9.7955,0.0086,0.0015,9.8066,0.0248,-0.0104,-0.0083,0.63,-35.12,6.19,96.59,-81.73,-148.98,1.271899441340782,0.0,52.40255256666667,-1.5018741666666668
,,147.01,,3.0,279.08,19 / 22,223927,2019-09-07 09:17:09:206,0.1654,0.3222,9.7475,0.0062,0.004,9.8066,-0.0022,0.0029,-0.0227,0.69,-35.62,6.81,86.19,-81.81,-148.94,1.2479329608938547,0.0,52.40255404444444,-1.501879777777778
,,147.01,,3.0,279.08,19 / 22,224027,2019-09-07 09:17:09:306,0.4259,0.2355,9.9136,0.0,-0.001,9.8066,-0.0154,-0.013,-0.0259,0.5,-35.06,6.5,83.86,-81.85,-149.13,1.2239664804469275,0.0,52.40255552222222,-1.501885388888889
,,147.77,1.2,3.0,290.23,19 / 22,224128,2019-09-07 09:17:09:407,0.8013,0.3262,10.0103,0.0029,-0.0006,9.8066,0.009,0.0069,0.014,0.31,-35.5,6.38,87.21,-81.87,-149.18,1.2,0.0,52.402557,-1.501891
,,147.77,,3.0,290.23,19 / 22,224227,2019-09-07 09:17:09:506,0.3589,0.004,9.6125,-0.0156,-0.0074,9.8065,-0.0421,0.0213,-0.009,0.13,-36.19,5.81,87.05,-82.34,-146.7,1.2114444444444443,0.0,52.40255811111111,-1.5018924444444446
,,147.77,,3.0,290.23,19 / 22,224327,2019-09-07 09:17:09:606,0.4145,0.2636,9.7248,0.0112,0.0134,9.8066,-0.0161,0.0184,0.0303,0.44,-35.75,5.56,86.47,-82.51,-145.5,1.222888888888889,0.0,52.40255922222222,-1.501893888888889
,,147.77,,3.0,290.23,19 / 22,224427,2019-09-07 09:17:09:706,0.5894,0.3053,9.8471,0.0226,0.0263,9.8065,-0.0057,-0.0312,0.0398,0.19,-36.56,5.63,88.97,-82.52,-145.06,1.2343333333333333,0.0,52.402560333333334,-1.5018953333333334
,,147.77,,3.0,290.23,19 / 22,224528,2019-09-07 09:17:09:807,-0.1005,1.0053,10.0637,-0.0088,-0.0061,9.8066,0.2373,0.0021,0.0016,0.69,-35.69,5.56,95.29,-82.59,-144.2,1.2457777777777777,0.0,52.402561444444444,-1.5018967777777779
,,147.77,,3.0,290.23,19 / 22,224627,2019-09-07 09:17:09:906,0.2051,-0.0652,10.0921,0.04,0.0027,9.8065,0.36,-0.0519,0.0057,0.69,-35.75,5.69,97.58,-81.9,-148.45,1.2572222222222222,0.0,52.402562555555555,-1.5018982222222224
,,147.77,,3.0,290.23,19 / 22,224728,2019-09-07 09:17:10:007,0.3643,0.0159,10.1012,0.066,0.0156,9.8063,0.2727,0.0038,-0.0364,0.25,-35.19,5.88,85.11,-82.17,-147.95,1.2686666666666666,0.0,52.402563666666666,-1.5018996666666669
,,147.77,,3.0,290.23,19 / 22,224833,2019-09-07 09:17:10:112,0.062,-0.1195,9.8596,-0.0497,-0.0302,9.8064,-0.1006,0.0194,0.0053,0.13,-35.19,5.31,104.56,-81.91,-149.67,1.280111111111111,0.0,52.402564777777776,-1.5019011111111111
,,147.77,,3.0,290.23,19 / 22,224927,2019-09-07 09:17:10:206,0.4417,0.2926,9.8087,-0.0343,-0.0237,9.8065,-0.0285,0.0073,0.0092,0.25,-35.5,5.88,86.17,-81.93,-149.51,1.2915555555555556,0.0,52.40256588888889,-1.5019025555555556
,,147.77,,3.0,290.23,19 / 22,225027,2019-09-07 09:17:10:306,0.5351,0.2035,9.6647,0.0061,0.0043,9.8066,-0.0453,-0.0187,0.0101,0.81,-35.44,6.5,82.61,-81.99,-149.28,1.303,0.0,52.402567,-1.5019040000000001
,,147.77,,3.0,290.23,19 / 22,225127,2019-09-07 09:17:10:406,0.2686,0.2416,9.6558,-0.0018,-0.0013,9.8066,-0.0633,0.0057,0.0059,0.69,-35.37,5.81,94.06,-81.99,-149.2,1.3144444444444443,0.0,52.402568111111115,-1.5019054444444446
,,147.77,,3.0,290.23,19 / 22,225228,2019-09-07 09:17:10:507,-0.1159,-0.1607,9.9286,0.0071,0.0043,9.8066,0.0501,0.0157,0.0006,0.31,-35.06,6.13,85.37,-82.0,-149.42,1.325888888888889,0.0,52.402569222222226,-1.501906888888889
,,147.77,,3.0,290.23,19 / 22,225327,2019-09-07 09:17:10:606,-0.2597,-0.1464,9.8479,0.0067,0.0029,9.8066,0.0428,-0.0115,-0.0123,0.31,-34.81,6.13,85.01,-82.04,-149.34,1.3373333333333333,0.0,52.40257033333334,-1.5019083333333334
,,147.77,,3.0,290.23,19 / 22,225428,2019-09-07 09:17:10:707,-0.4343,-0.4516,9.928,-0.007,-0.0064,9.8066,-0.0002,-0.0144,0.0084,0.69,-34.87,6.38,93.51,-82.03,-149.44,1.3487777777777776,0.0,52.40257144444445,-1.501909777777778
,,147.77,,3.0,290.23,19 / 22,225527,2019-09-07 09:17:10:806,-0.0538,-0.2781,9.8394,-0.0029,-0.0039,9.8066,0.0142,0.0107,0.003,0.31,-35.19,6.56,72.61,-81.97,-149.79,1.3602222222222222,0.0,52.40257255555556,-1.5019112222222224
,,147.77,,3.0,290.23,19 / 22,225627,2019-09-07 09:17:10:906,-0.4805,-0.1535,9.9445,0.0016,0.0009,9.8066,-0.0093,-0.004,0.0111,1.19,-35.06,6.63,82.31,-81.97,-149.71,1.3716666666666666,0.0,52.40257366666667,-1.5019126666666667
,,147.77,,3.0,290.23,19 / 22,225727,2019-09-07 09:17:11:006,-0.6238,-0.4865,9.9354,0.0028,0.003,9.8066,0.0,0.0086,0.0214,0.56,-35.5,6.63,82.26,-81.99,-149.58,1.383111111111111,0.0,52.40257477777778,-1.5019141111111112
,,147.77,,3.0,290.23,19 / 22,225827,2019-09-07 09:17:11:106,-0.3615,-0.4188,9.8167,0.0033,0.0025,9.8066,0.0099,-0.0038,-0.0028,0.56,-35.69,7.06,83.85,-82.02,-149.51,1.3945555555555555,0.0,52.40257588888889,-1.5019155555555557
,,147.77,,3.0,290.23,19 / 22,225927,2019-09-07 09:17:11:206,-0.6851,-0.4982,9.9736,0.0038,-0.0006,9.8066,0.015,-0.0229,-0.0162,0.63,-35.31,6.13,93.26,-82.06,-149.43,1.406,0.0,52.402577,-1.5019170000000002
,,147.77,,3.0,290.23,19 / 22,226027,2019-09-07 09:17:11:306,-0.1876,-0.3033,9.9484,-0.001,-0.0043,9.8066,-0.0116,-0.0082,0.018,0.31,-35.37,5.81,84.23,-82.1,-149.46,1.4174444444444445,0.0,52.40257811111111,-1.5019184444444444
,,147.77,,3.0,290.23,17 / 21,226127,2019-09-07 09:17:11:406,-0.6318,-0.3673,9.8985,-0.0012,-0.0004,9.8066,-0.0293,0.0145,-0.022,0.56,-35.56,6.44,94.64,-82.12,-149.52,1.4288888888888889,0.0,52.40257922222222,-1.501919888888889
,,147.77,,3.0,290.23,17 / 21,226228,2019-09-07 09:17:11:507,-0.5513,-0.2505,9.837,0.0021,0.0013,9.8066,0.0104,-0.0182,0.0079,0.56,-35.62,5.94,94.25,-82.17,-149.41,1.4403333333333332,0.0,52.40258033333333,-1.5019213333333334
,,147.77,,3.0,290.23,17 / 21,226330,2019-09-07 09:17:11:609,-0.2464,-0.2625,9.9387,0.0047,0.0005,9.8066,0.0158,0.008,0.017,0.75,-36.06,6.06,93.81,-82.22,-149.36,1.4517777777777778,0.0,52.40258144444444,-1.501922777777778
,,147.77,,3.0,290.23,17 / 21,226427,2019-09-07 09:17:11:706,-0.5434,-0.3947,9.9054,-0.0018,-0.0029,9.8066,0.005,0.0116,-0.0053,0.44,-35.25,6.31,82.81,-82.24,-149.29,1.4632222222222222,0.0,52.402582555555554,-1.5019242222222222
,,147.77,,3.0,290.23,17 / 21,226527,2019-09-07 09:17:11:806,-0.877,-0.5886,9.8658,0.0018,-0.0076,9.8066,0.0002,-0.0056,-0.0353,0.31,-35.75,6.19,84.4,-82.27,-149.78,1.4746666666666666,0.0,52.402583666666665,-1.5019256666666667
,,147.77,,3.0,290.23,17 / 21,226627,2019-09-07 09:17:11:906,0.2889,-0.2854,9.8427,0.0093,-0.001,9.8066,0.0066,0.0029,-0.0389,0.44,-35.5,7.19,68.44,-82.35,-150.33,1.4861111111111112,0.0,52.402584777777776,-1.5019271111111112
,,147.77,,3.0,290.23,17 / 21,226727,2019-09-07 09:17:12:006,-1.1124,-1.6061,10.0374,0.0,-0.0103,9.8066,-0.0248,0.0321,-0.036,0.94,-35.06,7.31,77.01,-82.41,-151.19,1.4975555555555555,0.0,52.402585888888886,-1.5019285555555557
,,147.77,,3.0,290.23,17 / 21,226827,2019-09-07 09:17:12:106,-1.6584,-2.4804,9.8505,0.0013,-0.0001,9.8065,0.068,0.0634,-0.0085,1.19,-34.75,6.69,76.09,-82.41,-151.95,1.509,0.0,52.402587,-1.50193
,,147.77,,3.0,290.23,17 / 21,226927,2019-09-07 09:17:12:206,-1.2092,-1.6161,9.9926,-0.006,-0.0039,9.8065,0.0597,0.0592,0.0141,1.0,-34.87,6.81,76.61,-82.27,-152.43,1.5204444444444445,0.0,52.402588111111115,-1.5019314444444445
,,147.77,,3.0,290.23,17 / 21,227027,2019-09-07 09:17:12:306,-1.7066,-2.2067,9.7849,-0.011,-0.004,9.8066,-0.0042,0.0944,-0.0137,1.25,-34.25,7.38,75.92,-82.1,-152.64,1.5318888888888889,0.0,52.402589222222225,-1.501932888888889
,,147.77,,3.0,290.23,18 / 21,227127,2019-09-07 09:17:12:406,-2.0933,-2.0619,9.7819,-0.0033,-0.0049,9.8066,0.0022,0.0916,-0.019,1.56,-35.44,7.5,76.87,-82.0,-152.76,1.5433333333333332,0.0,52.402590333333336,-1.5019343333333335
,,147.77,,3.0,290.23,18 / 21,227228,2019-09-07 09:17:12:507,-2.4675,-3.0685,10.0727,-0.0026,-0.0065,9.8066,-0.0196,0.1063,-0.0476,1.25,-35.44,7.88,68.76,-82.06,-152.88,1.5547777777777778,0.0,52.40259144444445,-1.5019357777777778
,,147.77,,3.0,290.23,18 / 21,227327,2019-09-07 09:17:12:606,-2.38,-2.8218,10.0538,-0.0053,-0.0025,9.8066,0.0349,0.0884,-0.0321,1.44,-35.19,7.81,68.72,-82.09,-152.72,1.5662222222222222,0.0,52.40259255555556,-1.5019372222222223
,,147.77,,3.0,290.23,18 / 21,227427,2019-09-07 09:17:12:706,-1.6834,-2.3335,9.704,-0.0007,-0.002,9.8066,-0.0378,0.1104,-0.0181,1.5,-35.81,7.81,76.93,-82.11,-153.32,1.5776666666666666,0.0,52.40259366666667,-1.5019386666666668
,,147.77,,3.0,290.23,18 / 21,227527,2019-09-07 09:17:12:806,-1.8205,-2.3581,10.0229,0.0021,0.0117,9.8066,0.0066,0.1239,-0.024,1.56,-34.81,8.31,76.18,-82.13,-152.68,1.5891111111111111,0.0,52.40259477777778,-1.5019401111111113
,,147.77,,3.0,290.23,18 / 21,227627,2019-09-07 09:17:12:906,-1.6547,-2.0322,9.9475,0.0017,0.009,9.8065,0.0303,0.0519,0.0329,1.88,-35.06,8.88,69.05,-82.15,-152.86,1.6005555555555555,0.0,52.40259588888889,-1.5019415555555555
,,147.77,,3.0,290.23,18 / 21,227727,2019-09-07 09:17:13:006,-1.5821,-1.5356,9.4024,0.0054,0.0115,9.8066,-0.003,0.0289,0.0355,1.69,-34.31,9.06,68.99,-82.21,-151.8,1.6119999999999999,0.0,52.402597,-1.501943
,,147.77,,3.0,290.23,18 / 21,227827,2019-09-07 09:17:13:106,-1.3824,-0.8915,9.897,-0.005,0.0079,9.8066,-0.0225,-0.0145,0.0095,1.06,-34.94,9.19,64.68,-82.2,-150.42,1.6234444444444445,0.0,52.40259811111111,-1.5019444444444445
,,147.77,,3.0,290.23,18 / 21,227928,2019-09-07 09:17:13:207,-2.1817,-0.8446,9.7381,-0.0066,0.0164,9.8065,-0.0124,-0.0334,0.011,0.75,-35.06,8.75,66.64,-82.16,-149.1,1.6348888888888888,0.0,52.40259922222222,-1.501945888888889
,,147.77,,3.0,290.23,18 / 21,228027,2019-09-07 09:17:13:306,-1.4694,-0.6599,9.8308,-0.0105,0.0077,9.8066,-0.0084,-0.0592,0.0111,0.25,-34.75,8.94,58.9,-82.15,-148.58,1.6463333333333332,0.0,52.40260033333333,-1.5019473333333333
,,147.77,,3.0,290.23,18 / 21,228128,2019-09-07 09:17:13:407,-2.74,-0.4592,10.1175,-0.0117,0.0084,9.8066,0.0259,-0.1643,0.0655,-0.44,-34.25,9.44,59.99,-82.05,-147.37,1.6577777777777778,0.0,52.40260144444444,-1.5019487777777778
,,147.77,,3.0,290.23,18 / 21,228227,2019-09-07 09:17:13:506,-2.5788,-1.0772,9.7374,-0.0112,0.0032,9.8065,-0.0741,-0.3164,0.1375,-1.69,-35.12,10.81,40.55,-81.98,-145.98,1.6692222222222222,0.0,52.40260255555555,-1.5019502222222223
,,147.77,,3.0,290.23,18 / 21,228327,2019-09-07 09:17:13:606,-3.2623,0.9345,9.7725,-0.0426,0.0053,9.8065,-0.1436,-0.3257,0.0912,-1.81,-35.31,10.19,47.26,-81.85,-142.77,1.6806666666666665,0.0,52.402603666666664,-1.5019516666666668
,,147.77,,3.0,290.23,18 / 21,228427,2019-09-07 09:17:13:706,-4.4389,1.1096,10.254,-0.0256,0.0184,9.8065,-0.1051,-0.5204,0.1234,-2.62,-34.25,9.56,42.36,-81.87,-139.39,1.6921111111111111,0.0,52.402604777777775,-1.501953111111111
,,147.77,,3.0,290.23,18 / 21,228527,2019-09-07 09:17:13:806,-4.764,0.6061,10.285,-0.0171,0.0107,9.8066,-0.0519,-0.5981,0.0864,-3.62,-34.87,8.81,38.42,-81.76,-136.42,1.7035555555555555,0.0,52.402605888888885,-1.5019545555555556
,,147.77,,3.0,290.23,18 / 21,228627,2019-09-07 09:17:13:906,-4.2608,1.8173,10.0158,0.004,0.0106,9.8066,-0.0057,-0.677,0.0677,-4.06,-35.25,7.19,36.1,-81.74,-136.07,1.7149999999999999,0.0,52.402606999999996,-1.501956
,,147.77,,3.0,290.23,18 / 21,228727,2019-09-07 09:17:14:006,-4.4089,-0.5541,9.9234,0.0056,0.0223,9.8066,-0.0208,-0.7006,0.0486,-4.87,-35.37,6.31,11.03,-81.89,-136.23,1.7264444444444444,0.0,52.402608111111114,-1.5019574444444446
,,147.77,,3.0,290.23,18 / 21,228827,2019-09-07 09:17:14:106,-3.7636,-2.4491,9.8084,0.0071,-0.0073,9.8066,-0.0665,-0.7874,0.118,-5.06,-35.5,4.31,324.78,-81.86,-136.99,1.7378888888888888,0.0,52.402609222222225,-1.501958888888889
,,147.77,,3.0,290.23,18 / 21,228927,2019-09-07 09:17:14:206,-0.6,-4.7355,9.5778,-0.0027,0.003,9.8066,-0.0274,-0.8486,0.1151,-6.0,-34.75,2.63,297.9,-81.85,-137.24,1.7493333333333334,0.0,52.402610333333335,-1.5019603333333333
,,147.77,,3.0,290.23,18 / 21,229028,2019-09-07 09:17:14:307,1.2296,-3.9606,9.8672,-0.002,0.0151,9.8066,-0.0546,-0.8339,0.0492,-6.81,-35.12,0.25,266.2,-81.84,-138.19,1.7607777777777778,0.0,52.402611444444446,-1.5019617777777778
,,147.77,,3.0,290.23,18 / 21,229127,2019-09-07 09:17:14:406,1.0469,-3.261,9.9059,-0.0135,0.0255,9.8066,-0.0859,-0.8467,0.0125,-7.06,-35.5,-0.81,258.45,-81.88,-139.8,1.7722222222222221,0.0,52.40261255555556,-1.5019632222222223
,,147.77,,3.0,290.23,18 / 21,229227,2019-09-07 09:17:14:506,0.5654,-2.7899,9.6917,-0.0145,0.0194,9.8065,-0.0101,-0.8208,0.0291,-8.37,-34.94,-1.31,262.08,-82.13,-144.43,1.7836666666666667,0.0,52.40261366666667,-1.5019646666666668
,,147.77,,3.0,290.23,18 / 21,229327,2019-09-07 09:17:14:606,0.4992,-2.5654,9.7459,-0.0199,0.0105,9.8065,-0.0209,-0.7813,0.0656,-8.56,-35.37,-1.94,260.5,-82.2,-146.22,1.795111111111111,0.0,52.40261477777778,-1.5019661111111111
,,147.77,,3.0,290.23,18 / 21,229427,2019-09-07 09:17:14:706,0.2623,-3.6547,9.5092,-0.0112,0.0206,9.8066,-0.128,-0.8135,0.0308,-10.25,-35.06,-2.56,259.86,-82.26,-146.89,1.8065555555555555,0.0,52.40261588888889,-1.5019675555555556
,,147.77,,3.0,290.23,18 / 21,229527,2019-09-07 09:17:14:806,-0.9881,-3.8106,9.6093,-0.0303,0.0256,9.8065,-0.0813,-0.7383,-0.0787,-11.5,-35.06,-3.56,257.98,-82.65,-149.98,1.818,0.0,52.402617,-1.501969
,,147.77,,3.0,290.23,18 / 21,229627,2019-09-07 09:17:14:906,-2.6077,-3.0053,9.1875,-0.0587,0.0451,9.8063,-0.115,-0.6695,-0.117,-11.75,-34.94,-4.12,258.48,-83.09,-153.99,1.8294444444444444,0.0,52.40261811111111,-1.5019704444444446
,,147.77,,3.0,290.23,18 / 21,229727,2019-09-07 09:17:15:006,-1.3066,-0.4125,9.112,0.0324,0.1001,9.806,0.018,-0.6522,-0.0575,-11.87,-34.31,-4.06,250.39,-83.23,-163.82,1.8408888888888888,0.0,52.40261922222222,-1.5019718888888889
,,147.77,,3.0,290.23,18 / 21,229828,2019-09-07 09:17:15:107,-1.9846,0.1076,10.201,0.0377,0.047,9.8064,-0.4489,-0.5997,0.0977,-12.94,-34.75,-4.94,247.63,-83.9,-167.08,1.8523333333333334,0.0,52.40262033333333,-1.5019733333333334
,,147.77,,3.0,290.23,18 / 21,229927,2019-09-07 09:17:15:206,-3.9476,-2.0469,9.8397,0.0607,0.0335,9.8063,-0.3057,-0.483,0.0558,-14.06,-35.31,-6.31,247.97,-84.16,-166.35,1.8637777777777778,0.0,52.40262144444444,-1.5019747777777779
,,147.77,,3.0,290.23,18 / 21,230027,2019-09-07 09:17:15:306,-2.854,-2.1104,9.7092,-0.057,-0.0586,9.8062,-0.0137,-0.4649,0.0712,-14.31,-34.56,-6.37,250.26,-84.47,-164.55,1.8752222222222221,0.0,52.40262255555555,-1.5019762222222224
,,147.77,,3.0,290.23,18 / 22,230127,2019-09-07 09:17:15:406,-2.5788,-1.8956,9.7252,-0.0343,-0.038,9.8065,-0.0998,-0.407,0.0178,-15.5,-34.62,-6.31,257.49,-84.98,-160.06,1.8866666666666667,0.0,52.40262366666666,-1.5019776666666667
,,147.77,,3.0,290.23,18 / 22,230227,2019-09-07 09:17:15:506,-2.382,-0.8919,9.8981,-0.0194,0.0062,9.8066,0.0383,-0.3198,-0.0438,-15.94,-33.87,-6.44,259.99,-85.1,-159.82,1.898111111111111,0.0,52.402624777777774,-1.5019791111111112
,,147.77,,3.0,290.23,18 / 22,230327,2019-09-07 09:17:15:606,-2.1051,0.3001,9.7669,-0.03,0.0104,9.8065,0.0364,-0.2447,-0.06,-16.06,-34.37,-6.06,257.55,-85.44,-163.02,1.9095555555555555,0.0,52.402625888888885,-1.5019805555555557
,,147.77,,3.0,290.23,18 / 22,230427,2019-09-07 09:17:15:706,-2.6268,0.3933,9.842,-0.0059,0.0192,9.8066,-0.0734,-0.1923,-0.0063,-16.81,-34.31,-5.37,257.35,-85.62,-168.06,1.921,0.0,52.402626999999995,-1.5019820000000002
,,147.77,,3.0,290.23,18 / 22,230528,2019-09-07 09:17:15:807,-2.8183,0.4756,9.7424,-0.0026,0.0038,9.8066,-0.0527,-0.1426,0.0151,-16.87,-34.12,-4.87,256.47,-85.76,-169.23,1.9324444444444444,0.0,52.40262811111111,-1.5019834444444444
,,147.77,,3.0,290.23,18 / 22,230627,2019-09-07 09:17:15:906,-2.1239,-0.202,9.8032,-0.0095,-0.013,9.8066,0.0227,-0.0886,0.0219,-17.25,-34.0,-5.19,257.42,-85.78,-168.28,1.9438888888888888,0.0,52.402629222222224,-1.501984888888889
,,147.77,,3.0,290.23,18 / 22,230727,2019-09-07 09:17:16:006,-2.396,-0.4291,9.7467,-0.0122,-0.0065,9.8066,-0.0051,-0.052,-0.0005,-17.12,-34.5,-5.31,259.27,-85.9,-166.61,1.9553333333333334,0.0,52.402630333333335,-1.5019863333333334
,,147.77,,3.0,290.23,18 / 22,230828,2019-09-07 09:17:16:107,-2.4169,-0.6481,9.9325,-0.0044,-0.0019,9.8066,0.0074,-0.0268,0.0189,-17.37,-33.75,-5.94,256.85,-85.97,-166.31,1.9667777777777777,0.0,52.402631444444445,-1.501987777777778
,,147.77,,3.0,290.23,18 / 22,230927,2019-09-07 09:17:16:206,-1.4914,-0.6038,9.7973,-0.0042,0.0017,9.8066,0.0086,-0.0354,0.0214,-16.75,-34.12,-7.06,254.0,-86.03,-166.57,1.978222222222222,0.0,52.402632555555556,-1.5019892222222222
,,147.77,,3.0,290.23,18 / 22,231027,2019-09-07 09:17:16:306,-1.346,-0.055,9.7978,0.0021,0.0008,9.8066,-0.0479,-0.0325,0.0101,-16.94,-35.0,-6.37,257.14,-86.01,-165.87,1.9896666666666667,0.0,52.40263366666667,-1.5019906666666667
,,147.77,,3.0,290.23,18 / 21,231127,2019-09-07 09:17:16:406,0.2333,0.2456,10.0841,0.011,0.0152,9.8066,0.0251,-0.0153,-0.0114,-17.31,-34.44,-6.12,256.4,-85.94,-166.72,2.0011111111111113,0.0,52.40263477777778,-1.5019921111111112
,,147.77,,3.0,290.23,18 / 21,231227,2019-09-07 09:17:16:506,0.5201,0.3694,9.9934,0.0079,-0.0052,9.8066,0.075,0.0027,0.0064,-17.5,-34.25,-6.12,256.5,-85.89,-166.53,2.0125555555555557,0.0,52.40263588888889,-1.5019935555555557
,,147.77,,3.0,290.23,18 / 21,231327,2019-09-07 09:17:16:606,0.2477,0.2009,9.5273,-0.0036,0.0129,9.8066,0.0612,0.022,-0.015,-17.56,-34.25,-5.56,257.03,-85.79,-167.18,2.024,0.0,52.402637,-1.501995
,,147.77,,3.0,290.23,18 / 21,231428,2019-09-07 09:17:16:707,-0.208,0.3871,9.6426,0.0041,0.0061,9.8066,-0.0247,-0.0177,0.0042,-17.75,-34.62,-6.31,255.39,-85.75,-168.59,2.0354444444444444,0.0,52.40263811111111,-1.5019964444444445
,,147.77,,3.0,290.23,18 / 21,231528,2019-09-07 09:17:16:807,-0.1675,0.2793,10.1916,-0.0039,-0.0196,9.8065,0.0397,-0.0104,0.0047,-17.25,-34.25,-6.69,253.1,-85.83,-167.15,2.0468888888888888,0.0,52.40263922222222,-1.501997888888889
,,147.77,,3.0,290.23,18 / 21,231627,2019-09-07 09:17:16:906,0.1666,0.4037,9.9418,0.0097,0.0105,9.8066,-0.0729,0.0234,-0.0303,-17.87,-34.94,-4.75,258.02,-85.65,-168.47,2.058333333333333,0.0,52.40264033333333,-1.5019993333333335
,,147.77,,3.0,290.23,18 / 21,231727,2019-09-07 09:17:17:006,-0.1985,0.2044,9.8387,0.0129,0.0089,9.8066,-0.0318,-0.006,-0.0207,-18.62,-34.25,-4.44,261.8,-85.69,-168.83,2.069777777777778,0.0,52.40264144444444,-1.5020007777777777
,,147.77,,3.0,290.23,18 / 21,231827,2019-09-07 09:17:17:106,0.2906,0.3717,10.0062,-0.0054,0.0089,9.8066,0.0849,0.0196,-0.0014,-18.0,-34.06,-4.06,261.48,-85.75,-168.23,2.0812222222222223,0.0,52.40264255555555,-1.5020022222222222
,,147.77,,3.0,290.23,18 / 21,231927,2019-09-07 09:17:17:206,-0.496,0.4629,10.1732,-0.0082,-0.001,9.8066,0.0259,0.0448,-0.0031,-18.56,-33.94,-3.12,264.4,-85.78,-169.18,2.0926666666666667,0.0,52.40264366666666,-1.5020036666666667
,,147.77,,3.0,290.23,18 / 21,232028,2019-09-07 09:17:17:307,-0.4253,0.186,9.8622,0.0176,0.0036,9.8066,-0.0523,0.0268,0.0078,-18.56,-33.62,-2.19,266.76,-85.82,-169.78,2.104111111111111,0.0,52.40264477777777,-1.5020051111111112
,,147.77,,3.0,290.23,18 / 22,232127,2019-09-07 09:17:17:406,-1.5633,-0.3338,9.6042,0.0081,0.0065,9.8066,-0.0631,-0.0439,0.0367,-18.69,-33.69,-2.37,266.19,-85.77,-170.27,2.1155555555555554,0.0,52.402645888888884,-1.5020065555555555
,,147.77,,3.0,290.23,18 / 22,232227,2019-09-07 09:17:17:506,-1.5526,-0.5381,11.1801,0.139,0.0635,9.8054,0.8585,-0.0473,0.0147,-19.56,-33.37,-0.56,265.45,-85.09,-173.6,2.127,0.0,52.402646999999995,-1.502008
,,147.77,,3.0,290.23,18 / 22,232328,2019-09-07 09:17:17:607,-1.5693,-0.4672,11.1775,-0.3641,-0.0857,9.7995,0.3684,0.0308,0.0905,-20.06,-32.87,-0.62,270.44,-86.13,-170.29,2.1384444444444446,0.0,52.40264811111111,-1.5020094444444445
,,147.77,,3.0,290.23,18 / 22,232427,2019-09-07 09:17:17:706,-1.5741,-1.4548,11.2996,0.1257,0.0026,9.8058,-0.2083,-0.0278,-0.0094,-19.5,-33.12,-1.5,271.52,-85.96,-168.43,2.149888888888889,0.0,52.40264922222222,-1.502010888888889
,,147.77,,3.0,290.23,18 / 22,232528,2019-09-07 09:17:17:807,-8.3561,-3.2049,8.4721,0.1238,0.0334,9.8058,0.0909,-0.0808,0.0034,-18.75,-33.12,-2.87,262.6,-84.91,-169.73,2.1613333333333333,0.0,52.402650333333334,-1.5020123333333333
,,147.77,,3.0,290.23,18 / 22,232627,2019-09-07 09:17:17:906,-4.9167,-3.2751,9.6694,-0.2301,-0.0708,9.8037,-0.2601,-0.1287,0.2477,-19.0,-33.37,-4.12,257.64,-83.79,-170.14,2.1727777777777777,0.0,52.402651444444444,-1.5020137777777778
,,147.77,,3.0,290.23,18 / 22,232728,2019-09-07 09:17:18:007,-3.9838,-3.3721,9.0681,0.0553,-0.0178,9.8064,-0.5222,-0.2065,0.0716,-18.5,-33.81,-4.87,260.99,-84.81,-164.11,2.184222222222222,0.0,52.402652555555555,-1.5020152222222223
,,147.77,,3.0,290.23,18 / 22,232827,2019-09-07 09:17:18:106,-2.1092,-1.5617,9.1562,-0.0711,-0.0108,9.8063,0.3166,-0.3552,-0.0168,-20.25,-33.62,-3.56,266.07,-84.99,-164.25,2.1956666666666664,0.0,52.402653666666666,-1.5020166666666668
,,147.77,,3.0,290.23,18 / 22,232927,2019-09-07 09:17:18:206,-0.637,-0.1573,10.008,-0.0321,0.0106,9.8065,0.1218,-0.3786,-0.0226,-20.19,-34.56,-3.62,261.44,-84.56,-167.99,2.2071111111111112,0.0,52.40265477777778,-1.502018111111111
,,147.77,,3.0,290.23,18 / 22,233027,2019-09-07 09:17:18:306,0.4018,0.684,10.1486,0.0426,0.0329,9.8065,0.185,-0.4327,-0.0302,-20.0,-34.75,-3.44,260.25,-84.1,-171.13,2.2185555555555556,0.0,52.40265588888889,-1.5020195555555556
,,147.96,2.23,4.0,20.27,17 / 21,233127,2019-09-07 09:17:18:406,1.8,1.7756,10.0835,0.0147,0.0312,9.8065,0.2124,-0.4689,-0.0211,-20.44,-35.19,-3.0,255.21,-83.5,-175.37,2.23,0.0,52.402657,-1.502021
,,147.96,,4.0,20.27,17 / 21,233227,2019-09-07 09:17:18:506,1.0615,1.5715,9.728,0.0341,0.0235,9.8065,-0.0251,-0.4735,0.0625,-20.62,-34.94,-2.56,252.93,-83.06,-178.0,2.3187777777777776,0.0,52.40265661111111,-1.5020115222222223
,,147.96,,4.0,20.27,17 / 21,233327,2019-09-07 09:17:18:606,-0.3234,1.7279,9.6674,0.0028,0.0097,9.8066,-0.0208,-0.4365,0.0312,-20.94,-34.5,-1.81,254.7,-82.91,-178.83,2.4075555555555557,0.0,52.40265622222222,-1.5020020444444444
,,147.96,,4.0,20.27,17 / 21,233427,2019-09-07 09:17:18:706,-0.0159,1.4491,9.9301,0.0006,-0.0001,9.8066,-0.0099,-0.3839,0.0397,-21.56,-33.94,-1.25,257.26,-82.89,-179.41,2.4963333333333333,0.0,52.402655833333334,-1.5019925666666667
,,147.96,,4.0,20.27,17 / 21,233527,2019-09-07 09:17:18:806,0.2572,1.9598,9.9741,-0.0023,0.0062,9.8066,-0.0035,-0.3318,0.0458,-22.5,-34.19,-1.5,257.09,-82.88,-179.58,2.585111111111111,0.0,52.40265544444444,-1.501983088888889
,,147.96,,4.0,20.27,17 / 21,233627,2019-09-07 09:17:18:906,0.8775,1.7417,9.7951,0.0145,-0.0001,9.8065,0.0502,-0.3053,0.0602,-22.62,-33.87,-0.56,257.46,-82.7,-179.52,2.673888888888889,0.0,52.402655055555556,-1.501973611111111
,,147.96,,4.0,20.27,17 / 21,233727,2019-09-07 09:17:19:006,1.0731,1.6703,9.8786,0.0131,-0.0043,9.8066,0.0471,-0.2854,0.0429,-23.37,-34.19,-0.81,258.1,-82.52,-178.58,2.7626666666666666,0.0,52.40265466666666,-1.5019641333333333
,,147.96,,4.0,20.27,17 / 21,233827,2019-09-07 09:17:19:106,0.9664,1.3815,9.9366,0.0111,-0.0012,9.8066,-0.0018,-0.2247,0.0296,-23.75,-34.62,-0.31,261.08,-82.35,-177.83,2.8514444444444442,0.0,52.40265427777778,-1.5019546555555556
,,147.96,,4.0,20.27,17 / 21,233928,2019-09-07 09:17:19:207,0.9675,1.2132,9.726,0.0002,0.0026,9.8065,0.0065,-0.1967,0.0129,-23.62,-34.12,0.56,263.85,-82.28,-177.6,2.9402222222222223,0.0,52.402653888888885,-1.501945177777778
,,147.96,,4.0,20.27,17 / 21,234027,2019-09-07 09:17:19:306,1.1789,1.3537,9.7014,-0.0009,-0.0006,9.8066,0.0083,-0.1593,0.0416,-24.37,-34.25,0.63,263.67,-82.27,-177.76,3.029,0.0,52.4026535,-1.5019357
,,147.96,,4.0,20.27,17 / 20,234127,2019-09-07 09:17:19:406,0.1207,0.3271,9.7223,-0.0017,-0.0053,9.8066,0.0089,-0.1352,0.0249,-25.31,-34.0,2.44,266.47,-82.26,-177.54,3.1177777777777775,0.0,52.40265311111111,-1.5019262222222223
,,147.96,,4.0,20.27,17 / 20,234227,2019-09-07 09:17:19:506,-0.2833,0.4386,9.8733,-0.0059,-0.0072,9.8066,-0.0382,-0.1312,0.0308,-25.31,-33.81,2.63,269.7,-82.31,-176.64,3.2065555555555556,0.0,52.40265272222222,-1.5019167444444446
,,147.96,,4.0,20.27,17 / 20,234327,2019-09-07 09:17:19:606,-0.3375,0.8188,10.0266,-0.01,0.0067,9.8066,-0.0176,-0.0615,-0.0061,-25.75,-33.87,2.31,267.33,-82.42,-177.11,3.2953333333333332,0.0,52.40265233333333,-1.5019072666666666
,,147.96,,4.0,20.27,17 / 20,234428,2019-09-07 09:17:19:707,0.0385,0.393,9.8833,0.0013,-0.0046,9.8066,0.0017,-0.0778,0.0213,-26.12,-33.75,3.81,271.52,-82.45,-177.35,3.384111111111111,0.0,52.40265194444444,-1.501897788888889
,,147.96,,4.0,20.27,17 / 20,234528,2019-09-07 09:17:19:807,0.5072,0.3781,9.6978,0.0035,-0.008,9.8066,0.0125,-0.0662,0.0062,-27.81,-33.94,4.5,274.25,-82.41,-176.7,3.472888888888889,0.0,52.40265155555555,-1.5018883111111112
,,147.96,,4.0,20.27,17 / 20,234628,2019-09-07 09:17:19:907,1.3329,0.5319,9.7631,0.0038,-0.0038,9.8066,0.0176,-0.022,0.0052,-27.31,-33.69,4.63,274.98,-82.33,-175.9,3.5616666666666665,0.0,52.402651166666665,-1.5018788333333333
,,147.96,,4.0,20.27,17 / 20,234728,2019-09-07 09:17:20:007,2.2162,0.3873,9.9042,0.0138,0.0069,9.8065,0.0437,-0.0059,-0.003,-27.56,-33.12,4.75,274.53,-82.16,-176.38,3.650444444444444,0.0,52.40265077777778,-1.5018693555555556
,,147.96,,4.0,20.27,17 / 20,234827,2019-09-07 09:17:20:106,2.6533,0.6181,9.9968,0.0237,-0.0016,9.8066,0.0628,-0.0221,0.0166,-27.5,-33.19,5.25,274.05,-81.94,-176.63,3.7392222222222222,0.0,52.40265038888889,-1.5018598777777779
,,147.96,,4.0,20.27,17 / 20,234927,2019-09-07 09:17:20:206,3.4113,-0.2481,9.9153,0.0112,-0.0107,9.8066,0.0551,-0.0368,0.0355,-27.87,-33.5,5.81,275.9,-81.69,-176.5,3.828,0.0,52.40265,-1.5018504000000001
,,147.96,,4.0,20.27,17 / 20,235027,2019-09-07 09:17:20:306,3.6113,-1.1314,9.7061,0.0072,-0.0145,9.8066,0.0262,-0.0695,0.0535,-27.94,-33.06,5.38,274.82,-81.46,-175.25,3.916777777777778,0.0,52.40264961111111,-1.5018409222222222
,,147.96,,4.0,20.27,18 / 21,235127,2019-09-07 09:17:20:406,4.0361,-1.2267,9.7107,0.0009,-0.0116,9.8066,-0.0099,-0.1253,0.0667,-27.5,-33.87,4.56,275.45,-81.38,-174.21,4.0055555555555555,0.0,52.40264922222222,-1.5018314444444445
,,147.96,,4.0,20.27,18 / 21,235227,2019-09-07 09:17:20:506,4.1909,-1.6684,9.5996,-0.0027,-0.0183,9.8066,-0.0069,-0.252,0.1072,-27.5,-34.0,5.81,279.27,-81.36,-172.54,4.094333333333333,0.0,52.40264883333333,-1.5018219666666668
,,147.96,,4.0,20.27,18 / 21,235327,2019-09-07 09:17:20:606,3.4033,-2.8115,9.5535,-0.0022,-0.0401,9.8065,-0.0354,-0.373,0.1638,-28.19,-32.94,5.5,283.28,-81.36,-168.86,4.183111111111111,0.0,52.402648444444445,-1.5018124888888889
,,147.96,,4.0,20.27,18 / 21,235427,2019-09-07 09:17:20:706,1.7133,-3.462,9.8064,-0.0086,-0.0431,9.8065,-0.0633,-0.5389,0.1576,-28.56,-32.69,6.13,286.78,-81.45,-165.52,4.271888888888888,0.0,52.40264805555555,-1.5018030111111111
,,147.96,,4.0,20.27,18 / 21,235527,2019-09-07 09:17:20:806,1.8336,-2.8973,10.0627,-0.0574,-0.0173,9.8064,-0.0689,-0.5497,0.024,-28.37,-32.87,4.13,285.97,-81.66,-162.54,4.360666666666667,0.0,52.40264766666667,-1.5017935333333334
,,147.96,,4.0,20.27,18 / 21,235628,2019-09-07 09:17:20:907,2.3418,-2.5498,10.0055,-0.0687,0.0071,9.8064,-0.037,-0.6725,0.093,-29.69,-32.81,5.63,293.24,-82.25,-160.14,4.4494444444444445,0.0,52.402647277777774,-1.5017840555555555
,,147.96,,4.0,20.27,18 / 21,235727,2019-09-07 09:17:21:006,1.9713,-1.6348,9.7734,0.011,0.0044,9.8066,-0.041,-0.7196,0.1299,-29.69,-31.75,5.56,293.53,-82.57,-160.43,4.538222222222222,0.0,52.40264688888889,-1.5017745777777778
,,147.96,,4.0,20.27,18 / 21,235827,2019-09-07 09:17:21:106,1.0019,-4.0575,9.7821,0.0096,-0.0095,9.8066,-0.1374,-0.7518,0.1301,-29.69,-32.25,7.0,296.22,-82.69,-159.87,4.627,0.0,52.402646499999996,-1.5017651
,,147.96,,4.0,20.27,18 / 21,235927,2019-09-07 09:17:21:206,1.486,-3.9612,9.333,-0.0446,-0.0235,9.8065,-0.1513,-0.879,0.2147,-30.56,-31.69,8.13,303.49,-82.86,-154.8,4.715777777777777,0.0,52.40264611111111,-1.5017556222222224
,,147.96,,4.0,20.27,18 / 21,236027,2019-09-07 09:17:21:306,0.878,-4.2379,10.5496,-0.0378,-0.0279,9.8064,-0.0559,-0.8677,0.0808,-30.56,-31.69,9.38,308.78,-82.81,-151.61,4.804555555555555,0.0,52.40264572222222,-1.5017461444444444
,,147.96,,4.0,20.27,18 / 21,236127,2019-09-07 09:17:21:406,1.4477,-2.992,10.2774,-0.0139,-0.0073,9.8065,0.0083,-0.8898,0.112,-32.0,-32.62,10.63,314.54,-82.82,-149.2,4.8933333333333335,0.0,52.40264533333333,-1.5017366666666667
,,147.96,,4.0,20.27,18 / 21,236227,2019-09-07 09:17:21:506,2.0182,-2.4978,10.147,-0.0219,0.008,9.8066,0.0554,-0.7015,0.0129,-31.19,-32.12,13.19,319.35,-82.74,-148.66,4.982111111111111,0.0,52.40264494444445,-1.501727188888889
,,147.96,,4.0,20.27,18 / 21,236327,2019-09-07 09:17:21:606,2.6598,-0.6084,9.4161,0.0858,-0.0202,9.8062,0.1477,-0.579,0.0605,-31.19,-31.19,14.06,319.36,-82.75,-150.4,5.070888888888889,0.0,52.402644555555554,-1.501717711111111
,,147.96,,4.0,20.27,18 / 21,236427,2019-09-07 09:17:21:706,2.5417,-0.9276,9.497,0.0594,-0.023,9.8064,-0.2086,-0.5083,0.1342,-31.81,-30.62,14.13,316.33,-82.4,-152.37,5.159666666666666,0.0,52.40264416666667,-1.5017082333333334
,,147.96,,4.0,20.27,18 / 21,236527,2019-09-07 09:17:21:806,2.2014,-1.742,9.5921,-0.0565,-0.0121,9.8065,-0.1486,-0.4158,0.0874,-32.56,-30.31,15.75,323.61,-82.5,-148.37,5.248444444444444,0.0,52.402643777777776,-1.5016987555555557
,,147.96,,4.0,20.27,18 / 21,236627,2019-09-07 09:17:21:906,1.124,-3.5016,10.8289,-0.0363,-0.0342,9.8065,0.1351,-0.3971,0.2119,-31.94,-30.19,16.75,329.04,-82.14,-145.36,5.3372222222222225,0.0,52.40264338888889,-1.5016892777777777
,,147.96,,4.0,20.27,18 / 21,236728,2019-09-07 09:17:22:007,1.595,-3.8772,10.3288,-0.0166,-0.0177,9.8065,0.1474,-0.3769,0.1269,-32.5,-29.94,17.5,332.61,-81.67,-143.38,5.426,0.0,52.402643,-1.5016798
,,147.96,,4.0,20.27,18 / 21,236828,2019-09-07 09:17:22:107,2.3744,-4.3174,10.2466,-0.04,0.0197,9.8065,-0.1087,-0.401,0.0379,-32.25,-29.19,18.25,334.33,-81.59,-141.91,5.514777777777778,0.0,52.40264261111111,-1.5016703222222223
,,147.96,,4.0,20.27,18 / 21,236927,2019-09-07 09:17:22:206,1.5878,-3.2762,9.942,0.0633,-0.0151,9.8063,-0.0512,-0.3735,-0.018,-31.81,-29.69,19.31,334.66,-81.6,-142.91,5.603555555555555,0.0,52.40264222222222,-1.5016608444444446
,,147.96,,4.0,20.27,18 / 21,237027,2019-09-07 09:17:22:306,1.9976,-1.6038,9.6676,0.0636,-0.0053,9.8064,-0.0575,-0.2672,-0.0664,-32.06,-29.81,19.25,330.18,-81.41,-146.8,5.692333333333333,0.0,52.402641833333334,-1.5016513666666667
,,147.96,,4.0,20.27,18 / 21,237127,2019-09-07 09:17:22:406,2.5872,-0.804,9.7686,0.0085,0.0399,9.8065,-0.0067,-0.182,-0.1065,-30.75,-30.5,20.56,329.66,-81.72,-150.85,5.781111111111111,0.0,52.40264144444444,-1.501641888888889
,,147.96,,4.0,20.27,18 / 21,237227,2019-09-07 09:17:22:506,3.7332,0.2187,9.5911,0.0305,0.017,9.8066,-0.028,-0.0038,-0.1095,-30.75,-30.94,20.38,324.9,-81.68,-153.62,5.869888888888889,0.0,52.402641055555556,-1.5016324111111112
,,147.96,,4.0,20.27,18 / 21,237327,2019-09-07 09:17:22:606,2.8888,-0.5726,9.6971,-0.0172,0.0197,9.8066,-0.0723,-0.0429,-0.0064,-30.31,-30.75,20.81,325.26,-81.72,-155.45,5.958666666666667,0.0,52.40264066666666,-1.5016229333333333
,,147.96,,4.0,20.27,18 / 21,237428,2019-09-07 09:17:22:707,2.8077,-1.1179,9.762,-0.0192,-0.0016,9.8066,-0.0519,0.0516,0.0316,-30.75,-30.87,20.25,323.92,-81.85,-154.6,6.047444444444444,0.0,52.40264027777778,-1.5016134555555556
,,147.96,,4.0,20.27,18 / 21,237527,2019-09-07 09:17:22:806,2.2308,-0.4134,9.6065,0.0023,-0.0019,9.8066,-0.0121,0.1253,-0.0185,-30.87,-30.94,20.0,324.28,-81.99,-154.35,6.136222222222222,0.0,52.402639888888885,-1.5016039777777779
,,147.96,,4.0,20.27,18 / 21,237627,2019-09-07 09:17:22:906,1.5272,-0.7931,9.8873,0.0073,-0.0024,9.8065,0.0045,0.0939,-0.0363,-31.5,-31.0,20.0,325.09,-82.01,-153.63,6.225,0.0,52.4026395,-1.5015945
,,147.96,,4.0,20.27,18 / 21,237727,2019-09-07 09:17:23:006,2.5863,0.0467,9.6681,0.0093,-0.0029,9.8066,0.0686,0.0714,-0.0544,-30.5,-31.06,21.13,327.97,-81.94,-153.15,6.313777777777777,0.0,52.402639111111114,-1.5015850222222222
,,147.96,,4.0,20.27,18 / 21,237827,2019-09-07 09:17:23:106,2.8954,0.5245,9.5956,0.0113,0.0023,9.8066,0.0602,0.1398,-0.1058,-30.94,-31.12,20.13,325.82,-81.88,-152.9,6.402555555555556,0.0,52.40263872222222,-1.5015755444444445
,,147.96,,4.0,20.27,18 / 21,237927,2019-09-07 09:17:23:206,1.1016,-1.5438,9.7782,0.0056,-0.0069,9.8066,0.0247,-0.0549,0.0744,-30.69,-30.69,20.38,326.31,-81.87,-152.46,6.491333333333333,0.0,52.402638333333336,-1.5015660666666668
,,147.96,,4.0,20.27,18 / 21,238027,2019-09-07 09:17:23:306,0.8259,0.4902,9.6713,0.0057,0.0023,9.8066,-0.0841,0.0875,-0.0583,-30.81,-31.0,19.69,326.37,-82.02,-152.48,6.580111111111111,0.0,52.40263794444444,-1.5015565888888889
,,147.96,,4.0,20.27,18 / 21,238127,2019-09-07 09:17:23:406,0.5018,0.2706,10.1125,-0.0095,0.031,9.8066,-0.0395,0.08,-0.0755,-30.69,-30.81,19.31,324.06,-82.18,-153.27,6.668888888888889,0.0,52.40263755555556,-1.5015471111111112
,,147.96,,4.0,20.27,18 / 21,238227,2019-09-07 09:17:23:506,1.3472,2.3859,9.6504,-0.0068,0.0254,9.8065,0.1395,0.1908,-0.0742,-30.69,-30.81,19.25,322.1,-82.43,-155.2,6.757666666666666,0.0,52.402637166666665,-1.5015376333333335
,,147.96,,4.0,20.27,18 / 21,238327,2019-09-07 09:17:23:606,1.45,1.8935,10.0509,0.0199,0.0002,9.8066,0.1068,0.1864,-0.0434,-30.62,-31.31,18.88,320.14,-82.28,-156.88,6.846444444444444,0.0,52.40263677777778,-1.5015281555555555
,,147.96,,4.0,20.27,18 / 21,238427,2019-09-07 09:17:23:706,1.1357,3.4168,10.1985,0.0072,-0.0027,9.8066,-0.033,0.2295,0.0249,-30.69,-31.44,18.94,319.87,-82.39,-157.2,6.935222222222222,0.0,52.40263638888889,-1.5015186777777778
,,147.96,,4.0,20.27,18 / 21,238527,2019-09-07 09:17:23:806,1.3709,2.4228,10.001,0.0586,-0.0301,9.8063,0.0863,0.2342,0.0308,-30.94,-31.19,18.13,319.22,-82.53,-156.46,7.024,0.0,52.402636,-1.5015092
,,147.96,,4.0,20.27,18 / 21,238627,2019-09-07 09:17:23:906,-0.5604,4.5155,10.7471,0.0371,-0.0211,9.8065,0.1511,0.2889,0.0459,-30.87,-31.56,17.94,317.89,-82.22,-157.32,7.112777777777778,0.0,52.40263561111111,-1.5014997222222222
,,147.96,,4.0,20.27,18 / 21,238727,2019-09-07 09:17:24:006,0.815,2.1602,9.805,0.0188,-0.0101,9.8065,0.1609,0.3585,-0.0556,-30.5,-31.25,17.13,317.1,-82.16,-157.36,7.201555555555555,0.0,52.40263522222222,-1.5014902444444445
,,147.96,,4.0,20.27,18 / 21,238827,2019-09-07 09:17:24:106,0.7064,3.396,10.1372,0.0025,-0.0127,9.8066,0.1186,0.2779,-0.0259,-31.25,-32.06,16.94,316.91,-81.95,-156.56,7.290333333333333,0.0,52.40263483333333,-1.5014807666666667
,,147.96,,4.0,20.27,18 / 21,238927,2019-09-07 09:17:24:206,-0.2829,1.8869,9.7351,-0.0102,-0.0181,9.8066,-0.0163,0.2213,0.0546,-31.19,-31.81,15.94,316.08,-81.98,-155.82,7.3791111111111105,0.0,52.402634444444445,-1.501471288888889
,,147.96,,4.0,20.27,18 / 21,239027,2019-09-07 09:17:24:306,1.0701,2.9924,10.597,-0.0422,0.0061,9.8065,0.0917,0.3123,-0.0978,-31.37,-31.37,15.75,317.44,-82.25,-154.93,7.467888888888889,0.0,52.40263405555555,-1.501461811111111
,,147.96,,4.0,20.27,18 / 21,239127,2019-09-07 09:17:24:406,0.2228,2.2444,10.6319,0.0397,-0.0142,9.8065,0.1832,0.2397,0.0129,-31.31,-31.69,14.94,316.58,-82.22,-153.99,7.556666666666667,0.0,52.40263366666667,-1.5014523333333334
,,147.96,,4.0,20.27,18 / 21,239227,2019-09-07 09:17:24:506,-0.2732,3.6666,9.8018,0.0169,0.0012,9.8066,0.019,0.2412,0.0141,-31.12,-31.62,14.31,313.27,-81.96,-155.22,7.645444444444444,0.0,52.40263327777778,-1.5014428555555557
,,147.96,,4.0,20.27,18 / 21,239327,2019-09-07 09:17:24:606,-0.8081,1.9413,10.2174,-0.0152,0.0113,9.8066,-0.0641,0.1672,-0.0566,-31.37,-31.62,14.31,311.32,-81.41,-156.57,7.734222222222222,0.0,52.40263288888889,-1.5014333777777777
,,147.96,,4.0,20.27,18 / 21,239427,2019-09-07 09:17:24:706,-0.5705,3.5552,9.7309,-0.0205,-0.0051,9.8066,0.0812,0.1561,-0.0113,-31.12,-31.94,13.94,310.67,-81.35,-157.11,7.8229999999999995,0.0,52.4026325,-1.5014239
,,147.96,,4.0,20.27,18 / 21,239527,2019-09-07 09:17:24:806,-0.6434,2.4607,9.6492,-0.0488,0.0129,9.8065,-0.0838,0.2466,-0.0517,-31.56,-32.0,13.19,308.31,-81.5,-157.28,7.911777777777777,0.0,52.40263211111111,-1.5014144222222223
,,147.96,,4.0,20.27,18 / 21,239628,2019-09-07 09:17:24:907,-0.0492,2.5816,10.8206,-0.0512,0.0198,9.8064,0.1216,0.3076,-0.0713,-30.81,-31.81,13.25,307.94,-81.45,-158.05,8.000555555555556,0.0,52.402631722222225,-1.5014049444444444
,,147.96,,4.0,20.27,18 / 21,239727,2019-09-07 09:17:25:006,0.2457,3.1898,10.1228,0.0522,0.0171,9.8064,0.2268,0.3342,-0.0775,-30.94,-32.37,12.63,307.09,-81.47,-158.84,8.089333333333332,0.0,52.40263133333333,-1.5013954666666667
,,147.96,,4.0,20.27,18 / 21,239827,2019-09-07 09:17:25:106,0.4829,3.9487,9.6324,0.0296,-0.0026,9.8065,-0.0018,0.2771,0.0315,-30.75,-32.44,12.0,302.63,-81.3,-161.12,8.17811111111111,0.0,52.40263094444445,-1.501385988888889
,,147.96,,4.0,20.27,18 / 21,239927,2019-09-07 09:17:25:206,-0.4034,2.4097,11.087,0.007,-0.0068,9.8066,-0.0119,0.2513,-0.0052,-30.56,-32.0,11.5,302.23,-81.23,-161.43,8.26688888888889,0.0,52.402630555555554,-1.5013765111111113
,,147.96,,4.0,20.27,18 / 21,240027,2019-09-07 09:17:25:306,0.1757,3.4931,10.4044,0.029,0.0108,9.8065,-0.0865,0.3122,-0.1329,-31.06,-32.5,11.0,298.96,-81.11,-162.65,8.355666666666666,0.0,52.40263016666667,-1.5013670333333333
,,147.96,,4.0,20.27,18 / 21,240127,2019-09-07 09:17:25:406,0.5798,2.0763,9.6919,0.0235,-0.0284,9.8066,-0.0368,0.2242,-0.0217,-30.56,-32.06,10.19,297.84,-80.92,-161.79,8.444444444444445,0.0,52.402629777777776,-1.5013575555555556
,,147.96,,4.0,20.27,18 / 21,240227,2019-09-07 09:17:25:506,-0.5324,1.7969,9.7173,-0.0087,-0.0116,9.8066,0.0582,0.2109,-0.0374,-30.87,-32.56,9.94,299.35,-80.78,-159.99,8.533222222222221,0.0,52.40262938888889,-1.501348077777778
,,147.96,,4.0,20.27,18 / 21,240327,2019-09-07 09:17:25:606,-0.4717,2.3788,9.542,-0.0149,-0.0123,9.8066,0.0214,0.2025,-0.0444,-30.87,-32.37,9.5,300.52,-80.89,-159.27,8.622,0.0,52.402629,-1.5013386
,,147.96,,4.0,20.27,18 / 21,240427,2019-09-07 09:17:25:706,-1.4048,1.4463,10.5096,0.006,-0.0334,9.8065,-0.0399,0.1239,0.0854,-31.69,-33.25,8.56,300.25,-80.8,-157.17,8.710777777777778,0.0,52.40262861111111,-1.5013291222222223
,,147.96,,4.0,20.27,18 / 21,240528,2019-09-07 09:17:25:807,-0.7997,-0.3882,10.1321,0.0237,-0.0487,9.8064,0.1331,0.0677,0.1466,-32.12,-32.87,10.38,304.66,-80.26,-154.36,8.799555555555555,0.0,52.40262822222222,-1.5013196444444445
,,147.96,,4.0,20.27,18 / 21,240627,2019-09-07 09:17:25:906,-0.7163,-1.5607,10.4385,0.0071,-0.0484,9.8065,0.156,0.0049,0.1615,-32.5,-32.56,10.81,307.76,-79.8,-152.84,8.888333333333334,0.0,52.402627833333334,-1.5013101666666666
,,147.96,,4.0,20.27,18 / 21,240727,2019-09-07 09:17:26:006,-0.2368,0.2442,9.515,0.031,-0.039,9.8064,-0.1066,-0.0771,0.1007,-32.69,-32.06,11.38,309.11,-79.41,-151.23,8.97711111111111,0.0,52.40262744444445,-1.501300688888889
,,147.96,,4.0,20.27,18 / 21,240828,2019-09-07 09:17:26:107,-0.9023,-3.4946,9.5946,0.0105,-0.0189,9.8065,-0.1234,-0.1733,0.1181,-32.75,-30.75,11.38,311.37,-79.02,-149.15,9.065888888888889,0.0,52.402627055555556,-1.5012912111111112
,,147.96,,4.0,20.27,18 / 21,240927,2019-09-07 09:17:26:206,-1.9084,-3.4884,9.8289,-0.0189,-0.0014,9.8066,-0.1104,-0.1828,0.0072,-32.06,-31.12,11.25,314.08,-79.15,-147.19,9.154666666666666,0.0,52.40262666666667,-1.5012817333333335
,,147.96,,4.0,20.27,18 / 21,241027,2019-09-07 09:17:26:306,-2.6438,-2.9928,9.2774,-0.0094,0.0318,9.8066,-0.1404,-0.2227,-0.0994,-32.75,-31.19,11.56,315.6,-79.51,-147.39,9.243444444444444,0.0,52.40262627777778,-1.5012722555555555
,,147.96,,4.0,20.27,17 / 21,241127,2019-09-07 09:17:26:406,-2.4079,-1.5173,9.5933,-0.03,0.0616,9.8064,0.0634,-0.2833,-0.0252,-31.69,-30.75,11.19,312.09,-79.93,-149.55,9.332222222222223,0.0,52.40262588888889,-1.5012627777777778
,,147.96,,4.0,20.27,17 / 21,241227,2019-09-07 09:17:26:506,-1.369,-2.7772,9.8401,-0.0379,0.057,9.8063,0.0482,-0.2692,-0.0864,-31.62,-31.12,11.44,309.54,-80.74,-152.48,9.421,0.0,52.4026255,-1.5012533000000001
,,147.96,,4.0,20.27,17 / 21,241327,2019-09-07 09:17:26:606,-0.0557,-1.7714,9.3725,0.037,0.038,9.8064,-0.0811,-0.2925,-0.0528,-30.87,-30.75,12.06,308.67,-81.07,-155.61,9.509777777777778,0.0,52.402625111111114,-1.5012438222222222
,,147.96,,4.0,20.27,17 / 21,241428,2019-09-07 09:17:26:707,-1.665,-1.9153,9.6191,0.0273,0.0187,9.8066,-0.0852,-0.2927,-0.0637,-31.37,-30.75,11.81,304.79,-81.21,-159.28,9.598555555555555,0.0,52.40262472222222,-1.5012343444444445
,,147.96,,4.0,20.27,17 / 21,241527,2019-09-07 09:17:26:806,-3.1361,-2.6425,10.153,-0.0069,0.0158,9.8066,-0.2106,-0.3241,0.0819,-30.94,-31.56,12.5,304.95,-81.46,-160.8,9.687333333333333,0.0,52.402624333333335,-1.5012248666666668
,,147.96,,4.0,20.27,17 / 21,241627,2019-09-07 09:17:26:906,-2.0416,-2.6264,10.0666,0.0333,-0.0091,9.8065,0.1143,-0.342,0.0043,-30.56,-31.31,13.75,307.07,-81.49,-160.71,9.776111111111112,0.0,52.40262394444444,-1.5012153888888888
,,147.96,,4.0,20.27,17 / 21,241727,2019-09-07 09:17:27:006,-1.8799,-3.6288,10.0486,0.0222,-0.0287,9.8065,0.1299,-0.1724,0.0015,-30.62,-31.25,14.31,304.14,-80.86,-162.88,9.864888888888888,0.0,52.40262355555556,-1.5012059111111111
,,147.96,,4.0,20.27,17 / 21,241827,2019-09-07 09:17:27:106,-0.6133,-3.3044,10.5217,-0.0279,-0.0051,9.8066,0.1811,-0.2831,0.1579,-31.06,-30.69,15.06,306.27,-80.46,-162.19,9.953666666666667,0.0,52.402623166666665,-1.5011964333333334
,,147.96,,4.0,20.27,17 / 21,241928,2019-09-07 09:17:27:207,-3.2187,-2.8475,9.9459,-0.0039,0.027,9.8065,-0.095,-0.2912,-0.1477,-31.69,-30.94,15.63,310.21,-80.74,-159.83,10.042444444444444,0.0,52.40262277777778,-1.5011869555555557
,,147.96,,4.0,20.27,17 / 21,242027,2019-09-07 09:17:27:306,-2.7283,-2.1211,10.0228,0.0142,0.0018,9.8066,-0.369,-0.2488,-0.0137,-30.44,-30.0,15.38,306.59,-80.81,-162.97,10.131222222222222,0.0,52.40262238888889,-1.5011774777777778
,,148.38,10.22,3.0,93.04,18 / 21,242127,2019-09-07 09:17:27:406,-2.3637,-1.8774,10.0987,-0.0219,0.0428,9.8064,-0.1635,-0.0986,-0.0273,-30.94,-30.81,16.63,308.14,-81.15,-164.13,10.22,0.0,52.402622,-1.501168
,,148.38,,3.0,93.04,18 / 21,242227,2019-09-07 09:17:27:506,-0.9768,-1.8629,9.6311,0.0212,-0.0085,9.8066,0.0116,-0.1749,0.077,-30.44,-31.12,17.94,309.6,-81.46,-165.2,10.228,0.0,52.40262505555555,-1.5011587222222222
,,148.38,,3.0,93.04,18 / 21,242328,2019-09-07 09:17:27:607,-1.0642,-2.3917,10.7089,0.0598,-0.0445,9.8063,0.1571,-0.2914,0.2031,-30.75,-30.56,17.75,308.54,-81.28,-165.34,10.236,0.0,52.40262811111111,-1.5011494444444444
,,148.38,,3.0,93.04,18 / 21,242427,2019-09-07 09:17:27:706,-1.0919,-1.7138,9.8403,-0.0237,-0.0341,9.8065,0.1285,-0.1948,0.0311,-30.5,-30.62,18.44,311.89,-80.81,-162.62,10.244,0.0,52.402631166666666,-1.5011401666666666
,,148.38,,3.0,93.04,18 / 21,242527,2019-09-07 09:17:27:806,-2.4571,-1.5724,9.7974,-0.0231,-0.0169,9.8065,-0.0135,-0.2635,0.0883,-30.44,-30.44,17.94,314.69,-80.75,-160.24,10.252,0.0,52.402634222222225,-1.501130888888889
,,148.38,,3.0,93.04,18 / 21,242632,2019-09-07 09:17:27:911,-1.6363,-1.9237,9.1213,-0.0165,-0.004,9.8066,-0.0736,-0.2751,0.1197,-31.81,-30.5,18.44,314.69,-80.68,-158.86,10.26,0.0,52.40263727777778,-1.5011216111111112
,,148.38,,3.0,93.04,18 / 21,242727,2019-09-07 09:17:28:006,-1.9494,-2.0382,9.7666,-0.0207,0.0209,9.8065,-0.0176,-0.2094,-0.0323,-30.62,-30.62,19.44,317.56,-80.81,-158.27,10.268,0.0,52.40264033333334,-1.5011123333333334
,,148.38,,3.0,93.04,18 / 21,242827,2019-09-07 09:17:28:106,-1.6595,-0.6884,9.6729,0.0213,0.0151,9.8065,-0.102,-0.2005,-0.069,-31.44,-30.25,19.19,316.99,-80.92,-159.03,10.276,0.0,52.40264338888889,-1.5011030555555556
,,148.38,,3.0,93.04,18 / 21,242927,2019-09-07 09:17:28:206,-1.3948,-0.349,9.6759,0.0333,0.0126,9.8065,-0.0708,-0.1097,-0.0544,-30.19,-30.69,20.06,316.37,-81.01,-161.61,10.284,0.0,52.40264644444444,-1.5010937777777777
,,148.38,,3.0,93.04,18 / 21,243027,2019-09-07 09:17:28:306,-1.057,0.42,9.7524,0.0261,0.0068,9.8066,0.0013,-0.0935,-0.0143,-30.81,-30.62,20.06,313.87,-81.09,-163.19,10.292,0.0,52.4026495,-1.5010845
,,148.38,,3.0,93.04,18 / 21,243127,2019-09-07 09:17:28:406,-0.9381,0.0037,10.2644,-0.003,-0.0041,9.8066,0.0254,-0.0261,-0.0697,-30.06,-30.62,19.88,313.52,-81.22,-164.34,10.3,0.0,52.402652555555555,-1.5010752222222223
,,148.38,,3.0,93.04,18 / 21,243227,2019-09-07 09:17:28:506,-0.7724,2.0797,9.1117,0.0061,0.0338,9.8065,-0.0782,0.0087,-0.0729,-30.31,-30.62,19.81,311.3,-81.4,-166.49,10.308,0.0,52.402655611111115,-1.5010659444444445
,,148.38,,3.0,93.04,18 / 21,243327,2019-09-07 09:17:28:606,-0.9896,1.8676,9.4482,0.019,-0.0077,9.8065,-0.1438,-0.0668,0.1058,-30.19,-31.31,19.13,309.0,-81.31,-167.1,10.316,0.0,52.40265866666667,-1.5010566666666667
,,148.38,,3.0,93.04,18 / 21,243427,2019-09-07 09:17:28:706,-0.9819,1.2362,9.2578,-0.0447,0.0194,9.8064,0.0535,0.0546,-0.0299,-30.25,-31.19,19.69,312.57,-81.32,-165.27,10.324,0.0,52.40266172222222,-1.501047388888889
,,148.38,,3.0,93.04,18 / 21,243527,2019-09-07 09:17:28:806,-1.6947,0.5479,9.9282,-0.047,0.0261,9.8064,0.0284,0.0022,-0.019,-30.31,-30.94,19.0,312.41,-81.78,-164.32,10.332,0.0,52.40266477777778,-1.501038111111111
,,148.38,,3.0,93.04,18 / 21,243627,2019-09-07 09:17:28:906,-2.7,3.2765,8.9067,-0.045,0.0433,9.8064,0.117,0.0417,-0.0576,-30.37,-31.19,18.38,310.39,-81.78,-164.71,10.34,0.0,52.40266783333333,-1.5010288333333333
,,148.38,,3.0,93.04,18 / 21,243727,2019-09-07 09:17:29:006,-1.3241,2.3935,9.0982,-0.0456,0.0393,9.8065,0.1001,0.0359,0.007,-29.87,-31.5,19.56,313.17,-82.13,-165.3,10.348,0.0,52.40267088888889,-1.5010195555555557
,,148.38,,3.0,93.04,18 / 21,243828,2019-09-07 09:17:29:107,2.3542,-1.2543,10.7426,0.0278,-0.0171,9.8065,0.0465,0.0266,0.0505,-30.44,-31.12,18.81,311.07,-81.97,-165.69,10.356,0.0,52.402673944444444,-1.5010102777777778
,,148.38,,3.0,93.04,18 / 21,243928,2019-09-07 09:17:29:207,0.4915,0.5002,10.7195,-0.0395,0.0042,9.8065,0.2329,0.041,-0.0308,-30.31,-31.12,18.44,310.95,-81.99,-164.35,10.364,0.0,52.402677000000004,-1.501001
,,148.38,,3.0,93.04,18 / 21,244027,2019-09-07 09:17:29:306,-1.0181,0.0963,10.5509,0.0584,-0.0446,9.8063,-0.0834,0.133,-0.0606,-30.5,-31.31,18.13,311.46,-82.1,-163.97,10.372,0.0,52.40268005555556,-1.5009917222222222
,,148.38,,3.0,93.04,18 / 21,244127,2019-09-07 09:17:29:406,-0.6292,1.4527,10.8299,0.0355,-0.052,9.8064,-0.0333,0.1833,-0.0442,-30.37,-31.12,18.31,312.27,-81.67,-162.91,10.38,0.0,52.40268311111111,-1.5009824444444444
,,148.38,,3.0,93.04,18 / 21,244227,2019-09-07 09:17:29:506,-0.5982,0.9424,9.6751,0.0099,-0.0053,9.8066,-0.1192,0.146,0.0264,-30.62,-31.37,17.88,311.55,-81.77,-162.95,10.388,0.0,52.40268616666667,-1.5009731666666666
52.40268922222222,-1.500963888888889,148.38,,3.0,93.04,18 / 21,244328,2019-09-07 09:17:29:607,-0.139,2.3841,9.0959,0.0044,-0.0162,9.8065,-0.0725,0.2229,-0.0421,-30.56,-32.25,17.75,311.99,-81.79,-162.39,10.396,1.0,52.40268922222222,-1.500963888888889
52.40269227777778,-1.5009546111111112,148.38,,3.0,93.04,18 / 21,244428,2019-09-07 09:17:29:707,-0.7789,1.5511,10.0702,-0.0162,0.01,9.8066,-0.0389,0.1536,0.0466,-30.94,-31.5,16.69,311.07,-81.89,-162.0,10.404,1.0,52.40269227777778,-1.5009546111111112
52.402695333333334,-1.5009453333333334,148.38,,3.0,93.04,18 / 21,244527,2019-09-07 09:17:29:806,-0.8657,1.4153,9.7678,0.0106,-0.0197,9.8066,-0.0329,0.1725,-0.018,-30.81,-31.44,16.5,311.58,-81.98,-161.6,10.412,1.0,52.402695333333334,-1.5009453333333334
52.40269838888889,-1.5009360555555555,148.38,,3.0,93.04,18 / 21,244628,2019-09-07 09:17:29:907,-0.7509,1.3028,9.296,-0.0226,0.0162,9.8065,0.0651,0.0653,0.0312,-30.62,-31.87,17.0,311.04,-82.04,-161.97,10.42,1.0,52.40269838888889,-1.5009360555555555
52.402701444444446,-1.5009267777777777,148.38,,3.0,93.04,18 / 21,244727,2019-09-07 09:17:30:006,-0.3691,1.8533,9.1306,-0.0201,0.0043,9.8065,-0.0241,0.1545,-0.0341,-30.75,-31.62,16.69,311.44,-82.19,-161.72,10.428,1.0,52.402701444444446,-1.5009267777777777
52.4027045,-1.5009175,148.38,,3.0,93.04,18 / 21,244827,2019-09-07 09:17:30:106,-0.4175,1.053,9.7027,0.0078,0.0124,9.8066,-0.0502,0.1742,0.0067,-31.12,-31.94,15.88,309.51,-82.23,-162.0,10.436,1.0,52.4027045,-1.5009175
52.40270755555556,-1.5009082222222223,148.38,,3.0,93.04,18 / 21,244927,2019-09-07 09:17:30:206,0.1198,3.0847,9.8823,-0.0113,-0.0152,9.8066,-0.0013,0.3061,-0.1014,-30.75,-31.94,16.19,310.48,-82.39,-161.24,10.444,1.0,52.40270755555556,-1.5009082222222223
52.40271061111111,-1.5008989444444445,148.38,,3.0,93.04,18 / 21,245027,2019-09-07 09:17:30:306,0.4133,1.8184,9.9777,0.0197,0.0079,9.8065,-0.0412,0.1347,-0.0194,-31.06,-32.12,15.69,309.65,-82.52,-162.1,10.452,1.0,52.40271061111111,-1.5008989444444445
52.40271366666667,-1.5008896666666667,148.38,,3.0,93.04,20 / 21,245128,2019-09-07 09:17:30:407,0.429,2.5739,9.3665,0.0156,-0.0021,9.8066,0.0156,0.2741,-0.0973,-30.56,-31.75,15.13,306.23,-82.48,-163.69,10.46,1.0,52.40271366666667,-1.5008896666666667
52.40271672222222,-1.5008803888888889,148.38,,3.0,93.04,20 / 21,245227,2019-09-07 09:17:30:506,0.3546,2.2631,9.477,-0.0155,-0.0102,9.8066,0.0052,0.2386,-0.0605,-31.25,-32.19,14.88,305.99,-82.39,-163.84,10.468,1.0,52.40271672222222,-1.5008803888888889
52.40271977777778,-1.500871111111111,148.38,,3.0,93.04,20 / 21,245327,2019-09-07 09:17:30:606,0.1374,2.8312,9.4572,-0.0055,-0.0038,9.8065,-0.0686,0.268,-0.0918,-30.56,-31.69,14.56,307.41,-82.4,-162.53,10.476,1.0,52.40271977777778,-1.500871111111111
52.402722833333335,-1.5008618333333332,148.38,,3.0,93.04,20 / 21,245427,2019-09-07 09:17:30:706,2.1783,0.9832,9.481,-0.0035,-0.0193,9.8065,0.1481,0.2923,-0.0799,-31.44,-32.12,13.88,305.6,-82.44,-162.65,10.484,1.0,52.402722833333335,-1.5008618333333332
52.40272588888889,-1.5008525555555556,148.38,,3.0,93.04,20 / 21,245527,2019-09-07 09:17:30:806,1.7254,4.4194,8.8298,-0.0126,-0.0164,9.8065,0.0361,0.4015,-0.1054,-30.25,-31.44,13.31,305.38,-82.55,-162.03,10.492,1.0,52.40272588888889,-1.5008525555555556
52.40272894444445,-1.5008432777777778,148.38,,3.0,93.04,20 / 21,245628,2019-09-07 09:17:30:907,-1.4383,1.1402,9.5238,-0.042,-0.0304,9.8064,-0.0609,0.1944,-0.0339,-31.19,-31.5,12.69,306.55,-82.53,-160.41,10.5,1.0,52.40272894444445,-1.5008432777777778
52.402732,-1.500834,148.38,,3.0,93.04,20 / 21,245728,2019-09-07 09:17:31:007,1.9579,4.2591,10.4648,-0.0082,0.0084,9.8065,-0.0124,0.3352,-0.1112,-30.87,-31.25,12.19,307.38,-82.68,-158.11,10.508000000000001,1.0,52.402732,-1.500834
52.40273505555556,-1.5008247222222222,148.38,,3.0,93.04,20 / 21,245827,2019-09-07 09:17:31:106,-0.423,3.202,9.9948,0.0161,0.0133,9.8065,0.0914,0.238,0.0192,-31.12,-31.75,11.75,305.6,-82.84,-159.73,10.516,1.0,52.40273505555556,-1.5008247222222222
52.40273811111111,-1.5008154444444444,148.38,,3.0,93.04,20 / 21,245927,2019-09-07 09:17:31:206,0.4305,2.481,10.0025,-0.0243,-0.0144,9.8066,0.0756,0.3291,-0.0703,-30.81,-31.62,11.5,305.98,-82.81,-159.35,10.524000000000001,1.0,52.40273811111111,-1.5008154444444444
52.402741166666665,-1.5008061666666666,148.38,,3.0,93.04,20 / 21,246027,2019-09-07 09:17:31:306,-0.119,1.7988,9.6877,0.0219,0.0074,9.8065,-0.0481,0.2179,-0.0032,-30.5,-31.87,10.81,303.21,-82.72,-160.58,10.532,1.0,52.402741166666665,-1.5008061666666666
52.402744222222225,-1.500796888888889,148.38,,3.0,93.04,19 / 20,246127,2019-09-07 09:17:31:406,-0.4276,3.2584,9.595,-0.0016,0.0072,9.8066,-0.0923,0.2945,-0.018,-30.06,-32.06,10.31,301.82,-82.95,-160.33,10.540000000000001,1.0,52.402744222222225,-1.500796888888889
52.40274727777778,-1.5007876111111111,148.38,,3.0,93.04,19 / 20,246227,2019-09-07 09:17:31:506,0.3735,4.4398,9.9048,0.0136,0.0045,9.8066,-0.1208,0.3099,0.0298,-31.19,-32.44,8.88,300.39,-83.3,-159.87,10.548,1.0,52.40274727777778,-1.5007876111111111
52.40275033333334,-1.5007783333333333,148.38,,3.0,93.04,19 / 20,246327,2019-09-07 09:17:31:606,-1.7935,1.2746,10.6405,0.0267,0.0108,9.8066,-0.1163,0.1803,0.1475,-30.5,-32.12,8.19,299.28,-83.44,-159.56,10.556000000000001,1.0,52.40275033333334,-1.5007783333333333
52.40275338888889,-1.5007690555555555,148.38,,3.0,93.04,19 / 20,246427,2019-09-07 09:17:31:706,0.0225,3.3864,9.9419,-0.0054,-0.0031,9.8066,0.1686,0.2466,-0.0365,-30.81,-32.69,7.63,301.09,-83.46,-157.42,10.564,1.0,52.40275338888889,-1.5007690555555555
52.40275644444445,-1.5007597777777777,148.38,,3.0,93.04,19 / 20,246527,2019-09-07 09:17:31:806,0.3213,2.7964,9.8094,-0.0099,-0.004,9.8066,0.1015,0.3049,-0.0616,-30.0,-32.25,7.31,300.56,-83.35,-156.43,10.572000000000001,1.0,52.40275644444445,-1.5007597777777777
52.4027595,-1.5007504999999999,148.38,,3.0,93.04,19 / 20,246628,2019-09-07 09:17:31:907,-1.5179,3.1026,10.4099,0.0133,-0.0053,9.8066,0.0933,0.4425,-0.0819,-30.44,-32.69,6.94,299.75,-83.3,-156.96,10.58,1.0,52.4027595,-1.5007504999999999
52.402762555555555,-1.5007412222222223,148.38,,3.0,93.04,19 / 20,246727,2019-09-07 09:17:32:006,-1.2606,1.3894,10.8121,-0.0016,0.0037,9.8066,0.091,0.3053,0.0156,-30.06,-32.44,6.25,297.83,-83.3,-157.1,10.588000000000001,1.0,52.402762555555555,-1.5007412222222223
52.402765611111114,-1.5007319444444445,148.38,,3.0,93.04,19 / 20,246827,2019-09-07 09:17:32:106,-0.1192,4.681,10.7635,0.041,-0.0089,9.8065,0.1342,0.447,-0.0307,-29.56,-33.0,5.25,294.95,-83.39,-157.83,10.596,1.0,52.402765611111114,-1.5007319444444445
52.40276866666667,-1.5007226666666666,148.38,,3.0,93.04,19 / 20,246927,2019-09-07 09:17:32:206,0.5495,4.7903,10.0385,0.0284,-0.0033,9.8066,0.1373,0.3377,-0.0076,-29.56,-32.31,4.75,294.45,-83.06,-158.16,10.604,1.0,52.40276866666667,-1.5007226666666666
52.40277172222223,-1.5007133888888888,148.38,,3.0,93.04,19 / 20,247027,2019-09-07 09:17:32:306,-0.9826,5.07,10.4025,0.0012,0.0016,9.8066,-0.0371,0.4246,-0.1355,-29.5,-33.44,4.0,292.0,-82.95,-158.29,10.612,1.0,52.40277172222223,-1.5007133888888888
52.40277477777778,-1.500704111111111,148.38,,3.0,93.04,19 / 21,247127,2019-09-07 09:17:32:406,-1.4055,5.2509,9.867,0.0168,0.0059,9.8066,0.0487,0.4571,-0.1494,-29.06,-33.37,3.19,289.22,-82.89,-158.9,10.62,1.0,52.40277477777778,-1.500704111111111
52.40277783333334,-1.5006948333333332,148.38,,3.0,93.04,19 / 21,247227,2019-09-07 09:17:32:506,-0.7486,3.4832,9.7681,-0.0083,-0.0095,9.8066,0.1459,0.4343,-0.0937,-29.12,-34.06,2.75,287.66,-82.78,-160.03,10.628,1.0,52.40277783333334,-1.5006948333333332
52.40278088888889,-1.5006855555555556,148.38,,3.0,93.04,19 / 21,247327,2019-09-07 09:17:32:606,-0.0544,4.1524,9.4466,-0.002,0.0105,9.8066,0.0477,0.4028,-0.0682,-28.75,-34.12,2.31,284.5,-82.57,-160.84,10.636,1.0,52.40278088888889,-1.5006855555555556
52.402783944444444,-1.5006762777777778,148.38,,3.0,93.04,19 / 21,247428,2019-09-07 09:17:32:707,-2.0334,3.6491,9.8982,-0.0133,-0.0175,9.8066,0.095,0.3013,0.0328,-27.75,-34.5,1.88,283.87,-82.55,-161.26,10.644,1.0,52.402783944444444,-1.5006762777777778
52.402787000000004,-1.500667,148.38,,3.0,93.04,19 / 21,247528,2019-09-07 09:17:32:807,-3.2408,3.6741,10.3206,-0.0597,-0.0103,9.8064,0.087,0.4926,-0.1253,-28.0,-34.37,0.5,284.58,-82.82,-158.85,10.652,1.0,52.402787000000004,-1.500667
52.402790055555556,-1.5006577222222222,148.38,,3.0,93.04,19 / 21,247628,2019-09-07 09:17:32:907,-1.2494,4.5766,9.657,0.0022,0.0006,9.8066,-0.0056,0.4047,-0.0465,-27.12,-34.37,-0.31,281.31,-83.0,-159.89,10.66,1.0,52.402790055555556,-1.5006577222222222
52.402793111111116,-1.5006484444444443,148.38,,3.0,93.04,19 / 21,247727,2019-09-07 09:17:33:006,-1.7732,3.3482,9.7152,0.0411,-0.0021,9.8065,-0.0141,0.4436,-0.0495,-27.06,-33.94,-1.0,279.29,-82.79,-159.48,10.668,1.0,52.402793111111116,-1.5006484444444443
52.40279616666667,-1.5006391666666665,148.38,,3.0,93.04,19 / 21,247827,2019-09-07 09:17:33:106,0.0177,4.5984,9.1759,0.0244,0.0098,9.8065,0.0022,0.422,-0.0091,-26.44,-34.81,-0.81,276.36,-82.46,-161.18,10.676,1.0,52.40279616666667,-1.5006391666666665
52.40279922222222,-1.500629888888889,148.38,,3.0,93.04,19 / 21,247927,2019-09-07 09:17:33:206,-1.9554,3.42,10.0308,0.0002,-0.0059,9.8066,-0.0319,0.4422,-0.0938,-26.37,-34.69,-1.06,276.89,-82.38,-160.55,10.684,1.0,52.40279922222222,-1.500629888888889
52.40280227777778,-1.5006206111111111,148.38,,3.0,93.04,19 / 21,248027,2019-09-07 09:17:33:306,-1.1058,3.4289,10.4848,-0.0139,0.0144,9.8065,0.07,0.4384,-0.1161,-26.12,-35.37,-1.12,276.54,-82.44,-160.99,10.692,1.0,52.40280227777778,-1.5006206111111111
52.40280533333333,-1.5006113333333333,148.38,,3.0,93.04,20 / 22,248128,2019-09-07 09:17:33:407,-1.4459,3.7077,11.3057,0.0205,0.0193,9.8066,0.0537,0.4337,-0.0633,-26.25,-35.44,-1.62,272.08,-82.48,-163.31,10.7,1.0,52.40280533333333,-1.5006113333333333
52.40280838888889,-1.5006020555555555,148.38,,3.0,93.04,20 / 22,248227,2019-09-07 09:17:33:506,-0.5687,5.126,10.9367,0.0612,0.018,9.8064,0.0249,0.3856,0.0651,-25.25,-35.56,-1.12,272.33,-82.27,-164.1,10.708,1.0,52.40280838888889,-1.5006020555555555
52.402811444444445,-1.5005927777777777,148.38,,3.0,93.04,20 / 22,248327,2019-09-07 09:17:33:606,-0.2001,3.9391,9.3552,0.0657,-0.0041,9.8064,0.127,0.4904,-0.0718,-25.69,-35.75,-0.37,273.01,-81.38,-164.85,10.716,1.0,52.402811444444445,-1.5005927777777777
52.402814500000005,-1.5005834999999998,148.38,,3.0,93.04,20 / 22,248427,2019-09-07 09:17:33:706,-1.4733,5.2332,9.1557,-0.001,-0.0263,9.8066,-0.0864,0.4511,-0.0358,-24.06,-35.56,0.0,272.0,-80.92,-164.11,10.724,1.0,52.402814500000005,-1.5005834999999998
52.40281755555556,-1.5005742222222223,148.38,,3.0,93.04,20 / 22,248527,2019-09-07 09:17:33:806,-2.5263,3.554,10.0476,-0.0052,0.0074,9.8066,-0.1403,0.399,0.0249,-23.44,-35.37,-0.12,272.32,-80.89,-163.53,10.732,1.0,52.40281755555556,-1.5005742222222223
52.40282061111111,-1.5005649444444444,148.38,,3.0,93.04,20 / 22,248627,2019-09-07 09:17:33:906,-1.8929,3.7088,9.6412,0.0018,-0.0232,9.8065,0.0748,0.4341,0.045,-22.81,-34.56,-0.12,273.76,-80.84,-162.02,10.74,1.0,52.40282061111111,-1.5005649444444444
52.40282366666667,-1.5005556666666666,148.38,,3.0,93.04,20 / 22,248728,2019-09-07 09:17:34:007,-0.8179,4.5548,9.2275,0.0093,-0.0177,9.8066,0.0014,0.4676,-0.0783,-21.19,-34.69,-0.5,273.79,-80.5,-160.0,10.748,1.0,52.40282366666667,-1.5005556666666666
52.40282672222222,-1.5005463888888888,148.38,,3.0,93.04,20 / 22,248827,2019-09-07 09:17:34:106,-1.219,4.56,8.3307,-0.0205,-0.0134,9.8066,-0.0412,0.3969,0.0685,-20.62,-34.0,-0.62,272.18,-80.43,-159.25,10.756,1.0,52.40282672222222,-1.5005463888888888
52.40282977777778,-1.500537111111111,148.38,,3.0,93.04,20 / 22,248928,2019-09-07 09:17:34:207,-0.7722,3.7021,8.8438,-0.0591,-0.0204,9.8064,0.0138,0.5533,-0.3117,-19.75,-34.31,-1.94,271.14,-80.99,-157.57,10.764,1.0,52.40282977777778,-1.500537111111111
52.402832833333335,-1.5005278333333332,148.38,,3.0,93.04,20 / 22,249027,2019-09-07 09:17:34:306,-2.7122,4.3399,9.7161,-0.0409,0.0103,9.8065,-0.1063,0.4773,-0.0532,-18.56,-33.56,-3.5,266.56,-81.94,-160.03,10.772,1.0,52.402832833333335,-1.5005278333333332
52.402835888888895,-1.5005185555555556,148.38,,3.0,93.04,20 / 22,249128,2019-09-07 09:17:34:407,-1.2707,3.4482,9.638,-0.0393,-0.0008,9.8065,-0.0723,0.4371,-0.0726,-17.56,-33.56,-4.31,262.82,-82.37,-160.54,10.78,1.0,52.402835888888895,-1.5005185555555556
52.40283894444445,-1.5005092777777778,148.38,,3.0,93.04,20 / 22,249227,2019-09-07 09:17:34:506,-3.1383,4.3345,9.3576,0.001,0.0304,9.8065,0.0013,0.4391,-0.1418,-16.75,-33.87,-4.12,261.09,-82.6,-161.28,10.788,1.0,52.40283894444445,-1.5005092777777778
52.402842,-1.5005,148.38,,3.0,93.04,20 / 22,249327,2019-09-07 09:17:34:606,-3.2891,4.254,9.8587,0.0162,0.0383,9.8065,-0.121,0.3723,-0.0249,-15.19,-33.44,-4.87,252.61,-82.57,-164.05,10.796,1.0,52.402842,-1.5005
52.40284505555556,-1.5004907222222221,148.38,,3.0,93.04,20 / 22,249427,2019-09-07 09:17:34:706,-1.4509,4.0775,9.5559,-0.0025,0.0025,9.8066,-0.0273,0.3316,-0.0091,-15.37,-33.0,-4.25,256.8,-82.8,-163.21,10.804,1.0,52.40284505555556,-1.5004907222222221
52.40284811111111,-1.5004814444444443,148.38,,3.0,93.04,20 / 22,249527,2019-09-07 09:17:34:806,-2.2186,3.6956,9.3797,0.0144,-0.0079,9.8066,-0.0029,0.4256,-0.046,-14.25,-32.19,-3.87,256.1,-82.77,-162.37,10.812,1.0,52.40284811111111,-1.5004814444444443
52.40285116666667,-1.5004721666666665,148.38,,3.0,93.04,20 / 22,249628,2019-09-07 09:17:34:907,-1.8704,3.5445,9.8698,-0.0183,-0.0149,9.8065,0.0491,0.4414,-0.0783,-14.44,-30.81,-3.87,257.97,-82.75,-160.82,10.82,1.0,52.40285116666667,-1.5004721666666665
52.402854222222224,-1.500462888888889,148.38,,3.0,93.04,20 / 22,249727,2019-09-07 09:17:35:006,-2.1231,2.8325,9.7605,-0.0053,-0.0302,9.8066,0.039,0.415,-0.0359,-13.81,-31.06,-6.12,252.41,-82.73,-160.2,10.828,1.0,52.402854222222224,-1.500462888888889
52.402857277777784,-1.500453611111111,148.38,,3.0,93.04,20 / 22,249827,2019-09-07 09:17:35:106,-1.893,2.7794,9.8084,0.0125,0.0032,9.8066,0.0138,0.4005,-0.079,-12.37,-33.56,-7.12,243.91,-82.56,-159.37,10.836,1.0,52.402857277777784,-1.500453611111111
52.40286033333334,-1.5004443333333333,148.38,,3.0,93.04,20 / 22,249927,2019-09-07 09:17:35:206,-2.57,3.4759,9.7482,0.0021,0.0105,9.8066,-0.0544,0.2947,0.06,-10.5,-33.75,-5.06,243.25,-82.43,-159.29,10.844,1.0,52.40286033333334,-1.5004443333333333
52.40286338888889,-1.5004350555555555,148.38,,3.0,93.04,20 / 22,250027,2019-09-07 09:17:35:306,-1.2525,2.1983,10.368,0.0133,-0.0031,9.8066,0.0366,0.2772,0.0086,-10.87,-32.75,-3.87,251.4,-82.48,-158.13,10.852,1.0,52.40286338888889,-1.5004350555555555
52.40286644444445,-1.5004257777777776,148.38,,3.0,93.04,20 / 22,250127,2019-09-07 09:17:35:406,-0.5775,2.4464,9.4633,0.0227,0.0307,9.8065,-0.094,0.1639,0.0851,-9.69,-30.37,-5.44,246.07,-82.31,-158.25,10.86,1.0,52.40286644444445,-1.5004257777777776
52.4028695,-1.5004164999999998,148.38,,3.0,93.04,20 / 22,250227,2019-09-07 09:17:35:506,-0.1333,1.7273,9.3346,-0.033,-0.0283,9.8065,0.1166,0.1463,0.1315,-9.19,-33.31,-7.69,234.04,-82.2,-156.96,10.868,1.0,52.4028695,-1.5004164999999998
52.40287255555556,-1.5004072222222222,148.38,,3.0,93.04,20 / 22,250327,2019-09-07 09:17:35:606,-1.8275,4.0587,9.548,0.0029,-0.0245,9.8066,0.047,0.348,-0.048,-8.5,-35.12,-5.62,235.13,-82.31,-155.5,10.876,1.0,52.40287255555556,-1.5004072222222222
52.402875611111114,-1.5003979444444444,148.38,,3.0,93.04,20 / 22,250428,2019-09-07 09:17:35:707,-0.1864,0.7256,9.9587,0.0337,0.0077,9.8065,-0.0168,0.2564,0.0033,-8.25,-34.81,-4.75,238.03,-82.29,-155.06,10.884,1.0,52.402875611111114,-1.5003979444444444
52.402878666666666,-1.5003886666666666,148.38,,3.0,93.04,20 / 22,250528,2019-09-07 09:17:35:807,-1.8391,1.3495,9.9564,0.034,0.0054,9.8065,0.0009,0.2059,-0.0092,-7.44,-33.31,-5.06,235.3,-82.05,-153.38,10.892,1.0,52.402878666666666,-1.5003886666666666
52.402881722222226,-1.5003793888888888,148.38,,3.0,93.04,20 / 22,250628,2019-09-07 09:17:35:907,-0.0992,0.6633,9.8674,0.0136,-0.018,9.8066,0.0026,0.1545,-0.074,-7.44,-33.5,-5.12,236.41,-81.95,-151.52,10.9,1.0,52.402881722222226,-1.5003793888888888
52.40288477777778,-1.500370111111111,148.38,,3.0,93.04,20 / 22,250727,2019-09-07 09:17:36:006,-0.8685,0.8252,9.8763,0.0055,0.0013,9.8066,-0.0272,0.0318,0.0336,-7.37,-33.75,-5.19,235.28,-81.8,-151.65,10.908,1.0,52.40288477777778,-1.500370111111111
52.40288783333334,-1.5003608333333331,148.38,,3.0,93.04,20 / 22,250827,2019-09-07 09:17:36:106,1.0844,0.6323,10.0941,0.0001,0.0027,9.8066,0.0777,0.0014,0.0871,-7.81,-33.81,-5.0,239.92,-81.61,-151.06,10.916,1.0,52.40288783333334,-1.5003608333333331
52.40289088888889,-1.5003515555555555,148.38,,3.0,93.04,20 / 22,250927,2019-09-07 09:17:36:206,0.0139,1.4597,9.5987,0.0065,-0.0063,9.8066,0.0651,0.1036,-0.0033,-8.06,-33.37,-3.94,243.47,-81.53,-150.85,10.924,1.0,52.40289088888889,-1.5003515555555555
52.40289394444445,-1.5003422777777777,148.38,,3.0,93.04,20 / 22,251027,2019-09-07 09:17:36:306,-0.1943,1.4764,9.6708,-0.004,0.0055,9.8066,-0.0637,0.0648,0.0072,-7.25,-32.25,-4.0,238.86,-81.52,-151.33,10.932,1.0,52.40289394444445,-1.5003422777777777
52.402897,-1.500333,147.9,10.94,3.0,342.22,19 / 21,251128,2019-09-07 09:17:36:407,-0.3118,0.8957,9.6255,-0.0024,-0.0011,9.8066,-0.0266,0.0835,-0.0339,-6.87,-31.94,-5.37,236.12,-81.55,-151.42,10.94,1.0,52.402897,-1.500333
52.40290614444445,-1.5003430444444443,147.9,,3.0,342.22,19 / 21,251227,2019-09-07 09:17:36:506,-0.1591,0.5338,10.219,-0.005,-0.005,9.8066,0.0456,0.0327,-0.0386,-7.81,-34.69,-6.12,236.14,-81.54,-151.74,10.941888888888888,1.0,52.40290614444445,-1.5003430444444443
52.40291528888889,-1.5003530888888887,147.9,,3.0,342.22,19 / 21,251327,2019-09-07 09:17:36:606,-0.5448,1.3625,10.4144,-0.0118,-0.0095,9.8066,0.107,0.0228,-0.017,-7.94,-34.5,-3.81,241.77,-81.57,-152.25,10.943777777777777,1.0,52.40291528888889,-1.5003530888888887
52.40292443333334,-1.5003631333333332,147.9,,3.0,342.22,19 / 21,251427,2019-09-07 09:17:36:706,-0.0196,0.9452,10.1539,0.0203,0.0329,9.8065,-0.0027,0.0323,0.0014,-7.31,-32.62,-3.31,238.69,-81.21,-153.63,10.945666666666666,1.0,52.40292443333334,-1.5003631333333332
52.40293357777778,-1.5003731777777778,147.9,,3.0,342.22,19 / 21,251528,2019-09-07 09:17:36:807,-0.3431,0.9426,9.6249,0.0145,0.0143,9.8066,0.0055,0.0574,-0.0285,-6.31,-31.75,-4.06,230.59,-81.1,-153.79,10.947555555555555,1.0,52.40293357777778,-1.5003731777777778
52.40294272222223,-1.5003832222222222,147.9,,3.0,342.22,19 / 21,251627,2019-09-07 09:17:36:906,0.662,-0.7423,9.4822,-0.0171,-0.0266,9.8066,-0.0485,0.0041,0.0955,-6.56,-33.06,-5.94,230.34,-81.12,-154.05,10.949444444444444,1.0,52.40294272222223,-1.5003832222222222
52.40295186666667,-1.5003932666666666,147.9,,3.0,342.22,19 / 21,251727,2019-09-07 09:17:37:006,0.0581,0.6336,8.9863,-0.005,-0.0405,9.8065,-0.0042,0.0929,-0.0661,-6.62,-35.5,-3.31,238.28,-81.42,-152.81,10.951333333333332,1.0,52.40295186666667,-1.5003932666666666
52.40296101111112,-1.500403311111111,147.9,,3.0,342.22,19 / 21,251827,2019-09-07 09:17:37:106,-1.2821,2.1581,9.8156,-0.0055,0.0282,9.8066,-0.1625,-0.0624,0.077,-6.31,-33.25,-2.56,234.61,-81.64,-153.16,10.953222222222221,1.0,52.40296101111112,-1.500403311111111
52.40297015555556,-1.5004133555555554,147.9,,3.0,342.22,19 / 21,251927,2019-09-07 09:17:37:206,-1.1627,-0.7959,10.1841,0.0123,0.022,9.8066,-0.0596,0.0554,-0.0827,-6.69,-31.87,-3.56,237.74,-81.69,-153.52,10.95511111111111,1.0,52.40297015555556,-1.5004133555555554
52.402979300000005,-1.5004233999999999,147.9,,3.0,342.22,19 / 21,252028,2019-09-07 09:17:37:307,-0.4892,0.5942,9.972,0.0057,-0.0031,9.8066,0.0739,0.0673,-0.0632,-6.12,-32.44,-4.81,229.38,-81.61,-153.95,10.956999999999999,1.0,52.402979300000005,-1.5004233999999999
52.402988444444446,-1.5004334444444443,147.9,,3.0,342.22,20 / 22,252128,2019-09-07 09:17:37:407,-1.0813,-0.2348,10.0755,0.0047,0.0086,9.8066,0.013,0.0635,-0.0041,-7.69,-32.5,-4.37,241.13,-81.45,-154.55,10.958888888888888,1.0,52.402988444444446,-1.5004334444444443
52.402997588888894,-1.500443488888889,147.9,,3.0,342.22,20 / 22,252227,2019-09-07 09:17:37:506,-1.3056,0.2521,9.8847,0.0051,-0.0075,9.8066,-0.0046,0.0935,-0.0312,-7.75,-32.81,-4.37,240.18,-81.32,-154.36,10.960777777777777,1.0,52.402997588888894,-1.500443488888889
52.403006733333335,-1.5004535333333333,147.9,,3.0,342.22,20 / 22,252328,2019-09-07 09:17:37:607,-0.3557,-0.2897,9.5311,0.0002,0.0015,9.8066,-0.0303,0.0446,0.056,-7.0,-32.06,-4.12,236.21,-81.27,-154.04,10.962666666666665,1.0,52.403006733333335,-1.5004535333333333
52.40301587777778,-1.5004635777777777,147.9,,3.0,342.22,20 / 22,252427,2019-09-07 09:17:37:706,-0.9553,-0.5738,9.4992,-0.0033,-0.0101,9.8066,0.0716,0.108,-0.0149,-7.12,-31.94,-4.87,233.48,-81.27,-154.09,10.964555555555554,1.0,52.40301587777778,-1.5004635777777777
52.403025022222224,-1.5004736222222221,147.9,,3.0,342.22,20 / 22,252527,2019-09-07 09:17:37:806,-0.8796,-0.0291,9.5583,-0.0059,-0.0102,9.8066,0.0386,0.0541,0.0241,-7.69,-32.62,-5.0,237.82,-81.33,-153.74,10.966444444444443,1.0,52.403025022222224,-1.5004736222222221
52.40303416666667,-1.5004836666666665,147.9,,3.0,342.22,20 / 22,252627,2019-09-07 09:17:37:906,-1.3638,-0.3106,9.9757,-0.001,-0.0036,9.8066,0.0617,0.0458,0.0134,-7.69,-33.06,-3.81,240.34,-81.32,-154.17,10.968333333333332,1.0,52.40303416666667,-1.5004836666666665
52.40304331111111,-1.500493711111111,147.9,,3.0,342.22,20 / 22,252727,2019-09-07 09:17:38:006,-0.5249,-0.2341,9.9749,0.0085,0.0116,9.8066,-0.0352,0.0547,0.0248,-7.37,-31.75,-3.12,238.58,-81.11,-154.54,10.970222222222223,1.0,52.40304331111111,-1.500493711111111
52.40305245555556,-1.5005037555555554,147.9,,3.0,342.22,20 / 22,252827,2019-09-07 09:17:38:106,0.123,1.9433,9.5532,0.0,-0.0109,9.8065,0.1336,0.0485,0.0087,-7.31,-29.87,-4.0,236.47,-80.99,-154.78,10.972111111111111,1.0,52.40305245555556,-1.5005037555555554
52.4030616,-1.5005138,147.9,,3.0,342.22,20 / 22,252927,2019-09-07 09:17:38:206,0.835,-0.2479,10.3003,0.0144,0.0362,9.8066,-0.0706,-0.0451,0.1662,-7.0,-30.62,-5.37,232.62,-80.84,-154.84,10.974,1.0,52.4030616,-1.5005138
52.40307074444445,-1.5005238444444444,147.9,,3.0,342.22,20 / 22,253027,2019-09-07 09:17:38:306,-0.7476,-2.2613,10.1969,-0.0118,0.0024,9.8066,0.1555,-0.0058,0.0237,-7.19,-31.12,-4.5,235.55,-80.86,-154.5,10.975888888888889,1.0,52.40307074444445,-1.5005238444444444
52.40307988888889,-1.5005338888888888,147.9,,3.0,342.22,19 / 21,253127,2019-09-07 09:17:38:406,2.1448,-1.0526,9.8086,-0.0576,-0.0964,9.8059,0.5506,0.0057,0.0858,-6.94,-32.25,-6.19,230.59,-81.33,-155.1,10.977777777777778,1.0,52.40307988888889,-1.5005338888888888
52.40308903333334,-1.5005439333333332,147.9,,3.0,342.22,19 / 21,253228,2019-09-07 09:17:38:507,2.7746,0.3663,10.9044,0.0382,0.1042,9.806,-0.25,-0.1231,0.0268,-7.69,-33.69,-6.37,233.59,-81.38,-155.45,10.979666666666667,1.0,52.40308903333334,-1.5005439333333332
52.40309817777778,-1.5005539777777777,147.9,,3.0,342.22,19 / 21,253327,2019-09-07 09:17:38:606,-1.2906,0.0893,11.3362,-0.0077,0.0057,9.8066,0.0709,-0.0215,-0.0195,-7.81,-34.56,-5.94,231.78,-81.34,-157.04,10.981555555555556,1.0,52.40309817777778,-1.5005539777777777
52.403107322222226,-1.500564022222222,147.9,,3.0,342.22,19 / 21,253427,2019-09-07 09:17:38:706,-1.2241,1.3153,10.8995,0.0494,0.0696,9.8062,-0.0256,0.0829,0.0134,-7.69,-34.69,-3.75,234.88,-81.01,-158.59,10.983444444444444,1.0,52.403107322222226,-1.500564022222222
52.40311646666667,-1.5005740666666665,147.9,,3.0,342.22,19 / 21,253527,2019-09-07 09:17:38:806,-0.6392,-0.5648,9.652,0.0381,0.0587,9.8063,0.005,-0.0122,0.093,-8.69,-34.0,-3.5,242.77,-80.91,-158.53,10.985333333333333,1.0,52.40311646666667,-1.5005740666666665
52.403125611111115,-1.5005841111111111,147.9,,3.0,342.22,19 / 21,253627,2019-09-07 09:17:38:906,-1.2425,0.941,9.8362,-0.0212,-0.0177,9.8066,-0.0034,0.1359,-0.0456,-8.94,-32.5,-3.94,240.81,-80.86,-158.48,10.987222222222222,1.0,52.403125611111115,-1.5005841111111111
52.403134755555556,-1.5005941555555555,147.9,,3.0,342.22,19 / 21,253728,2019-09-07 09:17:39:007,-0.3848,0.4276,9.7008,-0.0133,-0.0079,9.8065,0.0456,0.0715,0.0236,-9.44,-32.44,-3.87,241.23,-81.03,-158.47,10.98911111111111,1.0,52.403134755555556,-1.5005941555555555
52.4031439,-1.5006042,147.9,,3.0,342.22,19 / 21,253828,2019-09-07 09:17:39:107,-0.3002,-0.1481,9.5114,-0.0199,-0.0054,9.8066,-0.0086,0.0172,0.0329,-8.56,-32.37,-3.19,244.76,-81.02,-158.33,10.991,1.0,52.4031439,-1.5006042
52.403153044444444,-1.5006142444444444,147.9,,3.0,342.22,19 / 21,253927,2019-09-07 09:17:39:206,-0.8067,0.7211,9.5285,-0.0057,-0.0012,9.8066,0.0202,0.0552,0.025,-8.31,-30.44,-3.75,238.74,-81.16,-158.62,10.992888888888888,1.0,52.403153044444444,-1.5006142444444444
52.40316218888889,-1.5006242888888888,147.9,,3.0,342.22,19 / 21,254028,2019-09-07 09:17:39:307,-1.0485,0.8268,9.6102,0.0033,-0.002,9.8066,-0.1047,0.0574,-0.0062,-7.87,-31.87,-4.81,235.51,-81.22,-157.3,10.994777777777777,1.0,52.40316218888889,-1.5006242888888888
52.40317133333333,-1.5006343333333332,147.9,,3.0,342.22,20 / 22,254127,2019-09-07 09:17:39:406,-1.0381,0.0811,9.3002,0.0174,0.0032,9.8065,-0.0917,0.1046,0.0176,-8.12,-32.5,-5.06,236.23,-81.21,-156.33,10.996666666666666,1.0,52.40317133333333,-1.5006343333333332
52.40318047777778,-1.5006443777777776,147.9,,3.0,342.22,20 / 22,254227,2019-09-07 09:17:39:506,-1.7069,1.6177,9.4573,0.0065,0.0015,9.8066,-0.0179,0.0802,0.029,-7.37,-32.87,-3.75,234.37,-81.28,-155.67,10.998555555555555,1.0,52.40318047777778,-1.5006443777777776
52.40318962222222,-1.5006544222222222,147.9,,3.0,342.22,20 / 22,254327,2019-09-07 09:17:39:606,-2.1152,0.7937,10.0657,0.0164,-0.0023,9.8066,0.0243,0.2126,-0.083,-7.25,-33.25,-3.87,234.73,-81.13,-154.57,11.000444444444444,1.0,52.40318962222222,-1.5006544222222222
52.40319876666667,-1.5006644666666666,147.9,,3.0,342.22,20 / 22,254428,2019-09-07 09:17:39:707,-0.797,-0.0408,10.8156,0.0084,0.005,9.8065,-0.0249,0.0427,0.0746,-6.81,-33.75,-4.31,233.27,-81.02,-155.22,11.002333333333333,1.0,52.40319876666667,-1.5006644666666666
52.40320791111111,-1.500674511111111,147.9,,3.0,342.22,20 / 22,254527,2019-09-07 09:17:39:806,-1.5514,-0.4728,10.3295,0.0137,0.0062,9.8066,0.0301,0.1204,-0.1185,-6.62,-34.44,-2.94,235.67,-80.81,-155.02,11.004222222222221,1.0,52.40320791111111,-1.500674511111111
52.40321705555556,-1.5006845555555555,147.9,,3.0,342.22,20 / 22,254628,2019-09-07 09:17:39:907,-0.1242,0.0419,9.4432,-0.0116,0.0036,9.8065,0.002,0.0302,0.0353,-7.0,-33.69,-3.06,234.69,-80.71,-156.06,11.00611111111111,1.0,52.40321705555556,-1.5006845555555555
52.4032262,-1.5006945999999999,147.9,,3.0,342.22,20 / 22,254728,2019-09-07 09:17:40:007,0.0165,0.564,9.431,-0.0045,0.0088,9.8066,0.0354,0.0528,-0.0009,-6.37,-34.12,-3.12,228.69,-80.7,-156.82,11.008,1.0,52.4032262,-1.5006945999999999
52.40323534444445,-1.5007046444444443,147.9,,3.0,342.22,20 / 22,254827,2019-09-07 09:17:40:106,-0.6162,-0.2796,10.2808,-0.0054,0.0176,9.8066,0.0506,0.0521,-0.019,-6.12,-33.81,-2.75,228.17,-80.65,-157.49,11.009888888888888,1.0,52.40323534444445,-1.5007046444444443
52.40324448888889,-1.5007146888888887,147.9,,3.0,342.22,20 / 22,254928,2019-09-07 09:17:40:207,-1.4755,0.6105,10.1177,-0.0015,0.026,9.8065,-0.0538,0.1002,-0.0665,-5.44,-34.06,-1.5,226.16,-80.45,-159.42,11.011777777777777,1.0,52.40324448888889,-1.5007146888888887
52.403253633333335,-1.5007247333333333,147.9,,3.0,342.22,20 / 22,255029,2019-09-07 09:17:40:308,-1.5326,-1.0157,10.6199,-0.0043,-0.0009,9.8066,0.1264,0.1012,-0.045,-5.56,-34.19,-1.44,232.31,-80.35,-160.2,11.013666666666666,1.0,52.403253633333335,-1.5007247333333333
52.403262777777776,-1.5007347777777778,147.9,,3.0,342.22,20 / 22,255127,2019-09-07 09:17:40:406,-0.5141,0.4701,10.0994,-0.0003,0.0008,9.8066,0.0592,0.1053,-0.0051,-4.75,-34.12,-1.31,224.72,-80.22,-160.96,11.015555555555554,1.0,52.403262777777776,-1.5007347777777778
52.403271922222224,-1.5007448222222222,147.9,,3.0,342.22,18 / 21,255227,2019-09-07 09:17:40:506,-1.388,-0.9121,10.3328,0.0013,-0.0134,9.8066,0.0808,0.1207,-0.1336,-3.31,-33.5,-1.5,209.22,-80.17,-161.92,11.017444444444443,1.0,52.403271922222224,-1.5007448222222222
52.403281066666665,-1.5007548666666666,147.9,,3.0,342.22,18 / 21,255327,2019-09-07 09:17:40:606,-2.0143,-0.1834,9.4275,0.0115,-0.0067,9.8066,0.0155,0.1264,-0.0646,-3.25,-32.44,-1.5,210.19,-80.16,-160.98,11.019333333333332,1.0,52.403281066666665,-1.5007548666666666
52.40329021111111,-1.500764911111111,147.9,,3.0,342.22,18 / 21,255428,2019-09-07 09:17:40:707,-3.045,1.2907,9.8032,-0.0231,0.0082,9.8065,-0.075,0.0292,0.1947,-3.06,-32.87,-2.25,208.1,-80.19,-161.14,11.021222222222221,1.0,52.40329021111111,-1.500764911111111
52.40329935555555,-1.5007749555555554,147.9,,3.0,342.22,18 / 21,255527,2019-09-07 09:17:40:806,0.6497,-0.9465,9.4298,0.012,-0.0002,9.8065,-0.0534,0.1179,-0.0137,-2.31,-33.12,-1.69,200.62,-80.34,-160.95,11.02311111111111,1.0,52.40329935555555,-1.5007749555555554
52.4033085,-1.500785,147.9,,3.0,342.22,18 / 21,255628,2019-09-07 09:17:40:907,-0.6489,-1.2421,9.9544,-0.0127,-0.0256,9.8065,0.003,0.1249,-0.0777,-2.19,-33.75,-2.12,200.42,-80.47,-160.78,11.024999999999999,1.0,52.4033085,-1.500785
52.40331764444445,-1.5007950444444444,147.9,,3.0,342.22,18 / 21,255727,2019-09-07 09:17:41:006,0.212,-1.2103,10.0323,0.0008,-0.0031,9.8066,0.0273,0.0517,0.0362,-1.87,-33.56,-2.25,200.25,-80.42,-161.12,11.02688888888889,1.0,52.40331764444445,-1.5007950444444444
52.40332678888889,-1.5008050888888889,147.9,,3.0,342.22,18 / 21,255828,2019-09-07 09:17:41:107,-0.5211,-0.2111,10.0506,0.0017,0.0008,9.8066,0.0614,0.0443,-0.0515,-2.25,-33.75,-1.62,199.75,-80.16,-161.46,11.028777777777778,1.0,52.40332678888889,-1.5008050888888889
52.40333593333334,-1.5008151333333333,147.9,,3.0,342.22,18 / 21,255927,2019-09-07 09:17:41:206,-1.1448,-1.0671,9.7632,0.0004,0.006,9.8066,-0.011,0.0595,-0.0461,-1.87,-33.5,-0.75,200.06,-80.0,-161.91,11.030666666666667,1.0,52.40333593333334,-1.5008151333333333
52.40334507777778,-1.5008251777777777,147.9,,3.0,342.22,18 / 21,256027,2019-09-07 09:17:41:306,-0.5659,-0.855,9.8692,-0.0092,-0.011,9.8065,0.0476,0.0113,-0.0167,-2.56,-32.69,-0.5,210.25,-79.87,-162.02,11.032555555555556,1.0,52.40334507777778,-1.5008251777777777
52.40335422222223,-1.500835222222222,147.9,,3.0,342.22,18 / 21,256127,2019-09-07 09:17:41:406,-0.0435,-0.2576,10.0148,-0.0054,-0.0035,9.8066,0.0526,-0.0035,0.0117,-4.25,-32.5,-0.5,220.73,-79.89,-162.4,11.034444444444444,1.0,52.40335422222223,-1.500835222222222
52.40336336666667,-1.5008452666666665,147.9,,3.0,342.22,19 / 21,256227,2019-09-07 09:17:41:506,-0.0648,-0.1473,9.9789,-0.005,0.0106,9.8066,0.0009,0.0187,0.0188,-4.06,-32.81,-1.06,216.15,-79.8,-163.06,11.036333333333333,1.0,52.40336336666667,-1.5008452666666665
52.403372511111115,-1.5008553111111111,147.9,,3.0,342.22,19 / 21,256327,2019-09-07 09:17:41:606,0.9919,-1.5465,9.7077,-0.0148,0.02,9.8066,-0.1251,-0.0431,0.0853,-3.56,-32.69,-2.69,211.68,-79.82,-163.9,11.038222222222222,1.0,52.403372511111115,-1.5008553111111111
52.403381655555556,-1.5008653555555556,147.9,,3.0,342.22,19 / 21,256428,2019-09-07 09:17:41:707,-1.7677,-1.2631,10.0973,-0.0165,0.0023,9.8066,0.0782,0.0836,-0.0559,-3.69,-32.5,-2.75,211.97,-79.92,-164.98,11.040111111111111,1.0,52.403381655555556,-1.5008653555555556
52.403390800000004,-1.5008754,147.9,,3.0,342.22,19 / 21,256528,2019-09-07 09:17:41:807,1.2469,-1.0181,10.3173,0.0005,0.0237,9.8065,0.0471,-0.0413,0.0346,-2.75,-33.31,-2.56,204.33,-79.76,-166.21,11.042,1.0,52.403390800000004,-1.5008754
52.403399944444445,-1.5008854444444444,147.9,,3.0,342.22,19 / 21,256627,2019-09-07 09:17:41:906,-1.5262,0.1794,9.754,-0.0065,0.0033,9.8065,0.0452,0.0047,0.0342,-2.69,-33.69,-1.94,204.21,-79.46,-167.28,11.043888888888889,1.0,52.403399944444445,-1.5008854444444444
52.40340908888889,-1.5008954888888888,147.9,,3.0,342.22,19 / 21,256727,2019-09-07 09:17:42:006,0.025,-1.3698,9.7259,0.0083,-0.0085,9.8066,-0.0139,-0.0251,0.0386,-2.87,-33.56,-2.12,204.26,-79.37,-166.64,11.045777777777777,1.0,52.40340908888889,-1.5008954888888888
52.40341823333333,-1.5009055333333332,147.9,,3.0,342.22,19 / 21,256827,2019-09-07 09:17:42:106,-0.4468,-2.8039,9.997,0.0016,-0.028,9.8065,0.0393,-0.033,-0.0031,-3.37,-34.06,-2.0,204.96,-79.61,-165.71,11.047666666666666,1.0,52.40341823333333,-1.5009055333333332
52.40342737777778,-1.5009155777777776,147.9,,3.0,342.22,19 / 21,256927,2019-09-07 09:17:42:206,0.9708,-0.9377,10.3432,-0.0137,-0.018,9.8066,0.1359,-0.0553,0.0196,-3.0,-33.62,-1.94,204.89,-79.62,-165.95,11.049555555555555,1.0,52.40342737777778,-1.5009155777777776
52.40343652222222,-1.5009256222222223,147.9,,3.0,342.22,19 / 21,257027,2019-09-07 09:17:42:306,0.9408,-0.2464,9.9532,-0.0063,0.0199,9.8066,0.0581,-0.0287,0.0301,-3.0,-33.5,-1.44,206.28,-79.37,-166.89,11.051444444444444,1.0,52.40343652222222,-1.5009256222222223
52.40344566666667,-1.5009356666666667,147.9,,3.0,342.22,19 / 21,257128,2019-09-07 09:17:42:407,-0.5543,-0.7906,10.1083,-0.0134,-0.0076,9.8066,-0.0076,0.033,0.0455,-3.75,-33.62,-1.44,212.63,-79.33,-167.91,11.053333333333333,1.0,52.40344566666667,-1.5009356666666667
52.40345481111111,-1.500945711111111,147.9,,3.0,342.22,19 / 21,257227,2019-09-07 09:17:42:506,-0.6198,-1.7576,10.6298,0.0046,0.0101,9.8066,-0.1898,-0.0002,-0.0507,-3.62,-33.75,-2.19,211.31,-79.67,-167.16,11.055222222222222,1.0,52.40345481111111,-1.500945711111111
52.40346395555556,-1.5009557555555555,147.9,,3.0,342.22,19 / 21,257328,2019-09-07 09:17:42:607,-2.4413,-3.3157,7.9806,-0.0098,0.0308,9.8066,-0.1762,0.0496,0.022,-3.56,-33.12,-2.56,210.01,-79.83,-167.69,11.05711111111111,1.0,52.40346395555556,-1.5009557555555555
52.4034731,-1.5009658,147.9,,3.0,342.22,19 / 21,257427,2019-09-07 09:17:42:706,-0.6564,-1.842,9.5543,-0.0246,-0.0281,9.8065,0.0278,-0.1292,0.1086,-3.12,-33.37,-2.06,205.48,-79.98,-167.78,11.059,1.0,52.4034731,-1.5009658
52.40348224444445,-1.5009758444444443,147.9,,3.0,342.22,19 / 21,257527,2019-09-07 09:17:42:806,0.6309,-1.8639,10.1415,0.0003,0.0083,9.8065,-0.0346,-0.0079,0.0355,-3.19,-33.0,-2.31,204.9,-79.7,-168.04,11.060888888888888,1.0,52.40348224444445,-1.5009758444444443
52.40349138888889,-1.5009858888888887,147.9,,3.0,342.22,19 / 21,257627,2019-09-07 09:17:42:906,0.1952,-1.0504,10.7221,0.0018,-0.0003,9.8065,0.1315,0.0476,0.0076,-3.25,-33.37,-1.37,206.07,-79.46,-168.58,11.062777777777777,1.0,52.40349138888889,-1.5009858888888887
52.403500533333336,-1.5009959333333334,147.9,,3.0,342.22,19 / 21,257727,2019-09-07 09:17:43:006,-0.4121,-0.6067,10.1909,-0.0119,-0.0328,9.8065,0.121,0.0427,0.0178,-3.37,-32.81,-1.19,206.09,-79.49,-168.71,11.064666666666666,1.0,52.403500533333336,-1.5009959333333334
52.40350967777778,-1.5010059777777778,147.9,,3.0,342.22,19 / 21,257827,2019-09-07 09:17:43:106,0.0738,-1.528,10.0526,0.0098,0.0047,9.8066,-0.0571,0.0898,-0.021,-4.12,-33.19,-1.56,211.05,-79.55,-168.92,11.066555555555555,1.0,52.40350967777778,-1.5010059777777778
52.403518822222225,-1.5010160222222222,147.9,,3.0,342.22,19 / 21,257927,2019-09-07 09:17:43:206,-0.8255,-1.8411,9.7144,0.0002,0.0073,9.8066,-0.0083,-0.0163,0.0616,-4.37,-32.81,-1.37,213.79,-79.59,-168.7,11.068444444444443,1.0,52.403518822222225,-1.5010160222222222
52.403527966666665,-1.5010260666666666,147.9,,3.0,342.22,19 / 21,258027,2019-09-07 09:17:43:306,-1.4334,-1.1209,9.8987,-0.0048,-0.0038,9.8066,0.021,-0.006,-0.0022,-3.94,-31.87,-0.87,214.8,-79.68,-168.68,11.070333333333332,1.0,52.403527966666665,-1.5010260666666666
52.40353711111111,-1.501036111111111,147.9,,3.0,342.22,18 / 21,258128,2019-09-07 09:17:43:407,-1.0176,-2.4291,9.7478,-0.0008,0.0053,9.8066,-0.0555,0.0222,-0.0557,-4.5,-31.87,-1.56,212.08,-79.69,-168.7,11.072222222222221,1.0,52.40353711111111,-1.501036111111111
52.403546255555554,-1.5010461555555554,147.9,,3.0,342.22,18 / 21,258227,2019-09-07 09:17:43:506,-1.2589,-1.8655,9.9489,-0.0123,0.0009,9.8065,-0.0197,-0.0149,-0.0479,-4.25,-31.69,-1.25,214.81,-79.71,-168.87,11.07411111111111,1.0,52.403546255555554,-1.5010461555555554
52.4035554,-1.5010561999999998,147.9,,3.0,342.22,18 / 21,258327,2019-09-07 09:17:43:606,-1.8724,-1.4039,9.7086,-0.0029,0.0094,9.8066,0.0003,0.0819,-0.099,-3.69,-32.19,-1.94,211.75,-79.72,-169.68,11.075999999999999,1.0,52.4035554,-1.5010561999999998
52.40356454444444,-1.5010662444444445,147.9,,3.0,342.22,18 / 21,258427,2019-09-07 09:17:43:706,-2.0743,-2.175,9.655,-0.0093,-0.006,9.8066,0.0322,0.0131,0.0363,-3.5,-32.12,-1.56,204.69,-79.7,-170.3,11.077888888888888,1.0,52.40356454444444,-1.5010662444444445
52.40357368888889,-1.5010762888888889,147.9,,3.0,342.22,18 / 21,258527,2019-09-07 09:17:43:806,-0.4063,-1.1944,10.086,0.0104,-0.0039,9.8066,0.0084,0.0685,0.0004,-3.19,-32.31,-1.62,204.7,-79.62,-169.88,11.079777777777776,1.0,52.40357368888889,-1.5010762888888889
52.40358283333333,-1.5010863333333333,147.9,,3.0,342.22,18 / 21,258627,2019-09-07 09:17:43:906,-0.3629,-0.59,9.6983,0.0128,0.007,9.8065,-0.0157,-0.0017,0.0015,-3.25,-32.62,-1.44,206.12,-79.63,-169.76,11.081666666666665,1.0,52.40358283333333,-1.5010863333333333
52.40359197777778,-1.5010963777777777,147.9,,3.0,342.22,18 / 21,258728,2019-09-07 09:17:44:007,-1.7547,-1.4089,9.9069,0.006,-0.0023,9.8066,0.0009,0.1094,-0.0849,-3.5,-32.31,-0.94,206.96,-79.6,-168.8,11.083555555555556,1.0,52.40359197777778,-1.5010963777777777
52.40360112222222,-1.5011064222222221,147.9,,3.0,342.22,18 / 21,258827,2019-09-07 09:17:44:106,-0.3446,-1.1501,9.9738,0.0036,0.0083,9.8066,0.0205,0.0357,-0.0227,-3.5,-32.87,-0.87,206.29,-79.63,-169.08,11.085444444444445,1.0,52.40360112222222,-1.5011064222222221
52.40361026666667,-1.5011164666666665,147.9,,3.0,342.22,18 / 21,258927,2019-09-07 09:17:44:206,-1.1512,-1.5762,9.9795,-0.0095,0.0049,9.8066,0.0304,0.0412,-0.0237,-2.37,-33.0,-0.56,198.17,-79.63,-169.45,11.087333333333333,1.0,52.40361026666667,-1.5011164666666665
52.40361941111111,-1.501126511111111,147.9,,3.0,342.22,18 / 21,259027,2019-09-07 09:17:44:306,-1.3803,-1.4412,10.2987,-0.0125,-0.0062,9.8065,0.0469,0.0823,-0.0747,-2.56,-32.69,-0.37,208.84,-79.75,-170.07,11.089222222222222,1.0,52.40361941111111,-1.501126511111111
52.40362855555556,-1.5011365555555556,147.9,,3.0,342.22,19 / 21,259128,2019-09-07 09:17:44:407,-0.0268,-1.1927,9.8794,-0.0057,0.0024,9.8065,-0.0058,0.0559,0.0248,-2.31,-32.56,-0.94,198.07,-79.72,-170.69,11.091111111111111,1.0,52.40362855555556,-1.5011365555555556
52.4036377,-1.5011466,147.9,,3.0,342.22,19 / 21,259227,2019-09-07 09:17:44:506,-1.5399,-0.9964,9.1885,-0.0095,-0.0043,9.8066,-0.0464,0.1073,-0.0446,-2.0,-32.69,0.0,199.56,-79.77,-171.23,11.093,1.0,52.4036377,-1.5011466
52.403646844444445,-1.5011566444444444,147.9,,3.0,342.22,19 / 21,259327,2019-09-07 09:17:44:606,-1.2642,-1.8638,9.0262,-0.0018,-0.0216,9.8065,-0.0837,0.0979,-0.0264,-2.0,-32.69,-0.44,200.12,-80.06,-171.35,11.094888888888889,1.0,52.403646844444445,-1.5011566444444444
52.403655988888886,-1.5011666888888888,147.9,,3.0,342.22,19 / 21,259428,2019-09-07 09:17:44:707,0.0011,-2.4285,10.0917,0.0028,-0.024,9.8065,0.0165,0.231,-0.0972,-0.87,-31.94,-0.25,190.63,-80.26,-171.49,11.096777777777778,1.0,52.403655988888886,-1.5011666888888888
52.403665133333334,-1.5011767333333332,147.9,,3.0,342.22,19 / 21,259527,2019-09-07 09:17:44:806,-0.8048,-1.5279,10.575,-0.0098,0.0035,9.8066,0.0649,0.1343,0.0278,-0.31,-31.87,-0.25,180.0,-80.4,-172.15,11.098666666666666,1.0,52.403665133333334,-1.5011767333333332
52.403674277777775,-1.5011867777777776,147.9,,3.0,342.22,19 / 21,259627,2019-09-07 09:17:44:906,0.5774,-1.5689,10.2645,0.0193,0.064,9.8063,-0.0925,0.2149,-0.0905,-1.06,-31.62,-0.19,190.11,-79.76,-171.78,11.100555555555555,1.0,52.403674277777775,-1.5011867777777776
52.40368342222222,-1.501196822222222,147.9,,3.0,342.22,19 / 21,259727,2019-09-07 09:17:45:006,-2.5593,-0.9607,9.4935,0.0105,0.0559,9.8064,0.0306,0.1347,-0.0835,-0.94,-31.56,0.31,189.91,-79.55,-172.52,11.102444444444444,1.0,52.40368342222222,-1.501196822222222
52.40369256666666,-1.5012068666666667,147.9,,3.0,342.22,19 / 21,259827,2019-09-07 09:17:45:106,-1.2016,-0.899,10.4132,-0.023,-0.0232,9.8065,0.0894,0.0611,-0.0692,-0.87,-32.06,-0.12,189.79,-79.42,-172.78,11.104333333333333,1.0,52.40369256666666,-1.5012068666666667
52.40370171111111,-1.501216911111111,147.9,,3.0,342.22,19 / 21,259928,2019-09-07 09:17:45:207,-1.9853,-1.15,8.9292,-0.0188,-0.0366,9.8065,0.1325,0.174,-0.1393,-0.31,-32.44,0.75,178.82,-79.78,-174.42,11.106222222222222,1.0,52.40370171111111,-1.501216911111111
52.40371085555555,-1.5012269555555555,147.9,,3.0,342.22,19 / 21,260027,2019-09-07 09:17:45:306,-2.8122,-1.2149,9.3369,-0.0123,-0.015,9.8065,-0.0447,0.2112,-0.0585,0.25,-32.69,1.38,179.24,-79.72,-176.28,11.10811111111111,1.0,52.40371085555555,-1.5012269555555555
52.40372,-1.501237,147.28,11.11,3.0,312.42,18 / 21,260127,2019-09-07 09:17:45:406,-1.4242,-1.6223,9.7589,0.0041,-0.01,9.8066,-0.1019,0.2461,-0.0792,0.69,-32.75,0.94,167.7,-79.9,-176.39,11.11,1.0,52.40372,-1.501237
52.40372483516484,-1.501251879120879,147.28,,3.0,312.42,18 / 21,260227,2019-09-07 09:17:45:506,-1.8738,-2.0655,9.8645,0.003,0.0056,9.8066,0.0092,0.1892,0.0144,1.63,-32.75,1.44,156.71,-80.15,-176.93,11.126373626373626,1.0,52.40372483516484,-1.501251879120879
52.40372967032967,-1.5012667582417583,147.28,,3.0,312.42,18 / 21,260327,2019-09-07 09:17:45:606,-1.6414,-1.7648,9.9489,0.0048,0.0103,9.8066,0.0157,0.2092,-0.0191,1.56,-33.37,1.5,151.03,-80.09,-176.1,11.142747252747252,1.0,52.40372967032967,-1.5012667582417583
52.403734505494505,-1.5012816373626372,147.28,,3.0,312.42,18 / 21,260427,2019-09-07 09:17:45:706,-0.4551,-1.5524,9.6925,0.0072,0.0165,9.8066,0.0189,0.1839,0.0445,1.69,-33.19,1.94,151.32,-79.96,-174.97,11.159120879120879,1.0,52.403734505494505,-1.5012816373626372
52.40373934065934,-1.5012965164835164,147.28,,3.0,312.42,18 / 21,260527,2019-09-07 09:17:45:806,-1.068,-1.8427,9.7077,0.012,0.0096,9.8066,0.0213,0.1979,0.0168,1.94,-32.94,1.88,151.21,-79.96,-174.0,11.175494505494505,1.0,52.40373934065934,-1.5012965164835164
52.40374417582417,-1.5013113956043955,147.28,,3.0,312.42,18 / 21,260627,2019-09-07 09:17:45:906,-0.486,-1.3467,9.9969,0.0162,-0.0013,9.8066,0.0113,0.1512,0.0429,1.81,-33.75,2.38,152.13,-79.95,-172.83,11.191868131868132,1.0,52.40374417582417,-1.5013113956043955
52.40374901098901,-1.5013262747252747,147.28,,3.0,312.42,18 / 21,260727,2019-09-07 09:17:46:006,-0.9376,-1.4128,9.8033,0.011,-0.0024,9.8066,0.0031,0.1791,0.0129,2.38,-33.25,2.31,150.81,-80.01,-171.57,11.208241758241758,1.0,52.40374901098901,-1.5013262747252747
52.40375384615385,-1.5013411538461539,147.28,,3.0,312.42,18 / 21,260828,2019-09-07 09:17:46:107,-0.2314,-1.2214,10.128,0.0018,0.0026,9.8066,0.0579,0.2292,-0.0423,2.0,-33.31,2.25,150.94,-79.96,-171.27,11.224615384615385,1.0,52.40375384615385,-1.5013411538461539
52.40375868131868,-1.501356032967033,147.28,,3.0,312.42,18 / 21,260928,2019-09-07 09:17:46:207,-0.8388,-1.855,9.8509,-0.005,-0.0001,9.8066,0.0351,0.1262,0.0606,2.06,-33.31,2.0,151.13,-79.91,-171.46,11.24098901098901,1.0,52.40375868131868,-1.501356032967033
52.403763516483515,-1.501370912087912,147.28,,3.0,312.42,18 / 21,261028,2019-09-07 09:17:46:307,-0.3707,-1.6856,9.8339,-0.0077,0.0002,9.8066,-0.0327,0.1512,0.0478,2.44,-33.37,3.06,142.58,-79.89,-171.71,11.257362637362636,1.0,52.403763516483515,-1.501370912087912
52.40376835164835,-1.5013857912087911,147.28,,3.0,312.42,19 / 21,261128,2019-09-07 09:17:46:407,-1.5124,-2.0612,9.8798,0.0017,0.0068,9.8066,-0.0067,0.198,-0.0548,1.69,-34.19,2.19,152.23,-79.88,-171.44,11.273736263736263,1.0,52.40376835164835,-1.5013857912087911
52.40377318681318,-1.5014006703296703,147.28,,3.0,312.42,19 / 21,261227,2019-09-07 09:17:46:506,-1.0444,-1.0702,10.0429,-0.0072,0.0031,9.8066,0.0559,0.1504,-0.0024,2.5,-33.56,2.69,135.63,-79.87,-172.04,11.290109890109889,1.0,52.40377318681318,-1.5014006703296703
52.40377802197802,-1.5014155494505494,147.28,,3.0,312.42,19 / 21,261327,2019-09-07 09:17:46:606,-1.4481,-2.5694,10.1095,-0.0069,-0.0021,9.8066,-0.0093,0.2372,-0.0691,2.44,-33.5,3.94,131.08,-79.82,-172.32,11.306483516483516,1.0,52.40377802197802,-1.5014155494505494
52.40378285714286,-1.5014304285714286,147.28,,3.0,312.42,19 / 21,261427,2019-09-07 09:17:46:706,-0.0737,-1.3652,10.0329,-0.0015,-0.0009,9.8066,0.0037,0.1972,-0.0913,2.25,-32.44,3.94,127.99,-79.92,-172.83,11.322857142857142,1.0,52.40378285714286,-1.5014304285714286
52.403787692307695,-1.5014453076923076,147.28,,3.0,312.42,19 / 21,261527,2019-09-07 09:17:46:806,0.1656,-2.417,10.1855,-0.0081,-0.0191,9.8066,-0.021,0.1382,-0.0398,1.88,-32.37,4.5,109.52,-79.96,-173.99,11.339230769230769,1.0,52.403787692307695,-1.5014453076923076
52.403792527472525,-1.5014601868131867,147.28,,3.0,312.42,19 / 21,261628,2019-09-07 09:17:46:907,0.466,-2.0287,10.0085,0.0,-0.0191,9.8066,0.0925,0.2109,-0.085,1.25,-31.19,4.38,139.33,-79.98,-175.2,11.355604395604395,1.0,52.403792527472525,-1.5014601868131867
52.40379736263736,-1.5014750659340659,147.28,,3.0,312.42,19 / 21,261728,2019-09-07 09:17:47:007,-0.2643,-2.5067,9.9116,-0.0018,-0.011,9.8066,0.039,0.219,-0.0342,1.63,-31.25,5.06,105.51,-79.92,-176.24,11.371978021978022,1.0,52.40379736263736,-1.5014750659340659
52.4038021978022,-1.501489945054945,147.28,,3.0,312.42,19 / 21,261827,2019-09-07 09:17:47:106,-0.535,-2.7431,10.1117,-0.0062,-0.0068,9.8066,0.0028,0.296,-0.0521,0.94,-31.06,4.81,115.43,-79.85,-177.0,11.388351648351648,1.0,52.4038021978022,-1.501489945054945
52.40380703296703,-1.5015048241758242,147.28,,3.0,312.42,19 / 21,261928,2019-09-07 09:17:47:207,0.7161,-2.4233,10.0834,0.0049,-0.0121,9.8066,0.0124,0.2201,-0.009,1.69,-31.06,5.94,80.51,-79.86,-177.92,11.404725274725275,1.0,52.40380703296703,-1.5015048241758242
52.40381186813187,-1.5015197032967031,147.28,,3.0,312.42,19 / 21,262028,2019-09-07 09:17:47:307,1.6957,-2.8738,10.098,0.0008,-0.0093,9.8066,0.0254,0.2849,0.0504,2.56,-30.31,6.31,80.04,-79.9,-178.33,11.421098901098901,1.0,52.40381186813187,-1.5015197032967031
52.403816703296705,-1.5015345824175823,147.28,,3.0,312.42,18 / 22,262127,2019-09-07 09:17:47:406,0.7846,-3.6286,10.1496,0.0015,-0.0023,9.8066,0.0751,0.324,-0.0432,2.31,-30.44,6.06,74.81,-79.86,-178.72,11.437472527472528,1.0,52.403816703296705,-1.5015345824175823
52.403821538461536,-1.5015494615384615,147.28,,3.0,312.42,18 / 22,262227,2019-09-07 09:17:47:506,0.1781,-2.327,9.9492,-0.0174,-0.0132,9.8066,0.0601,0.2912,0.0245,2.38,-32.56,7.19,66.24,-79.62,-179.31,11.453846153846154,1.0,52.403821538461536,-1.5015494615384615
52.40382637362637,-1.5015643406593406,147.28,,3.0,312.42,18 / 22,262327,2019-09-07 09:17:47:606,2.442,-2.4695,10.1657,-0.0316,-0.0116,9.8065,-0.0304,0.376,-0.0832,3.06,-32.75,8.5,48.24,-79.48,-179.25,11.47021978021978,1.0,52.40382637362637,-1.5015643406593406
52.40383120879121,-1.5015792197802198,147.28,,3.0,312.42,18 / 22,262428,2019-09-07 09:17:47:707,4.4072,-1.0224,9.6673,0.0087,-0.0054,9.8066,0.0409,0.1891,0.0198,3.13,-32.37,11.31,32.24,-79.4,-179.53,11.486593406593405,1.0,52.40383120879121,-1.5015792197802198
52.40383604395604,-1.501594098901099,147.28,,3.0,312.42,18 / 22,262527,2019-09-07 09:17:47:806,2.9182,-1.9526,9.6529,0.0081,0.0094,9.8065,0.0543,0.3013,-0.0919,3.56,-30.62,12.69,30.18,-79.4,-179.56,11.502967032967032,1.0,52.40383604395604,-1.501594098901099
52.40384087912088,-1.501608978021978,147.28,,3.0,312.42,18 / 22,262627,2019-09-07 09:17:47:906,2.9739,-2.3659,9.7967,0.0032,0.0065,9.8066,0.0131,0.2403,-0.0388,5.13,-28.94,12.06,37.86,-79.37,-179.96,11.519340659340658,1.0,52.40384087912088,-1.501608978021978
52.403845714285715,-1.501623857142857,147.28,,3.0,312.42,18 / 22,262727,2019-09-07 09:17:48:006,1.8297,-1.6824,9.8181,0.0019,0.0019,9.8066,-0.0426,0.2836,-0.1125,6.5,-28.81,12.38,47.84,-79.45,-179.52,11.535714285714285,1.0,52.403845714285715,-1.501623857142857
52.403850549450546,-1.5016387362637362,147.28,,3.0,312.42,18 / 22,262827,2019-09-07 09:17:48:106,2.2414,-2.8768,9.9849,0.0158,-0.0024,9.8066,0.0408,0.2448,-0.0574,6.19,-29.06,11.06,46.45,-79.58,179.55,11.552087912087911,1.0,52.403850549450546,-1.5016387362637362
52.40385538461538,-1.5016536153846154,147.28,,3.0,312.42,18 / 22,262927,2019-09-07 09:17:48:206,1.3188,-2.5176,9.3901,-0.0091,-0.0023,9.8066,0.0601,0.2771,-0.1049,7.06,-30.94,11.94,48.28,-79.55,179.79,11.568461538461538,1.0,52.40385538461538,-1.5016536153846154
52.40386021978022,-1.5016684945054946,147.28,,3.0,312.42,18 / 22,263028,2019-09-07 09:17:48:307,1.1358,-0.6803,9.6789,-0.0079,-0.0169,9.8066,0.0243,0.2194,-0.081,6.75,-30.19,14.13,40.16,-79.5,-179.99,11.584835164835164,1.0,52.40386021978022,-1.5016684945054946
52.40386505494505,-1.5016833736263735,147.28,,3.0,312.42,18 / 22,263127,2019-09-07 09:17:48:406,1.4035,-2.0166,9.6671,0.0127,0.0555,9.8064,0.1235,0.1397,0.0511,7.44,-28.19,14.63,37.56,-79.72,-178.57,11.60120879120879,1.0,52.40386505494505,-1.5016833736263735
52.40386989010989,-1.5016982527472527,147.28,,3.0,312.42,18 / 22,263227,2019-09-07 09:17:48:506,0.6007,-0.1801,9.9308,-0.02,0.0099,9.8066,-0.0029,0.0895,0.0033,7.75,-27.94,13.5,46.82,-79.55,-176.8,11.617582417582417,1.0,52.40386989010989,-1.5016982527472527
52.403874725274726,-1.5017131318681318,147.28,,3.0,312.42,18 / 22,263328,2019-09-07 09:17:48:607,-0.9747,1.0403,10.7176,-0.0056,0.0181,9.8066,0.0658,-0.0176,0.0931,7.81,-28.5,13.25,51.78,-79.56,-175.58,11.633956043956044,1.0,52.403874725274726,-1.5017131318681318
52.403879560439556,-1.501728010989011,147.28,,3.0,312.42,18 / 22,263427,2019-09-07 09:17:48:706,-0.3026,-0.0169,9.5654,-0.0106,-0.004,9.8066,-0.0118,0.018,-0.0503,6.38,-28.81,12.63,45.49,-79.51,-175.15,11.65032967032967,1.0,52.403879560439556,-1.501728010989011
52.40388439560439,-1.5017428901098901,147.28,,3.0,312.42,18 / 22,263527,2019-09-07 09:17:48:806,0.0936,0.8326,9.8342,0.0018,-0.0138,9.8066,-0.0233,-0.005,-0.0852,4.75,-28.75,13.19,40.47,-79.45,-175.49,11.666703296703297,1.0,52.40388439560439,-1.5017428901098901
52.40388923076923,-1.501757769230769,147.28,,3.0,312.42,18 / 22,263628,2019-09-07 09:17:48:907,-0.9582,0.4325,10.1154,0.031,0.0015,9.8066,-0.0257,0.0134,-0.1211,4.19,-29.19,13.75,29.43,-79.69,-177.05,11.683076923076923,1.0,52.40388923076923,-1.501757769230769
52.40389406593407,-1.5017726483516483,147.28,,3.0,312.42,18 / 22,263727,2019-09-07 09:17:49:006,-0.368,0.4013,9.6801,0.0201,-0.0256,9.8065,-0.0472,0.0083,-0.13,3.94,-27.56,13.5,24.49,-79.81,-179.92,11.69945054945055,1.0,52.40389406593407,-1.5017726483516483
52.4038989010989,-1.5017875274725274,147.28,,3.0,312.42,18 / 22,263827,2019-09-07 09:17:49:106,-0.2852,0.4902,9.5018,0.0254,-0.003,9.8066,-0.018,-0.0493,-0.011,3.5,-28.31,12.19,25.32,-79.93,176.99,11.715824175824176,1.0,52.4038989010989,-1.5017875274725274
52.403903736263736,-1.5018024065934066,147.28,,3.0,312.42,18 / 22,263927,2019-09-07 09:17:49:206,-0.5303,0.8224,9.8639,0.0035,-0.0218,9.8066,-0.0533,-0.0599,0.0234,3.0,-28.37,12.13,17.07,-79.86,176.06,11.7321978021978,1.0,52.403903736263736,-1.5018024065934066
52.40390857142857,-1.5018172857142857,147.28,,3.0,312.42,18 / 22,264027,2019-09-07 09:17:49:306,0.0589,0.3906,9.0342,0.0151,0.0046,9.8066,-0.1019,-0.0175,-0.0245,1.69,-30.06,12.06,9.58,-79.89,175.84,11.748571428571427,1.0,52.40390857142857,-1.5018172857142857
52.403913406593404,-1.501832164835165,147.28,,3.0,312.42,18 / 22,264127,2019-09-07 09:17:49:406,-2.1447,1.0128,9.4381,0.0023,-0.0068,9.8066,-0.1009,-0.1467,0.1088,0.75,-30.56,12.06,359.87,-80.05,175.17,11.764945054945054,1.0,52.403913406593404,-1.501832164835165
52.40391824175824,-1.5018470439560438,147.28,,3.0,312.42,18 / 22,264227,2019-09-07 09:17:49:506,-2.2453,0.1917,9.4561,-0.0034,0.0175,9.8066,-0.0405,-0.0819,-0.0009,0.25,-31.19,11.56,352.67,-80.19,176.0,11.78131868131868,1.0,52.40391824175824,-1.5018470439560438
52.40392307692308,-1.501861923076923,147.28,,3.0,312.42,18 / 22,264328,2019-09-07 09:17:49:607,-2.7915,-0.2828,9.4556,-0.01,-0.0076,9.8066,-0.0207,-0.1784,0.047,0.19,-32.44,11.13,353.21,-80.21,176.66,11.797692307692307,1.0,52.40392307692308,-1.501861923076923
52.40392791208791,-1.5018768021978022,147.28,,3.0,312.42,18 / 22,264427,2019-09-07 09:17:49:706,-3.0367,0.6002,10.176,-0.0111,0.0108,9.8066,0.0787,-0.2101,0.0237,0.75,-33.56,10.56,5.52,-80.3,177.39,11.814065934065933,1.0,52.40392791208791,-1.5018768021978022
52.403932747252746,-1.5018916813186813,147.28,,3.0,312.42,18 / 22,264527,2019-09-07 09:17:49:806,-2.6416,-0.3709,10.4226,-0.0102,-0.0256,9.8066,0.1053,-0.1973,-0.021,0.63,-33.87,10.81,7.88,-80.11,178.41,11.83043956043956,1.0,52.403932747252746,-1.5018916813186813
52.40393758241758,-1.5019065604395605,147.28,,3.0,312.42,18 / 22,264627,2019-09-07 09:17:49:906,-1.6016,1.0894,9.7328,0.0073,0.015,9.8066,0.0026,-0.2976,0.1493,2.25,-34.94,11.25,19.86,-79.88,178.49,11.846813186813186,1.0,52.40393758241758,-1.5019065604395605
52.403942417582414,-1.5019214395604394,147.28,,3.0,312.42,18 / 22,264728,2019-09-07 09:17:50:007,-3.2306,2.2577,9.4567,-0.0137,0.0359,9.8065,-0.0065,-0.2294,0.0907,1.75,-34.75,11.63,19.32,-79.93,179.99,11.863186813186813,1.0,52.403942417582414,-1.5019214395604394
52.40394725274725,-1.5019363186813186,147.28,,3.0,312.42,18 / 22,264828,2019-09-07 09:17:50:107,-4.2481,2.6672,9.9602,-0.0025,0.0294,9.8065,0.0193,-0.2474,0.0775,1.69,-33.87,10.75,24.57,-80.25,-178.44,11.87956043956044,1.0,52.40394725274725,-1.5019363186813186
52.40395208791209,-1.5019511978021978,147.28,,3.0,312.42,18 / 22,264927,2019-09-07 09:17:50:206,-3.9088,1.5135,9.8662,-0.0078,0.032,9.8066,0.1087,-0.2837,0.0834,0.81,-33.56,10.56,15.85,-80.35,-177.67,11.895934065934066,1.0,52.40395208791209,-1.5019511978021978
52.40395692307692,-1.501966076923077,147.28,,3.0,312.42,18 / 22,265027,2019-09-07 09:17:50:306,-4.2194,1.8119,10.1139,-0.0066,-0.0274,9.8065,-0.0363,-0.2393,0.033,0.44,-32.62,9.69,6.53,-80.34,-177.18,11.912307692307692,1.0,52.40395692307692,-1.501966076923077
52.403961758241756,-1.501980956043956,147.28,,3.0,312.42,20 / 22,265127,2019-09-07 09:17:50:406,-3.9919,-0.7885,9.3956,0.0098,-0.0081,9.8066,0.0064,-0.2889,0.0944,-1.12,-32.12,7.94,344.95,-80.2,-177.6,11.928681318681319,1.0,52.403961758241756,-1.501980956043956
52.403966593406594,-1.501995835164835,147.28,,3.0,312.42,20 / 22,265227,2019-09-07 09:17:50:506,-3.1436,-2.8555,10.4775,-0.0004,0.0003,9.8066,-0.028,-0.2865,0.0593,-1.37,-32.44,6.5,334.96,-80.22,-177.55,11.945054945054945,1.0,52.403966593406594,-1.501995835164835
52.403971428571424,-1.5020107142857142,147.28,,3.0,312.42,20 / 22,265327,2019-09-07 09:17:50:606,2.351,-3.7481,9.6292,0.0077,-0.0001,9.8066,-0.0224,-0.2698,0.0282,-0.69,-32.75,5.38,233.4,-80.3,-177.79,11.961428571428572,1.0,52.403971428571424,-1.5020107142857142
52.40397626373626,-1.5020255934065934,147.28,,3.0,312.42,20 / 22,265427,2019-09-07 09:17:50:706,3.5507,-2.5901,9.7203,-0.0063,-0.0252,9.8065,0.0346,-0.2871,0.0401,-1.31,-34.12,4.06,206.9,-80.46,-177.7,11.977802197802196,1.0,52.40397626373626,-1.5020255934065934
52.4039810989011,-1.5020404725274725,147.28,,3.0,312.42,20 / 22,265527,2019-09-07 09:17:50:806,3.3423,-3.189,9.7693,-0.0097,-0.0022,9.8066,0.0511,-0.2948,-0.0076,-0.87,-35.44,4.88,224.7,-80.47,-177.94,11.994175824175823,1.0,52.4039810989011,-1.5020404725274725
52.40398593406593,-1.5020553516483517,147.28,,3.0,312.42,20 / 22,265627,2019-09-07 09:17:50:906,-1.5148,-4.2595,9.2537,-0.0164,0.0037,9.8066,-0.0477,-0.2738,0.0019,-1.75,-35.5,6.0,275.22,-80.5,-179.05,12.01054945054945,1.0,52.40398593406593,-1.5020553516483517
52.40399076923077,-1.5020702307692309,147.28,,3.0,312.42,20 / 22,265728,2019-09-07 09:17:51:007,-0.222,-3.9835,8.5037,-0.0153,0.0004,9.8066,-0.0784,-0.2695,0.0186,-2.75,-33.69,6.25,278.78,-80.71,-179.52,12.026923076923076,1.0,52.40399076923077,-1.5020702307692309
52.403995604395604,-1.5020851098901098,147.28,,3.0,312.42,20 / 22,265827,2019-09-07 09:17:51:106,-1.4446,-4.0032,8.9215,-0.0451,-0.011,9.8065,-0.0637,-0.3182,0.0604,-2.56,-34.0,5.19,262.69,-80.97,-179.62,12.043296703296702,1.0,52.403995604395604,-1.5020851098901098
52.40400043956044,-1.502099989010989,147.28,,3.0,312.42,20 / 22,265927,2019-09-07 09:17:51:206,-0.3702,-4.3413,8.8244,-0.0218,-0.027,9.8066,-0.0754,-0.3037,0.085,-3.37,-33.19,3.81,254.81,-81.59,-178.19,12.059670329670329,1.0,52.40400043956044,-1.502099989010989
52.40400527472527,-1.5021148681318681,147.28,,3.0,312.42,20 / 22,266027,2019-09-07 09:17:51:306,2.9975,-3.6103,9.6965,-0.0194,-0.03,9.8065,0.0789,-0.2973,0.0629,-2.62,-33.5,2.5,242.84,-82.05,-177.74,12.076043956043955,1.0,52.40400527472527,-1.5021148681318681
52.40401010989011,-1.5021297472527473,147.28,,3.0,312.42,20 / 22,266127,2019-09-07 09:17:51:406,3.4935,-3.5715,10.8572,-0.0184,-0.004,9.8066,0.0649,-0.2717,0.0006,-2.19,-34.0,1.69,215.75,-82.0,-178.05,12.092417582417582,1.0,52.40401010989011,-1.5021297472527473
52.404014945054946,-1.5021446263736264,147.28,,3.0,312.42,19 / 23,266227,2019-09-07 09:17:51:506,4.0854,-1.3474,10.2132,-0.0301,0.0267,9.8065,0.1576,-0.3661,0.0676,-2.19,-34.81,2.0,213.73,-81.79,178.77,12.108791208791208,1.0,52.404014945054946,-1.5021446263736264
52.40401978021978,-1.5021595054945054,147.28,,3.0,312.42,19 / 23,266327,2019-09-07 09:17:51:606,3.6259,-0.7795,9.8923,-0.0009,0.0143,9.8066,0.0131,-0.3208,0.0249,-1.87,-34.94,2.06,211.92,-81.39,177.22,12.125164835164835,1.0,52.40401978021978,-1.5021595054945054
52.404024615384614,-1.5021743846153846,147.28,,3.0,312.42,19 / 23,266427,2019-09-07 09:17:51:706,3.3538,-2.2945,8.8427,-0.0234,-0.015,9.8066,0.0143,-0.2955,0.0112,-2.19,-35.31,2.19,212.91,-81.58,176.8,12.141538461538461,1.0,52.404024615384614,-1.5021743846153846
52.40402945054945,-1.5021892637362637,147.28,,3.0,312.42,19 / 23,266527,2019-09-07 09:17:51:806,4.2542,-2.4391,9.0214,-0.0021,-0.024,9.8065,-0.0647,-0.3312,0.0798,-2.44,-34.69,1.13,206.72,-81.86,176.85,12.157912087912088,1.0,52.40402945054945,-1.5021892637362637
52.40403428571428,-1.5022041428571429,147.28,,3.0,312.42,19 / 23,266627,2019-09-07 09:17:51:906,3.2669,-0.7939,9.1565,0.0144,-0.0149,9.8065,-0.0794,-0.1886,0.0053,-3.37,-34.06,0.94,219.08,-82.16,178.49,12.174285714285714,1.0,52.40403428571428,-1.5022041428571429
52.40403912087912,-1.502219021978022,147.28,,3.0,312.42,19 / 23,266727,2019-09-07 09:17:52:006,2.8834,-1.7158,9.4382,-0.0112,-0.0176,9.8065,0.0693,-0.3005,0.156,-3.12,-34.56,0.06,211.89,-82.21,178.57,12.19065934065934,1.0,52.40403912087912,-1.502219021978022
52.40404395604396,-1.502233901098901,147.28,,3.0,312.42,19 / 23,266827,2019-09-07 09:17:52:106,3.9283,-3.8177,10.0665,0.0076,-0.0147,9.8066,-0.0116,-0.3319,0.0838,-4.06,-34.5,-0.06,221.24,-82.31,179.78,12.207032967032967,1.0,52.40404395604396,-1.502233901098901
52.40404879120879,-1.5022487802197801,147.28,,3.0,312.42,19 / 23,266927,2019-09-07 09:17:52:206,3.2143,-2.6081,10.0396,-0.0055,-0.001,9.8066,0.0213,-0.2217,0.0497,-4.19,-34.62,-0.5,221.02,-82.5,179.55,12.223406593406592,1.0,52.40404879120879,-1.5022487802197801
52.404053626373624,-1.5022636593406593,147.28,,3.0,312.42,19 / 23,267027,2019-09-07 09:17:52:306,3.85,-2.6967,9.7223,-0.0034,-0.0123,9.8066,0.0282,-0.3434,0.1481,-4.56,-34.94,-0.56,222.23,-82.61,179.85,12.239780219780219,1.0,52.404053626373624,-1.5022636593406593
52.40405846153846,-1.5022785384615385,147.28,,3.0,312.42,19 / 22,267127,2019-09-07 09:17:52:406,2.1791,-2.6698,9.0703,-0.0243,-0.0215,9.8065,-0.0586,-0.2389,0.0123,-5.37,-34.44,-0.75,224.21,-82.79,-178.84,12.256153846153845,1.0,52.40405846153846,-1.5022785384615385
52.40406329670329,-1.5022934175824176,147.28,,3.0,312.42,19 / 22,267227,2019-09-07 09:17:52:506,3.0773,-2.2253,9.8108,-0.0179,-0.0238,9.8065,0.053,-0.2318,0.0478,-6.06,-34.62,-1.62,225.06,-83.13,-178.65,12.272527472527472,1.0,52.40406329670329,-1.5022934175824176
52.40406813186813,-1.5023082967032968,147.28,,3.0,312.42,19 / 22,267327,2019-09-07 09:17:52:606,2.1313,-1.8767,9.2493,0.003,0.0176,9.8066,-0.0324,-0.2404,0.0642,-5.69,-34.5,-2.44,225.85,-83.17,-178.52,12.288901098901098,1.0,52.40406813186813,-1.5023082967032968
52.40407296703297,-1.5023231758241757,147.28,,3.0,312.42,19 / 22,267427,2019-09-07 09:17:52:706,2.4105,-1.4446,10.264,-0.0007,-0.0007,9.8066,-0.0244,-0.2073,-0.0024,-5.75,-34.69,-2.56,220.47,-83.13,-179.2,12.305274725274725,1.0,52.40407296703297,-1.5023231758241757
52.4040778021978,-1.502338054945055,147.28,,3.0,312.42,19 / 22,267527,2019-09-07 09:17:52:806,2.5206,-1.1743,9.1648,-0.0052,0.0012,9.8066,-0.0675,-0.117,-0.0563,-5.87,-34.56,-2.44,225.45,-83.27,-178.69,12.321648351648351,1.0,52.4040778021978,-1.502338054945055
52.404082637362635,-1.502352934065934,147.28,,3.0,312.42,19 / 22,267627,2019-09-07 09:17:52:906,0.5642,-0.456,9.314,-0.0103,-0.0069,9.8066,-0.0257,-0.1829,0.0615,-5.81,-34.87,-2.94,221.39,-83.61,-179.59,12.338021978021978,1.0,52.404082637362635,-1.502352934065934
52.40408747252747,-1.5023678131868132,147.28,,3.0,312.42,19 / 22,267727,2019-09-07 09:17:53:006,0.0578,-0.4984,9.8119,-0.0085,-0.0191,9.8066,-0.016,-0.0459,-0.0601,-5.56,-34.81,-3.87,219.82,-83.86,-177.19,12.354395604395604,1.0,52.40408747252747,-1.5023678131868132
52.4040923076923,-1.5023826923076924,147.28,,3.0,312.42,19 / 22,267827,2019-09-07 09:17:53:106,0.526,-1.5213,10.4864,-0.0056,0.0298,9.8065,0.1126,-0.119,0.0182,-5.44,-34.19,-3.44,218.33,-83.89,-178.16,12.37076923076923,1.0,52.4040923076923,-1.5023826923076924
52.40409714285714,-1.5023975714285713,147.28,,3.0,312.42,19 / 22,267927,2019-09-07 09:17:53:206,0.7828,-0.0221,10.1289,0.001,0.0254,9.8065,-0.0057,0.0222,-0.0143,-5.81,-35.56,-3.0,220.36,-83.4,-179.64,12.387142857142857,1.0,52.40409714285714,-1.5023975714285713
52.40410197802198,-1.5024124505494505,147.28,,3.0,312.42,19 / 22,268027,2019-09-07 09:17:53:306,0.6462,0.2973,9.5217,-0.0074,-0.0038,9.8066,0.039,0.0201,0.004,-5.25,-35.5,-1.87,219.28,-83.37,179.33,12.403516483516484,1.0,52.40410197802198,-1.5024124505494505
52.404106813186814,-1.5024273296703297,147.28,,3.0,312.42,19 / 22,268128,2019-09-07 09:17:53:407,-1.1163,-0.7797,10.0036,-0.0151,-0.0279,9.8066,-0.0968,-0.0394,0.0555,-5.69,-34.94,-2.25,224.93,-83.45,179.76,12.41989010989011,1.0,52.404106813186814,-1.5024273296703297
52.404111648351645,-1.5024422087912088,147.28,,3.0,312.42,19 / 22,268227,2019-09-07 09:17:53:506,-0.7622,-0.0195,9.6132,-0.0141,-0.0323,9.8065,-0.0127,0.0621,-0.0416,-5.5,-34.94,-2.5,221.48,-83.79,-179.04,12.436263736263736,1.0,52.404111648351645,-1.5024422087912088
52.40411648351648,-1.502457087912088,147.28,,3.0,312.42,19 / 22,268327,2019-09-07 09:17:53:606,-0.2328,0.2007,9.751,0.0177,0.0037,9.8066,-0.0033,-0.0053,0.0176,-6.0,-35.12,-2.12,227.01,-83.82,-178.78,12.452637362637363,1.0,52.40411648351648,-1.502457087912088
52.40412131868132,-1.502471967032967,147.28,,3.0,312.42,19 / 22,268427,2019-09-07 09:17:53:706,-0.7481,0.4272,10.0378,0.0047,-0.0074,9.8066,0.0654,0.0606,-0.0485,-5.81,-34.06,-2.69,223.62,-83.73,-177.47,12.469010989010988,1.0,52.40412131868132,-1.502471967032967
52.40412615384615,-1.502486846153846,147.28,,3.0,312.42,19 / 22,268527,2019-09-07 09:17:53:806,-1.0594,0.9975,9.5116,0.0076,0.0137,9.8066,0.0643,0.0953,-0.0574,-6.06,-34.37,-3.0,222.98,-83.66,-178.14,12.485384615384614,1.0,52.40412615384615,-1.502486846153846
52.40413098901099,-1.5025017252747253,147.28,,3.0,312.42,19 / 22,268627,2019-09-07 09:17:53:906,-0.8681,0.3565,9.8111,0.0098,0.0098,9.8066,-0.0128,0.172,-0.0614,-5.81,-34.56,-2.44,227.1,-83.67,-178.0,12.50175824175824,1.0,52.40413098901099,-1.5025017252747253
52.404135824175825,-1.5025166043956044,147.28,,3.0,312.42,19 / 22,268728,2019-09-07 09:17:54:007,-1.3264,1.4119,9.7012,0.0077,0.0038,9.8066,0.0468,0.1507,-0.0142,-6.0,-34.5,-2.19,227.73,-83.76,-178.3,12.518131868131867,1.0,52.404135824175825,-1.5025166043956044
52.404140659340655,-1.5025314835164836,147.28,,3.0,312.42,19 / 22,268828,2019-09-07 09:17:54:107,-1.7951,0.8401,9.6845,0.012,0.013,9.8066,-0.0323,0.1863,-0.0223,-4.94,-34.25,-2.25,222.53,-83.66,-177.63,12.534505494505494,1.0,52.404140659340655,-1.5025314835164836
52.40414549450549,-1.5025463626373627,147.28,,3.0,312.42,19 / 22,268927,2019-09-07 09:17:54:206,-2.0744,0.9887,10.1715,0.0057,-0.0057,9.8066,0.0355,0.2238,-0.0204,-5.31,-35.0,-2.37,221.75,-83.54,-177.39,12.55087912087912,1.0,52.40414549450549,-1.5025463626373627
52.40415032967033,-1.5025612417582417,147.28,,3.0,312.42,19 / 22,269028,2019-09-07 09:17:54:307,-3.1205,0.3693,10.4146,0.0164,0.0179,9.8065,-0.03,0.2096,-0.0392,-5.31,-34.37,-2.0,222.45,-83.36,-176.33,12.567252747252747,1.0,52.40415032967033,-1.5025612417582417
52.40415516483516,-1.5025761208791208,147.28,,3.0,312.42,18 / 21,269127,2019-09-07 09:17:54:406,-1.9057,1.0494,10.5494,0.008,-0.0145,9.8066,0.007,0.1895,0.0041,-4.81,-34.5,-1.44,228.76,-83.36,-174.52,12.583626373626373,1.0,52.40415516483516,-1.5025761208791208
52.40416,-1.502591,147.01,12.6,4.0,322.48,18 / 21,269227,2019-09-07 09:17:54:506,-1.6025,0.9216,10.5256,0.0354,0.0044,9.8065,0.0795,0.2284,-0.0409,-5.06,-33.94,-1.44,228.73,-83.19,-173.51,12.6,1.0,52.40416,-1.502591
52.40416295505618,-1.5026125505617978,147.01,,4.0,322.48,18 / 21,269327,2019-09-07 09:17:54:606,-2.0134,1.4856,10.5117,0.0206,0.0207,9.8065,0.0679,0.2597,-0.0712,-4.06,-34.94,-1.44,219.76,-82.86,-173.82,12.667640449438203,1.0,52.40416295505618,-1.5026125505617978
52.404165910112354,-1.5026341011235955,147.01,,4.0,322.48,18 / 21,269427,2019-09-07 09:17:54:706,-1.7917,1.4205,10.3119,0.004,0.0252,9.8065,0.1317,0.1594,-0.0101,-3.75,-34.69,-1.0,218.53,-82.64,-174.87,12.735280898876404,1.0,52.404165910112354,-1.5026341011235955
52.404168865168536,-1.5026556516853933,147.01,,4.0,322.48,18 / 21,269527,2019-09-07 09:17:54:806,-3.3209,1.0969,10.043,-0.0096,0.0034,9.8066,0.0046,0.2693,-0.0595,-4.06,-34.75,-0.69,217.86,-82.48,-175.15,12.802921348314607,1.0,52.404168865168536,-1.5026556516853933
52.40417182022472,-1.502677202247191,147.01,,4.0,322.48,18 / 21,269627,2019-09-07 09:17:54:906,-2.2664,0.4694,10.2509,-0.0153,-0.0014,9.8066,0.0199,0.2083,0.0122,-2.81,-35.12,-0.44,214.2,-82.46,-176.39,12.870561797752808,1.0,52.40417182022472,-1.502677202247191
52.40417477528089,-1.5026987528089888,147.01,,4.0,322.48,18 / 21,269727,2019-09-07 09:17:55:006,-3.7127,0.239,10.0496,0.0008,0.0065,9.8066,0.0487,0.2375,-0.0099,-2.62,-34.5,0.0,214.69,-82.43,-177.06,12.938202247191011,1.0,52.40417477528089,-1.5026987528089888
52.404177730337075,-1.5027203033707865,147.01,,4.0,322.48,18 / 21,269828,2019-09-07 09:17:55:107,-3.1301,0.8699,9.716,-0.0037,-0.0078,9.8066,0.1166,0.2713,-0.0668,-2.19,-35.37,0.25,203.53,-82.31,-177.15,13.005842696629212,1.0,52.404177730337075,-1.5027203033707865
52.40418068539326,-1.5027418539325843,147.01,,4.0,322.48,18 / 21,269928,2019-09-07 09:17:55:207,-3.23,0.3229,9.7305,-0.0022,0.0048,9.8066,-0.0188,0.2598,-0.0384,-1.5,-36.25,1.06,193.65,-82.1,-177.15,13.073483146067415,1.0,52.40418068539326,-1.5027418539325843
52.40418364044944,-1.502763404494382,147.01,,4.0,322.48,18 / 21,270027,2019-09-07 09:17:55:306,-2.4285,2.0211,9.8068,-0.0006,0.0004,9.8066,0.0099,0.22,-0.0285,-1.56,-35.5,1.94,214.63,-82.07,-177.22,13.141123595505618,1.0,52.40418364044944,-1.502763404494382
52.404186595505614,-1.5027849550561798,147.01,,4.0,322.48,19 / 22,270127,2019-09-07 09:17:55:406,-3.9933,0.0819,9.9933,-0.0082,0.0152,9.8066,0.0285,0.2625,-0.1187,-1.0,-34.25,2.81,205.63,-81.97,-176.77,13.20876404494382,1.0,52.404186595505614,-1.5027849550561798
52.404189550561796,-1.5028065056179776,147.01,,4.0,322.48,19 / 22,270227,2019-09-07 09:17:55:506,-4.1272,-1.3811,10.5998,-0.0088,0.026,9.8066,-0.0205,0.3111,-0.0531,0.06,-34.44,2.75,177.14,-81.69,-178.14,13.276404494382023,1.0,52.404189550561796,-1.5028065056179776
52.40419250561798,-1.5028280561797753,147.01,,4.0,322.48,19 / 22,270327,2019-09-07 09:17:55:606,-3.4553,-2.0826,10.9399,-0.0025,0.005,9.8066,0.1701,0.2727,-0.0075,-0.25,-34.25,3.19,177.88,-81.39,-178.49,13.344044943820224,1.0,52.40419250561798,-1.5028280561797753
52.40419546067415,-1.502849606741573,147.01,,4.0,322.48,19 / 22,270427,2019-09-07 09:17:55:706,-3.9554,-1.1063,10.0351,0.0091,0.0203,9.8066,0.0306,0.3201,-0.0496,0.0,-34.06,3.19,177.83,-81.08,-178.33,13.411685393258427,1.0,52.40419546067415,-1.502849606741573
52.404198415730335,-1.5028711573033708,147.01,,4.0,322.48,19 / 22,270527,2019-09-07 09:17:55:806,-2.8788,-0.3336,9.6835,0.0014,0.0007,9.8066,0.0222,0.2931,-0.0323,0.19,-34.19,4.13,173.68,-80.85,-177.68,13.479325842696628,1.0,52.404198415730335,-1.5028711573033708
52.40420137078652,-1.5028927078651686,147.01,,4.0,322.48,19 / 22,270627,2019-09-07 09:17:55:906,-2.9476,-0.9324,9.2344,0.0093,0.0047,9.8066,0.0496,0.257,-0.003,0.13,-34.31,4.81,153.52,-80.85,-177.28,13.546966292134831,1.0,52.40420137078652,-1.5028927078651686
52.40420432584269,-1.5029142584269664,147.01,,4.0,322.48,19 / 22,270728,2019-09-07 09:17:56:007,-1.1872,-3.9272,9.9836,0.0047,-0.0054,9.8066,0.0398,0.3177,-0.1439,0.88,-33.87,5.0,113.8,-80.81,-177.03,13.614606741573034,1.0,52.40420432584269,-1.5029142584269664
52.40420728089887,-1.502935808988764,147.01,,4.0,322.48,19 / 22,270827,2019-09-07 09:17:56:106,2.4969,-3.5763,9.8337,-0.0141,0.0019,9.8066,0.0241,0.3033,-0.0992,0.88,-33.19,5.88,66.17,-80.73,-177.54,13.682247191011236,1.0,52.40420728089887,-1.502935808988764
52.404210235955055,-1.5029573595505619,147.01,,4.0,322.48,19 / 22,270927,2019-09-07 09:17:56:206,1.6569,-4.3693,10.0826,0.005,-0.0122,9.8066,0.0256,0.2709,-0.0154,1.06,-33.56,5.81,74.86,-80.57,-178.34,13.749887640449439,1.0,52.404210235955055,-1.5029573595505619
52.40421319101124,-1.5029789101123596,147.01,,4.0,322.48,19 / 22,271027,2019-09-07 09:17:56:306,1.5639,-2.1906,10.4355,-0.01,0.0109,9.8065,0.0486,0.2819,-0.0846,1.56,-33.31,6.69,58.98,-80.47,-177.84,13.81752808988764,1.0,52.40421319101124,-1.5029789101123596
52.40421614606741,-1.5030004606741574,147.01,,4.0,322.48,19 / 21,271129,2019-09-07 09:17:56:408,2.73,-2.3867,9.939,-0.0004,-0.0113,9.8066,0.0153,0.2912,-0.0702,2.06,-33.31,8.13,46.14,-80.31,-177.61,13.885168539325843,1.0,52.40421614606741,-1.5030004606741574
52.404219101123594,-1.5030220112359551,147.01,,4.0,322.48,19 / 21,271227,2019-09-07 09:17:56:506,1.5754,-2.4715,10.2416,-0.0151,-0.004,9.8066,-0.0171,0.2724,0.0233,3.06,-33.94,7.75,60.6,-80.09,-177.45,13.952808988764044,1.0,52.404219101123594,-1.5030220112359551
52.404222056179776,-1.503043561797753,147.01,,4.0,322.48,19 / 21,271327,2019-09-07 09:17:56:606,1.4323,-2.8667,10.2129,-0.0059,-0.0016,9.8066,0.1007,0.2498,0.0293,3.0,-33.81,8.88,51.42,-79.94,-177.05,14.020449438202247,1.0,52.404222056179776,-1.503043561797753
52.40422501123595,-1.5030651123595506,147.01,,4.0,322.48,19 / 21,271427,2019-09-07 09:17:56:706,0.4555,-2.5144,9.8662,-0.0157,0.0014,9.8066,0.0448,0.2059,0.0001,2.94,-33.75,9.19,53.5,-79.81,-176.38,14.08808988764045,1.0,52.40422501123595,-1.5030651123595506
52.40422796629213,-1.5030866629213484,147.01,,4.0,322.48,19 / 21,271527,2019-09-07 09:17:56:806,2.7167,-1.2729,9.9344,0.0047,0.0119,9.8066,0.1149,0.2485,-0.0399,3.44,-33.06,9.63,45.27,-79.68,-175.83,14.155730337078651,1.0,52.40422796629213,-1.5030866629213484
52.404230921348315,-1.5031082134831462,147.01,,4.0,322.48,19 / 21,271627,2019-09-07 09:17:56:906,1.3646,-2.2464,10.4352,0.0053,0.0112,9.8065,0.0571,0.2401,-0.0312,3.75,-32.94,9.94,53.47,-79.67,-175.28,14.223370786516854,1.0,52.404230921348315,-1.5031082134831462
52.40423387640449,-1.503129764044944,147.01,,4.0,322.48,19 / 21,271727,2019-09-07 09:17:57:006,2.6592,-2.2096,10.6052,-0.0258,-0.0166,9.8065,0.0356,0.1526,-0.077,3.44,-33.12,10.81,40.79,-79.55,-175.14,14.291011235955056,1.0,52.40423387640449,-1.503129764044944
52.40423683146067,-1.5031513146067417,147.01,,4.0,322.48,19 / 21,271827,2019-09-07 09:17:57:106,1.0619,-1.6652,9.9961,-0.0163,-0.0157,9.8066,0.0885,0.0911,-0.0642,3.06,-33.0,11.38,43.26,-79.23,-174.44,14.358651685393259,1.0,52.40423683146067,-1.5031513146067417
52.404239786516854,-1.5031728651685394,147.01,,4.0,322.48,19 / 21,271928,2019-09-07 09:17:57:207,2.1134,-1.6519,9.8013,-0.0132,-0.0015,9.8066,0.0145,0.2084,-0.0824,2.63,-32.69,11.75,39.64,-79.07,-173.88,14.42629213483146,1.0,52.404239786516854,-1.5031728651685394
52.404242741573036,-1.5031944157303372,147.01,,4.0,322.48,19 / 21,272028,2019-09-07 09:17:57:307,0.8669,-0.907,9.9791,-0.0118,-0.0128,9.8066,-0.0291,0.1112,0.017,3.63,-32.31,11.56,45.54,-79.03,-173.71,14.493932584269663,1.0,52.404242741573036,-1.5031944157303372
52.40424569662921,-1.503215966292135,147.01,,4.0,322.48,19 / 21,272128,2019-09-07 09:17:57:407,1.8405,-1.3948,10.1545,-0.0114,-0.002,9.8066,0.039,0.1226,0.0579,4.06,-32.12,12.31,45.7,-79.22,-173.22,14.561573033707866,1.0,52.40424569662921,-1.503215966292135
52.40424865168539,-1.5032375168539327,147.01,,4.0,322.48,19 / 21,272227,2019-09-07 09:17:57:506,0.7454,-0.4264,9.5867,-0.0134,0.0071,9.8065,0.005,0.0701,0.0599,4.31,-31.62,12.13,47.21,-79.29,-172.12,14.629213483146067,1.0,52.40424865168539,-1.5032375168539327
52.404251606741575,-1.5032590674157305,147.01,,4.0,322.48,19 / 21,272327,2019-09-07 09:17:57:606,0.9401,-1.7333,9.9328,-0.02,0.0038,9.8066,-0.0343,0.0709,-0.0223,4.0,-31.94,12.19,48.6,-79.31,-171.15,14.69685393258427,1.0,52.404251606741575,-1.5032590674157305
52.40425456179775,-1.5032806179775282,147.01,,4.0,322.48,19 / 21,272428,2019-09-07 09:17:57:707,-0.2183,-0.5343,9.6666,-0.0235,-0.0212,9.8066,-0.0493,0.0339,-0.0047,2.94,-32.19,12.75,41.23,-79.1,-169.81,14.764494382022471,1.0,52.40425456179775,-1.5032806179775282
52.40425751685393,-1.503302168539326,147.01,,4.0,322.48,19 / 21,272528,2019-09-07 09:17:57:807,0.2361,0.121,10.1066,-0.0061,0.0067,9.8066,0.0083,0.0634,0.0564,1.88,-32.31,12.81,36.56,-79.04,-168.79,14.832134831460674,1.0,52.40425751685393,-1.503302168539326
52.40426047191011,-1.5033237191011237,147.01,,4.0,322.48,19 / 21,272628,2019-09-07 09:17:57:907,0.3708,0.2197,10.223,-0.0226,-0.0029,9.8065,-0.0754,0.092,0.0542,1.44,-31.87,13.19,30.89,-78.91,-168.08,14.899775280898876,1.0,52.40426047191011,-1.5033237191011237
52.40426342696629,-1.5033452696629215,147.01,,4.0,322.48,19 / 21,272728,2019-09-07 09:17:58:007,-0.2136,-0.7534,10.0404,-0.0242,-0.0139,9.8065,-0.0341,0.0476,-0.0024,2.0,-31.87,13.5,36.13,-78.97,-167.39,14.967415730337079,1.0,52.40426342696629,-1.5033452696629215
52.40426638202247,-1.5033668202247192,147.01,,4.0,322.48,19 / 21,272828,2019-09-07 09:17:58:107,0.1898,-0.0719,9.7657,-0.0022,0.0041,9.8066,-0.0492,0.0237,-0.014,1.81,-31.81,12.56,40.55,-78.96,-166.5,15.035056179775282,1.0,52.40426638202247,-1.5033668202247192
52.40426933707865,-1.503388370786517,147.01,,4.0,322.48,19 / 21,272928,2019-09-07 09:17:58:207,-0.7994,-1.0695,10.3733,-0.0058,-0.0152,9.8066,-0.0626,-0.0056,-0.0481,2.25,-32.69,13.31,42.54,-78.98,-165.83,15.102696629213483,1.0,52.40426933707865,-1.503388370786517
52.40427229213483,-1.5034099213483147,147.01,,4.0,322.48,19 / 21,273027,2019-09-07 09:17:58:306,0.0573,-0.3976,10.5042,-0.0146,-0.0314,9.8066,0.0165,0.0546,-0.0688,2.5,-32.62,13.69,45.27,-78.79,-166.13,15.170337078651686,1.0,52.40427229213483,-1.5034099213483147
52.40427524719101,-1.5034314719101125,147.01,,4.0,322.48,19 / 21,273127,2019-09-07 09:17:58:406,0.0011,-0.4186,10.1326,-0.0016,0.0046,9.8066,-0.0269,0.0743,-0.0075,2.69,-33.37,14.19,45.32,-78.65,-166.34,15.237977528089887,1.0,52.40427524719101,-1.5034314719101125
52.40427820224719,-1.5034530224719103,147.01,,4.0,322.48,19 / 21,273227,2019-09-07 09:17:58:506,-1.1432,-1.4952,9.6911,0.0067,0.0171,9.8066,0.0425,0.0512,0.0333,2.06,-33.06,13.69,39.35,-78.73,-166.27,15.30561797752809,1.0,52.40427820224719,-1.5034530224719103
52.40428115730337,-1.503474573033708,147.01,,4.0,322.48,19 / 21,273327,2019-09-07 09:17:58:606,-0.5786,0.3089,10.1228,0.001,0.0121,9.8066,0.0672,0.0847,-0.0307,2.69,-32.62,13.94,45.28,-78.75,-166.2,15.373258426966292,1.0,52.40428115730337,-1.503474573033708
52.40428411235955,-1.5034961235955058,147.01,,4.0,322.48,19 / 21,273427,2019-09-07 09:17:58:706,-1.1301,0.6561,10.5253,0.0059,-0.0026,9.8066,0.0702,-0.0416,0.0816,3.63,-32.12,13.88,49.28,-78.73,-166.44,15.440898876404495,1.0,52.40428411235955,-1.5034961235955058
52.40428706741573,-1.5035176741573035,147.01,,4.0,322.48,19 / 21,273527,2019-09-07 09:17:58:806,0.5978,-1.1907,9.2922,-0.0137,-0.0264,9.8065,-0.0851,0.0978,-0.0556,3.44,-32.12,13.75,43.56,-78.64,-166.93,15.508539325842698,1.0,52.40428706741573,-1.5035176741573035
52.40429002247191,-1.5035392247191013,147.01,,4.0,322.48,19 / 21,273628,2019-09-07 09:17:58:907,-0.7171,0.9205,11.156,-0.0227,-0.0217,9.8066,-0.1411,-0.0627,0.1133,3.25,-32.69,14.38,44.71,-78.46,-167.09,15.576179775280899,1.0,52.40429002247191,-1.5035392247191013
52.40429297752809,-1.5035607752808988,147.01,,4.0,322.48,19 / 21,273727,2019-09-07 09:17:59:006,0.2967,-0.7279,10.3258,-0.0031,-0.0206,9.8065,-0.0945,-0.1218,0.0245,3.0,-32.62,14.31,45.93,-78.63,-165.98,15.643820224719102,1.0,52.40429297752809,-1.5035607752808988
52.40429593258427,-1.5035823258426966,147.01,,4.0,322.48,19 / 21,273827,2019-09-07 09:17:59:106,-2.6135,-1.6121,10.3109,-0.0189,-0.0114,9.8065,0.0463,0.0233,-0.0602,3.06,-32.31,15.63,40.58,-78.65,-165.3,15.711460674157303,1.0,52.40429593258427,-1.5035823258426966
52.40429888764045,-1.5036038764044943,147.01,,4.0,322.48,19 / 21,273927,2019-09-07 09:17:59:206,-0.9153,-0.3137,8.4108,0.0069,0.0207,9.8065,-0.0818,0.0847,-0.0323,2.94,-32.62,14.63,43.72,-78.62,-165.42,15.779101123595506,1.0,52.40429888764045,-1.5036038764044943
52.404301842696626,-1.503625426966292,147.01,,4.0,322.48,19 / 21,274029,2019-09-07 09:17:59:308,-0.2984,1.0276,10.1552,0.0083,-0.0229,9.8066,-0.1693,-0.0295,0.0996,2.63,-32.75,13.75,45.84,-78.66,-165.98,15.846741573033707,1.0,52.404301842696626,-1.503625426966292
52.40430479775281,-1.5036469775280898,147.01,,4.0,322.48,20 / 22,274127,2019-09-07 09:17:59:406,0.3676,0.1523,10.7531,0.0109,-0.0005,9.8066,0.0387,0.0203,0.0386,2.56,-32.37,14.31,45.1,-78.73,-165.75,15.91438202247191,1.0,52.40430479775281,-1.5036469775280898
52.40430775280899,-1.5036685280898876,147.01,,4.0,322.48,20 / 22,274227,2019-09-07 09:17:59:506,-0.3966,-0.5167,9.5191,-0.0001,-0.0116,9.8066,-0.0272,0.0638,0.0095,3.38,-32.81,15.13,42.36,-78.61,-166.35,15.982022471910113,1.0,52.40430775280899,-1.5036685280898876
52.40431070786517,-1.5036900786516854,147.01,,4.0,322.48,20 / 22,274327,2019-09-07 09:17:59:606,0.4161,0.9183,9.4994,-0.0161,-0.0022,9.8066,-0.0297,-0.0827,0.1025,3.19,-32.31,15.0,42.22,-78.49,-166.11,16.049662921348315,1.0,52.40431070786517,-1.5036900786516854
52.404313662921346,-1.5037116292134831,147.01,,4.0,322.48,20 / 22,274427,2019-09-07 09:17:59:706,-0.1942,-1.4353,10.0017,0.0024,-0.006,9.8065,0.1902,0.0468,-0.0698,2.69,-32.44,14.69,42.14,-78.61,-165.98,16.117303370786516,1.0,52.404313662921346,-1.5037116292134831
52.40431661797753,-1.5037331797752809,147.01,,4.0,322.48,20 / 22,274527,2019-09-07 09:17:59:806,-1.8556,-0.7507,9.4542,-0.0096,0.0081,9.8066,-0.1108,-0.0347,0.1369,2.56,-32.06,14.13,45.4,-78.66,-165.68,16.18494382022472,1.0,52.40431661797753,-1.5037331797752809
52.40431957303371,-1.5037547303370786,147.01,,4.0,322.48,20 / 22,274627,2019-09-07 09:17:59:906,-0.2697,-0.0993,8.7405,0.012,0.0076,9.8066,-0.092,0.0057,-0.0101,2.69,-31.56,13.63,44.27,-78.73,-166.31,16.252584269662922,1.0,52.40431957303371,-1.5037547303370786
52.404322528089885,-1.5037762808988764,147.01,,4.0,322.48,20 / 22,274727,2019-09-07 09:18:00:006,-0.3886,-0.6267,9.1222,0.0071,0.0013,9.8065,-0.0118,-0.0271,0.0132,3.38,-32.5,13.38,47.4,-78.87,-166.28,16.320224719101123,1.0,52.404322528089885,-1.5037762808988764
52.40432548314607,-1.5037978314606741,147.01,,4.0,322.48,20 / 22,274827,2019-09-07 09:18:00:106,-0.7755,0.0271,9.7744,0.0247,-0.0027,9.8066,0.0139,-0.0262,-0.0539,4.0,-32.0,13.13,52.1,-78.93,-166.67,16.387865168539324,1.0,52.40432548314607,-1.5037978314606741
52.40432843820225,-1.503819382022472,147.01,,4.0,322.48,20 / 22,274927,2019-09-07 09:18:00:206,0.5564,-0.2063,10.9362,-0.0154,-0.0135,9.8066,0.1567,-0.0167,0.0677,4.44,-33.19,12.88,51.98,-78.83,-167.66,16.45550561797753,1.0,52.40432843820225,-1.503819382022472
52.404331393258424,-1.5038409325842697,147.01,,4.0,322.48,20 / 22,275028,2019-09-07 09:18:00:307,-1.36,-1.5505,12.2226,-0.0176,-0.0288,9.8065,0.1002,-0.0096,-0.0127,5.44,-32.69,13.0,56.31,-78.55,-168.64,16.52314606741573,1.0,52.404331393258424,-1.5038409325842697
52.404334348314606,-1.5038624831460674,147.01,,4.0,322.48,19 / 21,275127,2019-09-07 09:18:00:406,-0.5008,-0.5474,10.9225,-0.016,-0.0122,9.8066,0.0803,0.0062,-0.0391,6.0,-32.62,13.44,60.27,-78.29,-169.39,16.59078651685393,1.0,52.404334348314606,-1.5038624831460674
52.40433730337079,-1.5038840337078652,147.01,,4.0,322.48,19 / 21,275227,2019-09-07 09:18:00:506,0.3268,0.8992,9.1585,-0.0147,-0.0015,9.8065,-0.0908,0.0004,0.09,5.81,-32.5,13.31,60.1,-78.29,-168.74,16.658426966292136,1.0,52.40433730337079,-1.5038840337078652
52.40434025842696,-1.503905584269663,147.01,,4.0,322.48,19 / 21,275327,2019-09-07 09:18:00:606,-0.2166,0.9503,9.3019,0.027,0.0324,9.8065,0.0831,-0.0339,-0.043,5.19,-31.94,13.5,52.11,-78.52,-168.14,16.726067415730338,1.0,52.40434025842696,-1.503905584269663
52.404343213483145,-1.5039271348314607,147.01,,4.0,322.48,19 / 21,275427,2019-09-07 09:18:00:706,0.6556,1.1903,9.1872,0.0188,0.015,9.8066,-0.0802,-0.0645,-0.0192,5.31,-32.12,14.06,51.02,-78.78,-168.4,16.79370786516854,1.0,52.404343213483145,-1.5039271348314607
52.40434616853933,-1.5039486853932584,147.01,,4.0,322.48,19 / 21,275528,2019-09-07 09:18:00:807,-1.1097,0.3438,10.3263,0.0059,-0.0285,9.8065,-0.0642,-0.0098,-0.0261,4.94,-31.94,14.25,49.33,-78.77,-169.62,16.86134831460674,1.0,52.40434616853933,-1.5039486853932584
52.40434912359551,-1.5039702359550562,147.01,,4.0,322.48,19 / 21,275627,2019-09-07 09:18:00:906,-1.5464,-2.378,10.1119,0.006,-0.0169,9.8066,-0.0429,0.004,-0.0309,5.0,-31.94,14.31,47.63,-78.84,-170.69,16.928988764044945,1.0,52.40434912359551,-1.5039702359550562
52.404352078651684,-1.503991786516854,147.01,,4.0,322.48,19 / 21,275727,2019-09-07 09:18:01:006,0.4799,-0.2857,9.2592,0.0176,0.0191,9.8066,-0.0589,-0.0055,-0.0331,5.13,-32.19,13.81,46.08,-79.0,-171.49,16.996629213483146,1.0,52.404352078651684,-1.503991786516854
52.404355033707866,-1.5040133370786517,147.01,,4.0,322.48,19 / 21,275827,2019-09-07 09:18:01:106,0.3558,-0.9583,9.2346,0.0117,0.0169,9.8065,-0.0069,0.0136,-0.0922,4.75,-32.37,14.0,45.71,-79.37,-171.1,17.064269662921348,1.0,52.404355033707866,-1.5040133370786517
52.40435798876405,-1.5040348876404495,147.01,,4.0,322.48,19 / 21,275927,2019-09-07 09:18:01:206,-1.2222,-0.5233,9.2351,-0.0349,-0.0226,9.8065,-0.1196,0.0407,-0.0248,4.69,-31.94,13.69,45.15,-79.6,-171.11,17.131910112359552,1.0,52.40435798876405,-1.5040348876404495
52.40436094382022,-1.5040564382022472,147.01,,4.0,322.48,19 / 21,276027,2019-09-07 09:18:01:306,-1.9319,2.2108,10.3101,-0.0296,-0.0279,9.8065,-0.2049,-0.0226,-0.0761,4.38,-31.81,13.63,42.43,-79.36,-170.03,17.199550561797754,1.0,52.40436094382022,-1.5040564382022472
52.404363898876404,-1.504077988764045,147.01,,4.0,322.48,19 / 21,276127,2019-09-07 09:18:01:406,-1.1063,-1.2397,8.6532,0.022,0.0356,9.8065,-0.0138,0.0435,0.0748,4.25,-32.44,13.63,43.06,-79.36,-169.61,17.267191011235955,1.0,52.404363898876404,-1.504077988764045
52.404366853932586,-1.5040995393258427,147.01,,4.0,322.48,19 / 21,276227,2019-09-07 09:18:01:506,-1.7887,-0.6501,9.2355,0.0148,0.0183,9.8066,-0.0182,0.023,0.1488,4.38,-32.0,13.38,45.85,-79.79,-169.26,17.334831460674156,1.0,52.404366853932586,-1.5040995393258427
52.40436980898876,-1.5041210898876405,147.01,,4.0,322.48,19 / 21,276327,2019-09-07 09:18:01:606,-0.5643,-0.2818,9.4248,-0.0053,-0.0207,9.8065,-0.0964,-0.0636,-0.0696,3.75,-32.56,13.0,46.06,-80.13,-169.03,17.40247191011236,1.0,52.40436980898876,-1.5041210898876405
52.40437276404494,-1.5041426404494382,147.01,,4.0,322.48,19 / 21,276427,2019-09-07 09:18:01:706,1.0931,-1.7685,8.731,0.0143,0.001,9.8066,-0.115,0.0708,-0.163,4.06,-32.25,12.63,44.12,-80.37,-169.39,17.470112359550562,1.0,52.40437276404494,-1.5041426404494382
52.404375719101125,-1.504164191011236,147.01,,4.0,322.48,19 / 21,276528,2019-09-07 09:18:01:807,0.2928,-0.1311,9.4227,0.0248,0.0304,9.8065,0.0621,0.0285,0.0845,3.94,-32.12,12.56,43.39,-80.49,-169.7,17.537752808988763,1.0,52.404375719101125,-1.504164191011236
52.40437867415731,-1.5041857415730338,147.01,,4.0,322.48,19 / 21,276628,2019-09-07 09:18:01:907,-0.531,-0.7195,9.968,-0.0041,0.0306,9.8066,0.0244,0.0135,0.0917,2.81,-32.75,12.81,39.03,-80.84,-168.75,17.605393258426968,1.0,52.40437867415731,-1.5041857415730338
52.40438162921348,-1.5042072921348315,147.01,,4.0,322.48,19 / 21,276727,2019-09-07 09:18:02:006,-1.1936,-0.8373,9.5133,0.0052,0.0012,9.8066,-0.0046,0.0188,0.0642,2.88,-33.25,12.44,42.53,-80.88,-168.58,17.67303370786517,1.0,52.40438162921348,-1.5042072921348315
52.404384584269664,-1.5042288426966293,147.01,,4.0,322.48,19 / 21,276827,2019-09-07 09:18:02:106,-0.6114,0.7383,7.4654,0.0143,0.0111,9.8066,-0.1528,-0.003,0.0134,2.5,-33.12,11.81,41.81,-81.05,-168.73,17.74067415730337,1.0,52.404384584269664,-1.5042288426966293
52.404387539325846,-1.504250393258427,147.01,,4.0,322.48,19 / 21,276927,2019-09-07 09:18:02:206,-0.2993,-1.7173,8.5644,0.0282,0.0123,9.8065,-0.1144,-0.0561,0.0567,2.19,-33.12,11.81,32.81,-81.56,-169.43,17.808314606741572,1.0,52.404387539325846,-1.504250393258427
52.40439049438202,-1.5042719438202248,147.01,,4.0,322.48,19 / 21,277027,2019-09-07 09:18:02:306,-0.7331,-0.0464,9.6693,-0.0229,-0.0426,9.8065,-0.1503,-0.0169,-0.0216,1.88,-33.44,11.06,35.32,-81.67,-169.63,17.875955056179777,1.0,52.40439049438202,-1.5042719438202248
52.4043934494382,-1.5042934943820225,147.01,,4.0,322.48,20 / 22,277127,2019-09-07 09:18:02:406,0.0331,1.388,9.6181,0.0085,0.0462,9.8065,0.0038,-0.0376,-0.1375,2.13,-33.5,11.25,36.28,-81.88,-168.63,17.943595505617978,1.0,52.4043934494382,-1.5042934943820225
52.404396404494385,-1.5043150449438203,147.01,,4.0,322.48,20 / 22,277227,2019-09-07 09:18:02:506,0.2242,-0.5396,9.309,0.021,0.0516,9.8065,0.0496,-0.1262,0.0215,2.19,-33.56,11.06,39.22,-82.19,-166.55,18.01123595505618,1.0,52.404396404494385,-1.5043150449438203
52.40439935955056,-1.504336595505618,147.01,,4.0,322.48,20 / 22,277327,2019-09-07 09:18:02:606,-0.3155,1.1324,9.5472,0.0022,-0.0064,9.8066,-0.141,-0.0296,0.073,1.81,-33.06,10.75,40.69,-82.32,-164.84,18.078876404494384,1.0,52.40439935955056,-1.504336595505618
52.40440231460674,-1.5043581460674158,147.01,,4.0,322.48,20 / 22,277427,2019-09-07 09:18:02:706,-1.0302,1.116,9.8971,-0.0025,-0.0076,9.8066,0.0105,0.0324,0.0653,1.69,-34.06,10.44,44.68,-82.65,-164.38,18.146516853932585,1.0,52.40440231460674,-1.5043581460674158
52.404405269662924,-1.5043796966292136,147.01,,4.0,322.48,20 / 22,277527,2019-09-07 09:18:02:806,-0.0013,1.7597,9.9004,-0.0004,-0.014,9.8066,-0.137,-0.0128,0.0941,2.63,-33.62,10.44,50.48,-82.93,-164.53,18.214157303370786,1.0,52.404405269662924,-1.5043796966292136
52.404408224719106,-1.5044012471910113,147.01,,4.0,322.48,20 / 22,277628,2019-09-07 09:18:02:907,-0.0286,1.9247,9.1858,-0.0184,-0.0173,9.8066,-0.099,0.0019,-0.0018,2.88,-34.19,10.31,50.83,-82.91,-164.32,18.281797752808988,1.0,52.404408224719106,-1.5044012471910113
52.40441117977528,-1.504422797752809,147.01,,4.0,322.48,20 / 22,277728,2019-09-07 09:18:03:007,-0.1714,2.9147,9.9103,0.0312,0.0515,9.8064,0.1474,0.0421,-0.1263,2.69,-33.87,10.31,51.16,-82.81,-164.35,18.349438202247192,1.0,52.40441117977528,-1.504422797752809
52.40441413483146,-1.5044443483146068,147.01,,4.0,322.48,20 / 22,277827,2019-09-07 09:18:03:106,0.3651,1.0598,9.6384,0.0062,0.0257,9.8066,0.1444,-0.0047,0.0288,2.5,-34.37,10.44,50.98,-83.11,-163.66,18.417078651685394,1.0,52.40441413483146,-1.5044443483146068
52.404417089887644,-1.5044658988764046,147.01,,4.0,322.48,20 / 22,277927,2019-09-07 09:18:03:206,0.015,1.2212,10.359,-0.0144,-0.0004,9.8065,-0.0136,-0.0096,0.001,1.94,-34.06,9.69,44.76,-83.28,-162.76,18.484719101123595,1.0,52.404417089887644,-1.5044658988764046
52.40442004494382,-1.5044874494382023,147.01,,4.0,322.48,20 / 22,278027,2019-09-07 09:18:03:306,-0.0875,1.6124,10.7288,-0.0082,-0.0114,9.8066,-0.021,0.0316,0.0243,1.31,-33.5,10.13,37.42,-83.2,-162.19,18.5523595505618,1.0,52.40442004494382,-1.5044874494382023
52.404423,-1.504509,146.42,18.62,3.0,275.04,19 / 21,278128,2019-09-07 09:18:03:407,-0.6069,-0.1387,9.9677,-0.0022,-0.0228,9.8065,0.033,0.0207,0.1132,2.0,-33.25,9.44,49.81,-83.18,-161.95,18.62,1.0,52.404423,-1.504509
52.404421077777776,-1.504535188888889,146.42,,3.0,275.04,19 / 21,278227,2019-09-07 09:18:03:506,-0.5334,0.7548,10.0737,0.0,-0.0162,9.8065,0.0074,-0.1213,0.0622,1.44,-33.44,9.69,38.45,-82.94,-162.06,18.61388888888889,1.0,52.404421077777776,-1.504535188888889
52.40441915555556,-1.5045613777777778,146.42,,3.0,275.04,19 / 21,278327,2019-09-07 09:18:03:606,-1.1645,0.8208,9.5461,0.016,0.018,9.8065,0.0989,-0.0613,0.0665,1.31,-34.31,9.56,40.3,-82.98,-161.19,18.60777777777778,1.0,52.40441915555556,-1.5045613777777778
52.404417233333334,-1.5045875666666668,146.42,,3.0,275.04,19 / 21,278427,2019-09-07 09:18:03:706,0.4828,3.1434,10.0544,0.0085,-0.0113,9.8066,-0.0557,-0.0255,-0.0162,1.31,-34.44,9.75,39.63,-82.87,-161.88,18.601666666666667,1.0,52.404417233333334,-1.5045875666666668
52.404415311111116,-1.5046137555555557,146.42,,3.0,275.04,19 / 21,278528,2019-09-07 09:18:03:807,0.0323,0.8155,9.9442,0.0172,0.024,9.8065,0.1927,-0.0096,0.0261,1.5,-34.37,9.88,45.55,-82.74,-163.58,18.595555555555556,1.0,52.404415311111116,-1.5046137555555557
52.40441338888889,-1.5046399444444445,146.42,,3.0,275.04,19 / 21,278628,2019-09-07 09:18:03:907,0.1722,-0.6886,8.9208,0.016,0.0193,9.8065,0.0675,-0.0431,-0.0006,1.5,-34.12,10.25,45.14,-82.73,-163.88,18.589444444444446,1.0,52.40441338888889,-1.5046399444444445
52.404411466666666,-1.5046661333333333,146.42,,3.0,275.04,19 / 21,278727,2019-09-07 09:18:04:006,-0.0506,0.9113,10.1771,-0.0207,-0.032,9.8066,-0.112,-0.0041,0.0253,1.63,-33.5,10.31,43.88,-82.85,-163.93,18.583333333333336,1.0,52.404411466666666,-1.5046661333333333
52.40440954444445,-1.5046923222222224,146.42,,3.0,275.04,19 / 21,278827,2019-09-07 09:18:04:106,-1.1174,1.5935,8.8979,0.0068,-0.0383,9.8065,-0.112,-0.0036,0.0657,1.06,-33.56,10.13,35.48,-82.69,-164.96,18.577222222222222,1.0,52.40440954444445,-1.5046923222222224
52.40440762222222,-1.5047185111111112,146.42,,3.0,275.04,19 / 21,278927,2019-09-07 09:18:04:206,-2.671,3.0262,9.7939,0.0142,-0.0075,9.8066,-0.1543,-0.1268,0.2395,1.94,-33.19,10.0,40.84,-82.73,-166.29,18.57111111111111,1.0,52.40440762222222,-1.5047185111111112
52.4044057,-1.5047447,146.42,,3.0,275.04,19 / 21,279027,2019-09-07 09:18:04:306,0.8706,-0.0219,9.3139,-0.019,0.0169,9.8065,-0.0079,0.1612,-0.0463,1.63,-33.75,9.94,42.55,-82.86,-165.31,18.565,1.0,52.4044057,-1.5047447
52.40440377777778,-1.5047708888888889,146.42,,3.0,275.04,19 / 21,279127,2019-09-07 09:18:04:406,-0.4672,2.2915,9.6246,0.0059,0.0208,9.8066,0.0426,0.0497,-0.1119,2.13,-33.87,10.06,41.19,-82.94,-166.05,18.55888888888889,1.0,52.40440377777778,-1.5047708888888889
52.404401855555555,-1.504797077777778,146.42,,3.0,275.04,19 / 21,279227,2019-09-07 09:18:04:506,0.5728,-0.6404,10.0312,0.0194,0.0259,9.8065,0.1389,-0.0388,-0.1037,2.31,-34.31,10.94,36.81,-83.17,-166.23,18.552777777777777,1.0,52.404401855555555,-1.504797077777778
52.40439993333334,-1.5048232666666668,146.42,,3.0,275.04,19 / 21,279327,2019-09-07 09:18:04:606,0.5406,0.8186,10.0874,-0.0027,-0.0051,9.8065,-0.0139,0.0238,-0.0256,1.88,-33.75,10.06,39.24,-83.22,-166.72,18.546666666666667,1.0,52.40439993333334,-1.5048232666666668
52.40439801111111,-1.5048494555555556,146.42,,3.0,275.04,19 / 21,279428,2019-09-07 09:18:04:707,0.9628,0.4262,10.0892,0.0109,0.0141,9.8066,-0.001,0.0275,-0.0357,1.69,-32.62,10.19,38.43,-83.17,-166.97,18.540555555555557,1.0,52.40439801111111,-1.5048494555555556
52.40439608888889,-1.5048756444444444,146.42,,3.0,275.04,19 / 21,279527,2019-09-07 09:18:04:806,0.4827,-0.1635,9.4643,-0.0013,-0.0181,9.8066,-0.1161,-0.0091,0.0226,0.63,-33.0,7.75,38.13,-82.93,-167.37,18.534444444444446,1.0,52.40439608888889,-1.5048756444444444
52.40439416666667,-1.5049018333333335,146.42,,3.0,275.04,19 / 21,279627,2019-09-07 09:18:04:906,0.7125,0.1511,9.3876,-0.0127,-0.0081,9.8066,-0.0907,-0.0938,0.0723,0.69,-36.06,7.94,41.73,-82.81,-167.52,18.528333333333332,1.0,52.40439416666667,-1.5049018333333335
52.404392244444445,-1.5049280222222223,146.42,,3.0,275.04,19 / 21,279727,2019-09-07 09:18:05:006,0.9015,-0.0647,9.2461,0.0003,-0.0269,9.8066,-0.2166,0.0423,0.013,1.19,-36.94,10.25,36.56,-82.92,-165.09,18.522222222222222,1.0,52.404392244444445,-1.5049280222222223
52.40439032222222,-1.5049542111111112,146.42,,3.0,275.04,19 / 21,279827,2019-09-07 09:18:05:106,-0.9898,1.5919,9.8284,-0.0166,-0.0561,9.8064,-0.1297,-0.1465,0.095,1.75,-35.19,11.75,35.32,-82.81,-166.41,18.516111111111112,1.0,52.40439032222222,-1.5049542111111112
52.4043884,-1.5049804,146.42,,3.0,275.04,19 / 21,279927,2019-09-07 09:18:05:206,0.8897,1.3281,10.0712,0.0216,-0.0002,9.8065,-0.0212,-0.0049,-0.067,2.44,-33.69,10.88,37.15,-82.86,-166.6,18.51,1.0,52.4043884,-1.5049804
52.40438647777778,-1.505006588888889,146.42,,3.0,275.04,19 / 21,280027,2019-09-07 09:18:05:306,-0.4162,-0.1562,10.4843,0.0022,0.0146,9.8066,0.1648,0.0342,-0.0164,2.31,-34.06,10.56,36.47,-82.91,-166.96,18.50388888888889,1.0,52.40438647777778,-1.505006588888889
52.40438455555556,-1.5050327777777779,146.42,,3.0,275.04,20 / 22,280128,2019-09-07 09:18:05:407,1.0521,1.252,9.4737,-0.0159,-0.0433,9.8065,-0.062,0.0141,0.0413,2.31,-34.19,10.56,34.63,-82.91,-168.23,18.497777777777777,1.0,52.40438455555556,-1.5050327777777779
52.404382633333334,-1.5050589666666667,146.42,,3.0,275.04,20 / 22,280227,2019-09-07 09:18:05:506,2.3192,2.3118,9.6538,-0.049,-0.0401,9.8064,-0.0583,0.146,-0.0766,2.25,-34.75,11.06,37.29,-82.58,-167.47,18.491666666666667,1.0,52.404382633333334,-1.5050589666666667
52.40438071111111,-1.5050851555555556,146.42,,3.0,275.04,20 / 22,280327,2019-09-07 09:18:05:606,-0.7617,3.3307,10.1604,0.0141,0.0636,9.8064,0.1184,-0.0057,0.0396,1.75,-33.87,11.31,36.4,-82.67,-167.48,18.485555555555557,1.0,52.40438071111111,-1.5050851555555556
52.40437878888889,-1.5051113444444446,146.42,,3.0,275.04,20 / 22,280427,2019-09-07 09:18:05:706,1.9921,0.0386,9.5192,0.0149,0.0654,9.8064,0.1916,0.1542,-0.1212,2.25,-34.31,10.75,37.1,-83.01,-166.33,18.479444444444447,1.0,52.40437878888889,-1.5051113444444446
52.40437686666667,-1.5051375333333334,146.42,,3.0,275.04,20 / 22,280528,2019-09-07 09:18:05:807,0.8674,1.3326,10.8106,-0.0173,-0.0283,9.8065,-0.1342,0.0864,-0.1211,2.5,-33.56,11.13,43.05,-82.72,-167.45,18.473333333333333,1.0,52.40437686666667,-1.5051375333333334
52.40437494444444,-1.5051637222222223,146.42,,3.0,275.04,20 / 22,280628,2019-09-07 09:18:05:907,2.1269,-0.4456,9.7105,0.001,-0.0039,9.8066,-0.0283,0.1448,-0.1175,2.63,-33.56,10.75,40.86,-82.78,-168.87,18.467222222222222,1.0,52.40437494444444,-1.5051637222222223
52.404373022222224,-1.5051899111111111,146.42,,3.0,275.04,20 / 22,280728,2019-09-07 09:18:06:007,-0.1372,-0.2823,9.5514,0.012,0.0041,9.8066,0.0312,0.0992,-0.075,2.44,-34.37,10.88,31.3,-82.8,-170.65,18.461111111111112,1.0,52.404373022222224,-1.5051899111111111
52.4043711,-1.5052161000000002,146.42,,3.0,275.04,20 / 22,280827,2019-09-07 09:18:06:106,1.4966,0.3708,9.7833,0.0186,0.0252,9.8066,0.0236,0.1243,-0.1275,2.75,-33.62,11.0,35.41,-82.94,-172.35,18.455000000000002,1.0,52.4043711,-1.5052161000000002
52.40436917777778,-1.505242288888889,146.42,,3.0,275.04,20 / 22,280927,2019-09-07 09:18:06:206,1.0594,-0.9377,9.0537,-0.0045,0.0037,9.8066,-0.0816,0.0915,-0.0811,2.88,-34.12,11.31,33.5,-83.06,-173.44,18.448888888888888,1.0,52.40436917777778,-1.505242288888889
52.404367255555556,-1.5052684777777778,146.42,,3.0,275.04,20 / 22,281029,2019-09-07 09:18:06:308,1.3015,1.7838,10.2438,-0.0027,-0.0359,9.8065,-0.2004,0.1157,0.0257,3.38,-33.94,11.88,30.12,-83.08,-173.68,18.442777777777778,1.0,52.404367255555556,-1.5052684777777778
52.40436533333333,-1.5052946666666667,146.42,,3.0,275.04,19 / 21,281127,2019-09-07 09:18:06:406,0.984,0.1031,10.3901,0.004,0.0118,9.8066,0.1329,0.0105,0.082,3.75,-33.81,12.25,34.71,-83.13,-174.48,18.436666666666667,1.0,52.40436533333333,-1.5052946666666667
52.40436341111111,-1.5053208555555557,146.42,,3.0,275.04,19 / 21,281227,2019-09-07 09:18:06:506,0.8377,-0.6779,9.819,-0.0068,-0.0062,9.8066,0.128,0.0687,-0.0215,3.63,-33.56,12.06,35.54,-82.9,-174.26,18.430555555555557,1.0,52.40436341111111,-1.5053208555555557
52.40436148888889,-1.5053470444444446,146.42,,3.0,275.04,19 / 21,281327,2019-09-07 09:18:06:606,2.7649,0.2415,9.6468,0.0126,0.0182,9.8065,0.0457,0.0207,0.0713,3.19,-33.5,12.25,31.48,-82.64,-173.07,18.424444444444447,1.0,52.40436148888889,-1.5053470444444446
52.40435956666666,-1.5053732333333334,146.42,,3.0,275.04,19 / 21,281427,2019-09-07 09:18:06:706,1.6314,1.0963,9.7291,-0.0062,0.021,9.8066,0.0,0.0881,0.019,3.06,-33.56,12.31,33.66,-82.72,-171.75,18.418333333333333,1.0,52.40435956666666,-1.5053732333333334
52.404357644444445,-1.5053994222222222,146.42,,3.0,275.04,19 / 21,281527,2019-09-07 09:18:06:806,1.3831,-0.4701,9.4261,0.0141,0.0121,9.8065,0.005,0.0581,0.0383,3.0,-33.75,12.69,31.25,-82.75,-171.58,18.412222222222223,1.0,52.404357644444445,-1.5053994222222222
52.40435572222222,-1.5054256111111113,146.42,,3.0,275.04,19 / 21,281627,2019-09-07 09:18:06:906,1.0713,-0.558,9.5789,-0.0044,-0.0015,9.8066,-0.0117,0.0817,0.0165,2.88,-33.62,12.06,33.85,-82.86,-171.38,18.406111111111112,1.0,52.40435572222222,-1.5054256111111113
52.4043538,-1.5054518000000001,146.42,,3.0,275.04,19 / 21,281727,2019-09-07 09:18:07:006,1.0544,0.2083,9.9441,-0.0158,0.0046,9.8066,0.0124,0.0467,0.0253,3.25,-33.62,12.94,32.84,-82.98,-170.09,18.400000000000002,1.0,52.4043538,-1.5054518000000001
52.40435187777778,-1.505477988888889,146.42,,3.0,275.04,19 / 21,281828,2019-09-07 09:18:07:107,2.4007,-0.2004,10.1203,-0.0032,-0.0007,9.8065,0.0249,0.1365,-0.0758,3.0,-33.5,12.63,33.24,-83.03,-169.45,18.39388888888889,1.0,52.40435187777778,-1.505477988888889
52.40434995555555,-1.5055041777777778,146.42,,3.0,275.04,19 / 21,281927,2019-09-07 09:18:07:206,1.5257,0.4629,10.5988,0.0035,0.005,9.8066,0.0997,0.0485,0.0021,3.0,-33.19,13.63,31.06,-82.82,-169.8,18.387777777777778,1.0,52.40434995555555,-1.5055041777777778
52.404348033333335,-1.5055303666666668,146.42,,3.0,275.04,19 / 21,282027,2019-09-07 09:18:07:306,0.6532,0.1079,10.0866,0.0061,0.0074,9.8066,0.1314,0.1386,-0.1105,3.69,-33.44,13.06,37.96,-82.67,-170.38,18.381666666666668,1.0,52.404348033333335,-1.5055303666666668
52.40434611111111,-1.5055565555555557,146.42,,3.0,275.04,19 / 21,282128,2019-09-07 09:18:07:407,2.0175,-1.5871,9.9842,0.0101,-0.009,9.8065,-0.0286,-0.0304,0.0197,3.81,-33.25,13.88,33.9,-82.64,-171.61,18.375555555555557,1.0,52.40434611111111,-1.5055565555555557
52.404344188888885,-1.5055827444444445,146.42,,3.0,275.04,19 / 21,282228,2019-09-07 09:18:07:507,0.9028,1.3466,9.7218,0.0224,0.0229,9.8065,0.0302,0.0247,0.001,4.0,-33.5,13.75,33.42,-82.78,-171.78,18.369444444444444,1.0,52.404344188888885,-1.5055827444444445
52.40434226666667,-1.5056089333333333,146.42,,3.0,275.04,19 / 21,282327,2019-09-07 09:18:07:606,1.0261,0.8012,9.8019,-0.005,-0.0127,9.8066,-0.0458,0.0387,0.0787,4.0,-32.75,14.0,32.97,-82.76,-172.15,18.363333333333333,1.0,52.40434226666667,-1.5056089333333333
52.40434034444444,-1.5056351222222224,146.42,,3.0,275.04,19 / 21,282427,2019-09-07 09:18:07:706,1.8409,-0.0774,9.7214,0.0063,-0.0144,9.8066,-0.0673,0.1301,-0.0038,4.25,-32.69,14.69,30.77,-82.78,-172.23,18.357222222222223,1.0,52.40434034444444,-1.5056351222222224
52.404338422222224,-1.5056613111111112,146.42,,3.0,275.04,19 / 21,282527,2019-09-07 09:18:07:806,1.7911,0.8123,10.4333,0.0063,0.0194,9.8066,0.1381,0.093,-0.0185,4.56,-33.56,13.94,37.41,-82.75,-172.6,18.351111111111113,1.0,52.404338422222224,-1.5056613111111112
52.4043365,-1.5056875,146.42,,3.0,275.04,19 / 21,282627,2019-09-07 09:18:07:906,0.3883,-0.8309,9.8341,0.0044,0.026,9.8065,0.0571,0.1033,-0.0425,4.5,-33.0,14.38,37.8,-82.86,-171.84,18.345,1.0,52.4043365,-1.5056875
52.404334577777774,-1.505713688888889,146.42,,3.0,275.04,19 / 21,282727,2019-09-07 09:18:08:006,1.6452,0.2086,10.141,-0.0051,-0.0014,9.8066,0.0208,0.0628,-0.0159,3.88,-33.25,14.44,33.92,-82.84,-171.33,18.33888888888889,1.0,52.404334577777774,-1.505713688888889
52.40433265555556,-1.5057398777777777,146.42,,3.0,275.04,19 / 21,282827,2019-09-07 09:18:08:106,1.0643,0.3193,10.3604,0.0018,-0.0049,9.8066,0.0604,0.0674,-0.0079,4.25,-33.19,14.38,34.38,-82.82,-171.01,18.33277777777778,1.0,52.40433265555556,-1.5057398777777777
52.40433073333333,-1.5057660666666668,146.42,,3.0,275.04,19 / 21,282928,2019-09-07 09:18:08:207,1.2544,0.4321,9.9801,-0.0048,-0.0083,9.8066,-0.0368,0.0596,0.008,4.63,-33.25,14.75,35.97,-82.7,-171.67,18.326666666666668,1.0,52.40433073333333,-1.5057660666666668
52.404328811111114,-1.5057922555555556,146.42,,3.0,275.04,19 / 21,283028,2019-09-07 09:18:08:307,2.2651,0.823,10.3162,0.004,-0.0019,9.8066,-0.0409,0.1122,-0.0407,4.38,-32.75,15.06,31.51,-82.73,-171.73,18.320555555555558,1.0,52.404328811111114,-1.5057922555555556
52.40432688888889,-1.5058184444444445,146.42,,3.0,275.04,19 / 21,283127,2019-09-07 09:18:08:406,1.6767,0.3297,9.8146,0.0098,0.0039,9.8066,0.0649,0.1156,0.0031,4.81,-33.0,15.44,35.01,-82.76,-172.34,18.314444444444444,1.0,52.40432688888889,-1.5058184444444445
52.404324966666664,-1.5058446333333333,146.42,,3.0,275.04,19 / 21,283228,2019-09-07 09:18:08:507,1.3091,0.3337,9.8493,0.0048,0.0067,9.8066,-0.0093,0.0915,0.0185,5.44,-33.25,15.31,34.85,-82.81,-172.4,18.308333333333334,1.0,52.404324966666664,-1.5058446333333333
52.404323044444446,-1.5058708222222223,146.42,,3.0,275.04,19 / 21,283327,2019-09-07 09:18:08:606,1.7161,-0.4192,9.7778,0.0084,0.0007,9.8066,0.0437,0.1073,0.0001,5.13,-32.69,14.81,34.49,-82.82,-172.67,18.302222222222223,1.0,52.404323044444446,-1.5058708222222223
52.40432112222222,-1.5058970111111112,146.42,,3.0,275.04,19 / 21,283427,2019-09-07 09:18:08:706,1.8228,0.1632,9.8509,-0.0039,0.0016,9.8066,-0.0477,0.121,-0.0019,4.94,-33.44,15.19,34.63,-82.88,-172.49,18.296111111111113,1.0,52.40432112222222,-1.5058970111111112
52.404319199999996,-1.5059232,146.42,,3.0,275.04,19 / 21,283527,2019-09-07 09:18:08:806,0.7153,-0.6215,9.513,-0.0022,-0.0011,9.8066,0.0335,0.0543,0.0449,4.81,-33.06,15.69,33.61,-82.93,-171.67,18.29,1.0,52.404319199999996,-1.5059232
52.40431727777778,-1.5059493888888889,146.42,,3.0,275.04,19 / 21,283627,2019-09-07 09:18:08:906,1.9117,0.0531,10.1279,0.0045,0.0187,9.8065,-0.0634,0.1042,-0.005,5.69,-32.69,15.63,38.76,-82.96,-170.55,18.28388888888889,1.0,52.40431727777778,-1.5059493888888889
52.40431535555555,-1.505975577777778,146.42,,3.0,275.04,19 / 21,283727,2019-09-07 09:18:09:006,1.1105,0.0987,10.3404,0.0084,0.0043,9.8066,0.0553,0.0552,-0.053,4.75,-32.56,16.13,35.31,-83.0,-170.24,18.27777777777778,1.0,52.40431535555555,-1.505975577777778
52.404313433333336,-1.5060017666666667,146.42,,3.0,275.04,19 / 21,283827,2019-09-07 09:18:09:106,1.8278,0.4995,10.0289,0.0022,-0.0101,9.8065,-0.0148,0.0482,-0.0245,4.63,-33.44,16.38,34.05,-82.91,-171.35,18.27166666666667,1.0,52.404313433333336,-1.5060017666666667
52.40431151111111,-1.5060279555555556,146.42,,3.0,275.04,19 / 21,283928,2019-09-07 09:18:09:207,2.162,-0.0986,10.61,0.0123,0.0031,9.8066,0.1814,0.0771,-0.0665,4.94,-32.62,15.44,34.54,-83.03,-172.37,18.265555555555554,1.0,52.40431151111111,-1.5060279555555556
52.404309588888886,-1.5060541444444444,146.42,,3.0,275.04,19 / 21,284027,2019-09-07 09:18:09:306,0.528,0.7409,10.2946,-0.0045,0.0022,9.8066,-0.0622,-0.0071,0.1049,5.0,-33.12,16.56,28.77,-83.02,-174.06,18.259444444444444,1.0,52.404309588888886,-1.5060541444444444
52.40430766666667,-1.5060803333333335,146.42,,3.0,275.04,19 / 21,284128,2019-09-07 09:18:09:407,2.1602,-1.1204,11.1065,-0.0045,-0.0007,9.8066,0.0403,0.0211,0.0488,4.81,-32.19,16.56,28.18,-82.91,-174.45,18.253333333333334,1.0,52.40430766666667,-1.5060803333333335
52.40430574444444,-1.5061065222222223,146.42,,3.0,275.04,19 / 21,284227,2019-09-07 09:18:09:506,1.5405,-0.6755,9.0525,-0.008,-0.0134,9.8066,0.0577,0.078,0.0694,4.69,-32.56,16.81,29.87,-82.87,-173.34,18.247222222222224,1.0,52.40430574444444,-1.5061065222222223
52.40430382222222,-1.5061327111111111,146.42,,3.0,275.04,19 / 21,284327,2019-09-07 09:18:09:606,0.8646,-0.258,8.4256,0.0003,0.0246,9.8066,-0.0661,0.1741,-0.0153,4.75,-33.12,16.19,32.97,-83.1,-171.99,18.241111111111113,1.0,52.40430382222222,-1.5061327111111111
52.4043019,-1.5061589,146.42,,3.0,275.04,19 / 21,284428,2019-09-07 09:18:09:707,1.5192,1.2878,10.2159,0.013,0.0282,9.8065,-0.0818,0.1084,0.0096,4.38,-32.62,16.81,28.12,-83.37,-171.19,18.235,1.0,52.4043019,-1.5061589
52.404299977777775,-1.506185088888889,146.42,,3.0,275.04,19 / 21,284528,2019-09-07 09:18:09:807,1.1801,0.3159,10.3871,0.0147,0.0082,9.8066,0.1203,0.0908,-0.031,4.56,-32.44,17.19,30.77,-83.41,-171.88,18.22888888888889,1.0,52.404299977777775,-1.506185088888889
52.40429805555556,-1.5062112777777779,146.42,,3.0,275.04,19 / 21,284627,2019-09-07 09:18:09:906,1.0702,-2.2469,9.5423,-0.0046,-0.0445,9.8065,0.0914,0.0259,-0.0599,4.88,-32.19,17.88,28.54,-83.15,-172.77,18.22277777777778,1.0,52.40429805555556,-1.5062112777777779
52.40429613333333,-1.5062374666666667,146.42,,3.0,275.04,19 / 21,284727,2019-09-07 09:18:10:006,1.9275,0.4243,10.392,-0.0091,-0.0165,9.8066,0.0118,0.0946,-0.0409,4.56,-32.31,18.38,28.05,-82.84,-173.43,18.21666666666667,1.0,52.40429613333333,-1.5062374666666667
52.40429421111111,-1.5062636555555555,146.42,,3.0,275.04,19 / 21,284827,2019-09-07 09:18:10:106,1.5319,0.0808,10.1778,0.0004,0.0088,9.8066,-0.0126,0.1089,0.024,4.38,-33.19,17.81,25.99,-83.08,-172.14,18.210555555555555,1.0,52.40429421111111,-1.5062636555555555
52.40429228888889,-1.5062898444444446,146.42,,3.0,275.04,19 / 21,284927,2019-09-07 09:18:10:206,1.532,0.3336,9.4636,0.0141,0.0254,9.8065,-0.0816,0.1382,0.0188,4.56,-32.94,16.63,31.29,-83.24,-171.83,18.204444444444444,1.0,52.40429228888889,-1.5062898444444446
52.404290366666665,-1.5063160333333334,146.42,,3.0,275.04,19 / 21,285028,2019-09-07 09:18:10:307,1.5683,0.8407,9.4364,0.0202,0.0116,9.8065,-0.1873,0.0856,-0.0148,4.19,-32.56,16.44,28.84,-83.23,-171.9,18.198333333333334,1.0,52.404290366666665,-1.5063160333333334
52.40428844444444,-1.5063422222222222,146.42,,3.0,275.04,20 / 22,285127,2019-09-07 09:18:10:406,0.8917,0.822,10.1115,0.0087,0.0034,9.8065,0.0662,0.0819,-0.0742,4.0,-32.62,16.44,27.26,-83.28,-173.11,18.192222222222224,1.0,52.40428844444444,-1.5063422222222222
52.40428652222222,-1.506368411111111,146.42,,3.0,275.04,20 / 22,285227,2019-09-07 09:18:10:506,1.5403,-0.5716,9.6668,0.006,-0.0075,9.8066,0.0421,0.0775,-0.0429,3.5,-32.69,17.25,26.23,-83.17,-172.88,18.18611111111111,1.0,52.40428652222222,-1.506368411111111
52.4042846,-1.5063946000000001,146.42,,3.0,275.04,20 / 22,285327,2019-09-07 09:18:10:606,1.8692,0.5595,10.2989,-0.0026,0.0201,9.8065,0.0028,0.0951,-0.0093,3.94,-32.69,18.31,25.58,-83.06,-172.47,18.18,1.0,52.4042846,-1.5063946000000001
52.40428267777778,-1.506420788888889,146.42,,3.0,275.04,20 / 22,285427,2019-09-07 09:18:10:706,0.2471,-0.3865,9.6908,-0.02,-0.0093,9.8066,0.0625,-0.0105,0.0602,3.63,-31.62,18.0,26.22,-83.0,-171.85,18.17388888888889,1.0,52.40428267777778,-1.506420788888889
52.404280755555554,-1.5064469777777778,146.42,,3.0,275.04,20 / 22,285527,2019-09-07 09:18:10:806,1.3531,0.4061,9.9019,-0.0206,-0.0114,9.8066,-0.062,0.0479,0.0182,3.63,-32.5,18.44,29.02,-82.91,-169.67,18.16777777777778,1.0,52.404280755555554,-1.5064469777777778
52.40427883333333,-1.5064731666666666,146.42,,3.0,275.04,20 / 22,285627,2019-09-07 09:18:10:906,0.7751,0.7646,9.9257,0.0106,-0.0134,9.8065,0.0438,0.0672,-0.0426,3.25,-32.25,18.69,24.49,-82.89,-169.55,18.161666666666665,1.0,52.40427883333333,-1.5064731666666666
52.40427691111111,-1.5064993555555557,146.42,,3.0,275.04,20 / 22,285727,2019-09-07 09:18:11:006,1.3139,0.1812,9.8608,-0.0019,0.0053,9.8066,0.0188,0.0761,0.0121,3.75,-32.44,18.81,27.59,-82.92,-169.89,18.155555555555555,1.0,52.40427691111111,-1.5064993555555557
52.404274988888886,-1.5065255444444445,146.42,,3.0,275.04,20 / 22,285827,2019-09-07 09:18:11:106,1.3405,-0.67,9.7914,0.0186,-0.0188,9.8066,0.0946,0.0695,-0.0887,3.38,-32.0,19.25,24.34,-82.91,-169.66,18.149444444444445,1.0,52.404274988888886,-1.5065255444444445
52.40427306666666,-1.5065517333333334,146.42,,3.0,275.04,20 / 22,285928,2019-09-07 09:18:11:207,1.3495,0.2964,9.8019,-0.0012,-0.0125,9.8066,-0.0504,0.0775,-0.0311,3.88,-32.44,18.56,25.46,-82.9,-171.63,18.143333333333334,1.0,52.40427306666666,-1.5065517333333334
52.404271144444444,-1.5065779222222222,146.42,,3.0,275.04,20 / 22,286027,2019-09-07 09:18:11:306,1.3588,-0.5285,9.6882,0.0069,-0.01,9.8066,0.0525,0.1145,-0.0543,3.13,-32.69,19.13,21.43,-82.96,-172.1,18.137222222222224,1.0,52.404271144444444,-1.5065779222222222
52.40426922222222,-1.5066041111111113,146.42,,3.0,275.04,20 / 22,286130,2019-09-07 09:18:11:409,1.894,0.4098,8.9509,-0.0098,-0.0161,9.8066,-0.109,0.0473,0.11,3.81,-32.31,20.31,23.72,-82.96,-172.19,18.13111111111111,1.0,52.40426922222222,-1.5066041111111113
52.4042673,-1.5066303,146.42,,3.0,275.04,20 / 22,286227,2019-09-07 09:18:11:506,1.119,-1.4324,9.9674,0.0166,0.0299,9.8065,-0.0209,0.1579,-0.0669,3.94,-32.12,20.0,22.97,-83.03,-172.76,18.125,1.0,52.4042673,-1.5066303
52.404265377777776,-1.506656488888889,146.42,,3.0,275.04,20 / 22,286327,2019-09-07 09:18:11:606,0.4252,-0.3871,9.6333,0.0034,0.0316,9.8065,-0.0216,0.0239,-0.0087,4.06,-31.87,19.81,23.87,-83.06,-172.0,18.11888888888889,1.0,52.404265377777776,-1.506656488888889
52.40426345555555,-1.5066826777777778,146.42,,3.0,275.04,20 / 22,286428,2019-09-07 09:18:11:707,0.857,0.262,9.4121,-0.0008,0.002,9.8066,-0.0182,0.1001,-0.0184,3.69,-32.19,20.0,24.23,-83.12,-171.67,18.11277777777778,1.0,52.40426345555555,-1.5066826777777778
52.40426153333333,-1.5067088666666668,146.42,,3.0,275.04,20 / 22,286528,2019-09-07 09:18:11:807,0.6373,-0.3007,9.4951,-0.007,0.0044,9.8065,0.0309,0.0495,0.0101,2.88,-32.37,20.25,21.57,-83.19,-171.06,18.106666666666666,1.0,52.40426153333333,-1.5067088666666668
52.40425961111111,-1.5067350555555556,146.42,,3.0,275.04,20 / 22,286627,2019-09-07 09:18:11:906,0.9909,-0.0438,9.6697,0.0138,-0.0123,9.8065,0.0513,0.0538,-0.1079,3.56,-32.12,19.44,24.69,-83.21,-172.03,18.100555555555555,1.0,52.40425961111111,-1.5067350555555556
52.40425768888888,-1.5067612444444445,146.42,,3.0,275.04,20 / 22,286727,2019-09-07 09:18:12:006,0.6983,-0.081,10.0101,-0.0042,-0.0106,9.8066,0.0395,0.0565,-0.0297,4.06,-32.19,20.88,21.3,-83.19,-173.32,18.094444444444445,1.0,52.40425768888888,-1.5067612444444445
52.404255766666665,-1.5067874333333333,146.42,,3.0,275.04,20 / 22,286827,2019-09-07 09:18:12:106,1.2031,0.0029,9.457,-0.003,0.0073,9.8065,0.0059,0.1214,-0.0295,4.31,-32.44,20.5,21.17,-83.18,-173.44,18.088333333333335,1.0,52.404255766666665,-1.5067874333333333
52.40425384444444,-1.5068136222222224,146.42,,3.0,275.04,20 / 22,286927,2019-09-07 09:18:12:206,0.9976,-0.8784,9.4311,-0.0066,-0.0145,9.8066,-0.0251,0.0791,-0.0248,4.81,-31.94,20.38,25.59,-83.11,-173.22,18.08222222222222,1.0,52.40425384444444,-1.5068136222222224
52.40425192222222,-1.5068398111111112,146.42,,3.0,275.04,20 / 22,287027,2019-09-07 09:18:12:306,1.4856,0.9175,9.7416,0.002,0.0143,9.8066,-0.0158,0.0767,-0.0353,4.56,-32.12,20.63,23.93,-83.01,-173.82,18.07611111111111,1.0,52.40425192222222,-1.5068398111111112
52.40425,-1.506866,145.47,18.07,4.0,245.63,20 / 22,287128,2019-09-07 09:18:12:407,1.7251,-0.3665,9.5221,-0.0047,0.0089,9.8066,0.0116,0.1332,-0.0487,4.81,-33.44,21.06,25.04,-83.07,-172.99,18.07,1.0,52.40425,-1.506866
52.40424055555555,-1.5068869666666667,145.47,,4.0,245.63,20 / 22,287227,2019-09-07 09:18:12:506,1.2207,0.5437,10.0981,-0.0021,0.0014,9.8066,-0.0211,0.0757,-0.0083,4.88,-33.94,20.75,24.99,-83.04,-173.2,18.06277777777778,1.0,52.40424055555555,-1.5068869666666667
52.40423111111111,-1.5069079333333333,145.47,,4.0,245.63,20 / 22,287327,2019-09-07 09:18:12:606,-0.016,0.0465,11.0648,0.0016,-0.0157,9.8066,0.053,0.0846,-0.0789,4.81,-33.69,20.0,25.26,-83.06,-173.83,18.055555555555557,1.0,52.40423111111111,-1.5069079333333333
52.404221666666665,-1.5069289000000001,145.47,,4.0,245.63,20 / 22,287427,2019-09-07 09:18:12:706,0.3358,0.1101,10.2473,0.0082,-0.026,9.8066,0.02,0.0721,-0.0077,5.06,-33.56,20.31,22.34,-82.9,-176.29,18.048333333333332,1.0,52.404221666666665,-1.5069289000000001
52.40421222222222,-1.5069498666666667,145.47,,4.0,245.63,20 / 22,287527,2019-09-07 09:18:12:806,1.7986,0.0872,9.4674,0.0121,0.0329,9.8066,-0.0042,0.0886,0.0243,4.88,-33.19,20.25,21.58,-82.8,-176.84,18.04111111111111,1.0,52.40421222222222,-1.5069498666666667
52.404202777777776,-1.5069708333333334,145.47,,4.0,245.63,20 / 22,287627,2019-09-07 09:18:12:906,0.8173,0.877,10.298,0.0018,0.0432,9.8065,0.0042,0.0848,0.0326,4.38,-33.0,19.63,19.24,-83.17,-175.83,18.03388888888889,1.0,52.404202777777776,-1.5069708333333334
52.40419333333333,-1.5069918,145.47,,4.0,245.63,20 / 22,287727,2019-09-07 09:18:13:006,2.1372,0.5097,9.5706,-0.0226,-0.0303,9.8065,-0.0312,0.1303,-0.0964,3.5,-32.81,20.38,20.56,-83.01,-174.86,18.026666666666667,1.0,52.40419333333333,-1.5069918
52.40418388888889,-1.5070127666666666,145.47,,4.0,245.63,20 / 22,287828,2019-09-07 09:18:13:107,1.5407,0.3487,9.2011,-0.0167,-0.0312,9.8065,-0.0732,0.1112,-0.0469,2.75,-32.12,20.5,16.88,-82.93,-174.47,18.019444444444446,1.0,52.40418388888889,-1.5070127666666666
52.40417444444444,-1.5070337333333335,145.47,,4.0,245.63,20 / 22,287928,2019-09-07 09:18:13:207,0.0307,1.073,9.6608,-0.0077,0.0336,9.8065,-0.0224,0.1289,-0.0394,2.44,-31.5,19.94,13.64,-83.12,-174.66,18.012222222222224,1.0,52.40417444444444,-1.5070337333333335
52.404165,-1.5070547,145.47,,4.0,245.63,20 / 22,288027,2019-09-07 09:18:13:306,0.682,0.248,10.1642,0.0059,0.0159,9.8066,0.0326,0.0842,-0.0286,2.06,-30.69,20.06,13.48,-83.4,-174.69,18.005,1.0,52.404165,-1.5070547
52.404155555555555,-1.5070756666666667,145.47,,4.0,245.63,20 / 22,288131,2019-09-07 09:18:13:410,0.8824,0.7385,10.255,-0.0006,-0.0269,9.8066,-0.0029,0.08,-0.0119,2.19,-30.44,20.63,11.89,-83.4,-175.56,17.997777777777777,1.0,52.404155555555555,-1.5070756666666667
52.40414611111111,-1.5070966333333333,145.47,,4.0,245.63,20 / 22,288227,2019-09-07 09:18:13:506,0.8931,0.3144,10.0041,-0.0041,0.0069,9.8066,-0.0236,0.0478,-0.0165,2.81,-30.81,21.25,14.8,-83.24,-175.95,17.990555555555556,1.0,52.40414611111111,-1.5070966333333333
52.404136666666666,-1.5071176,145.47,,4.0,245.63,20 / 22,288327,2019-09-07 09:18:13:606,1.0543,0.9728,10.3241,-0.0057,-0.0061,9.8066,0.0143,0.11,-0.0385,2.25,-30.62,21.25,11.08,-83.24,-176.34,17.983333333333334,1.0,52.404136666666666,-1.5071176
52.40412722222222,-1.5071385666666668,145.47,,4.0,245.63,20 / 22,288427,2019-09-07 09:18:13:706,1.5131,0.3558,10.7951,-0.0047,-0.0044,9.8066,0.0837,0.1376,-0.0079,2.63,-30.44,21.13,13.73,-83.17,-176.79,17.976111111111113,1.0,52.40412722222222,-1.5071385666666668
52.40411777777778,-1.5071595333333334,145.47,,4.0,245.63,20 / 22,288527,2019-09-07 09:18:13:806,0.0736,-0.4869,10.4064,-0.0216,-0.0282,9.8065,0.0018,0.1187,0.0093,2.5,-30.37,22.13,12.94,-83.0,-177.03,17.96888888888889,1.0,52.40411777777778,-1.5071595333333334
52.40410833333333,-1.5071805,145.47,,4.0,245.63,20 / 22,288627,2019-09-07 09:18:13:906,1.7357,-0.0212,9.8952,0.0079,0.003,9.8066,-0.0021,0.0307,0.0361,2.94,-30.75,21.88,13.4,-82.77,-176.8,17.961666666666666,1.0,52.40410833333333,-1.5071805
52.40409888888889,-1.5072014666666667,145.47,,4.0,245.63,20 / 22,288727,2019-09-07 09:18:14:006,0.2356,1.0797,9.9639,0.0012,-0.0063,9.8066,-0.0197,0.1295,-0.0613,3.13,-30.5,21.88,13.05,-82.69,-177.05,17.954444444444444,1.0,52.40409888888889,-1.5072014666666667
52.404089444444445,-1.5072224333333333,145.47,,4.0,245.63,20 / 22,288827,2019-09-07 09:18:14:106,0.8561,0.2837,10.0194,0.0044,-0.0106,9.8065,0.0341,0.0512,-0.0008,2.75,-30.69,22.19,11.66,-82.65,-178.27,17.947222222222223,1.0,52.404089444444445,-1.5072224333333333
52.40408,-1.5072434000000001,145.47,,4.0,245.63,20 / 22,288927,2019-09-07 09:18:14:206,0.2226,0.829,9.4911,0.0068,0.0137,9.8066,-0.0017,0.0628,0.0135,2.88,-30.62,22.38,11.02,-82.76,-178.76,17.94,1.0,52.40408,-1.5072434000000001
52.404070555555556,-1.5072643666666667,145.47,,4.0,245.63,20 / 22,289028,2019-09-07 09:18:14:307,1.4289,0.657,9.3382,-0.0004,0.0285,9.8066,-0.0524,0.1229,-0.0678,2.25,-30.81,22.25,7.84,-82.83,-178.78,17.93277777777778,1.0,52.404070555555556,-1.5072643666666667
52.40406111111111,-1.5072853333333334,145.47,,4.0,245.63,19 / 21,289128,2019-09-07 09:18:14:407,0.4544,0.7326,10.2048,0.0071,-0.0084,9.8066,0.0253,0.0633,0.0136,2.63,-30.87,21.88,9.71,-82.95,-179.78,17.925555555555555,1.0,52.40406111111111,-1.5072853333333334
52.40405166666667,-1.5073063,145.47,,4.0,245.63,19 / 21,289227,2019-09-07 09:18:14:506,0.97,0.7154,10.1141,-0.0004,-0.0199,9.8066,0.0965,0.0871,0.0131,2.5,-30.5,22.06,7.77,-82.83,178.64,17.918333333333333,1.0,52.40405166666667,-1.5073063
52.40404222222222,-1.5073272666666666,145.47,,4.0,245.63,19 / 21,289327,2019-09-07 09:18:14:606,0.4578,0.6787,10.4902,-0.0055,-0.0083,9.8066,0.0003,0.0592,-0.0125,1.69,-31.5,21.88,4.52,-82.58,178.47,17.91111111111111,1.0,52.40404222222222,-1.5073272666666666
52.40403277777777,-1.5073482333333335,145.47,,4.0,245.63,19 / 21,289429,2019-09-07 09:18:14:708,-0.1453,-0.0995,9.4282,0.0078,0.0112,9.8066,0.0517,-0.0081,0.0642,1.88,-30.62,22.63,4.38,-82.47,178.6,17.90388888888889,1.0,52.40403277777777,-1.5073482333333335
52.40402333333333,-1.5073692,145.47,,4.0,245.63,19 / 21,289527,2019-09-07 09:18:14:806,0.0302,0.0474,10.5257,-0.0004,0.0185,9.8066,0.0506,0.0702,0.0533,1.88,-30.37,22.69,4.97,-82.54,179.12,17.89666666666667,1.0,52.40402333333333,-1.5073692
52.40401388888888,-1.5073901666666667,145.47,,4.0,245.63,19 / 21,289628,2019-09-07 09:18:14:907,-0.3951,0.4406,10.6579,0.013,0.027,9.8065,0.1163,0.0415,0.0157,1.31,-30.75,21.88,1.76,-82.61,178.82,17.889444444444447,1.0,52.40401388888888,-1.5073901666666667
52.40400444444444,-1.5074111333333333,145.47,,4.0,245.63,19 / 21,289727,2019-09-07 09:18:15:006,-0.2747,0.6684,10.3034,-0.0008,-0.0248,9.8065,-0.0113,0.0013,-0.0221,1.0,-30.0,22.88,0.48,-82.51,177.91,17.88222222222222,1.0,52.40400444444444,-1.5074111333333333
52.403994999999995,-1.5074321,145.47,,4.0,245.63,19 / 21,289827,2019-09-07 09:18:15:106,-0.2589,0.6639,9.558,0.0033,-0.0173,9.8066,-0.0737,0.0406,-0.0498,0.75,-29.81,23.31,359.89,-82.22,177.42,17.875,1.0,52.403994999999995,-1.5074321
52.40398555555555,-1.5074530666666668,145.47,,4.0,245.63,19 / 21,289927,2019-09-07 09:18:15:206,-0.0389,-0.4063,9.7502,0.0026,0.0116,9.8066,-0.0029,-0.038,0.0082,0.5,-29.37,23.06,359.57,-82.2,177.16,17.86777777777778,1.0,52.40398555555555,-1.5074530666666668
52.403976111111106,-1.5074740333333334,145.47,,4.0,245.63,19 / 21,290027,2019-09-07 09:18:15:306,-0.5298,0.2775,9.2633,0.0091,0.023,9.8065,0.0476,-0.0225,0.0054,0.06,-29.06,22.81,355.79,-82.44,176.52,17.860555555555557,1.0,52.403976111111106,-1.5074740333333334
52.40396666666666,-1.507495,145.47,,4.0,245.63,19 / 21,290127,2019-09-07 09:18:15:406,0.3191,-0.0748,9.6804,0.014,-0.0048,9.8065,-0.0173,-0.0032,0.0095,0.69,-28.5,22.88,358.05,-82.48,175.89,17.853333333333335,1.0,52.40396666666666,-1.507495
52.40395722222222,-1.5075159666666667,145.47,,4.0,245.63,18 / 21,290227,2019-09-07 09:18:15:506,-0.8001,0.9848,10.2633,0.0067,-0.0231,9.8066,0.0205,-0.0008,0.0366,0.19,-28.44,22.31,353.55,-82.34,174.7,17.84611111111111,1.0,52.40395722222222,-1.5075159666666667
52.40394777777777,-1.5075369333333333,145.47,,4.0,245.63,18 / 21,290327,2019-09-07 09:18:15:606,-0.5577,0.6787,10.0948,0.0008,-0.0149,9.8066,-0.0238,0.0086,-0.0323,-0.31,-27.94,22.25,352.78,-82.16,174.09,17.83888888888889,1.0,52.40394777777777,-1.5075369333333333
52.40393833333333,-1.5075579000000001,145.47,,4.0,245.63,18 / 21,290427,2019-09-07 09:18:15:706,-1.8653,1.0222,11.5908,0.0152,-0.0068,9.8066,-0.0093,-0.0241,-0.0272,-0.87,-27.37,21.0,348.52,-82.08,173.37,17.831666666666667,1.0,52.40393833333333,-1.5075579000000001
52.403928888888885,-1.5075788666666667,145.47,,4.0,245.63,18 / 21,290528,2019-09-07 09:18:15:807,-0.3598,0.3255,10.2049,0.01,-0.0288,9.8065,0.0244,0.0818,-0.0829,-1.69,-27.62,21.13,342.43,-82.01,171.23,17.824444444444445,1.0,52.403928888888885,-1.5075788666666667
52.40391944444444,-1.5075998333333334,145.47,,4.0,245.63,18 / 21,290627,2019-09-07 09:18:15:906,4.4897,4.9543,11.6287,0.0442,-0.0203,9.8064,-0.3614,0.1202,-0.1856,-2.06,-26.31,21.5,340.21,-81.7,168.9,17.817222222222224,1.0,52.40391944444444,-1.5075998333333334
52.403909999999996,-1.5076208,145.47,,4.0,245.63,18 / 21,290727,2019-09-07 09:18:16:006,3.0698,-0.8733,6.9366,0.0129,0.0216,9.8065,0.1253,0.1924,-0.0118,-2.87,-27.0,21.75,335.65,-81.66,167.82,17.810000000000002,1.0,52.403909999999996,-1.5076208
52.40390055555555,-1.5076417666666666,145.47,,4.0,245.63,18 / 21,290827,2019-09-07 09:18:16:106,-3.1365,-0.1279,8.4797,0.0018,0.001,9.8066,-0.0664,-0.1146,0.3463,-2.94,-28.25,22.0,334.68,-81.76,167.12,17.802777777777777,1.0,52.40390055555555,-1.5076417666666666
52.40389111111111,-1.5076627333333334,145.47,,4.0,245.63,18 / 21,290928,2019-09-07 09:18:16:207,0.4727,0.0152,9.3893,-0.0045,0.0121,9.8066,0.0194,-0.076,0.1172,-3.75,-29.12,23.19,336.01,-82.03,170.11,17.795555555555556,1.0,52.40389111111111,-1.5076627333333334
52.40388166666666,-1.5076837,145.47,,4.0,245.63,18 / 21,291027,2019-09-07 09:18:16:306,-1.3709,0.9362,10.19,-0.0058,-0.0004,9.8066,0.0106,0.0036,-0.0364,-3.75,-29.5,24.0,338.25,-81.89,171.48,17.788333333333334,1.0,52.40388166666666,-1.5076837
52.40387222222222,-1.5077046666666667,145.47,,4.0,245.63,17 / 19,291127,2019-09-07 09:18:16:406,-1.6319,0.0115,10.171,0.0046,-0.0021,9.8066,0.0722,-0.0162,0.0195,-3.37,-29.37,24.81,341.6,-81.75,171.61,17.781111111111112,1.0,52.40387222222222,-1.5077046666666667
52.403862777777775,-1.5077256333333333,145.47,,4.0,245.63,17 / 19,291228,2019-09-07 09:18:16:507,-0.3034,0.9707,10.1669,0.0017,-0.0039,9.8066,-0.0185,0.032,-0.0432,-1.44,-27.87,26.44,346.94,-81.64,171.3,17.77388888888889,1.0,52.403862777777775,-1.5077256333333333
52.40385333333333,-1.5077466,145.47,,4.0,245.63,17 / 19,291327,2019-09-07 09:18:16:606,-0.8421,0.6281,9.8782,0.0102,0.0059,9.8066,0.0345,-0.0212,-0.0175,0.44,-27.62,25.81,349.09,-81.64,170.9,17.76666666666667,1.0,52.40385333333333,-1.5077466
52.403843888888886,-1.5077675666666668,145.47,,4.0,245.63,17 / 19,291427,2019-09-07 09:18:16:706,-0.0732,0.8787,10.3469,0.0058,-0.0109,9.8066,-0.0268,0.0239,-0.0077,1.25,-27.56,25.0,350.72,-81.53,170.05,17.759444444444444,1.0,52.403843888888886,-1.5077675666666668
52.40383444444444,-1.5077885333333334,145.47,,4.0,245.63,17 / 19,291527,2019-09-07 09:18:16:806,-0.6361,0.7622,9.7734,0.0005,-0.0017,9.8066,0.059,-0.0187,0.0109,1.06,-27.94,23.31,351.15,-81.41,170.36,17.752222222222223,1.0,52.40383444444444,-1.5077885333333334
52.403825,-1.5078095,145.47,,4.0,245.63,17 / 19,291628,2019-09-07 09:18:16:907,-0.0133,0.2183,9.7552,-0.0149,0.0012,9.8066,-0.0041,0.0165,-0.0215,0.75,-29.12,23.56,351.99,-81.33,171.15,17.745,1.0,52.403825,-1.5078095
52.40381555555555,-1.5078304666666666,145.47,,4.0,245.63,17 / 19,291727,2019-09-07 09:18:17:006,-0.4629,-0.295,9.8468,0.0194,-0.0153,9.8065,-0.0525,-0.0628,0.0112,0.81,-29.12,24.5,351.58,-81.38,170.84,17.73777777777778,1.0,52.40381555555555,-1.5078304666666666
52.40380611111111,-1.5078514333333333,145.47,,4.0,245.63,17 / 19,291827,2019-09-07 09:18:17:106,-1.1613,0.594,9.4216,0.0153,-0.0193,9.8066,0.0038,-0.0262,-0.0297,0.81,-29.44,24.44,349.86,-81.3,169.43,17.730555555555558,1.0,52.40380611111111,-1.5078514333333333
52.403796666666665,-1.5078724000000001,145.47,,4.0,245.63,17 / 19,291927,2019-09-07 09:18:17:206,-0.3478,0.6458,9.8338,0.014,0.0125,9.8066,-0.0243,0.0203,-0.0445,1.0,-30.06,24.25,348.24,-81.27,168.2,17.723333333333333,1.0,52.403796666666665,-1.5078724000000001
52.40378722222222,-1.5078933666666667,145.47,,4.0,245.63,17 / 19,292027,2019-09-07 09:18:17:306,-0.7608,0.7164,9.528,0.0114,0.0171,9.8066,-0.0276,-0.0068,-0.039,1.13,-29.87,25.38,346.0,-81.38,166.36,17.71611111111111,1.0,52.40378722222222,-1.5078933666666667
52.403777777777776,-1.5079143333333334,145.47,,4.0,245.63,17 / 19,292127,2019-09-07 09:18:17:406,-1.0831,0.3658,9.9719,0.009,-0.0062,9.8066,-0.0753,-0.0193,-0.113,1.94,-30.0,24.75,347.04,-81.4,164.91,17.70888888888889,1.0,52.403777777777776,-1.5079143333333334
52.40376833333333,-1.5079353,145.47,,4.0,245.63,18 / 20,292227,2019-09-07 09:18:17:506,-0.8568,-0.5191,10.1249,-0.0003,0.0021,9.8066,-0.051,-0.0208,-0.0517,1.31,-29.62,24.75,342.83,-81.4,163.76,17.701666666666668,1.0,52.40376833333333,-1.5079353
52.40375888888889,-1.5079562666666666,145.47,,4.0,245.63,18 / 20,292327,2019-09-07 09:18:17:606,-0.8591,0.3871,10.1703,0.0003,0.0028,9.8066,0.0957,0.046,-0.0704,1.81,-29.94,24.44,345.61,-81.4,163.66,17.694444444444446,1.0,52.40375888888889,-1.5079562666666666
52.40374944444444,-1.5079772333333334,145.47,,4.0,245.63,18 / 20,292427,2019-09-07 09:18:17:706,-1.6116,0.6599,10.3517,0.0019,-0.0207,9.8065,0.0872,-0.0161,0.0249,1.94,-29.75,25.13,345.34,-81.19,163.59,17.687222222222225,1.0,52.40374944444444,-1.5079772333333334
52.40374,-1.5079982,145.47,,4.0,245.63,18 / 20,292527,2019-09-07 09:18:17:806,-0.8371,0.7922,9.9359,0.0043,-0.0171,9.8066,0.0,0.0122,-0.0328,2.0,-29.75,24.44,344.99,-81.1,163.26,17.68,1.0,52.40374,-1.5079982
52.403730555555555,-1.5080191666666667,145.47,,4.0,245.63,18 / 20,292627,2019-09-07 09:18:17:906,-0.3734,0.5594,10.2954,-0.0028,-0.0004,9.8066,0.024,0.0273,-0.0085,1.38,-29.62,24.44,341.78,-81.05,163.08,17.672777777777778,1.0,52.403730555555555,-1.5080191666666667
52.40372111111111,-1.5080401333333333,145.47,,4.0,245.63,18 / 20,292727,2019-09-07 09:18:18:006,-1.653,0.3579,10.2019,0.0041,-0.0191,9.8065,-0.0558,0.0022,-0.0287,1.81,-29.94,24.38,344.75,-81.01,163.1,17.665555555555557,1.0,52.40372111111111,-1.5080401333333333
52.403711666666666,-1.5080611,145.47,,4.0,245.63,18 / 20,292827,2019-09-07 09:18:18:106,-0.5706,0.1018,10.0315,0.0,0.0299,9.8066,-0.0851,-0.042,0.0147,1.75,-30.06,24.69,343.85,-80.96,162.47,17.658333333333335,1.0,52.403711666666666,-1.5080611
52.40370222222222,-1.5080820666666668,145.47,,4.0,245.63,18 / 20,292928,2019-09-07 09:18:18:207,-0.9045,0.2178,10.67,0.0089,0.0113,9.8066,0.0618,-0.0426,-0.0045,1.19,-29.94,25.31,339.97,-80.96,161.62,17.651111111111113,1.0,52.40370222222222,-1.5080820666666668
52.40369277777778,-1.5081030333333334,145.47,,4.0,245.63,18 / 20,293027,2019-09-07 09:18:18:306,-1.217,-0.3348,10.1919,0.0034,-0.0301,9.8065,0.0414,-0.0685,0.0086,2.06,-29.31,24.63,343.27,-80.68,162.0,17.643888888888892,1.0,52.40369277777778,-1.5081030333333334
52.40368333333333,-1.508124,145.47,,4.0,245.63,19 / 22,293127,2019-09-07 09:18:18:406,-1.2203,1.5996,10.3129,-0.0027,-0.0087,9.8066,0.0549,0.0502,-0.0183,1.44,-29.81,24.5,340.13,-80.59,161.92,17.636666666666667,1.0,52.40368333333333,-1.508124
52.40367388888889,-1.5081449666666666,145.47,,4.0,245.63,19 / 22,293227,2019-09-07 09:18:18:506,-0.7066,-0.853,10.1392,-0.0096,-0.003,9.8066,0.0365,0.0149,0.0754,1.19,-29.5,24.88,340.8,-80.63,162.31,17.629444444444445,1.0,52.40367388888889,-1.5081449666666666
52.403664444444445,-1.5081659333333333,145.47,,4.0,245.63,19 / 22,293327,2019-09-07 09:18:18:606,-0.7477,0.2707,9.3669,0.0121,-0.0116,9.8066,-0.0931,0.0046,0.0144,1.56,-30.0,24.19,344.07,-80.62,162.71,17.622222222222224,1.0,52.403664444444445,-1.5081659333333333
52.403655,-1.5081869,145.47,,4.0,245.63,19 / 22,293427,2019-09-07 09:18:18:706,-0.9792,0.0839,10.1783,-0.0038,0.0206,9.8066,0.0034,-0.0117,-0.0062,1.81,-30.06,23.88,343.47,-80.89,162.12,17.615000000000002,1.0,52.403655,-1.5081869
52.403645555555556,-1.5082078666666667,145.47,,4.0,245.63,19 / 22,293527,2019-09-07 09:18:18:806,-0.6864,0.9696,10.503,-0.0051,0.0011,9.8066,-0.0561,-0.0262,0.0141,2.06,-29.44,24.06,343.47,-80.88,162.02,17.60777777777778,1.0,52.403645555555556,-1.5082078666666667
52.40363611111111,-1.5082288333333334,145.47,,4.0,245.63,19 / 22,293627,2019-09-07 09:18:18:906,-0.2451,1.6762,10.7515,-0.0005,-0.016,9.8066,0.0337,-0.0052,-0.0349,1.75,-29.87,23.94,342.98,-80.78,161.78,17.600555555555555,1.0,52.40363611111111,-1.5082288333333334
52.40362666666667,-1.5082498,145.47,,4.0,245.63,19 / 22,293727,2019-09-07 09:18:19:006,0.2129,1.6222,10.2758,0.0132,-0.0028,9.8066,0.1227,0.0187,0.0096,2.44,-29.25,24.5,342.79,-80.51,161.67,17.593333333333334,1.0,52.40362666666667,-1.5082498
52.40361722222222,-1.5082707666666666,145.47,,4.0,245.63,19 / 22,293827,2019-09-07 09:18:19:106,-0.6195,-0.2099,9.8562,0.0104,-0.01,9.8066,0.1391,-0.0113,-0.0089,2.13,-29.44,24.88,342.58,-80.23,161.62,17.586111111111112,1.0,52.40361722222222,-1.5082707666666666
52.40360777777777,-1.5082917333333334,145.47,,4.0,245.63,19 / 22,293927,2019-09-07 09:18:19:206,-0.5498,0.4021,9.328,-0.0004,0.0083,9.8066,-0.0415,0.0584,-0.0667,1.63,-30.19,24.81,341.92,-80.16,161.24,17.57888888888889,1.0,52.40360777777777,-1.5082917333333334
52.40359833333333,-1.5083127,145.47,,4.0,245.63,19 / 22,294028,2019-09-07 09:18:19:307,-0.8724,1.07,9.4386,-0.0017,0.02,9.8066,-0.1268,-0.0025,-0.0021,1.5,-30.0,24.44,341.79,-80.31,161.03,17.57166666666667,1.0,52.40359833333333,-1.5083127
52.40358888888888,-1.5083336666666667,145.47,,4.0,245.63,18 / 20,294128,2019-09-07 09:18:19:407,-0.2899,0.7029,9.8445,-0.0021,0.0239,9.8065,0.155,0.048,-0.0424,1.69,-30.0,24.81,341.91,-80.42,161.12,17.564444444444447,1.0,52.40358888888888,-1.5083336666666667
52.40357944444444,-1.5083546333333333,145.47,,4.0,245.63,18 / 20,294227,2019-09-07 09:18:19:506,-0.5379,0.1392,10.156,0.0027,-0.0248,9.8065,0.1013,-0.0009,0.054,1.25,-30.44,24.63,339.01,-80.44,161.08,17.557222222222222,1.0,52.40357944444444,-1.5083546333333333
52.403569999999995,-1.5083756,145.47,,4.0,245.63,18 / 20,294327,2019-09-07 09:18:19:606,-0.2756,1.6246,9.9987,0.008,-0.0377,9.8065,0.0062,0.0055,0.0251,1.5,-30.44,25.19,342.0,-80.13,161.31,17.55,1.0,52.403569999999995,-1.5083756
52.40356055555555,-1.5083965666666668,145.47,,4.0,245.63,18 / 20,294428,2019-09-07 09:18:19:707,0.4981,0.8374,9.9416,0.0071,0.0078,9.8066,-0.0456,0.0973,-0.0545,1.38,-30.25,25.56,339.41,-79.92,161.57,17.54277777777778,1.0,52.40356055555555,-1.5083965666666668
52.403551111111106,-1.5084175333333334,145.47,,4.0,245.63,18 / 20,294527,2019-09-07 09:18:19:806,-0.1476,-0.2244,10.1304,-0.0013,-0.0052,9.8066,-0.0107,0.0036,0.0133,0.81,-29.94,25.94,339.83,-79.83,161.95,17.535555555555558,1.0,52.403551111111106,-1.5084175333333334
52.40354166666666,-1.5084385,145.47,,4.0,245.63,18 / 20,294627,2019-09-07 09:18:19:906,-0.2938,0.609,10.2791,-0.0043,0.0032,9.8066,-0.0083,0.0399,-0.0142,1.0,-30.19,25.44,340.78,-79.88,162.75,17.528333333333336,1.0,52.40354166666666,-1.5084385
52.40353222222222,-1.5084594666666666,145.47,,4.0,245.63,18 / 20,294727,2019-09-07 09:18:20:006,-0.3692,-0.321,9.6715,-0.0025,0.0106,9.8066,-0.034,0.0247,0.0282,0.44,-30.12,25.69,338.51,-79.9,163.07,17.52111111111111,1.0,52.40353222222222,-1.5084594666666666
52.40352277777777,-1.5084804333333333,145.47,,4.0,245.63,18 / 20,294827,2019-09-07 09:18:20:106,0.1357,0.2854,8.9905,0.0109,0.0011,9.8066,-0.0428,0.0719,-0.0515,0.44,-30.19,26.13,338.47,-79.96,163.01,17.51388888888889,1.0,52.40352277777777,-1.5084804333333333
52.40351333333333,-1.5085014,145.47,,4.0,245.63,18 / 20,294927,2019-09-07 09:18:20:206,-0.1296,0.5417,9.5379,0.0112,-0.0027,9.8066,0.0173,0.0772,-0.0697,0.75,-29.81,26.56,340.36,-79.97,162.25,17.506666666666668,1.0,52.40351333333333,-1.5085014
52.403503888888885,-1.5085223666666667,145.47,,4.0,245.63,18 / 20,295027,2019-09-07 09:18:20:306,-0.8949,0.0862,10.693,0.0122,-0.0093,9.8066,0.0623,0.0105,-0.015,0.31,-28.81,26.5,337.09,-79.89,161.63,17.499444444444446,1.0,52.403503888888885,-1.5085223666666667
52.40349444444444,-1.5085433333333333,145.47,,4.0,245.63,20 / 22,295127,2019-09-07 09:18:20:406,-1.4016,1.0931,10.5965,0.0154,-0.0095,9.8065,0.1075,0.0132,-0.1252,0.88,-28.94,26.94,338.62,-79.63,160.86,17.492222222222225,1.0,52.40349444444444,-1.5085433333333333
52.403484999999996,-1.5085643,145.47,,4.0,245.63,20 / 22,295227,2019-09-07 09:18:20:506,0.1356,-0.4832,10.788,-0.0023,-0.0343,9.8065,0.1642,0.0345,-0.0765,0.88,-28.06,27.13,339.02,-79.21,161.23,17.485000000000003,1.0,52.403484999999996,-1.5085643
52.40347555555555,-1.5085852666666666,145.47,,4.0,245.63,20 / 22,295327,2019-09-07 09:18:20:606,-0.5136,-0.472,9.9395,-0.0123,-0.0267,9.8065,-0.1486,0.0006,0.036,1.75,-28.06,26.13,342.76,-79.12,162.1,17.477777777777778,1.0,52.40347555555555,-1.5085852666666666
52.40346611111111,-1.5086062333333334,145.47,,4.0,245.63,20 / 22,295427,2019-09-07 09:18:20:706,-1.0263,1.035,9.4906,-0.0075,0.0423,9.8065,-0.1574,-0.0437,0.0693,2.5,-26.94,26.81,346.01,-79.09,162.52,17.470555555555556,1.0,52.40346611111111,-1.5086062333333334
52.40345666666666,-1.5086272,145.47,,4.0,245.63,20 / 22,295527,2019-09-07 09:18:20:806,-0.2193,0.0762,9.6374,-0.0117,0.0287,9.8066,0.0323,0.0426,-0.0617,3.25,-25.87,26.06,346.71,-79.43,162.74,17.463333333333335,1.0,52.40345666666666,-1.5086272
52.40344722222222,-1.5086481666666667,145.47,,4.0,245.63,20 / 22,295627,2019-09-07 09:18:20:906,-0.3126,-0.3498,9.3815,0.001,-0.0032,9.8066,0.0598,0.0387,0.0194,3.63,-25.12,25.69,349.51,-79.49,162.75,17.456111111111113,1.0,52.40344722222222,-1.5086481666666667
52.403437777777775,-1.5086691333333333,145.47,,4.0,245.63,20 / 22,295728,2019-09-07 09:18:21:007,0.6828,-0.008,9.1214,-0.0078,0.0135,9.8065,-0.0852,-0.0576,0.1166,3.19,-25.12,25.88,347.26,-79.56,163.07,17.44888888888889,1.0,52.403437777777775,-1.5086691333333333
52.40342833333333,-1.5086901,145.47,,4.0,245.63,20 / 22,295828,2019-09-07 09:18:21:107,-1.381,1.3662,10.8393,-0.0041,0.0045,9.8066,-0.0311,-0.0414,-0.0147,3.13,-25.25,25.94,346.73,-79.58,162.63,17.44166666666667,1.0,52.40342833333333,-1.5086901
52.403418888888886,-1.5087110666666668,145.47,,4.0,245.63,20 / 22,295927,2019-09-07 09:18:21:206,-0.2764,0.2761,10.916,-0.001,0.0022,9.8066,-0.0051,-0.009,-0.0722,3.38,-25.56,25.5,346.36,-79.43,162.47,17.434444444444445,1.0,52.403418888888886,-1.5087110666666668
52.40340944444444,-1.5087320333333334,145.47,,4.0,245.63,20 / 22,296028,2019-09-07 09:18:21:307,-0.101,-0.6004,9.4616,-0.011,-0.018,9.8066,-0.038,0.0465,-0.0609,3.81,-27.25,25.13,349.34,-79.3,162.53,17.427222222222223,1.0,52.40340944444444,-1.5087320333333334
52.4034,-1.508753,144.04,17.42,4.0,231.73,18 / 20,296128,2019-09-07 09:18:21:407,-0.8923,0.9784,9.956,-0.0055,0.019,9.8066,0.0802,-0.0319,0.1243,3.0,-28.87,24.88,347.3,-79.33,163.36,17.42,1.0,52.4034,-1.508753
52.40339436666667,-1.5087765888888889,144.04,,4.0,231.73,18 / 20,296227,2019-09-07 09:18:21:506,-1.7985,-0.2493,10.2187,-0.004,-0.0033,9.8066,0.1036,-0.0312,0.0943,2.38,-30.12,25.63,345.01,-79.46,163.98,17.43077777777778,1.0,52.40339436666667,-1.5087765888888889
52.40338873333333,-1.5088001777777778,144.04,,4.0,231.73,18 / 20,296328,2019-09-07 09:18:21:607,-0.8426,0.6092,10.1692,0.0016,-0.0007,9.8066,-0.0192,0.0448,0.0075,1.63,-30.5,25.81,345.15,-79.37,164.12,17.441555555555556,1.0,52.40338873333333,-1.5088001777777778
52.4033831,-1.5088237666666666,144.04,,4.0,231.73,18 / 20,296427,2019-09-07 09:18:21:706,-0.0566,-0.8362,9.9123,0.0081,0.0096,9.8066,-0.0911,-0.0002,-0.0172,1.5,-30.94,26.75,345.36,-79.25,164.47,17.452333333333335,1.0,52.4033831,-1.5088237666666666
52.40337746666666,-1.5088473555555555,144.04,,4.0,231.73,18 / 20,296527,2019-09-07 09:18:21:806,-1.5076,0.5826,9.584,0.0051,0.0227,9.8066,0.0467,0.0162,-0.0229,2.0,-31.06,26.69,344.92,-79.33,164.1,17.46311111111111,1.0,52.40337746666666,-1.5088473555555555
52.40337183333333,-1.5088709444444444,144.04,,4.0,231.73,18 / 20,296627,2019-09-07 09:18:21:906,-0.2532,0.239,9.6345,0.0042,-0.0178,9.8066,0.07,0.0209,0.006,1.38,-31.0,26.88,342.22,-79.57,164.01,17.47388888888889,1.0,52.40337183333333,-1.5088709444444444
52.4033662,-1.5088945333333335,144.04,,4.0,231.73,18 / 20,296727,2019-09-07 09:18:22:006,-1.8358,0.1713,9.5615,0.0042,-0.0096,9.8066,0.0047,-0.0367,0.0922,1.94,-30.69,27.63,344.89,-79.56,164.04,17.48466666666667,1.0,52.4033662,-1.5088945333333335
52.40336056666666,-1.5089181222222223,144.04,,4.0,231.73,18 / 20,296827,2019-09-07 09:18:22:106,-0.5741,0.5381,9.8308,0.0136,0.0099,9.8066,-0.118,0.055,-0.0071,2.81,-30.75,27.38,347.93,-79.53,164.27,17.495444444444445,1.0,52.40336056666666,-1.5089181222222223
52.40335493333333,-1.5089417111111112,144.04,,4.0,231.73,18 / 20,296927,2019-09-07 09:18:22:206,-0.2877,1.9177,10.2919,0.0067,0.0039,9.8065,0.1597,-0.0401,0.0249,2.81,-29.75,27.25,347.37,-79.49,163.76,17.506222222222224,1.0,52.40335493333333,-1.5089417111111112
52.403349299999995,-1.5089653,144.04,,4.0,231.73,18 / 20,297027,2019-09-07 09:18:22:306,-0.3775,-0.1264,10.0894,0.0047,-0.0104,9.8066,0.0822,0.0344,-0.0822,2.75,-29.19,26.5,347.07,-79.36,163.47,17.517000000000003,1.0,52.403349299999995,-1.5089653
52.403343666666665,-1.508988888888889,144.04,,4.0,231.73,18 / 21,297127,2019-09-07 09:18:22:406,-0.6115,-0.1751,10.0155,-0.0049,-0.0082,9.8066,-0.0423,-0.0374,-0.0177,1.94,-28.56,26.19,344.91,-79.29,163.85,17.52777777777778,1.0,52.403343666666665,-1.508988888888889
52.403338033333334,-1.5090124777777778,144.04,,4.0,231.73,18 / 21,297228,2019-09-07 09:18:22:507,-1.1072,0.1107,9.7128,-0.0068,0.0002,9.8066,-0.0184,0.0117,0.0077,0.88,-28.19,26.06,342.28,-79.34,163.85,17.538555555555558,1.0,52.403338033333334,-1.5090124777777778
52.4033324,-1.5090360666666667,144.04,,4.0,231.73,18 / 21,297328,2019-09-07 09:18:22:607,-0.3967,1.2468,10.1631,-0.0096,-0.0059,9.8066,-0.084,0.0485,0.0095,1.69,-27.37,26.75,345.83,-79.45,164.39,17.549333333333333,1.0,52.4033324,-1.5090360666666667
52.403326766666666,-1.5090596555555555,144.04,,4.0,231.73,18 / 21,297427,2019-09-07 09:18:22:706,-1.756,1.1859,10.3867,-0.004,0.0138,9.8065,-0.0338,-0.0553,0.0745,1.5,-27.5,26.69,346.17,-79.47,164.66,17.560111111111112,1.0,52.403326766666666,-1.5090596555555555
52.40332113333333,-1.5090832444444444,144.04,,4.0,231.73,18 / 21,297527,2019-09-07 09:18:22:806,-1.4124,0.2405,10.0597,0.0008,0.0094,9.8066,0.0093,0.021,-0.0551,2.0,-26.75,26.25,345.87,-79.44,164.36,17.57088888888889,1.0,52.40332113333333,-1.5090832444444444
52.4033155,-1.5091068333333333,144.04,,4.0,231.73,18 / 21,297627,2019-09-07 09:18:22:906,-0.8116,0.69,9.6741,-0.0001,-0.0056,9.8066,-0.0169,-0.0376,0.0127,2.38,-28.06,25.88,345.76,-79.44,164.37,17.581666666666667,1.0,52.4033155,-1.5091068333333333
52.40330986666667,-1.5091304222222222,144.04,,4.0,231.73,18 / 21,297727,2019-09-07 09:18:23:006,-1.0631,0.1587,9.1503,-0.0018,0.0136,9.8065,-0.0158,0.0536,-0.0335,1.81,-28.69,25.94,345.19,-79.59,163.97,17.592444444444446,1.0,52.40330986666667,-1.5091304222222222
52.40330423333333,-1.5091540111111112,144.04,,4.0,231.73,18 / 21,297827,2019-09-07 09:18:23:106,-0.871,0.3474,9.9224,0.0097,-0.0038,9.8065,-0.034,-0.0036,-0.0168,1.75,-29.56,26.0,344.61,-79.61,163.61,17.603222222222225,1.0,52.40330423333333,-1.5091540111111112
52.4032986,-1.5091776000000001,144.04,,4.0,231.73,18 / 21,297928,2019-09-07 09:18:23:207,0.1386,-0.7143,10.4508,0.0014,-0.0028,9.8066,-0.0008,0.0334,-0.0185,1.56,-30.0,26.25,343.77,-79.57,162.97,17.614,1.0,52.4032986,-1.5091776000000001
52.40329296666666,-1.509201188888889,144.04,,4.0,231.73,18 / 21,298027,2019-09-07 09:18:23:306,-0.8974,0.1684,10.3033,-0.0037,-0.022,9.8066,-0.075,-0.0021,-0.0325,1.31,-29.56,27.13,341.38,-79.55,163.24,17.62477777777778,1.0,52.40329296666666,-1.509201188888889
52.40328733333333,-1.5092247777777779,144.04,,4.0,231.73,18 / 20,298127,2019-09-07 09:18:23:406,-0.9277,1.4365,9.8336,-0.0136,0.0017,9.8066,0.1777,-0.0046,0.0661,1.13,-29.69,27.19,342.47,-79.49,164.12,17.635555555555555,1.0,52.40328733333333,-1.5092247777777779
52.4032817,-1.5092483666666667,144.04,,4.0,231.73,18 / 20,298227,2019-09-07 09:18:23:506,-1.8134,0.3314,9.8554,0.003,0.0045,9.8066,0.138,-0.0041,0.0601,1.31,-29.62,27.13,342.24,-79.55,163.92,17.646333333333335,1.0,52.4032817,-1.5092483666666667
52.40327606666666,-1.5092719555555556,144.04,,4.0,231.73,18 / 20,298327,2019-09-07 09:18:23:606,-1.1407,0.0637,10.1518,0.013,0.0136,9.8066,-0.0269,-0.0649,-0.0142,1.5,-29.37,26.56,344.03,-79.47,163.14,17.657111111111114,1.0,52.40327606666666,-1.5092719555555556
52.40327043333333,-1.5092955444444445,144.04,,4.0,231.73,18 / 20,298428,2019-09-07 09:18:23:707,-1.837,0.1446,9.4545,0.0001,0.0017,9.8066,0.0096,-0.121,0.0323,1.63,-29.87,26.75,342.9,-79.4,162.38,17.66788888888889,1.0,52.40327043333333,-1.5092955444444445
52.403264799999995,-1.5093191333333333,144.04,,4.0,231.73,18 / 20,298528,2019-09-07 09:18:23:807,-1.0218,0.3863,8.9476,0.0013,0.0038,9.8065,-0.1063,-0.0168,-0.0145,2.25,-29.81,25.88,342.57,-79.48,162.06,17.67866666666667,1.0,52.403264799999995,-1.5093191333333333
52.403259166666665,-1.5093427222222222,144.04,,4.0,231.73,18 / 20,298628,2019-09-07 09:18:23:907,-1.8752,0.422,9.7798,-0.0109,0.0192,9.8065,-0.0089,-0.1635,0.107,2.06,-29.69,26.0,342.99,-79.6,162.35,17.689444444444447,1.0,52.403259166666665,-1.5093427222222222
52.403253533333334,-1.509366311111111,144.04,,4.0,231.73,18 / 20,298727,2019-09-07 09:18:24:006,-1.8623,1.2697,9.9732,-0.0198,0.0102,9.8065,0.0363,-0.0866,0.046,2.44,-29.56,26.25,344.11,-79.8,163.15,17.700222222222223,1.0,52.403253533333334,-1.509366311111111
52.4032479,-1.5093899,144.04,,4.0,231.73,18 / 20,298827,2019-09-07 09:18:24:106,-2.247,0.1027,9.9478,-0.0132,-0.0039,9.8066,0.0309,-0.1321,0.0789,2.25,-29.62,26.19,346.17,-79.84,164.77,17.711000000000002,1.0,52.4032479,-1.5093899
52.403242266666666,-1.5094134888888888,144.04,,4.0,231.73,18 / 20,298927,2019-09-07 09:18:24:206,-2.8779,0.7775,9.6682,-0.0063,0.0027,9.8065,-0.0001,-0.1325,0.0718,2.38,-29.81,26.06,346.71,-79.96,165.16,17.721777777777778,1.0,52.403242266666666,-1.5094134888888888
52.40323663333333,-1.509437077777778,144.04,,4.0,231.73,18 / 20,299027,2019-09-07 09:18:24:306,-2.8534,0.9689,9.6297,0.0052,0.0188,9.8066,-0.0473,-0.1334,0.0194,2.25,-29.69,25.44,347.18,-79.96,165.45,17.732555555555557,1.0,52.40323663333333,-1.509437077777778
52.403231,-1.5094606666666668,144.04,,4.0,231.73,19 / 21,299127,2019-09-07 09:18:24:406,-1.224,-0.388,9.6159,0.0011,0.006,9.8066,-0.026,-0.0719,0.0287,2.69,-29.75,25.81,349.06,-79.93,164.83,17.743333333333336,1.0,52.403231,-1.5094606666666668
52.40322536666667,-1.5094842555555557,144.04,,4.0,231.73,19 / 21,299227,2019-09-07 09:18:24:506,-2.0978,-0.1347,10.0629,0.0034,0.0047,9.8066,-0.0186,-0.1097,0.0673,2.94,-30.06,25.81,348.5,-79.87,164.4,17.75411111111111,1.0,52.40322536666667,-1.5094842555555557
52.40321973333333,-1.5095078444444445,144.04,,4.0,231.73,19 / 21,299327,2019-09-07 09:18:24:606,-1.4472,0.751,10.2365,-0.0023,0.014,9.8066,0.0101,-0.0901,0.0177,2.38,-29.87,25.56,345.52,-79.97,164.21,17.76488888888889,1.0,52.40321973333333,-1.5095078444444445
52.4032141,-1.5095314333333334,144.04,,4.0,231.73,19 / 21,299427,2019-09-07 09:18:24:706,-1.9708,0.4158,9.9237,0.0005,0.0057,9.8065,-0.1151,-0.1037,0.002,3.31,-30.06,25.69,348.39,-80.04,164.27,17.77566666666667,1.0,52.4032141,-1.5095314333333334
52.40320846666666,-1.5095550222222223,144.04,,4.0,231.73,19 / 21,299527,2019-09-07 09:18:24:806,-3.1115,1.1023,9.6063,0.0015,0.0058,9.8066,0.0782,-0.0677,-0.0675,3.13,-30.19,25.19,348.88,-79.98,164.49,17.786444444444445,1.0,52.40320846666666,-1.5095550222222223
52.40320283333333,-1.5095786111111111,144.04,,4.0,231.73,19 / 21,299627,2019-09-07 09:18:24:906,-2.2915,0.006,9.9805,-0.0027,-0.0062,9.8066,0.0107,-0.0977,0.0014,2.69,-30.44,25.06,349.02,-80.04,164.59,17.797222222222224,1.0,52.40320283333333,-1.5095786111111111
52.4031972,-1.5096022,144.04,,4.0,231.73,19 / 21,299727,2019-09-07 09:18:25:006,-2.3759,0.6873,9.7957,-0.0012,-0.0016,9.8066,-0.011,-0.0726,-0.0163,3.31,-30.87,24.81,349.32,-80.03,164.9,17.808,1.0,52.4031972,-1.5096022
52.40319156666666,-1.5096257888888889,144.04,,4.0,231.73,19 / 21,299827,2019-09-07 09:18:25:106,-2.5054,-0.5191,9.3345,0.0023,-0.0037,9.8066,0.0429,-0.1141,-0.0039,3.19,-30.44,24.56,349.4,-80.05,164.89,17.81877777777778,1.0,52.40319156666666,-1.5096257888888889
52.40318593333333,-1.5096493777777777,144.04,,4.0,231.73,19 / 21,299927,2019-09-07 09:18:25:206,-2.3239,0.4259,9.4496,-0.0068,-0.0045,9.8066,-0.0393,-0.0881,0.0533,3.31,-30.62,24.19,349.49,-80.11,164.82,17.829555555555558,1.0,52.40318593333333,-1.5096493777777777
52.403180299999995,-1.5096729666666666,144.04,,4.0,231.73,19 / 21,300027,2019-09-07 09:18:25:306,-2.1837,-0.3004,9.2593,-0.0076,0.0111,9.8066,0.0381,-0.0735,0.042,3.13,-30.75,24.38,350.04,-80.37,165.18,17.840333333333334,1.0,52.403180299999995,-1.5096729666666666
52.403174666666665,-1.5096965555555557,144.04,,4.0,231.73,19 / 22,300127,2019-09-07 09:18:25:406,-2.7006,-0.3572,9.4657,-0.0175,0.0048,9.8066,-0.0461,-0.1087,0.0603,3.5,-31.25,24.25,354.05,-80.5,165.92,17.851111111111113,1.0,52.403174666666665,-1.5096965555555557
52.403169033333334,-1.5097201444444446,144.04,,4.0,231.73,19 / 22,300227,2019-09-07 09:18:25:506,-2.6005,0.2789,9.853,0.0011,0.0212,9.8066,-0.0516,-0.0954,0.0327,3.31,-30.87,24.0,351.48,-80.49,166.27,17.861888888888892,1.0,52.403169033333334,-1.5097201444444446
52.4031634,-1.5097437333333334,144.04,,4.0,231.73,19 / 22,300327,2019-09-07 09:18:25:606,-2.8155,0.1584,10.2669,0.0089,0.0122,9.8065,0.0502,-0.0837,-0.0513,3.63,-31.19,23.75,353.53,-80.63,165.49,17.872666666666667,1.0,52.4031634,-1.5097437333333334
52.403157766666666,-1.5097673222222223,144.04,,4.0,231.73,19 / 22,300427,2019-09-07 09:18:25:706,-2.2562,0.5097,9.1481,-0.0024,-0.0033,9.8066,0.022,-0.1293,0.0039,3.31,-31.06,23.69,349.6,-80.55,164.79,17.883444444444446,1.0,52.403157766666666,-1.5097673222222223
52.40315213333333,-1.5097909111111112,144.04,,4.0,231.73,19 / 22,300527,2019-09-07 09:18:25:806,-2.1055,0.9687,9.8773,-0.0035,-0.0141,9.8066,0.0358,-0.1334,0.0125,3.88,-31.5,23.69,352.25,-80.6,164.5,17.894222222222222,1.0,52.40315213333333,-1.5097909111111112
52.4031465,-1.5098145,144.04,,4.0,231.73,19 / 22,300628,2019-09-07 09:18:25:907,-3.1985,0.9364,9.9487,-0.0123,0.0022,9.8066,-0.0319,-0.1831,0.0515,3.75,-31.25,22.81,353.1,-80.68,164.8,17.905,1.0,52.4031465,-1.5098145
52.40314086666667,-1.509838088888889,144.04,,4.0,231.73,19 / 22,300727,2019-09-07 09:18:26:006,-2.9034,0.0568,9.7549,-0.0061,0.0026,9.8066,0.0315,-0.1277,0.0041,3.44,-31.94,22.75,350.96,-80.68,165.66,17.91577777777778,1.0,52.40314086666667,-1.509838088888889
52.40313523333333,-1.5098616777777778,144.04,,4.0,231.73,19 / 22,300827,2019-09-07 09:18:26:106,-3.3459,0.7908,10.1426,-0.0087,-0.0025,9.8066,-0.0593,-0.1648,0.0374,3.75,-31.69,22.31,355.83,-80.82,166.53,17.926555555555556,1.0,52.40313523333333,-1.5098616777777778
52.4031296,-1.5098852666666667,144.04,,4.0,231.73,19 / 22,300927,2019-09-07 09:18:26:206,-3.9709,0.567,9.7647,-0.001,0.0045,9.8066,0.0171,-0.1555,0.0113,4.06,-31.62,22.38,356.41,-80.93,166.96,17.937333333333335,1.0,52.4031296,-1.5098852666666667
52.40312396666666,-1.5099088555555555,144.04,,4.0,231.73,19 / 22,301028,2019-09-07 09:18:26:307,-3.9067,1.0554,9.6066,0.0079,0.005,9.8066,-0.047,-0.1814,-0.0002,3.56,-31.62,22.25,356.07,-80.99,166.7,17.94811111111111,1.0,52.40312396666666,-1.5099088555555555
52.40311833333333,-1.5099324444444444,144.04,,4.0,231.73,19 / 21,301127,2019-09-07 09:18:26:406,-4.159,0.8316,9.4767,-0.0061,0.0159,9.8066,-0.0172,-0.2154,0.0484,3.81,-32.06,21.88,356.48,-81.08,167.0,17.95888888888889,1.0,52.40311833333333,-1.5099324444444444
52.4031127,-1.5099560333333335,144.04,,4.0,231.73,19 / 21,301227,2019-09-07 09:18:26:506,-3.4582,-0.0024,8.9694,-0.0063,0.0016,9.8066,0.03,-0.1669,0.0082,3.38,-32.37,21.19,353.65,-81.29,167.04,17.96966666666667,1.0,52.4031127,-1.5099560333333335
52.403107066666664,-1.5099796222222224,144.04,,4.0,231.73,19 / 21,301327,2019-09-07 09:18:26:606,-4.1927,0.7184,9.4075,-0.0099,0.0025,9.8066,-0.1274,-0.2203,0.0983,3.81,-32.44,21.25,357.87,-81.49,167.58,17.980444444444444,1.0,52.403107066666664,-1.5099796222222224
52.40310143333333,-1.5100032111111112,144.04,,4.0,231.73,19 / 21,301428,2019-09-07 09:18:26:707,-3.6514,0.4345,9.6874,0.0005,0.0129,9.8066,-0.0201,-0.19,0.0169,3.75,-32.75,20.06,358.47,-81.65,167.53,17.991222222222223,1.0,52.40310143333333,-1.5100032111111112
52.403095799999996,-1.5100268000000001,144.04,,4.0,231.73,19 / 21,301527,2019-09-07 09:18:26:806,-3.2589,0.0648,9.6616,0.0128,0.045,9.8065,0.0381,-0.1486,0.0,4.38,-31.94,19.88,357.84,-81.94,167.03,18.002000000000002,1.0,52.403095799999996,-1.5100268000000001
52.403090166666665,-1.510050388888889,144.04,,4.0,231.73,19 / 21,301627,2019-09-07 09:18:26:906,-3.7713,0.3127,9.431,-0.0013,-0.0062,9.8065,0.0405,-0.1157,-0.0115,3.88,-32.81,19.19,358.93,-81.87,167.31,18.012777777777778,1.0,52.403090166666665,-1.510050388888889
52.403084533333335,-1.5100739777777779,144.04,,4.0,231.73,19 / 21,301727,2019-09-07 09:18:27:006,-3.2464,2.0014,9.0809,-0.0265,0.0021,9.8066,-0.0696,-0.0513,-0.0612,3.56,-31.94,18.88,1.36,-82.0,169.15,18.023555555555557,1.0,52.403084533333335,-1.5100739777777779
52.4030789,-1.5100975666666667,144.04,,4.0,231.73,19 / 21,301828,2019-09-07 09:18:27:107,-2.9467,1.6561,9.5283,-0.0069,0.0301,9.8065,-0.0756,-0.1508,0.0801,3.75,-31.87,18.19,2.71,-82.28,169.53,18.034333333333333,1.0,52.4030789,-1.5100975666666667
52.40307326666667,-1.5101211555555556,144.04,,4.0,231.73,19 / 21,301927,2019-09-07 09:18:27:206,-3.7344,-0.4152,9.6507,0.0117,0.0304,9.8065,0.0747,-0.1418,-0.0085,3.81,-32.81,18.13,3.7,-82.76,170.31,18.04511111111111,1.0,52.40307326666667,-1.5101211555555556
52.40306763333333,-1.5101447444444445,144.04,,4.0,231.73,19 / 21,302028,2019-09-07 09:18:27:307,-3.1576,1.025,9.7481,-0.0064,-0.0251,9.8066,0.0913,-0.1787,0.0184,4.0,-32.75,18.5,2.02,-82.78,169.68,18.05588888888889,1.0,52.40306763333333,-1.5101447444444445
52.403062,-1.5101683333333333,144.04,,4.0,231.73,19 / 21,302128,2019-09-07 09:18:27:407,-2.6575,1.1211,10.5108,-0.0016,-0.0102,9.8066,0.0844,-0.1934,0.0216,4.38,-32.81,17.75,2.84,-82.64,169.64,18.066666666666666,1.0,52.403062,-1.5101683333333333
52.40305636666667,-1.5101919222222222,144.04,,4.0,231.73,19 / 21,302227,2019-09-07 09:18:27:506,-2.9474,-0.4862,10.0228,-0.0072,-0.0028,9.8066,0.0058,-0.1694,0.0479,4.13,-33.19,16.94,4.61,-82.6,170.21,18.077444444444446,1.0,52.40305636666667,-1.5101919222222222
52.40305073333333,-1.5102155111111113,144.04,,4.0,231.73,19 / 21,302327,2019-09-07 09:18:27:606,-3.2362,1.0363,9.9562,0.0079,0.0116,9.8065,0.07,-0.0935,-0.0693,4.31,-32.75,17.06,4.13,-82.64,169.86,18.088222222222225,1.0,52.40305073333333,-1.5102155111111113
52.4030451,-1.5102391000000002,144.04,,4.0,231.73,19 / 21,302427,2019-09-07 09:18:27:706,-3.022,0.2357,9.9609,-0.0076,-0.0024,9.8065,0.0304,-0.1654,0.0506,4.25,-32.5,16.56,4.25,-82.75,169.99,18.099,1.0,52.4030451,-1.5102391000000002
52.40303946666666,-1.510262688888889,144.04,,4.0,231.73,19 / 21,302527,2019-09-07 09:18:27:806,-2.3464,1.0351,9.5498,-0.0053,-0.0064,9.8066,-0.0639,-0.0934,0.0105,4.5,-32.37,16.44,10.68,-82.77,170.69,18.10977777777778,1.0,52.40303946666666,-1.510262688888889
52.40303383333333,-1.510286277777778,144.04,,4.0,231.73,19 / 21,302627,2019-09-07 09:18:27:906,-2.7922,0.8331,9.5061,-0.0038,0.0235,9.8066,-0.0296,-0.1563,0.0778,4.69,-31.94,15.69,12.0,-82.86,171.72,18.120555555555555,1.0,52.40303383333333,-1.510286277777778
52.4030282,-1.5103098666666668,144.04,,4.0,231.73,19 / 21,302727,2019-09-07 09:18:28:006,-2.6403,0.7492,9.3924,0.0025,0.0208,9.8066,-0.011,-0.0863,0.0125,4.56,-33.37,15.5,13.14,-83.09,172.61,18.131333333333334,1.0,52.4030282,-1.5103098666666668
52.403022566666664,-1.5103334555555556,144.04,,4.0,231.73,19 / 21,302828,2019-09-07 09:18:28:107,-2.6818,0.4963,9.9211,-0.0023,0.0048,9.8066,-0.0092,-0.1332,0.0672,4.25,-33.37,15.38,11.71,-83.2,173.77,18.142111111111113,1.0,52.403022566666664,-1.5103334555555556
52.40301693333333,-1.5103570444444445,144.04,,4.0,231.73,19 / 21,302927,2019-09-07 09:18:28:206,-2.4802,0.3879,9.6762,-0.0016,0.0077,9.8066,0.0035,-0.0813,-0.0053,4.31,-33.19,14.94,12.09,-83.24,174.07,18.15288888888889,1.0,52.40301693333333,-1.5103570444444445
52.403011299999996,-1.5103806333333334,144.04,,4.0,231.73,19 / 21,303027,2019-09-07 09:18:28:306,-1.8766,0.5539,9.458,-0.0022,0.0066,9.8066,-0.0309,-0.128,0.0246,4.31,-32.87,14.38,14.79,-83.26,174.85,18.163666666666668,1.0,52.403011299999996,-1.5103806333333334
52.403005666666665,-1.5104042222222223,144.04,,4.0,231.73,20 / 22,303129,2019-09-07 09:18:28:408,-2.202,0.5918,9.7247,0.0023,0.0228,9.8066,0.0187,-0.0975,0.0288,3.94,-33.12,14.44,15.57,-83.39,175.51,18.174444444444447,1.0,52.403005666666665,-1.5104042222222223
52.403000033333335,-1.5104278111111111,144.04,,4.0,231.73,20 / 22,303227,2019-09-07 09:18:28:506,-1.4007,0.9589,9.7508,-0.0038,-0.0011,9.8066,0.0229,-0.0703,0.0089,4.0,-32.94,13.38,19.0,-83.35,176.53,18.185222222222222,1.0,52.403000033333335,-1.5104278111111111
52.4029944,-1.5104514,144.04,,4.0,231.73,20 / 22,303327,2019-09-07 09:18:28:606,-1.794,0.5858,9.7257,-0.0054,-0.0021,9.8066,0.0355,-0.128,0.0667,4.31,-33.37,13.69,17.84,-83.32,177.14,18.196,1.0,52.4029944,-1.5104514
52.40298876666667,-1.5104749888888889,144.04,,4.0,231.73,20 / 22,303427,2019-09-07 09:18:28:706,-1.461,0.6938,10.0464,0.0022,0.0034,9.8066,0.0091,-0.0793,0.0256,5.38,-32.69,14.06,24.11,-83.31,178.24,18.206777777777777,1.0,52.40298876666667,-1.5104749888888889
52.40298313333333,-1.510498577777778,144.04,,4.0,231.73,20 / 22,303528,2019-09-07 09:18:28:807,-1.5821,0.1683,9.4912,-0.0059,0.0187,9.8065,0.0114,-0.0565,-0.0148,3.94,-32.94,14.06,20.52,-83.31,179.13,18.217555555555556,1.0,52.40298313333333,-1.510498577777778
52.4029775,-1.5105221666666668,144.04,,4.0,231.73,20 / 22,303627,2019-09-07 09:18:28:906,-1.3022,0.4903,9.4226,-0.0051,0.02,9.8066,0.0356,-0.0946,-0.0065,4.44,-32.94,13.69,21.53,-83.26,179.84,18.228333333333335,1.0,52.4029775,-1.5105221666666668
52.40297186666667,-1.5105457555555557,144.04,,4.0,231.73,20 / 22,303727,2019-09-07 09:18:29:006,-0.7761,0.8791,8.8499,0.017,0.0318,9.8065,0.0623,-0.0849,-0.0197,4.5,-33.44,13.25,29.82,-83.49,-179.07,18.23911111111111,1.0,52.40297186666667,-1.5105457555555557
52.40296623333333,-1.5105693444444446,144.04,,4.0,231.73,20 / 22,303827,2019-09-07 09:18:29:106,-0.7345,0.4956,9.0646,0.0141,0.0017,9.8066,-0.1322,-0.1307,0.0446,3.94,-33.56,12.88,26.59,-83.46,-177.99,18.24988888888889,1.0,52.40296623333333,-1.5105693444444446
52.4029606,-1.5105929333333334,144.04,,4.0,231.73,20 / 22,303928,2019-09-07 09:18:29:207,-0.9997,1.037,9.5938,-0.0025,0.0019,9.8066,-0.0477,-0.0872,0.0049,4.13,-32.94,13.0,25.9,-83.54,-178.2,18.26066666666667,1.0,52.4029606,-1.5105929333333334
52.40295496666666,-1.5106165222222223,144.04,,4.0,231.73,20 / 22,304027,2019-09-07 09:18:29:306,-1.232,0.5747,10.1827,-0.014,0.009,9.8066,0.0186,-0.089,0.0483,4.06,-32.87,12.75,26.78,-83.61,-177.47,18.271444444444445,1.0,52.40295496666666,-1.5106165222222223
52.40294933333333,-1.5106401111111112,144.04,,4.0,231.73,18 / 20,304127,2019-09-07 09:18:29:406,0.3764,0.9437,10.0569,-0.0075,0.0224,9.8066,0.034,0.0184,-0.0284,4.06,-33.19,13.56,26.61,-83.69,-175.88,18.282222222222224,1.0,52.40294933333333,-1.5106401111111112
