gnss_lat,gnss_lon,GPS ALTITUDE (m),true_velocity_kmh,GPS ACCURACY (m),GPS ORIENTATION (Â°),GPS SATELLITES IN RANGE,timestamp,DATE (YYYY-MO-DD HH-MI-SS_SSS),acc_x,acc_y,acc_z,grav_x,grav_y,grav_z,gyro_x,gyro_y,gyro_z,MAGNETIC FIELD X (Î¼T),MAGNETIC FIELD Y (Î¼T),MAGNETIC FIELD Z (Î¼T),ORIENTATION (Azimuth) (Â°),ORIENTATION (Pitch) (Â°),ORIENTATION (Roll ) (Â°),true_velocity,gnss_status,true_lat,true_lon
52.403138493150685,-1.5078252694063927,148.79,,4,328.8,23 / 26,102921,2019-09-08 10:09:29:545,0.7675,-0.4976,9.6143,-0.0008,0.0012,9.8066,-0.0178,-0.0007,-0.0242,-10.94,-28.31,6.5,343.76,-83.7,-134.84,2.309497716894977,1.0,52.403138493150685,-1.5078252694063927
52.40313883561644,-1.5078254657534247,148.79,,4,328.8,23 / 26,103021,2019-09-08 10:09:29:645,0.2935,-0.0665,10.0037,-0.0016,0.003,9.8066,0.0262,0.0116,-0.0026,-10.87,-28.62,6.88,343.55,-83.72,-134.88,2.297945205479452,1.0,52.40313883561644,-1.5078254657534247
52.40313917808219,-1.5078256621004567,148.79,,4,328.8,23 / 26,103121,2019-09-08 10:09:29:745,1.1693,-0.6001,9.8534,0.0038,-0.0055,9.8066,-0.0127,0.0101,-0.0179,-11.37,-28.0,6.94,343.48,-83.7,-135.06,2.2863926940639265,1.0,52.40313917808219,-1.5078256621004567
52.403139520547946,-1.5078258584474886,148.79,,4,328.8,23 / 26,103222,2019-09-08 10:09:29:846,1.0827,-0.2627,10.0432,0.0029,-0.0005,9.8066,-0.0053,0.044,-0.0176,-10.87,-28.37,7.44,342.95,-83.64,-135.42,2.2748401826484015,1.0,52.403139520547946,-1.5078258584474886
52.4031398630137,-1.5078260547945206,148.79,,4,328.8,23 / 26,103321,2019-09-08 10:09:29:945,1.185,-0.6274,9.965,0.0076,-0.0028,9.8066,0.0063,0.0384,-0.0076,-10.87,-28.25,7.25,341.79,-83.58,-136.26,2.2632876712328764,1.0,52.4031398630137,-1.5078260547945206
52.40314020547945,-1.5078262511415526,148.79,,4,328.8,23 / 26,103421,2019-09-08 10:09:30:045,2.2393,-1.1508,9.6652,0.0113,-0.0031,9.8066,0.0063,0.0252,-0.0029,-11.31,-28.5,7.44,340.83,-83.52,-136.96,2.2517351598173514,1.0,52.40314020547945,-1.5078262511415526
52.403140547945206,-1.5078264474885845,148.79,,4,328.8,23 / 26,103522,2019-09-08 10:09:30:146,1.1628,-0.3068,10.0604,0.0066,-0.0003,9.8066,0.0155,0.0415,-0.0345,-10.87,-28.12,7.06,339.76,-83.45,-137.73,2.2401826484018263,1.0,52.403140547945206,-1.5078264474885845
52.40314089041096,-1.5078266438356165,148.79,,4,328.8,23 / 26,103622,2019-09-08 10:09:30:246,1.4512,-0.7178,9.9483,0.0182,-0.008,9.8066,0.0185,0.0684,-0.0233,-10.75,-28.37,7.44,337.82,-83.33,-139.11,2.2286301369863013,1.0,52.40314089041096,-1.5078266438356165
52.40314123287671,-1.5078268401826485,148.79,,4,328.8,23 / 26,103721,2019-09-08 10:09:30:345,1.8391,-0.5145,9.9784,0.0055,0.0026,9.8066,0.0572,0.0681,0.0065,-10.69,-28.0,7.25,336.78,-83.3,-139.87,2.2170776255707763,1.0,52.40314123287671,-1.5078268401826485
52.40314157534247,-1.5078270365296804,148.79,,4,328.8,23 / 26,103821,2019-09-08 10:09:30:445,1.7849,-0.331,9.9104,0.0025,-0.0005,9.8066,0.0043,0.1047,-0.0334,-10.56,-28.5,7.81,340.53,-83.25,-140.75,2.2055251141552508,1.0,52.40314157534247,-1.5078270365296804
52.40314191780822,-1.5078272328767124,148.79,,4,328.8,23 / 26,103922,2019-09-08 10:09:30:546,1.2777,-0.3713,9.8099,0.0012,0.0036,9.8065,0.031,0.1155,-0.0117,-10.56,-27.94,8.63,344.21,-83.29,-141.38,2.1939726027397257,1.0,52.40314191780822,-1.5078272328767124
52.403142260273974,-1.5078274292237444,148.79,,4,328.8,23 / 26,104021,2019-09-08 10:09:30:645,2.9702,-1.6586,9.3001,-0.0026,0.0082,9.8066,0.0294,0.1459,-0.0217,-9.81,-28.25,8.56,346.88,-83.29,-141.85,2.1824200913242007,1.0,52.403142260273974,-1.5078274292237444
52.40314260273973,-1.5078276255707763,148.79,,4,328.8,23 / 26,104122,2019-09-08 10:09:30:746,2.5095,-1.2978,9.9122,0.0123,-0.0175,9.8066,0.0289,0.1366,0.0112,-9.44,-28.06,8.63,349.96,-83.24,-142.38,2.1708675799086756,1.0,52.40314260273973,-1.5078276255707763
52.40314294520548,-1.5078278219178083,148.79,,4,328.8,23 / 26,104221,2019-09-08 10:09:30:845,2.4431,-1.0438,9.7889,0.0083,-0.0101,9.8066,0.0014,0.1725,-0.0391,-9.87,-27.44,8.63,345.06,-83.0,-143.2,2.1593150684931506,1.0,52.40314294520548,-1.5078278219178083
52.403143287671234,-1.5078280182648403,148.79,,4,328.8,23 / 26,104322,2019-09-08 10:09:30:946,2.2338,-1.4468,9.668,-0.0003,-0.0041,9.8066,0.0234,0.1834,-0.0414,-10.31,-27.25,9.25,344.32,-82.94,-143.72,2.1477625570776255,1.0,52.403143287671234,-1.5078280182648403
52.40314363013699,-1.5078282146118722,148.79,,4,328.8,23 / 26,104422,2019-09-08 10:09:31:046,2.323,-1.4889,9.6962,0.0022,0.0084,9.8066,0.0335,0.174,-0.0539,-9.44,-28.25,9.5,351.65,-82.95,-144.18,2.1362100456621,1.0,52.40314363013699,-1.5078282146118722
52.40314397260274,-1.5078284109589042,148.79,,4,328.8,23 / 26,104521,2019-09-08 10:09:31:145,1.7246,-0.3007,9.6377,0.0017,0.0145,9.8066,0.0834,0.2054,-0.0787,-9.5,-27.81,9.81,350.56,-83.04,-145.01,2.124657534246575,1.0,52.40314397260274,-1.5078284109589042
52.403144315068495,-1.5078286073059362,148.79,,4,328.8,23 / 26,104621,2019-09-08 10:09:31:245,2.1412,-0.515,9.9467,0.0007,0.0077,9.8066,0.0561,0.2162,-0.0006,-9.44,-28.37,10.0,349.64,-83.04,-145.7,2.11310502283105,1.0,52.403144315068495,-1.5078286073059362
52.40314465753425,-1.5078288036529681,148.79,,4,328.8,23 / 26,104722,2019-09-08 10:09:31:346,2.1341,-0.4785,9.4124,0.0096,-0.0046,9.8066,-0.0334,0.2619,-0.0214,-8.81,-28.06,10.31,348.01,-83.0,-146.89,2.101552511415525,1.0,52.40314465753425,-1.5078288036529681
52.403145,-1.507829,148.97,2.09,2,299.53,26 / 28,104821,2019-09-08 10:09:31:445,2.0765,-0.6317,10.0445,0.0056,-0.0081,9.8066,-0.0328,0.2417,-0.0295,-8.56,-27.62,10.63,351.22,-82.93,-147.3,2.09,1.0,52.403145,-1.507829
52.403146311111115,-1.507839188888889,148.97,,2,299.53,26 / 28,104922,2019-09-08 10:09:31:546,1.4563,-0.3422,9.8547,0.0016,0.0146,9.8065,-0.0133,0.2399,-0.0617,-9.0,-27.81,12.06,354.04,-82.96,-147.69,2.1707777777777775,1.0,52.403146311111115,-1.507839188888889
52.40314762222222,-1.507849377777778,148.97,,2,299.53,26 / 28,105022,2019-09-08 10:09:31:646,1.7742,-0.1894,9.9728,-0.009,0.0055,9.8066,-0.0363,0.2663,-0.0244,-8.37,-28.62,12.13,358.44,-83.03,-147.48,2.2515555555555555,1.0,52.40314762222222,-1.507849377777778
52.403148933333334,-1.5078595666666668,148.97,,2,299.53,26 / 28,105121,2019-09-08 10:09:31:745,1.645,-0.5113,9.8769,-0.003,0.0065,9.8066,0.0349,0.3179,-0.063,-8.25,-28.44,12.0,358.55,-83.02,-147.4,2.332333333333333,1.0,52.403148933333334,-1.5078595666666668
52.40315024444445,-1.5078697555555556,148.97,,2,299.53,26 / 28,105221,2019-09-08 10:09:31:845,1.7283,-0.5188,9.8612,0.018,-0.0009,9.8066,0.0587,0.2942,-0.0609,-8.06,-28.44,12.38,357.19,-83.02,-148.44,2.4131111111111108,1.0,52.40315024444445,-1.5078697555555556
52.40315155555556,-1.5078799444444446,148.97,,2,299.53,26 / 28,105321,2019-09-08 10:09:31:945,1.4566,0.0195,10.1974,0.0125,0.0006,9.8066,0.017,0.2746,-0.0419,-8.06,-27.81,13.5,0.53,-83.13,-149.84,2.493888888888889,1.0,52.40315155555556,-1.5078799444444446
52.403152866666666,-1.5078901333333334,148.97,,2,299.53,26 / 28,105421,2019-09-08 10:09:32:045,2.5454,-0.3448,9.5993,0.0085,0.0156,9.8066,-0.0081,0.3378,-0.0708,-7.25,-27.75,13.44,0.39,-83.3,-151.4,2.5746666666666664,1.0,52.403152866666666,-1.5078901333333334
52.40315417777778,-1.5079003222222223,148.97,,2,299.53,26 / 28,105521,2019-09-08 10:09:32:145,1.8246,-0.2586,10.083,0.0068,0.0014,9.8066,-0.0131,0.3137,-0.0552,-6.75,-28.0,14.5,3.2,-83.44,-152.42,2.655444444444444,1.0,52.40315417777778,-1.5079003222222223
52.40315548888889,-1.507910511111111,148.97,,2,299.53,26 / 28,105622,2019-09-08 10:09:32:246,1.9249,-0.7958,9.8541,0.0105,0.0074,9.8066,-0.0022,0.3461,-0.0926,-6.37,-27.75,14.06,4.02,-83.62,-153.63,2.736222222222222,1.0,52.40315548888889,-1.507910511111111
52.403156800000005,-1.5079207000000001,148.97,,2,299.53,26 / 28,105722,2019-09-08 10:09:32:346,1.938,-0.3894,9.5225,0.0085,0.001,9.8066,-0.0213,0.3475,-0.0695,-6.37,-28.25,14.69,4.82,-83.59,-154.34,2.8169999999999997,1.0,52.403156800000005,-1.5079207000000001
52.40315811111111,-1.507930888888889,148.97,,2,299.53,25 / 27,105822,2019-09-08 10:09:32:446,2.345,-0.2674,9.4916,0.0065,0.0138,9.8065,-0.0148,0.3385,-0.0677,-6.06,-28.19,15.75,4.78,-83.62,-155.56,2.8977777777777773,1.0,52.40315811111111,-1.507930888888889
52.403159422222224,-1.5079410777777777,148.97,,2,299.53,25 / 27,105921,2019-09-08 10:09:32:545,2.0568,-0.6368,9.6402,0.0035,0.0097,9.8066,0.0135,0.3591,-0.0894,-5.5,-28.75,16.31,7.42,-83.69,-156.68,2.9785555555555554,1.0,52.403159422222224,-1.5079410777777777
52.40316073333334,-1.5079512666666668,148.97,,2,299.53,25 / 27,106022,2019-09-08 10:09:32:646,2.0057,-0.6249,10.1077,0.0084,-0.0049,9.8066,0.0003,0.3829,-0.0676,-5.25,-29.25,16.75,7.12,-83.71,-157.81,3.059333333333333,1.0,52.40316073333334,-1.5079512666666668
52.40316204444445,-1.5079614555555556,148.97,,2,299.53,25 / 27,106121,2019-09-08 10:09:32:745,2.2248,-0.3504,9.7426,0.0231,0.0001,9.8066,-0.0219,0.3977,-0.0966,-5.31,-28.5,17.5,5.36,-83.7,-160.03,3.1401111111111106,1.0,52.40316204444445,-1.5079614555555556
52.403163355555556,-1.5079716444444444,148.97,,2,299.53,25 / 27,106221,2019-09-08 10:09:32:845,2.2146,0.0774,9.8356,0.0004,0.0099,9.8066,0.0175,0.3718,-0.0429,-4.87,-28.0,19.44,3.81,-83.93,-162.04,3.2208888888888887,1.0,52.403163355555556,-1.5079716444444444
52.40316466666667,-1.5079818333333335,148.97,,2,299.53,25 / 27,106322,2019-09-08 10:09:32:946,2.4462,-0.6594,9.8604,0.0159,-0.0005,9.8066,-0.0581,0.3796,-0.0804,-5.75,-28.81,20.31,359.87,-83.93,-163.41,3.3016666666666663,1.0,52.40316466666667,-1.5079818333333335
52.40316597777778,-1.5079920222222223,148.97,,2,299.53,25 / 27,106422,2019-09-08 10:09:33:046,1.6395,-0.6674,9.9443,0.0004,0.0065,9.8066,-0.042,0.3723,-0.0546,-5.62,-28.0,22.0,0.31,-83.84,-164.48,3.3824444444444444,1.0,52.40316597777778,-1.5079920222222223
52.40316728888889,-1.508002211111111,148.97,,2,299.53,25 / 27,106521,2019-09-08 10:09:33:145,2.035,-0.0673,9.7936,0.0056,0.0114,9.8066,-0.0178,0.3632,-0.0469,-5.31,-27.19,22.88,2.14,-83.8,-165.87,3.463222222222222,1.0,52.40316728888889,-1.508002211111111
52.4031686,-1.5080124000000001,148.97,,2,299.53,25 / 27,106622,2019-09-08 10:09:33:246,2.1113,-0.6311,9.21,0.0039,0.0017,9.8066,-0.0177,0.3724,-0.057,-5.31,-26.25,23.69,1.46,-83.74,-166.95,3.5439999999999996,1.0,52.4031686,-1.5080124000000001
52.403169911111114,-1.508022588888889,148.97,,2,299.53,25 / 27,106722,2019-09-08 10:09:33:346,1.3394,-0.7085,9.7205,0.0083,0.0092,9.8066,0.0099,0.3392,-0.0488,-5.87,-25.31,23.63,358.34,-83.77,-167.43,3.6247777777777777,1.0,52.403169911111114,-1.508022588888889
52.40317122222223,-1.5080327777777778,148.97,,2,299.53,25 / 28,106822,2019-09-08 10:09:33:446,1.8277,0.5154,10.119,0.0101,0.0005,9.8066,0.0679,0.3226,-0.0562,-5.44,-25.06,24.13,358.76,-83.81,-169.33,3.7055555555555553,1.0,52.40317122222223,-1.5080327777777778
52.40317253333333,-1.5080429666666668,148.97,,2,299.53,25 / 28,106921,2019-09-08 10:09:33:545,1.3341,-0.0182,9.7574,0.0051,-0.0034,9.8066,-0.0118,0.2513,-0.0201,-6.19,-24.87,24.81,356.59,-83.87,-169.54,3.786333333333333,1.0,52.40317253333333,-1.5080429666666668
52.403173844444446,-1.5080531555555556,148.97,,2,299.53,25 / 28,107021,2019-09-08 10:09:33:645,1.0344,-0.0552,9.8674,0.0,0.0093,9.8066,0.0124,0.2676,-0.0618,-6.5,-24.5,23.5,355.42,-83.91,-170.05,3.867111111111111,1.0,52.403173844444446,-1.5080531555555556
52.40317515555556,-1.5080633444444445,148.97,,2,299.53,25 / 28,107121,2019-09-08 10:09:33:745,1.2273,-1.2214,9.44,0.0074,-0.0055,9.8066,-0.0516,0.2525,-0.0141,-5.37,-23.87,23.75,357.04,-83.86,-170.86,3.9478888888888886,1.0,52.40317515555556,-1.5080633444444445
52.40317646666667,-1.5080735333333333,148.97,,2,299.53,25 / 28,107221,2019-09-08 10:09:33:845,0.5248,-0.1369999999999999,9.6418,0.002,0.0124,9.8066,-0.0568,0.1741,-0.0045,-5.87,-24.12,24.0,354.06,-83.84,-171.25,4.028666666666666,1.0,52.40317646666667,-1.5080735333333333
52.40317777777778,-1.5080837222222223,148.97,,2,299.53,25 / 28,107321,2019-09-08 10:09:33:945,0.2219,-0.5729,10.1153,-0.0041,0.0223,9.8065,-0.0077,0.2115,-0.0419,-5.87,-25.0,23.44,352.73,-83.88,-171.79,4.109444444444444,1.0,52.40317777777778,-1.5080837222222223
52.40317908888889,-1.5080939111111111,148.97,,2,299.53,25 / 28,107421,2019-09-08 10:09:34:045,1.1419,-0.8714,9.938,0.0001,0.0001,9.8066,-0.0811,0.1444,0.004,-5.12,-25.56,23.13,355.92,-83.85,-171.31,4.190222222222221,1.0,52.40317908888889,-1.5080939111111111
52.403180400000004,-1.5081041,148.97,,2,299.53,25 / 28,107522,2019-09-08 10:09:34:146,0.5976,-0.4886,9.4412,-0.0147,0.0068,9.8066,0.0611,0.0483,0.0424,-5.5,-26.62,23.13,357.09,-83.88,-170.27,4.271,1.0,52.403180400000004,-1.5081041
52.40318171111112,-1.508114288888889,148.97,,2,299.53,25 / 28,107622,2019-09-08 10:09:34:246,0.2039,-1.038,9.9918,-0.0001,-0.0167,9.8066,0.0498,0.1117,-0.0657,-5.44,-27.56,23.19,358.02,-83.93,-169.45,4.3517777777777775,1.0,52.40318171111112,-1.508114288888889
52.40318302222222,-1.5081244777777778,148.97,,2,299.53,25 / 28,107721,2019-09-08 10:09:34:345,-0.5178,-1.1079,9.9598,0.0057,-0.0181,9.8065,-0.0196,0.0651,-0.0227,-4.62,-27.62,23.75,359.19,-83.83,-168.94,4.432555555555555,1.0,52.40318302222222,-1.5081244777777778
52.403184333333336,-1.5081346666666666,148.97,,2,299.53,26 / 28,107822,2019-09-08 10:09:34:446,-0.6062,-0.888,9.6187,-0.0129,0.0098,9.8066,0.0007,-0.015,0.066,-5.37,-29.0,24.38,1.07,-83.9,-167.3,4.513333333333333,1.0,52.403184333333336,-1.5081346666666666
52.40318564444445,-1.5081448555555557,148.97,,2,299.53,26 / 28,107922,2019-09-08 10:09:34:546,-0.3379,0.2001,10.2237,-0.0046,-0.0035,9.8066,0.0945,-0.0665,0.0635,-5.06,-29.0,24.88,2.23,-83.82,-166.75,4.59411111111111,1.0,52.40318564444445,-1.5081448555555557
52.403186955555555,-1.5081550444444445,148.97,,2,299.53,26 / 28,108021,2019-09-08 10:09:34:645,-1.0718,-1.36,9.7879,-0.0019,-0.0292,9.8065,0.0371,-0.0604,0.0041,-5.25,-28.69,26.06,3.1,-83.8,-166.4,4.674888888888889,1.0,52.403186955555555,-1.5081550444444445
52.40318826666667,-1.5081652333333333,148.97,,2,299.53,26 / 28,108121,2019-09-08 10:09:34:745,-1.0357,-0.8108,9.794,-0.0074,-0.0142,9.8066,0.0773,-0.128,0.0457,-5.69,-28.19,26.56,2.03,-83.61,-165.68,4.7556666666666665,1.0,52.40318826666667,-1.5081652333333333
52.40318957777778,-1.5081754222222223,148.97,,2,299.53,26 / 28,108221,2019-09-08 10:09:34:845,-1.6474,-1.0188,9.5416,-0.0099,-0.0054,9.8066,0.025,-0.1052,0.0257,-5.31,-27.44,27.25,4.81,-83.54,-165.26,4.836444444444444,1.0,52.40318957777778,-1.5081754222222223
52.40319088888889,-1.5081856111111112,148.97,,2,299.53,26 / 28,108321,2019-09-08 10:09:34:945,-1.3241,0.1137,9.8041,-0.0111,0.0143,9.8066,0.0292,-0.1719,0.0722,-5.87,-27.75,27.0,4.04,-83.5,-163.92,4.917222222222222,1.0,52.40319088888889,-1.5081856111111112
52.4031922,-1.5081958,148.97,,2,299.53,26 / 28,108421,2019-09-08 10:09:35:045,-1.7864,-1.4149,9.955,-0.0007,-0.015,9.8066,-0.0072,-0.1891,0.0526,-4.87,-27.06,26.63,6.0,-83.29,-164.23,4.997999999999999,1.0,52.4031922,-1.5081958
52.40319351111111,-1.508205988888889,148.97,,2,299.53,26 / 28,108522,2019-09-08 10:09:35:146,-1.4505,-1.1566,10.0181,-0.0147,-0.0073,9.8066,-0.031,-0.2384,0.0547,-5.31,-27.31,26.25,6.77,-83.17,-163.21,5.078777777777777,1.0,52.40319351111111,-1.508205988888889
52.403194822222225,-1.5082161777777778,148.97,,2,299.53,26 / 28,108622,2019-09-08 10:09:35:246,-2.7048,-1.1761,10.2849,-0.0089,0.0002,9.8066,-0.0482,-0.2592,0.0484,-5.19,-26.94,25.56,8.21,-83.03,-161.98,5.1595555555555555,1.0,52.403194822222225,-1.5082161777777778
52.40319613333334,-1.5082263666666667,148.97,,2,299.53,26 / 28,108722,2019-09-08 10:09:35:346,-2.8237,-0.6064,9.593,0.0039,0.0048,9.8066,-0.0167,-0.2457,0.0072,-5.31,-26.37,25.38,7.76,-83.03,-161.95,5.240333333333333,1.0,52.40319613333334,-1.5082263666666667
52.403197444444444,-1.5082365555555555,148.97,,2,299.53,24 / 27,108821,2019-09-08 10:09:35:445,-1.9146,-0.4113,9.9302,0.013,0.0104,9.8066,-0.0496,-0.2068,-0.0487,-4.81,-27.0,24.06,5.77,-83.17,-163.26,5.321111111111111,1.0,52.403197444444444,-1.5082365555555555
52.40319875555556,-1.5082467444444445,148.97,,2,299.53,24 / 27,108922,2019-09-08 10:09:35:546,-2.4058,0.2145,10.1812,0.0167,0.0021,9.8066,0.0121,-0.2695,-0.0182,-3.81,-27.06,23.81,6.63,-83.3,-164.81,5.401888888888888,1.0,52.40319875555556,-1.5082467444444445
52.40320006666667,-1.5082569333333333,148.97,,2,299.53,24 / 27,109021,2019-09-08 10:09:35:645,-2.7510000000000003,0.0234,10.4628,0.023,-0.0118,9.8066,0.032,-0.3052,-0.0335,-4.5,-26.56,22.69,3.93,-83.18,-166.77,5.482666666666666,1.0,52.40320006666667,-1.5082569333333333
52.40320137777778,-1.5082671222222221,148.97,,2,299.53,24 / 27,109122,2019-09-08 10:09:35:746,-3.0979,-0.4579,9.805,0.0247,-0.0226,9.8065,0.0815,-0.2983,-0.0711,-3.75,-26.5,22.13,0.76,-83.0,-169.05,5.5634444444444435,1.0,52.40320137777778,-1.5082671222222221
52.40320268888889,-1.5082773111111112,148.97,,2,299.53,24 / 27,109221,2019-09-08 10:09:35:845,-2.7196,-1.0013,9.0397,0.0189,-0.0075,9.8066,0.0632,-0.3268,-0.0264,-3.06,-26.81,22.44,0.7,-82.94,-171.64,5.644222222222222,1.0,52.40320268888889,-1.5082773111111112
52.403204,-1.5082875,148.97,,2,299.53,24 / 27,109321,2019-09-08 10:09:35:945,-2.3708,-0.7655,9.1374,0.0001,-0.0025,9.8066,-0.1619,-0.3169,0.0723,-3.44,-26.62,21.69,359.02,-82.98,-173.07,5.725,1.0,52.403204,-1.5082875
52.403205311111115,-1.5082976888888888,148.97,,2,299.53,24 / 27,109422,2019-09-08 10:09:36:046,-2.4679,-0.4126,9.7507,-0.0151,0.0537,9.8064,-0.1876,-0.2948,0.0589,-3.37,-26.5,20.31,358.79,-83.16,-172.48,5.805777777777777,1.0,52.403205311111115,-1.5082976888888888
52.40320662222222,-1.5083078777777779,148.97,,2,299.53,24 / 27,109521,2019-09-08 10:09:36:145,-1.901,-0.1497,9.2984,-0.002,0.0334,9.8065,0.1046,-0.3993,0.0777,-3.19,-26.69,19.13,359.57,-83.57,-171.38,5.886555555555555,1.0,52.40320662222222,-1.5083078777777779
52.403207933333334,-1.5083180666666667,148.97,,2,299.53,24 / 27,109621,2019-09-08 10:09:36:245,-3.0282,-1.2781,9.7067,-0.0105,-0.0254,9.8065,0.1166,-0.4046,0.0809,-2.62,-26.5,19.0,0.31,-83.31,-170.77,5.9673333333333325,1.0,52.403207933333334,-1.5083180666666667
52.40320924444445,-1.5083282555555555,148.97,,2,299.53,24 / 27,109722,2019-09-08 10:09:36:346,-3.2686,-1.9937,9.792,-0.0107,-0.036,9.8065,-0.1137,-0.3041,0.0053,-3.62,-27.56,17.94,356.97,-83.02,-169.92,6.04811111111111,1.0,52.40320924444445,-1.5083282555555555
52.40321055555556,-1.5083384444444445,148.97,,2,299.53,26 / 28,109822,2019-09-08 10:09:36:446,-1.8567,-1.3973,9.552,0.0091,0.0443,9.8065,-0.1761,-0.3475,0.0302,-3.62,-26.81,17.88,358.0,-82.88,-169.09,6.128888888888889,1.0,52.40321055555556,-1.5083384444444445
52.403211866666666,-1.5083486333333334,148.97,,2,299.53,26 / 28,109922,2019-09-08 10:09:36:546,-3.4737,-0.17,9.4597,-0.0264,0.0323,9.8065,0.1362,-0.3114,0.0656,-3.62,-27.5,17.19,358.07,-83.21,-168.32,6.209666666666666,1.0,52.403211866666666,-1.5083486333333334
52.40321317777778,-1.5083588222222222,148.97,,2,299.53,26 / 28,110021,2019-09-08 10:09:36:645,-2.0408,-0.9775,9.7301,-0.0169,0.0139,9.8065,0.0701,-0.3242,0.0349,-3.69,-27.06,16.88,359.17,-83.17,-167.43,6.290444444444444,1.0,52.40321317777778,-1.5083588222222222
52.40321448888889,-1.508369011111111,148.97,,2,299.53,26 / 28,110121,2019-09-08 10:09:36:745,-2.9284,-0.8858,9.2907,-0.0061,-0.0069,9.8066,-0.1111,-0.356,0.0516,-3.69,-27.75,16.19,359.07,-83.1,-166.7,6.3712222222222215,1.0,52.40321448888889,-1.508369011111111
52.403215800000005,-1.5083792,148.97,,2,299.53,26 / 28,110222,2019-09-08 10:09:36:846,-1.9982,0.3018,10.2759,-0.0103,-0.0461,9.8065,-0.162,-0.2424,-0.0265,-4.5,-27.37,14.31,358.92,-82.84,-164.88,6.451999999999999,1.0,52.403215800000005,-1.5083792
52.40321711111111,-1.5083893888888888,148.97,,2,299.53,26 / 28,110322,2019-09-08 10:09:36:946,-2.6180000000000003,-1.1995,10.2681,-0.0001,-0.0178,9.8066,0.0721,-0.3272,0.0565,-4.31,-27.94,14.63,359.81,-82.75,-165.21,6.532777777777777,1.0,52.40321711111111,-1.5083893888888888
52.403218422222224,-1.5083995777777777,148.97,,2,299.53,26 / 28,110421,2019-09-08 10:09:37:045,-3.3343,-2.0643,10.0169,-0.0006,-0.0408,9.8065,0.0171,-0.2455,0.0621,-5.5,-27.62,14.19,354.35,-82.32,-164.53,6.613555555555555,1.0,52.403218422222224,-1.5083995777777777
52.40321973333334,-1.5084097666666667,148.97,,2,299.53,26 / 28,110521,2019-09-08 10:09:37:145,-3.2583,-3.2974,10.5682,-0.0159,-0.0188,9.8066,0.0118,-0.2641,0.0184,-5.75,-27.69,13.94,351.45,-81.94,-163.08,6.694333333333333,1.0,52.40321973333334,-1.5084097666666667
52.40322104444445,-1.5084199555555555,148.97,,2,299.53,26 / 28,110621,2019-09-08 10:09:37:245,-2.1852,-0.285,10.5266,-0.002,-0.0046,9.8066,-0.0184,-0.2402,0.0173,-5.75,-28.06,13.19,348.86,-81.83,-163.18,6.77511111111111,1.0,52.40322104444445,-1.5084199555555555
52.403222355555556,-1.5084301444444443,148.97,,2,299.53,26 / 28,110721,2019-09-08 10:09:37:345,-2.0362,-1.9197,10.1408,0.0094,-0.0383,9.8065,0.0024,-0.246,0.0488,-6.19,-27.75,13.0,349.08,-81.74,-162.98,6.855888888888888,1.0,52.403222355555556,-1.5084301444444443
52.40322366666667,-1.5084403333333334,148.97,,2,299.53,26 / 28,110821,2019-09-08 10:09:37:445,-0.976,-1.9704,10.1271,0.0119,-0.0415,9.8065,0.0271,-0.1961,0.0295,-6.19,-27.94,12.38,345.48,-81.19,-163.19,6.936666666666666,1.0,52.40322366666667,-1.5084403333333334
52.40322497777778,-1.5084505222222222,148.97,,2,299.53,24 / 26,110922,2019-09-08 10:09:37:546,-2.2578,-2.3128,10.3353,0.0185,-0.0258,9.8066,-0.1595,-0.132,-0.0228,-6.94,-27.81,12.69,343.01,-81.11,-163.58,7.017444444444443,1.0,52.40322497777778,-1.5084505222222222
52.40322628888889,-1.508460711111111,148.97,,2,299.53,24 / 26,111021,2019-09-08 10:09:37:645,-2.1556,-0.5632,10.59,0.0104,-0.0164,9.8065,-0.0665,-0.1588,0.0365,-6.87,-27.69,11.5,338.28,-80.94,-164.46,7.098222222222222,1.0,52.40322628888889,-1.508460711111111
52.4032276,-1.5084709,148.97,,2,299.53,24 / 26,111121,2019-09-08 10:09:37:745,-0.6675,-0.9268,9.1808,0.0015,-0.0046,9.8066,0.0036,-0.2141,0.0736,-7.56,-28.5,11.75,333.7,-80.88,-164.47,7.178999999999999,1.0,52.4032276,-1.5084709
52.403228911111114,-1.5084810888888889,148.97,,2,299.53,24 / 26,111221,2019-09-08 10:09:37:845,-0.1913,-0.4966,9.4982,0.0029,-0.0153,9.8066,-0.0439,-0.0772,-0.0593,-8.06,-28.87,10.56,329.56,-80.68,-163.98,7.259777777777777,1.0,52.403228911111114,-1.5084810888888889
52.40323022222223,-1.5084912777777777,148.97,,2,299.53,24 / 26,111321,2019-09-08 10:09:37:945,-0.439,-0.6453,9.9422,-0.0043,0.0098,9.8066,-0.0457,-0.1404,-0.0004,-7.75,-28.62,11.38,329.5,-80.7,-164.03,7.340555555555555,1.0,52.40323022222223,-1.5084912777777777
52.40323153333333,-1.5085014666666667,148.97,,2,299.53,24 / 26,111421,2019-09-08 10:09:38:045,-0.1643,-0.3885,9.7103,-0.0022,-0.0056,9.8066,-0.0618,-0.0498,-0.05,-8.44,-28.44,10.31,325.71,-80.81,-163.89,7.421333333333332,1.0,52.40323153333333,-1.5085014666666667
52.403232844444446,-1.5085116555555556,148.97,,2,299.53,24 / 26,111521,2019-09-08 10:09:38:145,0.3237,-0.7709999999999999,9.6521,0.003,0.0067,9.8066,0.0239,-0.0912,0.0254,-9.37,-28.94,9.81,320.78,-80.81,-164.24,7.502111111111111,1.0,52.403232844444446,-1.5085116555555556
52.40323415555556,-1.5085218444444444,148.97,,2,299.53,24 / 26,111621,2019-09-08 10:09:38:245,-0.0236,0.0031,9.8568,-0.0034,0.0045,9.8066,0.0278,-0.0264,-0.0109,-8.69,-28.62,10.13,319.81,-80.79,-164.91,7.582888888888888,1.0,52.40323415555556,-1.5085218444444444
52.40323546666667,-1.5085320333333332,148.97,,2,299.53,24 / 26,111721,2019-09-08 10:09:38:345,-0.0853,-0.5324,9.9637,0.019,0.0017,9.8066,-0.0201,0.0017,-0.0053,-9.31,-29.12,11.19,322.61,-80.67,-166.1,7.663666666666666,1.0,52.40323546666667,-1.5085320333333332
52.40323677777778,-1.5085422222222222,148.97,,2,299.53,24 / 26,111821,2019-09-08 10:09:38:445,0.3962,-0.0553,10.1316,0.009,-0.002,9.8066,-0.0107,0.0054,-0.0226,-9.44,-28.81,10.81,321.62,-80.62,-166.74,7.744444444444444,1.0,52.40323677777778,-1.5085422222222222
52.40323808888889,-1.508552411111111,148.97,,2,299.53,26 / 28,111922,2019-09-08 10:09:38:546,0.2423,1.4381,8.8852,-0.0241,0.0349,9.8065,0.1045,0.0032,-0.0419,-9.62,-29.25,11.31,317.6,-80.55,-167.18,7.825222222222221,1.0,52.40323808888889,-1.508552411111111
52.403239400000004,-1.5085625999999999,148.97,,2,299.53,26 / 28,112021,2019-09-08 10:09:38:645,0.2449,1.3534,8.8756,-0.0237,0.0043,9.8066,0.0313,0.0408,-0.0387,-9.44,-28.5,11.0,321.96,-80.75,-167.07,7.905999999999999,1.0,52.403239400000004,-1.5085625999999999
52.40324071111112,-1.508572788888889,148.97,,2,299.53,26 / 28,112122,2019-09-08 10:09:38:746,-0.8453,0.1217,9.9066,-0.0268,0.0008,9.8066,-0.0317,0.0299,-0.0282,-9.81,-28.44,10.44,315.55,-80.96,-166.43,7.986777777777777,1.0,52.40324071111112,-1.508572788888889
52.40324202222222,-1.5085829777777777,148.97,,2,299.53,26 / 28,112222,2019-09-08 10:09:38:846,-0.1774,1.0831,10.1088,-0.0254,0.0106,9.8066,0.0754,0.1107,-0.0603,-9.19,-28.62,10.38,320.28,-81.28,-165.29,8.067555555555554,1.0,52.40324202222222,-1.5085829777777777
52.403243333333336,-1.5085931666666665,148.97,,2,299.53,26 / 28,112321,2019-09-08 10:09:38:945,-1.027,0.6054,10.0928,-0.0307,0.0106,9.8065,0.1367,0.0453,-0.0355,-9.81,-28.37,11.06,323.64,-81.26,-163.96,8.148333333333332,1.0,52.403243333333336,-1.5085931666666665
52.40324464444445,-1.5086033555555556,148.97,,2,299.53,26 / 28,112421,2019-09-08 10:09:39:045,0.878,1.3951,9.9855,-0.0254,0.0131,9.8065,0.1477,0.1645,-0.0359,-8.75,-28.0,11.81,330.67,-81.07,-163.97,8.229111111111111,1.0,52.40324464444445,-1.5086033555555556
52.403245955555555,-1.5086135444444444,148.97,,2,299.53,26 / 28,112522,2019-09-08 10:09:39:146,1.5223,1.8006,9.3245,-0.0104,-0.0021,9.8066,0.0872,0.1111,0.0406,-8.69,-28.37,11.81,330.31,-80.93,-164.1,8.309888888888889,1.0,52.403245955555555,-1.5086135444444444
52.40324726666667,-1.5086237333333332,148.97,,2,299.53,26 / 28,112622,2019-09-08 10:09:39:246,1.9795,2.2967,9.5241,-0.023,0.0107,9.8065,0.0941,0.2879,-0.0903,-8.19,-28.31,11.94,335.79,-80.98,-163.06,8.390666666666666,1.0,52.40324726666667,-1.5086237333333332
52.40324857777778,-1.5086339222222223,148.97,,2,299.53,26 / 28,112721,2019-09-08 10:09:39:345,2.07,2.6305,10.0367,-0.0109,0.0142,9.8066,0.0252,0.2081,0.0434,-7.75,-28.0,11.88,335.64,-81.02,-163.21,8.471444444444444,1.0,52.40324857777778,-1.5086339222222223
52.403249888888894,-1.508644111111111,148.97,,2,299.53,24 / 26,112821,2019-09-08 10:09:39:445,1.1846,2.7509,9.9473,-0.0161,0.0051,9.8066,0.0697,0.3408,-0.0651,-7.62,-27.75,12.31,336.84,-81.18,-162.49,8.552222222222222,1.0,52.403249888888894,-1.508644111111111
52.4032512,-1.5086543,148.97,,2,299.53,24 / 26,112922,2019-09-08 10:09:39:546,1.6109,2.4527,10.133,-0.0156,-0.0023,9.8066,0.0821,0.3217,-0.0133,-7.06,-28.62,12.75,345.33,-81.19,-161.83,8.633,1.0,52.4032512,-1.5086543
52.40325251111111,-1.508664488888889,148.97,,2,299.53,24 / 26,113022,2019-09-08 10:09:39:646,2.6832,2.0716,9.4,-0.0066,-0.0068,9.8066,0.0397,0.3397,-0.0347,-7.75,-27.87,13.38,341.77,-81.17,-161.36,8.713777777777777,1.0,52.40325251111111,-1.508664488888889
52.403253822222226,-1.5086746777777778,148.97,,2,299.53,24 / 26,113122,2019-09-08 10:09:39:746,2.4767,2.4425,9.3802,-0.0167,0.0241,9.8065,0.0311,0.3339,-0.0438,-7.0,-28.81,13.19,346.54,-81.19,-160.98,8.794555555555554,1.0,52.403253822222226,-1.5086746777777778
52.40325513333334,-1.5086848666666666,148.97,,2,299.53,24 / 26,113222,2019-09-08 10:09:39:846,2.3763,2.3968,9.7947,-0.0143,0.0303,9.8065,0.0242,0.3762,-0.0501,-6.75,-27.87,13.75,350.79,-81.56,-160.14,8.875333333333332,1.0,52.40325513333334,-1.5086848666666666
52.403256444444445,-1.5086950555555554,148.97,,2,299.53,24 / 26,113322,2019-09-08 10:09:39:946,3.4511,2.6892,9.4565,-0.009,0.0328,9.8065,0.023,0.3449,-0.0157,-6.12,-28.31,13.94,355.36,-81.76,-160.17,8.95611111111111,1.0,52.403256444444445,-1.5086950555555554
52.40325775555556,-1.5087052444444444,148.97,,2,299.53,24 / 26,113422,2019-09-08 10:09:40:046,1.7491,3.0241,10.4684,-0.0192,0.0019,9.8066,0.0929,0.3802,-0.0454,-6.19,-27.62,14.81,359.26,-81.92,-158.75,9.036888888888887,1.0,52.40325775555556,-1.5087052444444444
52.40325906666667,-1.5087154333333332,148.97,,2,299.53,24 / 26,113522,2019-09-08 10:09:40:146,2.4076,1.0722,8.8334,0.0163,-0.0289999999999999,9.8065,-0.0662,0.3092,0.0029,-5.62,-28.31,15.44,358.64,-81.65,-159.2,9.117666666666665,1.0,52.40325906666667,-1.5087154333333332
52.403260377777784,-1.508725622222222,148.97,,2,299.53,24 / 26,113621,2019-09-08 10:09:40:245,3.4578,2.3617,9.1398,-0.0037,0.0093,9.8066,0.0086,0.483,-0.1187,-5.87,-27.87,16.56,2.18,-81.67,-158.89,9.198444444444444,1.0,52.403260377777784,-1.508725622222222
52.40326168888889,-1.508735811111111,148.97,,2,299.53,24 / 26,113721,2019-09-08 10:09:40:345,3.0397,1.5409,9.582,-0.0098,-0.0078,9.8066,-0.077,0.4919,-0.0782,-5.69,-28.0,17.44,1.62,-81.68,-159.32,9.279222222222222,1.0,52.40326168888889,-1.508735811111111
52.403263,-1.508746,151.7,9.36,4,279.13,26 / 28,113822,2019-09-08 10:09:40:446,3.2886,2.5547,10.5065,-0.0094,-0.0096,9.8066,-0.0623,0.4691,-0.0106,-5.12,-27.37,17.25,7.36,-81.73,-157.93,9.36,1.0,52.403263,-1.508746
52.403258461538464,-1.5087621758241758,151.7,,4,279.13,26 / 28,113921,2019-09-08 10:09:40:545,2.7255,1.8958,9.8201,-0.0101,0.0035,9.8066,0.0818,0.4276,-0.0364,-5.56,-28.0,19.25,6.5,-81.75,-157.35,9.428021978021977,1.0,52.403258461538464,-1.5087621758241758
52.403253923076925,-1.5087783516483515,151.7,,4,279.13,26 / 28,114022,2019-09-08 10:09:40:646,2.8025,1.8959,9.3583,-0.0114,0.0144,9.8066,0.1324,0.4647,-0.0971,-5.44,-27.44,19.56,11.48,-81.68,-156.77,9.496043956043955,1.0,52.403253923076925,-1.5087783516483515
52.403249384615386,-1.5087945274725274,151.7,,4,279.13,26 / 28,114121,2019-09-08 10:09:40:745,3.4376,1.4723,9.8455,0.0041,-0.004,9.8066,-0.0209,0.3767,-0.0089,-5.12,-27.75,20.56,10.82,-81.63,-157.93,9.564065934065933,1.0,52.403249384615386,-1.5087945274725274
52.40324484615385,-1.5088107032967033,151.7,,4,279.13,26 / 28,114221,2019-09-08 10:09:40:845,3.157,1.3375,10.4126,-0.0032,-0.008,9.8066,-0.0404,0.4557,-0.0962,-5.37,-26.69,21.5,11.99,-81.63,-157.4,9.632087912087911,1.0,52.40324484615385,-1.5088107032967033
52.40324030769231,-1.508826879120879,151.7,,4,279.13,26 / 28,114322,2019-09-08 10:09:40:946,3.1308,1.5364,9.5781,0.0039,0.0096,9.8066,0.0969999999999999,0.429,-0.1211,-5.31,-26.81,21.69,11.05,-81.68,-158.16,9.70010989010989,1.0,52.40324030769231,-1.508826879120879
52.40323576923077,-1.5088430549450549,151.7,,4,279.13,26 / 28,114422,2019-09-08 10:09:41:046,4.0912,1.289,9.1376,-0.0009,-0.0044,9.8066,0.0339,0.4039999999999999,-0.0386,-4.81,-26.94,22.25,10.64,-81.59,-158.52,9.768131868131867,1.0,52.40323576923077,-1.5088430549450549
52.40323123076924,-1.5088592307692308,151.7,,4,279.13,26 / 28,114521,2019-09-08 10:09:41:145,2.7443,0.4663,8.7703,-0.0013,0.0401,9.8065,-0.1371,0.4655,-0.0914,-5.75,-26.69,23.19,9.9,-81.43,-157.26,9.836153846153845,1.0,52.40323123076924,-1.5088592307692308
52.4032266923077,-1.5088754065934065,151.7,,4,279.13,26 / 28,114622,2019-09-08 10:09:41:246,3.5784,1.1873,9.6833,-0.0095,0.0368,9.8065,-0.0372,0.3674,-0.0215,-5.75,-27.37,23.38,10.38,-81.9,-156.75,9.904175824175823,1.0,52.4032266923077,-1.5088754065934065
52.40322215384616,-1.5088915824175824,151.7,,4,279.13,26 / 28,114722,2019-09-08 10:09:41:346,5.6979,-0.3034,9.6943,0.0125,-0.0032,9.8066,-0.1317,0.2846,-0.0711,-5.12,-27.06,24.06,13.03,-82.24,-157.24,9.972197802197801,1.0,52.40322215384616,-1.5088915824175824
52.40321761538462,-1.5089077582417583,151.7,,4,279.13,25 / 27,114822,2019-09-08 10:09:41:446,4.2781,1.6945,9.8216,-0.0052,0.004,9.8066,-0.0851,0.4387,-0.1876,-5.81,-26.56,24.69,12.71,-82.38,-155.66,10.040219780219779,1.0,52.40321761538462,-1.5089077582417583
52.40321307692308,-1.508923934065934,151.7,,4,279.13,25 / 27,114922,2019-09-08 10:09:41:546,2.9001,0.687,10.0534,-0.0096,-0.0075,9.8065,0.0984,0.3562,-0.0897,-5.25,-26.0,25.13,14.81,-82.26,-156.02,10.108241758241759,1.0,52.40321307692308,-1.508923934065934
52.40320853846154,-1.5089401098901098,151.7,,4,279.13,25 / 27,115021,2019-09-08 10:09:41:645,2.4631,-0.7702,10.0332,-0.0145,-0.0258,9.8065,0.0338,0.3416,-0.0664,-5.75,-27.12,25.94,14.07,-81.93,-155.05,10.176263736263737,1.0,52.40320853846154,-1.5089401098901098
52.403204,-1.5089562857142857,151.7,,4,279.13,25 / 27,115122,2019-09-08 10:09:41:746,2.9327,-0.7186,9.5288,-0.0015,0.0148,9.8066,-0.0118,0.2932,0.0136,-5.94,-26.81,26.13,14.28,-81.87,-154.89,10.244285714285715,1.0,52.403204,-1.5089562857142857
52.40319946153846,-1.5089724615384614,151.7,,4,279.13,25 / 27,115221,2019-09-08 10:09:41:845,2.607,0.9349,10.1061,-0.0124,0.0228,9.8066,-0.0565,0.3421,-0.0329,-5.62,-27.12,26.75,16.37,-82.07,-153.42,10.312307692307693,1.0,52.40319946153846,-1.5089724615384614
52.403194923076924,-1.5089886373626373,151.7,,4,279.13,25 / 27,115321,2019-09-08 10:09:41:945,2.2771,0.0014,9.5512,-0.0009,0.0254,9.8066,0.0507,0.2959,-0.0133,-5.69,-26.94,26.75,17.43,-82.33,-152.43,10.38032967032967,1.0,52.403194923076924,-1.5089886373626373
52.403190384615385,-1.5090048131868132,151.7,,4,279.13,25 / 27,115421,2019-09-08 10:09:42:045,1.68,-0.8721,10.2042,-0.0026,0.0056,9.8066,0.1362,0.2314,0.0058,-5.62,-27.69,27.75,18.02,-82.29,-152.36,10.448351648351649,1.0,52.403190384615385,-1.5090048131868132
52.403185846153846,-1.509020989010989,151.7,,4,279.13,25 / 27,115521,2019-09-08 10:09:42:145,1.9818,0.2779,9.7167,-0.0021,-0.0295,9.8065,-0.0811,0.2721,-0.0153,-5.44,-27.25,27.81,19.78,-82.31,-152.73,10.516373626373626,1.0,52.403185846153846,-1.509020989010989
52.40318130769231,-1.5090371648351648,151.7,,4,279.13,25 / 27,115622,2019-09-08 10:09:42:246,2.2545,-1.8327,9.0877,-0.0174,-0.0029,9.8065,-0.1371,0.21,0.0128,-5.81,-27.37,28.88,18.88,-82.12,-151.92,10.584395604395604,1.0,52.40318130769231,-1.5090371648351648
52.40317676923077,-1.5090533406593407,151.7,,4,279.13,25 / 27,115723,2019-09-08 10:09:42:347,1.0944,-1.2568,9.3501,-0.0239,0.0219,9.8065,0.155,0.3058,-0.2192,-6.12,-27.56,29.19,19.53,-82.27,-151.38,10.652417582417582,1.0,52.40317676923077,-1.5090533406593407
52.403172230769236,-1.5090695164835164,151.7,,4,279.13,24 / 27,115822,2019-09-08 10:09:42:446,0.2978,-1.5071,10.0871,0.0193,0.0102,9.8066,0.047,-0.044,0.0091,-4.87,-27.62,28.69,22.38,-82.56,-150.7,10.72043956043956,1.0,52.403172230769236,-1.5090695164835164
52.4031676923077,-1.5090856923076923,151.7,,4,279.13,24 / 27,115921,2019-09-08 10:09:42:545,1.1085,-3.6224,10.4376,0.0309,-0.0222,9.8065,-0.2149,-0.0704,0.1048,-5.5,-27.81,30.0,20.92,-82.64,-152.19,10.788461538461538,1.0,52.4031676923077,-1.5090856923076923
52.40316315384616,-1.5091018681318682,151.7,,4,279.13,24 / 27,116021,2019-09-08 10:09:42:645,0.6406,-0.951,9.3023,0.0238,-0.0504,9.8065,-0.2004,0.1081,-0.1146,-5.5,-27.56,30.38,20.52,-82.76,-152.5,10.856483516483516,1.0,52.40316315384616,-1.5091018681318682
52.40315861538462,-1.5091180439560439,151.7,,4,279.13,24 / 27,116121,2019-09-08 10:09:42:745,2.8266,-1.43,8.3919,0.025,0.036,9.8065,-0.0667,0.0184,0.0688,-5.87,-27.06,30.5,17.52,-82.94,-153.46,10.924505494505494,1.0,52.40315861538462,-1.5091180439560439
52.40315407692308,-1.5091342197802198,151.7,,4,279.13,24 / 27,116222,2019-09-08 10:09:42:846,2.5618,-1.2699,8.8514,0.0226,0.0078,9.8066,-0.2422,0.095,-0.0224,-5.12,-26.12,30.75,17.57,-83.2,-155.08,10.992527472527472,1.0,52.40315407692308,-1.5091342197802198
52.40314953846154,-1.5091503956043955,151.7,,4,279.13,24 / 27,116321,2019-09-08 10:09:42:945,1.0455,-4.3735,10.2661,-0.0001,-0.0174,9.8066,0.1105,0.1137,-0.053,-5.69,-27.06,30.69,14.15,-83.31,-156.39,11.06054945054945,1.0,52.40314953846154,-1.5091503956043955
52.403145,-1.5091665714285714,151.7,,4,279.13,24 / 27,116421,2019-09-08 10:09:43:045,0.1922,-1.4055,10.875,0.0053,0.0081,9.8066,0.1708,-0.0211,-0.0085,-5.69,-26.06,30.25,13.13,-83.33,-156.93,11.128571428571428,1.0,52.403145,-1.5091665714285714
52.40314046153846,-1.5091827472527473,151.7,,4,279.13,24 / 27,116522,2019-09-08 10:09:43:146,3.2060000000000004,-8.2137,8.2629,0.0072,0.0222,9.8066,-0.0944,0.0226,0.0176,-5.69,-26.0,30.38,13.63,-83.51,-156.44,11.196593406593406,1.0,52.40314046153846,-1.5091827472527473
52.403135923076924,-1.509198923076923,151.7,,4,279.13,24 / 27,116621,2019-09-08 10:09:43:245,2.0811,-2.5558,9.2917,-0.0311,0.0076,9.8065,-0.1074,0.1228,-0.1315,-6.37,-25.87,30.19,15.46,-83.37,-154.83,11.264615384615384,1.0,52.403135923076924,-1.509198923076923
52.403131384615385,-1.5092150989010988,151.7,,4,279.13,24 / 27,116721,2019-09-08 10:09:43:345,0.8947,-0.4795,10.0584,0.0129,-0.0222,9.8065,0.1042,0.1505,-0.1268,-7.19,-26.5,29.88,14.99,-83.62,-153.36,11.332637362637362,1.0,52.403131384615385,-1.5092150989010988
52.403126846153846,-1.5092312747252747,151.7,,4,279.13,24 / 27,116821,2019-09-08 10:09:43:445,-0.3722,0.7116,10.2321,0.0024,-0.0308,9.8065,-0.0708,-0.0064,-0.0709,-6.37,-27.19,30.06,17.51,-83.67,-152.96,11.40065934065934,1.0,52.403126846153846,-1.5092312747252747
52.40312230769231,-1.5092474505494504,151.7,,4,279.13,24 / 27,116922,2019-09-08 10:09:43:546,0.5975,1.4889,10.3266,-0.0223,0.0025,9.8065,0.0657,-0.0066,0.093,-5.87,-26.19,30.25,16.36,-83.84,-153.89,11.468681318681318,1.0,52.40312230769231,-1.5092474505494504
52.40311776923077,-1.5092636263736263,151.7,,4,279.13,24 / 27,117021,2019-09-08 10:09:43:645,-2.1441,-0.1534,10.0335,0.0292,0.0182,9.8066,0.0621,0.1858,-0.2458,-6.44,-26.37,30.13,15.09,-83.85,-155.04,11.536703296703298,1.0,52.40311776923077,-1.5092636263736263
52.403113230769236,-1.5092798021978022,151.7,,4,279.13,24 / 27,117122,2019-09-08 10:09:43:746,0.7238,-0.0293,11.05,0.0,-0.0184,9.8066,-0.0027,-0.0619,0.1022,-6.62,-27.44,30.5,12.9,-83.74,-155.64,11.604725274725276,1.0,52.403113230769236,-1.5092798021978022
52.4031086923077,-1.509295978021978,151.7,,4,279.13,24 / 27,117221,2019-09-08 10:09:43:845,-1.2295,0.6801,10.6493,0.0305,0.0018,9.8065,0.1388,0.0552,-0.0271,-6.06,-27.25,30.06,12.81,-83.97,-157.12,11.672747252747254,1.0,52.4031086923077,-1.509295978021978
52.40310415384616,-1.5093121538461538,151.7,,4,279.13,24 / 27,117321,2019-09-08 10:09:43:945,-1.0435,-2.0504,10.6351,-0.0021,-0.0151,9.8065,0.1182,0.0042,0.0908,-6.81,-27.19,30.5,12.8,-84.08,-155.66,11.740769230769232,1.0,52.40310415384616,-1.5093121538461538
52.40309961538462,-1.5093283296703297,151.7,,4,279.13,24 / 27,117421,2019-09-08 10:09:44:045,1.4616,1.4532,9.4499,0.0314,-0.0141,9.8065,-0.0202,-0.0601,-0.0177,-6.62,-26.31,30.75,10.15,-83.96,-158.05,11.80879120879121,1.0,52.40309961538462,-1.5093283296703297
52.40309507692308,-1.5093445054945054,151.7,,4,279.13,24 / 27,117521,2019-09-08 10:09:44:145,-0.3681,-1.992,10.1107,-0.0015,-0.0015,9.8066,-0.0105,-0.1111,0.0176,-6.56,-26.56,30.5,10.16,-83.77,-158.11,11.876813186813187,1.0,52.40309507692308,-1.5093445054945054
52.40309053846154,-1.5093606813186813,151.7,,4,279.13,24 / 27,117621,2019-09-08 10:09:44:245,-1.4723,-0.0072,10.245,0.0111,0.0127,9.8066,0.0137,0.0257,-0.0752,-5.62,-26.19,29.31,10.42,-83.76,-158.94,11.944835164835165,1.0,52.40309053846154,-1.5093606813186813
52.403086,-1.5093768571428572,151.7,,4,279.13,24 / 27,117721,2019-09-08 10:09:44:345,1.344,-0.5212,10.745,0.0223,-0.0198,9.8066,0.0553,-0.0116,-0.0163,-5.81,-26.87,30.25,9.0,-83.82,-160.59,12.012857142857143,1.0,52.403086,-1.5093768571428572
52.40308146153846,-1.5093930329670329,151.7,,4,279.13,25 / 27,117822,2019-09-08 10:09:44:446,-1.8833,1.8942,9.9441,0.0245,-0.0357,9.8065,0.0472,0.0855,-0.0213,-4.75,-26.62,30.0,9.29,-83.87,-162.18,12.080879120879121,1.0,52.40308146153846,-1.5093930329670329
52.403076923076924,-1.5094092087912088,151.7,,4,279.13,25 / 27,117921,2019-09-08 10:09:44:545,-0.3097,-1.0064,10.6038,0.0136,0.0044,9.8066,0.068,-0.0327,0.0837,-4.75,-26.62,30.5,9.7,-83.93,-162.07,12.1489010989011,1.0,52.403076923076924,-1.5094092087912088
52.403072384615385,-1.5094253846153847,151.7,,4,279.13,25 / 27,118021,2019-09-08 10:09:44:645,-1.2229,-1.6973,10.0007,0.0259,-0.0325,9.8065,-0.1037,-0.0407,-0.0406,-5.44,-27.06,29.94,6.27,-83.92,-164.89,12.216923076923077,1.0,52.403072384615385,-1.5094253846153847
52.403067846153846,-1.5094415604395603,151.7,,4,279.13,25 / 27,118121,2019-09-08 10:09:44:745,-1.4967,-0.7238,9.9766,-0.0069,0.0193,9.8066,-0.0208,0.027,0.0179,-4.62,-26.94,30.81,7.12,-84.06,-164.39,12.284945054945055,1.0,52.403067846153846,-1.5094415604395603
52.40306330769231,-1.5094577362637362,151.7,,4,279.13,25 / 27,118221,2019-09-08 10:09:44:845,-1.5232,-2.3773,9.1783,0.0088,-0.0264,9.8066,-0.1604,0.0846,0.0054,-4.37,-26.75,30.38,7.85,-83.84,-165.35,12.352967032967033,1.0,52.40306330769231,-1.5094577362637362
52.40305876923077,-1.5094739120879122,151.7,,4,279.13,25 / 27,118322,2019-09-08 10:09:44:946,-2.3252,0.5493,10.4828,-0.0004,0.0215,9.8065,-0.1274,-0.1008,0.1011,-4.5,-27.06,30.69,8.89,-83.8,-164.64,12.420989010989011,1.0,52.40305876923077,-1.5094739120879122
52.403054230769236,-1.5094900879120878,151.7,,4,279.13,25 / 27,118421,2019-09-08 10:09:45:045,-1.6636,-1.1363,10.4608,-0.0064,-0.0219,9.8066,-0.1619,-0.1497,0.0169,-4.44,-26.75,30.38,7.69,-83.75,-165.51,12.489010989010989,1.0,52.403054230769236,-1.5094900879120878
52.4030496923077,-1.5095062637362637,151.7,,4,279.13,25 / 27,118521,2019-09-08 10:09:45:145,-1.2505,-1.5001,9.4314,-0.0066,0.0273,9.8066,-0.0153,-0.1091,0.1013,-4.5,-26.19,30.69,6.4,-83.59,-166.88,12.557032967032967,1.0,52.4030496923077,-1.5095062637362637
52.40304515384616,-1.5095224395604396,151.7,,4,279.13,25 / 27,118622,2019-09-08 10:09:45:246,-0.4764,2.0933,10.9329,0.0091,0.0142,9.8066,0.2524,-0.2396,-0.0097,-4.62,-26.56,30.31,3.04,-83.68,-167.82,12.625054945054945,1.0,52.40304515384616,-1.5095224395604396
52.40304061538462,-1.5095386153846153,151.7,,4,279.13,25 / 27,118722,2019-09-08 10:09:45:346,-3.5558,4.6713,11.6861,-0.0072,-0.0708,9.8064,0.289,-0.1131,-0.0139,-4.25,-26.37,30.19,2.9,-83.2,-169.82,12.693076923076923,1.0,52.40304061538462,-1.5095386153846153
52.40303607692308,-1.5095547912087912,151.7,,4,279.13,25 / 27,118822,2019-09-08 10:09:45:446,-1.8623,-2.3307,10.1825,0.0052,-0.0799,9.8063,-0.1536,-0.0706,-0.0131,-4.75,-26.19,30.5,0.46,-82.98,-170.42,12.7610989010989,1.0,52.40303607692308,-1.5095547912087912
52.40303153846154,-1.5095709670329671,151.7,,4,279.13,25 / 27,118922,2019-09-08 10:09:45:546,-1.4957,-0.7115,9.9548,0.0203,-0.0061,9.8066,-0.0381,-0.3307,0.0196,-4.56,-26.25,29.63,358.76,-83.08,-171.64,12.829120879120879,1.0,52.40303153846154,-1.5095709670329671
52.403027,-1.5095871428571428,151.7,,4,279.13,25 / 27,119022,2019-09-08 10:09:45:646,-0.6849,-3.3872,8.4157,0.0027,0.0087,9.8066,0.0911,-0.1599,-0.0495,-4.31,-26.56,29.44,357.94,-83.04,-173.96,12.897142857142857,1.0,52.403027,-1.5095871428571428
52.40302246153846,-1.5096033186813187,151.7,,4,279.13,25 / 27,119122,2019-09-08 10:09:45:746,-3.4948,-1.6202,10.0978,0.0036,-0.0256,9.8065,0.1055,-0.2072,0.1864,-3.62,-26.37,29.13,358.05,-83.16,-173.87,12.965164835164835,1.0,52.40302246153846,-1.5096033186813187
52.40301792307692,-1.5096194945054946,151.7,,4,279.13,25 / 27,119222,2019-09-08 10:09:45:846,1.3059,-1.3671,10.2404,0.0024,-0.0428,9.8065,0.1372,-0.3777,0.2829,-4.37,-26.56,29.31,356.53,-82.92,-175.19,13.033186813186814,1.0,52.40301792307692,-1.5096194945054946
52.403013384615384,-1.5096356703296703,151.7,,4,279.13,25 / 27,119321,2019-09-08 10:09:45:945,-4.993,-0.5187,9.0104,-0.0094,-0.0389,9.8065,0.1461,0.0105,-0.03,-3.5,-26.37,29.81,356.85,-82.59,-177.06,13.101208791208792,1.0,52.403013384615384,-1.5096356703296703
52.403008846153845,-1.5096518461538462,151.7,,4,279.13,25 / 27,119422,2019-09-08 10:09:46:046,-4.2731,-1.0209,10.7416,0.0406,-0.0114,9.8065,0.0134,-0.1758,-0.0892,-3.62,-26.19,30.0,352.04,-82.42,-179.4,13.16923076923077,1.0,52.403008846153845,-1.5096518461538462
52.403004307692306,-1.509668021978022,151.7,,4,279.13,25 / 27,119521,2019-09-08 10:09:46:145,-0.1977,2.7347,12.3091,0.0126,-0.0008,9.8066,0.017,-0.0534,-0.0514,-3.87,-26.19,30.19,351.89,-82.13,-179.49,13.237252747252748,1.0,52.403004307692306,-1.509668021978022
52.40299976923077,-1.5096841978021978,151.7,,4,279.13,25 / 27,119621,2019-09-08 10:09:46:245,-5.7376,0.1241,10.7757,-0.0356,-0.0429,9.8065,0.0198,-0.1142,-0.0096,-4.19,-25.5,29.88,353.41,-81.67,-178.14,13.305274725274726,1.0,52.40299976923077,-1.5096841978021978
52.402995230769235,-1.5097003736263737,151.7,,4,279.13,25 / 27,119722,2019-09-08 10:09:46:346,0.8034,0.476,9.9929,-0.0168,-0.069,9.8063,0.168,-0.0138,0.0407,-4.19,-26.19,30.25,349.44,-81.59,178.47,13.373296703296704,1.0,52.402995230769235,-1.5097003736263737
52.4029906923077,-1.5097165494505496,151.7,,4,279.13,24 / 26,119821,2019-09-08 10:09:46:445,-3.2504,1.6648,10.4911,0.0312,-0.0594,9.8064,0.0364,-0.0698,-0.163,-4.56,-26.56,29.88,349.06,-81.13,-179.86,13.441318681318682,1.0,52.4029906923077,-1.5097165494505496
52.40298615384616,-1.5097327252747252,151.7,,4,279.13,24 / 26,119921,2019-09-08 10:09:46:545,-1.7638,-0.4075,10.4366,-0.0073,0.0255,9.8066,-0.0854,-0.2306,0.0467,-5.0,-26.31,29.44,348.09,-81.44,179.56,13.50934065934066,1.0,52.40298615384616,-1.5097327252747252
52.40298161538462,-1.5097489010989011,151.7,,4,279.13,24 / 26,120022,2019-09-08 10:09:46:646,-1.6879,-3.7079,11.0822,0.0018,0.0358,9.8066,0.1896,-0.0647,-0.1052,-4.5,-26.5,29.06,349.64,-81.36,178.98,13.577362637362638,1.0,52.40298161538462,-1.5097489010989011
52.40297707692308,-1.509765076923077,151.7,,4,279.13,24 / 26,120121,2019-09-08 10:09:46:745,-1.3682,-2.2357,8.5927,0.0187,-0.0491,9.8064,-0.294,-0.2967,0.1784,-4.31,-26.19,29.44,348.04,-81.33,177.62,13.645384615384616,1.0,52.40297707692308,-1.509765076923077
52.40297253846154,-1.5097812527472527,151.7,,4,279.13,24 / 26,120221,2019-09-08 10:09:46:845,-2.0968,0.7526,11.1313,0.0215,-0.0422,9.8065,-0.3142,0.2102,-0.1676,-4.0,-25.75,28.81,346.71,-80.84,176.59,13.713406593406594,1.0,52.40297253846154,-1.5097812527472527
52.402968,-1.5097974285714286,151.7,,4,279.13,24 / 26,120321,2019-09-08 10:09:46:945,-6.0223,0.1421,9.9225,-0.0004,0.1429,9.8055,-0.022,-0.2515,0.3061,-3.31,-25.25,28.69,347.99,-80.27,175.79,13.781428571428572,1.0,52.402968,-1.5097974285714286
52.40296346153846,-1.5098136043956045,151.7,,4,279.13,24 / 26,120421,2019-09-08 10:09:47:045,-2.2637,-1.5322,9.5454,0.0453,0.1645,9.8051,0.3178,-0.2382,-0.0574,-3.19,-25.06,29.13,341.2,-80.59,169.93,13.84945054945055,1.0,52.40296346153846,-1.5098136043956045
52.40295892307692,-1.5098297802197802,151.7,,4,279.13,24 / 26,120521,2019-09-08 10:09:47:145,-0.6122,-3.771,10.4476,0.0133,-0.149,9.8054,0.5137,-0.1767,0.1313,-3.25,-25.31,29.38,343.9,-79.53,172.54,13.917472527472528,1.0,52.40295892307692,-1.5098297802197802
52.402954384615384,-1.509845956043956,151.7,,4,279.13,24 / 26,120621,2019-09-08 10:09:47:245,-1.2276,-1.0944,9.569,0.017,-0.1301,9.8057,-0.358,0.0121,-0.0563,-2.87,-25.75,28.94,343.49,-79.49,172.31,13.985494505494506,1.0,52.402954384615384,-1.509845956043956
52.402949846153845,-1.5098621318681318,151.7,,4,279.13,24 / 26,120722,2019-09-08 10:09:47:346,-3.1519,2.4054,9.8752,-0.0208,0.0542,9.8064,-0.1341,-0.0315,0.0082,-3.44,-26.0,28.38,343.96,-79.67,172.95,14.053516483516484,1.0,52.402949846153845,-1.5098621318681318
52.402945307692306,-1.5098783076923077,151.7,,4,279.13,26 / 28,120821,2019-09-08 10:09:47:445,-3.2332,-4.5592,11.4013,-0.0035,0.0376,9.8065,-0.1226,-0.0148,0.0698,-3.0,-25.75,29.19,344.8,-79.75,173.32,14.121538461538462,1.0,52.402945307692306,-1.5098783076923077
52.40294076923077,-1.5098944835164836,151.7,,4,279.13,26 / 28,120921,2019-09-08 10:09:47:545,-2.5875,1.6286,9.3667,0.0279999999999999,0.0164,9.8065,-0.1699,-0.2338,0.0635,-3.12,-25.5,28.63,342.47,-79.56,171.33,14.18956043956044,1.0,52.40294076923077,-1.5098944835164836
52.402936230769235,-1.5099106593406593,151.7,,4,279.13,26 / 28,121022,2019-09-08 10:09:47:646,-6.3089,0.9759,10.3715,-0.0078,0.0087,9.8066,0.4212,-0.0571,-0.0615,-2.94,-25.69,28.13,341.67,-79.69,171.05,14.257582417582418,1.0,52.402936230769235,-1.5099106593406593
52.402931692307696,-1.5099268351648352,151.7,,4,279.13,26 / 28,121121,2019-09-08 10:09:47:745,-3.9586,0.0422,10.087,-0.0239,-0.1141,9.8059,0.4095,-0.1238,-0.0099,-3.25,-25.44,27.94,343.27,-80.15,172.13,14.325604395604396,1.0,52.402931692307696,-1.5099268351648352
52.40292715384616,-1.509943010989011,151.7,,4,279.13,26 / 28,121221,2019-09-08 10:09:47:845,-0.1963,-1.3768,8.4555,-0.0221,-0.1259,9.8058,-0.6488,-0.3012,0.2294,-3.19,-25.62,27.0,347.71,-79.41,176.4,14.393626373626374,1.0,52.40292715384616,-1.509943010989011
52.40292261538462,-1.5099591868131867,151.7,,4,279.13,26 / 28,121322,2019-09-08 10:09:47:946,-1.2001,-0.6324,8.9964,-0.0045,0.0955,9.8062,-0.3832,-0.0948,-0.064,-3.37,-25.81,27.75,348.63,-79.31,176.87,14.461648351648353,1.0,52.40292261538462,-1.5099591868131867
52.40291807692308,-1.5099753626373627,151.7,,4,279.13,26 / 28,121421,2019-09-08 10:09:48:045,-4.5353,0.557,8.8467,-0.0064,0.0679,9.8063,0.3129,-0.0268,-0.0591,-3.0,-26.75,27.63,348.31,-79.81,176.57,14.529670329670331,1.0,52.40291807692308,-1.5099753626373627
52.40291353846154,-1.5099915384615386,151.7,,4,279.13,26 / 28,121521,2019-09-08 10:09:48:145,-1.9304,-1.3727,9.9977,0.0044,-0.0394,9.8065,0.1313,-0.132,0.0046,-2.87,-26.75,27.63,347.79,-79.74,176.17,14.59769230769231,1.0,52.40291353846154,-1.5099915384615386
52.402909,-1.5100077142857142,151.7,,4,279.13,26 / 28,121621,2019-09-08 10:09:48:245,-2.9466,0.5908,8.716000000000001,0.0197,-0.0073,9.8065,-0.1039,-0.0933,-0.0563,-3.19,-27.06,26.88,346.62,-79.95,175.46,14.665714285714287,1.0,52.402909,-1.5100077142857142
52.40290446153846,-1.5100238901098901,151.7,,4,279.13,26 / 28,121721,2019-09-08 10:09:48:345,-3.2977,-1.7738,10.0403,-0.0064,0.0291,9.8066,-0.0953,-0.1449,0.0219,-3.37,-26.25,26.5,346.52,-80.15,175.24,14.733736263736265,1.0,52.40290446153846,-1.5100238901098901
52.40289992307692,-1.510040065934066,151.7,,4,279.13,26 / 28,121821,2019-09-08 10:09:48:445,-2.0847,-1.1023,9.2875,-0.001,0.0084,9.8066,0.0837,-0.0397,-0.0062,-3.06,-25.87,26.0,345.88,-80.23,175.02,14.801758241758243,1.0,52.40289992307692,-1.510040065934066
52.402895384615384,-1.5100562417582417,151.7,,4,279.13,24 / 26,121921,2019-09-08 10:09:48:545,-1.4418,0.0822,9.8246,-0.0028,-0.0079,9.8066,-0.1705,-0.1287,0.0361,-3.19,-26.25,25.94,345.61,-80.22,174.8,14.869780219780221,1.0,52.402895384615384,-1.5100562417582417
52.402890846153845,-1.5100724175824176,151.7,,4,279.13,24 / 26,122022,2019-09-08 10:09:48:646,-3.2466,0.1309,9.684,0.0022,0.0068,9.8066,0.1174,-0.1539,0.0678,-2.69,-26.56,25.5,346.01,-80.23,175.21,14.937802197802199,1.0,52.402890846153845,-1.5100724175824176
52.402886307692306,-1.5100885934065935,151.7,,4,279.13,24 / 26,122121,2019-09-08 10:09:48:745,-1.7001,1.4242,10.7243,0.0053,0.0175,9.8066,0.0548,-0.1494,0.0212,-2.62,-26.87,25.31,344.53,-80.41,174.31,15.005824175824177,1.0,52.402886307692306,-1.5100885934065935
52.40288176923077,-1.5101047692307692,151.7,,4,279.13,24 / 26,122221,2019-09-08 10:09:48:845,-1.3947,0.7040000000000001,10.2585,0.0108,-0.0148,9.8066,-0.0803,-0.0611,-0.0373,-2.69,-27.31,25.25,343.56,-80.36,173.54,15.073846153846155,1.0,52.40288176923077,-1.5101047692307692
52.402877230769235,-1.510120945054945,151.7,,4,279.13,24 / 26,122321,2019-09-08 10:09:48:945,-0.5686,0.5785,8.4166,-0.0162,-0.0032,9.8065,0.2736,-0.3021,0.2013,-2.69,-26.62,24.94,344.47,-80.44,174.25,15.141868131868133,1.0,52.402877230769235,-1.510120945054945
52.402872692307696,-1.510137120879121,151.7,,4,279.13,24 / 26,122422,2019-09-08 10:09:49:046,-1.8013,-0.7581,9.9871,-0.0234,0.0092,9.8065,0.1379,-0.059,0.0082,-2.62,-27.19,24.63,344.76,-80.46,174.49,15.209890109890111,1.0,52.402872692307696,-1.510137120879121
52.40286815384616,-1.5101532967032967,151.7,,4,279.13,24 / 26,122521,2019-09-08 10:09:49:145,-2.1846,-0.544,10.3432,-0.0043,-0.0286,9.8066,-0.0418,-0.2002,0.0401,-3.19,-27.19,23.81,346.68,-80.54,176.4,15.277912087912089,1.0,52.40286815384616,-1.5101532967032967
52.40286361538462,-1.5101694725274726,151.7,,4,279.13,24 / 26,122622,2019-09-08 10:09:49:246,-0.9133,0.6568,9.3004,-0.0137,0.0137,9.8066,-0.087,-0.0686,-0.1044,-2.44,-26.75,24.06,350.21,-80.79,176.85,15.345934065934067,1.0,52.40286361538462,-1.5101694725274726
52.40285907692308,-1.5101856483516485,151.7,,4,279.13,24 / 26,122722,2019-09-08 10:09:49:346,-2.717,-0.7567,10.1306,-0.0138,0.0114,9.8066,-0.0471,-0.1559,-0.003,-2.81,-27.0,23.06,348.67,-80.99,178.29,15.413956043956045,1.0,52.40285907692308,-1.5101856483516485
52.40285453846154,-1.5102018241758242,151.7,,4,279.13,24 / 26,122822,2019-09-08 10:09:49:446,-3.9438,0.5912,10.5704,-0.0192,-0.0197,9.8065,0.0489,-0.1388,0.0191,-2.94,-26.94,22.81,347.98,-80.95,177.74,15.481978021978023,1.0,52.40285453846154,-1.5102018241758242
52.40285,-1.510218,151.23,15.55,3,264.79,25 / 27,122921,2019-09-08 10:09:49:545,-2.4791,-1.2769,8.7792,0.0232,0.0034,9.8066,-0.0328,-0.2307,0.2677,-2.94,-27.31,22.94,348.9,-80.9,178.5,15.55,1.0,52.40285,-1.510218
52.40285055555556,-1.5102441777777778,151.23,,3,264.79,25 / 27,123022,2019-09-08 10:09:49:646,1.4996,-2.1139,9.976,-0.0418,-0.0546,9.8063,-0.2663,0.1939999999999999,-0.2943,-3.25,-27.31,22.06,349.81,-80.78,179.68,15.58674157303371,1.0,52.40285055555556,-1.5102441777777778
52.40285111111111,-1.5102703555555557,151.23,,3,264.79,25 / 27,123122,2019-09-08 10:09:49:746,-1.0887,3.0185,8.7963,-0.0134,0.0921,9.8062,0.3775,-0.3655,0.2591,-3.0,-26.87,22.31,346.19,-81.3,176.63,15.623483146067416,1.0,52.40285111111111,-1.5102703555555557
52.40285166666667,-1.5102965333333334,151.23,,3,264.79,25 / 27,123221,2019-09-08 10:09:49:845,-0.9404,-0.7299,10.2336,-0.0161,0.1075,9.806,0.3572,-0.0999,-0.0236,-3.44,-27.06,22.0,347.98,-81.42,178.04,15.660224719101125,1.0,52.40285166666667,-1.5102965333333334
52.40285222222222,-1.5103227111111113,151.23,,3,264.79,25 / 27,123321,2019-09-08 10:09:49:945,-2.1783,-1.2746,11.5038,0.0384,-0.1061,9.806,-0.2474,0.0139999999999999,0.0177,-3.06,-26.94,21.75,348.04,-81.36,178.1,15.696966292134832,1.0,52.40285222222222,-1.5103227111111113
52.40285277777778,-1.510348888888889,151.23,,3,264.79,25 / 27,123421,2019-09-08 10:09:50:045,-0.5816,0.0008,10.302,-0.0062,-0.0922,9.8061,-0.2023,-0.1193,0.0225,-3.12,-27.25,21.75,347.08,-80.81,177.49,15.73370786516854,1.0,52.40285277777778,-1.510348888888889
52.40285333333333,-1.5103750666666667,151.23,,3,264.79,25 / 27,123521,2019-09-08 10:09:50:145,-2.7727,1.7247,9.8594,-0.01,0.0609,9.8064,0.1858,-0.1316,0.0083,-3.0,-27.06,21.81,347.22,-81.03,177.54,15.770449438202247,1.0,52.40285333333333,-1.5103750666666667
52.40285388888889,-1.5104012444444446,151.23,,3,264.79,25 / 27,123621,2019-09-08 10:09:50:245,-0.9997,-2.2079,9.2608,-0.0225,0.0545,9.8064,0.1274,0.0465,-0.0037,-2.5,-27.5,21.06,350.3,-81.44,177.68,15.807191011235956,1.0,52.40285388888889,-1.5104012444444446
52.40285444444444,-1.5104274222222223,151.23,,3,264.79,25 / 27,123722,2019-09-08 10:09:50:346,-1.368,1.6291,10.0132,-0.0215,0.0155,9.8066,0.0423,-0.1383,0.1552,-3.56,-28.06,20.75,345.38,-81.39,179.16,15.843932584269664,1.0,52.40285444444444,-1.5104274222222223
52.402855,-1.5104536,151.23,,3,264.79,25 / 27,123822,2019-09-08 10:09:50:446,-3.0764,-2.7578,10.0113,-0.0174,0.0139,9.8065,0.0935,-0.1353,0.1063,-3.31,-28.06,21.06,350.48,-81.43,-179.42,15.880674157303371,1.0,52.402855,-1.5104536
52.402855555555554,-1.5104797777777779,151.23,,3,264.79,26 / 28,123921,2019-09-08 10:09:50:545,-1.1535,-0.8572,9.5929,0.005,-0.0088,9.8066,-0.0535,-0.1962,0.0428,-3.06,-27.5,20.38,350.87,-81.46,-178.69,15.91741573033708,1.0,52.402855555555554,-1.5104797777777779
52.40285611111111,-1.5105059555555556,151.23,,3,264.79,26 / 28,124021,2019-09-08 10:09:50:645,-1.8609,-0.5121,10.2313,0.0132,-0.0085,9.8066,-0.052,-0.0043,-0.0808,-3.37,-27.62,20.13,349.78,-81.46,-179.49,15.954157303370787,1.0,52.40285611111111,-1.5105059555555556
52.402856666666665,-1.5105321333333335,151.23,,3,264.79,26 / 28,124121,2019-09-08 10:09:50:745,-1.4508,-0.7148,9.4211,0.0067,0.0143,9.8065,0.0551,-0.0739,-0.0395,-3.19,-26.94,19.94,348.09,-81.56,179.07,15.990898876404495,1.0,52.402856666666665,-1.5105321333333335
52.402857222222224,-1.5105583111111112,151.23,,3,264.79,26 / 28,124221,2019-09-08 10:09:50:845,-0.5578,-1.0451,9.6373,0.0029,0.0047,9.8066,-0.0561,-0.0356,-0.055,-2.5,-27.12,19.81,350.56,-81.66,178.2,16.027640449438202,1.0,52.402857222222224,-1.5105583111111112
52.402857777777776,-1.5105844888888889,151.23,,3,264.79,26 / 28,124322,2019-09-08 10:09:50:946,-0.3531,-0.7834,10.1014,-0.0106,0.0171,9.8065,-0.0843,-0.0559,0.0097,-2.94,-27.56,19.44,346.99,-81.84,178.76,16.06438202247191,1.0,52.402857777777776,-1.5105844888888889
52.402858333333334,-1.5106106666666668,151.23,,3,264.79,26 / 28,124421,2019-09-08 10:09:51:045,-1.8966,-0.0732,10.380999999999998,-0.0191,0.0176,9.8065,0.0331,-0.1385,0.1153,-3.12,-28.12,19.5,349.37,-81.94,-179.95,16.10112359550562,1.0,52.402858333333334,-1.5106106666666668
52.40285888888889,-1.5106368444444445,151.23,,3,264.79,26 / 28,124521,2019-09-08 10:09:51:145,-2.3123,0.1944,10.2124,-0.0094,-0.0364,9.8066,-0.0349,-0.0719,-0.0555,-3.81,-27.62,20.13,348.02,-81.95,-178.27,16.137865168539328,1.0,52.40285888888889,-1.5106368444444445
52.402859444444445,-1.5106630222222224,151.23,,3,264.79,26 / 28,124622,2019-09-08 10:09:51:246,-2.0458,-1.3063,9.7949,-0.0036,-0.018,9.8065,0.0119,-0.005,-0.0094,-3.87,-27.62,19.81,349.25,-81.68,-177.2,16.174606741573033,1.0,52.402859444444445,-1.5106630222222224
52.402860000000004,-1.5106892,151.23,,3,264.79,26 / 28,124721,2019-09-08 10:09:51:345,-1.1939,-2.3316,8.94,-0.0078,0.0141,9.8066,0.0565,-0.1019,0.0385,-3.56,-28.19,19.06,348.55,-81.59,-177.04,16.21134831460674,1.0,52.402860000000004,-1.5106892
52.402860555555556,-1.5107153777777778,151.23,,3,264.79,26 / 28,124822,2019-09-08 10:09:51:446,-1.3532,0.4402,10.2915,0.0022,0.025,9.8066,-0.0648,-0.0987,-0.0488,-3.5,-28.37,19.38,352.57,-81.62,-176.81,16.24808988764045,1.0,52.402860555555556,-1.5107153777777778
52.402861111111115,-1.5107415555555557,151.23,,3,264.79,26 / 28,124922,2019-09-08 10:09:51:546,-1.335,-0.4687,9.6713,0.008,-0.0276,9.8066,-0.0894,-0.0366,-0.0217,-2.94,-27.25,19.63,351.57,-81.52,-178.16,16.28483146067416,1.0,52.402861111111115,-1.5107415555555557
52.40286166666667,-1.5107677333333334,151.23,,3,264.79,26 / 28,125022,2019-09-08 10:09:51:646,-1.1618,-0.1854,9.0176,0.0094,-0.0168,9.8065,-0.0586,-0.0604,0.0122,-2.87,-27.25,19.06,350.05,-81.69,-178.86,16.321573033707867,1.0,52.40286166666667,-1.5107677333333334
52.402862222222225,-1.5107939111111113,151.23,,3,264.79,26 / 28,125122,2019-09-08 10:09:51:746,-0.4044,1.0321,8.9929,-0.0016,0.0351,9.8066,-0.0015,-0.0831,0.0713,-3.0,-27.12,19.25,350.13,-81.83,-178.84,16.358314606741573,1.0,52.402862222222225,-1.5107939111111113
52.40286277777778,-1.510820088888889,151.23,,3,264.79,26 / 28,125222,2019-09-08 10:09:51:846,-0.4941,0.0642,8.9582,-0.0189,0.0343,9.8066,-0.0035,-0.0645,0.0114,-3.69,-27.62,18.31,346.41,-82.14,-178.14,16.39505617977528,1.0,52.40286277777778,-1.510820088888889
52.402863333333336,-1.5108462666666667,151.23,,3,264.79,26 / 28,125322,2019-09-08 10:09:51:946,-0.3562,-0.1189,10.2104,0.0025,-0.023,9.8065,-0.0692,-0.0783,0.0422,-3.62,-28.56,18.13,348.6,-82.12,-176.32,16.43179775280899,1.0,52.402863333333336,-1.5108462666666667
52.40286388888889,-1.5108724444444446,151.23,,3,264.79,26 / 28,125422,2019-09-08 10:09:52:046,-0.3182,-1.9242,9.2771,-0.0014,-0.0245,9.8066,-0.0268,-0.0328,-0.0162,-3.25,-27.69,18.44,353.86,-81.95,-175.3,16.4685393258427,1.0,52.40286388888889,-1.5108724444444446
52.40286444444445,-1.5108986222222223,151.23,,3,264.79,26 / 28,125522,2019-09-08 10:09:52:146,-1.8624,0.265,9.8509,-0.0116,0.0213,9.8065,-0.0282,0.0428,-0.0046,-3.19,-28.0,17.81,354.53,-82.13,-174.81,16.505280898876403,1.0,52.40286444444445,-1.5108986222222223
52.402865,-1.5109248,151.23,,3,264.79,26 / 28,125622,2019-09-08 10:09:52:246,-0.2102,-0.7078,9.531,0.0019,0.0057,9.8066,0.0086,0.0215,-0.0427,-3.06,-27.5,17.88,354.34,-82.22,-175.01,16.542022471910112,1.0,52.402865,-1.5109248
52.40286555555556,-1.5109509777777779,151.23,,3,264.79,26 / 28,125721,2019-09-08 10:09:52:345,-0.4994,-0.507,9.704,0.0081,0.0166,9.8065,-0.0229,0.0103,-0.0481,-2.87,-27.31,17.25,353.47,-82.23,-175.08,16.57876404494382,1.0,52.40286555555556,-1.5109509777777779
52.40286611111111,-1.5109771555555556,151.23,,3,264.79,25 / 28,125821,2019-09-08 10:09:52:445,-0.3565,-0.933,9.3149,-0.0016,0.011,9.8065,-0.026,-0.0927,0.0186,-3.06,-26.87,18.13,353.03,-82.32,-176.07,16.61550561797753,1.0,52.40286611111111,-1.5109771555555556
52.40286666666667,-1.5110033333333335,151.23,,3,264.79,25 / 28,125922,2019-09-08 10:09:52:546,-0.6183,-0.8121,10.103,0.0142,-0.0268,9.8065,-0.1038,-0.0265,-0.0107,-2.75,-27.81,17.5,353.18,-82.37,-175.91,16.652247191011238,1.0,52.40286666666667,-1.5110033333333335
52.40286722222223,-1.5110295111111112,151.23,,3,264.79,25 / 28,126022,2019-09-08 10:09:52:646,-0.4747,-0.4578,10.0488,-0.0141,-0.0105,9.8066,-0.0336,0.0058,0.0042,-2.69,-27.37,17.75,353.23,-82.28,-175.9,16.688988764044943,1.0,52.40286722222223,-1.5110295111111112
52.40286777777778,-1.5110556888888889,151.23,,3,264.79,25 / 28,126121,2019-09-08 10:09:52:745,1.1221,-1.4302,9.365,0.0086,-0.0095,9.8066,-0.0417,-0.0871,0.0793,-3.19,-27.69,17.5,353.16,-82.31,-175.91,16.72573033707865,1.0,52.40286777777778,-1.5110556888888889
52.40286833333334,-1.5110818666666668,151.23,,3,264.79,25 / 28,126222,2019-09-08 10:09:52:846,-0.2056,-0.7687,9.7892,-0.0139999999999999,-0.0048,9.8066,-0.0455,0.0325,-0.0308,-2.94,-27.81,17.56,354.14,-82.35,-175.15,16.76247191011236,1.0,52.40286833333334,-1.5110818666666668
52.40286888888889,-1.5111080444444445,151.23,,3,264.79,25 / 28,126322,2019-09-08 10:09:52:946,0.1161,-1.0231,10.245,-0.0009,-0.0153,9.8065,-0.0049,-0.0298,0.0277,-2.25,-28.0,17.75,358.71,-82.43,-174.68,16.79921348314607,1.0,52.40286888888889,-1.5111080444444445
52.40286944444445,-1.5111342222222224,151.23,,3,264.79,25 / 28,126421,2019-09-08 10:09:53:045,-0.271,-0.1702,10.2423,-0.0013,-0.0211,9.8066,-0.0223,0.0109,-0.0198,-2.75,-27.5,17.88,355.09,-82.29,-174.43,16.835955056179778,1.0,52.40286944444445,-1.5111342222222224
52.40287,-1.5111604,151.23,,3,264.79,25 / 28,126522,2019-09-08 10:09:53:146,1.2335,-0.7917,10.0215,0.0014,-0.0075,9.8066,0.0204,-0.024,0.0038,-3.0,-27.25,17.63,354.2,-82.3,-175.14,16.872696629213483,1.0,52.40287,-1.5111604
52.40287055555556,-1.5111865777777778,151.23,,3,264.79,25 / 28,126622,2019-09-08 10:09:53:246,-1.1562,-0.945,9.3814,0.0044,0.0001,9.8066,-0.0259,-0.0771,0.0598,-2.37,-27.56,17.88,358.19,-82.29,-175.08,16.90943820224719,1.0,52.40287055555556,-1.5111865777777778
52.40287111111111,-1.5112127555555557,151.23,,3,264.79,25 / 28,126722,2019-09-08 10:09:53:346,-0.2358,0.6799,9.3411,-0.0045,0.0173,9.8065,0.0469,0.0258,-0.0066,-2.94,-26.94,17.5,354.86,-82.51,-174.64,16.9461797752809,1.0,52.40287111111111,-1.5112127555555557
52.40287166666667,-1.5112389333333334,151.23,,3,264.79,25 / 28,126822,2019-09-08 10:09:53:446,0.3229999999999999,0.6631,9.9222,0.0081,0.0031,9.8066,-0.0003,-0.0562,0.0641,-2.87,-26.87,17.44,354.33,-82.57,-174.47,16.98292134831461,1.0,52.40287166666667,-1.5112389333333334
52.40287222222222,-1.5112651111111113,151.23,,3,264.79,26 / 28,126922,2019-09-08 10:09:53:546,-0.7919,-0.7781,10.5297,-0.0025,-0.0348,9.8066,-0.1073,0.077,-0.0208,-2.12,-27.25,18.25,359.2,-82.57,-174.3,17.019662921348313,1.0,52.40287222222222,-1.5112651111111113
52.40287277777778,-1.511291288888889,151.23,,3,264.79,26 / 28,127021,2019-09-08 10:09:53:645,-1.8534,-1.2996,10.0048,-0.0007,-0.0214,9.8066,-0.0634,-0.1204,0.1508,-1.94,-27.87,17.69,359.63,-82.36,-173.95,17.056404494382022,1.0,52.40287277777778,-1.511291288888889
52.40287333333333,-1.5113174666666667,151.23,,3,264.79,26 / 28,127122,2019-09-08 10:09:53:746,1.0759999999999998,0.9425,10.4711,-0.0049,-0.0164,9.8066,0.0483,-0.0404,0.0677,-2.62,-27.31,17.31,355.7,-82.52,-173.38,17.09314606741573,1.0,52.40287333333333,-1.5113174666666667
52.40287388888889,-1.5113436444444446,151.23,,3,264.79,26 / 28,127221,2019-09-08 10:09:53:845,-0.3143,-1.0624,9.0303,0.0034,-0.0232,9.8066,-0.0715,-0.0888,0.0824,-2.62,-28.31,17.13,357.23,-82.47,-172.15,17.12988764044944,1.0,52.40287388888889,-1.5113436444444446
52.40287444444444,-1.5113698222222223,151.23,,3,264.79,26 / 28,127321,2019-09-08 10:09:53:945,-0.1163,0.4431,9.7405,-0.0166,0.0333,9.8066,0.1195,0.0032,-0.0528,-2.37,-27.56,16.94,3.04,-82.62,-170.91,17.166629213483148,1.0,52.40287444444444,-1.5113698222222223
52.402875,-1.511396,151.23,,3,264.79,26 / 28,127421,2019-09-08 10:09:54:045,0.539,-0.7062,10.4302,-0.0066,0.0107,9.8066,0.0525,0.0265,-0.0436,-2.19,-27.25,17.13,4.26,-82.77,-169.91,17.203370786516853,1.0,52.402875,-1.511396
52.40287555555556,-1.5114221777777779,151.23,,3,264.79,26 / 28,127521,2019-09-08 10:09:54:145,-0.231,0.0136,10.0182,-0.0135,-0.0134,9.8065,0.0342,-0.0271,-0.0135,-2.62,-27.0,16.75,359.53,-82.73,-170.36,17.24011235955056,1.0,52.40287555555556,-1.5114221777777779
52.40287611111111,-1.5114483555555556,151.23,,3,264.79,26 / 28,127622,2019-09-08 10:09:54:246,0.7958,0.4324,9.9693,-0.0127,-0.0064,9.8066,0.1024,0.005,-0.0505,-2.19,-27.31,16.69,5.51,-82.59,-168.95,17.27685393258427,1.0,52.40287611111111,-1.5114483555555556
52.40287666666667,-1.5114745333333335,151.23,,3,264.79,26 / 28,127721,2019-09-08 10:09:54:345,0.1705,-0.6019,10.0375,-0.0048,0.0005,9.8066,-0.0262,-0.0357,-0.0067,-2.62,-28.12,16.69,1.58,-82.52,-168.76,17.31359550561798,1.0,52.40287666666667,-1.5114745333333335
52.40287722222222,-1.5115007111111112,151.23,,3,264.79,24 / 27,127821,2019-09-08 10:09:54:445,-0.6431,-1.2023,9.046,0.002,-0.0036,9.8066,-0.1036,0.0423,-0.0498,-2.69,-27.69,16.81,1.59,-82.52,-168.75,17.350337078651688,1.0,52.40287722222222,-1.5115007111111112
52.40287777777778,-1.5115268888888889,151.23,,3,264.79,24 / 27,127922,2019-09-08 10:09:54:546,0.7597,-0.971,9.6772,-0.0012,-0.0079,9.8066,0.0295,-0.0022,0.0261,-2.12,-27.12,16.75,5.02,-82.68,-169.32,17.387078651685393,1.0,52.40287777777778,-1.5115268888888889
52.402878333333334,-1.5115530666666668,151.23,,3,264.79,24 / 27,128022,2019-09-08 10:09:54:646,0.1866,0.1527,10.0377,-0.0112,-0.0132,9.8065,-0.0022,0.0585,0.0221,-2.5,-27.31,16.19,5.31,-82.65,-168.74,17.4238202247191,1.0,52.402878333333334,-1.5115530666666668
52.40287888888889,-1.5115792444444445,151.23,,3,264.79,24 / 27,128122,2019-09-08 10:09:54:746,-0.3655,0.9878,10.6628,-0.0238,0.0125,9.8066,0.1843,-0.035,0.0626,-2.56,-26.87,16.31,1.78,-82.71,-167.99,17.46056179775281,1.0,52.40287888888889,-1.5115792444444445
52.402879444444444,-1.5116054222222224,151.23,,3,264.79,24 / 27,128221,2019-09-08 10:09:54:845,0.0631,0.4518,9.985,-0.013,-0.0014,9.8066,0.0991,0.069,0.0254,-2.5,-26.56,15.63,8.73,-82.68,-166.07,17.49730337078652,1.0,52.402879444444444,-1.5116054222222224
52.40288,-1.5116316,151.23,,3,264.79,24 / 27,128321,2019-09-08 10:09:54:945,0.4015,-1.3215,9.7677,0.0005,-0.0055,9.8066,-0.0278,-0.0023,0.0431,-2.5,-26.5,15.25,8.75,-82.58,-165.66,17.534044943820227,1.0,52.40288,-1.5116316
52.402880555555555,-1.5116577777777778,151.23,,3,264.79,24 / 27,128422,2019-09-08 10:09:55:046,-0.4164,-0.2371,10.0628,-0.011,0.0298,9.8065,0.0407,0.0217,0.0089,-3.06,-26.56,15.19,4.07,-82.61,-165.57,17.570786516853932,1.0,52.402880555555555,-1.5116577777777778
52.402881111111114,-1.5116839555555557,151.23,,3,264.79,24 / 27,128522,2019-09-08 10:09:55:146,0.319,0.1201,10.2215,0.0053,-0.0174,9.8066,-0.0834,0.0426,-0.0123,-3.25,-25.25,14.44,3.15,-82.66,-165.49,17.60752808988764,1.0,52.402881111111114,-1.5116839555555557
52.402881666666666,-1.5117101333333334,151.23,,3,264.79,24 / 27,128621,2019-09-08 10:09:55:245,0.2965,-0.0229,9.3036,-0.0083,-0.0125,9.8065,-0.0981,0.0121,-0.0198,-3.37,-23.06,13.81,3.43,-82.72,-165.2,17.64426966292135,1.0,52.402881666666666,-1.5117101333333334
52.402882222222225,-1.5117363111111113,151.23,,3,264.79,24 / 27,128722,2019-09-08 10:09:55:346,1.4201,-0.8728,6.9435,-0.0017,0.0159,9.8066,-0.332,0.1373,-0.0851,-4.06,-20.81,13.13,358.24,-82.9,-164.31,17.681011235955058,1.0,52.402882222222225,-1.5117363111111113
52.402882777777776,-1.511762488888889,151.23,,3,264.79,24 / 27,128821,2019-09-08 10:09:55:445,-0.5951,2.8086,10.4192,-0.0124,-0.009,9.8066,-0.1303,-0.0499,0.0183,-4.56,-18.94,14.31,356.86,-83.16,-162.99,17.717752808988763,1.0,52.402882777777776,-1.511762488888889
52.402883333333335,-1.5117886666666667,151.23,,3,264.79,25 / 27,128921,2019-09-08 10:09:55:545,-1.8232,0.8216,12.035,0.0025,-0.0966,9.8061,0.0633,0.1323,-0.012,-3.94,-18.69,17.94,5.0,-82.82,-163.16,17.75449438202247,1.0,52.402883333333335,-1.5117886666666667
52.402883888888894,-1.5118148444444446,151.23,,3,264.79,25 / 27,129022,2019-09-08 10:09:55:646,-0.3842,-0.6,10.4135,0.0118,-0.09,9.8061,0.0788,-0.0416,0.0599,-4.0,-20.06,19.5,6.0,-82.45,-163.51,17.79123595505618,1.0,52.402883888888894,-1.5118148444444446
52.402884444444446,-1.5118410222222223,151.23,,3,264.79,25 / 27,129121,2019-09-08 10:09:55:745,0.2615,0.5278,9.8613,-0.0139,0.0411,9.8065,0.0092,-0.0024,0.0469,-3.87,-22.69,19.88,6.0,-82.37,-163.64,17.82797752808989,1.0,52.402884444444446,-1.5118410222222223
52.402885000000005,-1.5118672,151.23,,3,264.79,25 / 27,129221,2019-09-08 10:09:55:845,-0.505,0.9715,9.1268,-0.0044,0.0459,9.8065,0.0399,0.0539,0.0143,-3.0,-24.25,19.94,10.66,-82.79,-162.47,17.864719101123598,1.0,52.402885000000005,-1.5118672
52.40288555555556,-1.5118933777777779,151.23,,3,264.79,25 / 27,129322,2019-09-08 10:09:55:946,1.8317,1.1642,8.7255,0.0146,-0.0135,9.8065,-0.2233,0.0818,-0.0271,-2.69,-25.81,19.13,10.35,-82.88,-162.48,17.901460674157303,1.0,52.40288555555556,-1.5118933777777779
52.402886111111115,-1.5119195555555556,151.23,,3,264.79,25 / 27,129421,2019-09-08 10:09:56:045,-0.3655,0.9359,9.7196,0.0073,-0.0197,9.8066,-0.0351,-0.0541,0.0646,-2.56,-26.06,18.81,9.33,-82.9,-163.32,17.93820224719101,1.0,52.402886111111115,-1.5119195555555556
52.40288666666667,-1.5119457333333335,151.23,,3,264.79,25 / 27,129521,2019-09-08 10:09:56:145,-2.5612,-0.1795,10.0363,-0.0169,-0.0593,9.8064,0.0172,0.0949,-0.1267,-1.75,-26.44,19.44,13.23,-82.64,-163.16,17.97494382022472,1.0,52.40288666666667,-1.5119457333333335
52.402887222222226,-1.5119719111111112,151.23,,3,264.79,25 / 27,129621,2019-09-08 10:09:56:245,1.8769,1.3737,9.5124,0.0176,-0.031,9.8065,-0.0047,0.0465,-0.0197,-2.19,-26.44,18.63,12.11,-82.74,-164.04,18.01168539325843,1.0,52.402887222222226,-1.5119719111111112
52.40288777777778,-1.5119980888888889,151.23,,3,264.79,25 / 27,129721,2019-09-08 10:09:56:345,0.6336,1.0305,8.5237,-0.0133,0.0437,9.8065,0.0689,0.0101,0.1443,-2.75,-26.62,18.69,8.68,-82.68,-163.96,18.048426966292137,1.0,52.40288777777778,-1.5119980888888889
52.40288833333334,-1.5120242666666668,151.23,,3,264.79,24 / 27,129821,2019-09-08 10:09:56:445,-0.6271,0.9402,8.7282,-0.0377,0.0208,9.8065,-0.0808,0.1571,-0.0691,-2.37,-26.19,18.38,15.67,-82.84,-160.88,18.085168539325842,1.0,52.40288833333334,-1.5120242666666668
52.40288888888889,-1.5120504444444445,151.23,,3,264.79,24 / 27,129921,2019-09-08 10:09:56:545,0.1009999999999999,0.4847,10.2679,-0.0021,-0.0023,9.8065,0.009,-0.0122,-0.0338,-2.75,-26.19,18.25,13.6,-82.82,-159.44,18.12191011235955,1.0,52.40288888888889,-1.5120504444444445
52.40288944444445,-1.5120766222222224,151.23,,3,264.79,24 / 27,130022,2019-09-08 10:09:56:646,0.0614,0.4292,10.9136,-0.0142,-0.049,9.8064,-0.0248,0.0553,-0.0367,-3.0,-26.5,19.0,14.64,-82.51,-159.06,18.15865168539326,1.0,52.40288944444445,-1.5120766222222224
52.40289,-1.5121028,151.23,,3,264.79,24 / 27,130122,2019-09-08 10:09:56:746,0.1427,0.3701,9.9778,0.0015,-0.015,9.8066,0.0472,0.0103,0.0014,-2.94,-26.19,19.13,14.2,-82.34,-159.48,18.195393258426968,1.0,52.40289,-1.5121028
52.40289055555556,-1.5121289777777778,151.23,,3,264.79,24 / 27,130222,2019-09-08 10:09:56:846,0.4052,-0.4026,9.1697,0.0107,0.0089,9.8066,-0.0541,0.0117,-0.0636,-2.75,-25.94,18.31,12.76,-82.36,-160.29,18.232134831460673,1.0,52.40289055555556,-1.5121289777777778
52.40289111111111,-1.5121551555555557,151.23,,3,264.79,24 / 27,130322,2019-09-08 10:09:56:946,0.067,1.0538,9.5897,0.0094,0.0075,9.8066,-0.1153,0.1451,-0.1266,-2.56,-25.31,18.06,12.21,-82.56,-160.58,18.26887640449438,1.0,52.40289111111111,-1.5121551555555557
52.40289166666667,-1.5121813333333334,151.23,,3,264.79,24 / 27,130422,2019-09-08 10:09:57:046,0.9898,0.9034,10.0406,0.0086,-0.0479,9.8065,-0.1957,0.0074,-0.0306,-2.37,-25.87,18.19,14.89,-82.62,-161.61,18.30561797752809,1.0,52.40289166666667,-1.5121813333333334
52.40289222222223,-1.5122075111111113,151.23,,3,264.79,24 / 27,130522,2019-09-08 10:09:57:146,1.3872,0.4351,9.8397,0.0035,0.0383,9.8065,0.3004,0.0913,-0.0837,-2.06,-25.81,18.13,12.58,-82.74,-163.44,18.3423595505618,1.0,52.40289222222223,-1.5122075111111113
52.40289277777778,-1.512233688888889,151.23,,3,264.79,24 / 27,130621,2019-09-08 10:09:57:245,0.4472,-1.5072,9.7859,-0.0053,0.0119,9.8066,0.1996,0.0094,0.0101,-1.56,-24.87,18.38,12.08,-82.88,-163.72,18.379101123595508,1.0,52.40289277777778,-1.512233688888889
52.40289333333334,-1.5122598666666667,151.23,,3,264.79,24 / 27,130721,2019-09-08 10:09:57:345,0.4282,1.335,10.1692,-0.0121,0.0008,9.8066,0.0328,-0.0062,0.0177,-2.19,-25.94,18.06,12.72,-82.86,-163.29,18.415842696629213,1.0,52.40289333333334,-1.5122598666666667
52.40289388888889,-1.5122860444444446,151.23,,3,264.79,24 / 27,130822,2019-09-08 10:09:57:446,0.9533,2.0743,10.817,-0.0047,0.0222,9.8066,0.0268,0.0083,-0.0196,-2.25,-25.31,18.25,13.18,-82.9,-162.81,18.45258426966292,1.0,52.40289388888889,-1.5122860444444446
52.40289444444445,-1.5123122222222223,151.23,,3,264.79,24 / 26,130921,2019-09-08 10:09:57:545,1.401,-0.8756,10.7754,-0.0051,0.0281,9.8066,0.0343,-0.095,0.0884,-1.37,-25.31,18.94,18.18,-82.87,-161.85,18.48932584269663,1.0,52.40289444444445,-1.5123122222222223
52.402895,-1.5123384,151.23,,3,264.79,24 / 26,131021,2019-09-08 10:09:57:645,-0.2974,-0.5237,10.4268,-0.0172,-0.0056,9.8066,-0.0698,0.1061,0.023,-1.62,-25.75,19.31,16.38,-82.6,-160.57,18.52606741573034,1.0,52.402895,-1.5123384
52.40289555555556,-1.5123645777777779,151.23,,3,264.79,24 / 26,131122,2019-09-08 10:09:57:746,-0.3164,0.7468,9.5519,0.0037,0.0191,9.8066,0.1436,-0.0574,0.1222,-1.62,-25.94,18.88,17.75,-82.64,-159.43,18.562808988764047,1.0,52.40289555555556,-1.5123645777777779
52.40289611111111,-1.5123907555555556,151.23,,3,264.79,24 / 26,131221,2019-09-08 10:09:57:845,0.1285,-0.7881,10.3202,0.0071,-0.0159,9.8065,0.1321,0.031,0.0504,-1.69,-25.75,18.44,19.05,-82.59,-158.22,18.599550561797752,1.0,52.40289611111111,-1.5123907555555556
52.40289666666667,-1.5124169333333335,151.23,,3,264.79,24 / 26,131321,2019-09-08 10:09:57:945,0.5607,0.4704,10.2664,0.0081,-0.0335,9.8065,0.0511,-0.0194,-0.02,-1.56,-25.31,18.56,17.75,-82.53,-159.36,18.63629213483146,1.0,52.40289666666667,-1.5124169333333335
52.40289722222222,-1.5124431111111112,151.23,,3,264.79,24 / 26,131421,2019-09-08 10:09:58:045,0.222,1.2696,10.9421,0.0118,0.0175,9.8065,0.0975,-0.0046,0.0004,-0.75,-25.5,19.31,19.81,-82.54,-160.65,18.67303370786517,1.0,52.40289722222222,-1.5124431111111112
52.40289777777778,-1.5124692888888889,151.23,,3,264.79,24 / 26,131522,2019-09-08 10:09:58:146,0.9866,-0.6501,10.0255,0.0259,-0.011,9.8066,-0.1514,0.0291,-0.0922,-1.12,-24.44,18.69,16.46,-82.64,-163.28,18.709775280898878,1.0,52.40289777777778,-1.5124692888888889
52.40289833333333,-1.5124954666666668,151.23,,3,264.79,24 / 26,131622,2019-09-08 10:09:58:246,2.1406,0.2517,9.9692,0.0043,0.027,9.8066,-0.0811,-0.0689,0.0034,-0.81,-24.37,19.75,15.0,-82.78,-164.49,18.746516853932583,1.0,52.40289833333333,-1.5124954666666668
52.40289888888889,-1.5125216444444445,151.23,,3,264.79,24 / 26,131721,2019-09-08 10:09:58:345,1.072,0.2076,10.7812,-0.0052,0.0236,9.8066,0.2374,0.0652,0.0174,-0.87,-24.06,19.63,15.56,-82.75,-164.02,18.78325842696629,1.0,52.40289888888889,-1.5125216444444445
52.402899444444444,-1.5125478222222224,149.42,18.82,3,270.95,22 / 25,131821,2019-09-08 10:09:58:445,0.8308,-0.1439,10.9262,-0.0101,-0.0571,9.8064,0.1355,-0.0269,0.0738,-0.69,-23.56,19.63,17.16,-82.65,-162.71,18.82,1.0,52.402899444444444,-1.5125478222222224
52.4029,-1.512574,149.42,,4,270.95,22 / 25,131921,2019-09-08 10:09:58:545,0.8270000000000001,2.6684,9.8158,-0.0193,-0.0336,9.8065,-0.1362,-0.0457,0.011,-1.25,-23.75,19.19,18.0,-82.15,-162.2,18.807666666666666,1.0,52.4029,-1.512574
52.40290325842697,-1.5126002247191013,149.42,,4,270.95,22 / 25,132022,2019-09-08 10:09:58:646,0.7345,0.3478,9.873,-0.011,0.0434,9.8065,0.1918,-0.0651,0.1308,-0.94,-23.44,19.25,18.91,-82.17,-161.3,18.795333333333332,1.0,52.40290325842697,-1.5126002247191013
52.40290651685393,-1.5126264494382022,149.42,,4,270.95,22 / 25,132121,2019-09-08 10:09:58:745,0.5028,-0.0569,10.1614,-0.009,0.0232,9.8066,0.1219,0.0062,0.0382,-1.44,-23.5,19.94,21.07,-82.36,-159.39,18.783,1.0,52.40290651685393,-1.5126264494382022
52.402909775280904,-1.5126526741573034,149.42,,4,270.95,22 / 25,132221,2019-09-08 10:09:58:845,0.0131,1.0188,10.4873,-0.0088,-0.0032,9.8066,-0.0101,0.0148,-0.008,-1.44,-21.81,19.81,21.4,-82.33,-158.99,18.770666666666667,1.0,52.402909775280904,-1.5126526741573034
52.40291303370787,-1.5126788988764046,149.42,,4,270.95,22 / 25,132321,2019-09-08 10:09:58:945,0.4691,-0.1599,10.0167,-0.0042,0.0057,9.8066,0.0999,-0.0187,-0.0285,-1.12,-20.5,20.75,21.18,-82.2,-158.95,18.758333333333333,1.0,52.40291303370787,-1.5126788988764046
52.40291629213483,-1.5127051235955058,149.42,,4,270.95,22 / 25,132421,2019-09-08 10:09:59:045,0.2623,-1.0828,10.189,0.0015,-0.0717,9.8063,-0.2427,-0.0584,-0.0326,-0.75,-19.12,19.63,19.44,-81.99,-160.4,18.746,1.0,52.40291629213483,-1.5127051235955058
52.4029195505618,-1.5127313483146068,149.42,,4,270.95,22 / 25,132522,2019-09-08 10:09:59:146,0.55,1.8837,10.8351,-0.0034,-0.0358,9.8065,-0.1442,0.0644,-0.0301,-0.31,-19.06,20.0,22.82,-82.25,-160.22,18.733666666666668,1.0,52.4029195505618,-1.5127313483146068
52.40292280898877,-1.512757573033708,149.42,,4,270.95,22 / 25,132621,2019-09-08 10:09:59:245,-0.25,-0.0516,10.1405,0.0089,0.0009,9.8065,0.1449,-0.0059,-0.0559999999999999,0.13,-18.81,18.5,21.84,-82.3,-161.2,18.721333333333334,1.0,52.40292280898877,-1.512757573033708
52.402926067415734,-1.5127837977528091,149.42,,4,270.95,22 / 25,132722,2019-09-08 10:09:59:346,0.2757,0.0516,10.5036,0.0113,0.0102,9.8066,0.1832,-0.0382,-0.0102,-0.31,-19.31,18.5,20.03,-82.25,-162.79,18.709,1.0,52.402926067415734,-1.5127837977528091
52.4029293258427,-1.51281002247191,149.42,,4,270.95,23 / 25,132821,2019-09-08 10:09:59:445,0.1973,1.4579,10.1648,-0.0049,-0.012,9.8066,-0.0697,0.005,0.0258,-1.0,-20.44,18.0,16.2,-82.04,-163.23,18.696666666666665,1.0,52.4029293258427,-1.51281002247191
52.402932584269664,-1.5128362471910113,149.42,,4,270.95,23 / 25,132921,2019-09-08 10:09:59:545,-0.2656,1.3926,10.4709,-0.0081,-0.0082,9.8066,-0.0295,-0.0316,0.0476,-1.0,-21.94,17.81,17.17,-81.91,-162.72,18.684333333333335,1.0,52.402932584269664,-1.5128362471910113
52.40293584269663,-1.5128624719101125,149.42,,4,270.95,23 / 25,133021,2019-09-08 10:09:59:645,-0.8475,-0.0785,10.2859,-0.0037,0.0015,9.8066,-0.0312,0.0248,-0.0138,-1.25,-22.62,19.13,17.79,-81.9,-162.35,18.672,1.0,52.40293584269663,-1.5128624719101125
52.4029391011236,-1.5128886966292134,149.42,,4,270.95,23 / 25,133121,2019-09-08 10:09:59:745,-1.1014,0.1431,9.4776,0.0007,-0.0034,9.8066,0.0233,-0.0872,0.0386,-0.69,-22.87,19.25,18.04,-81.94,-162.12,18.659666666666666,1.0,52.4029391011236,-1.5128886966292134
52.402942359550565,-1.5129149213483146,149.42,,4,270.95,23 / 25,133221,2019-09-08 10:09:59:845,-0.2881,0.249,9.4152,-0.0011,-0.0132,9.8066,-0.0935,0.0345,-0.053,-0.19,-22.44,19.44,21.46,-81.98,-162.12,18.647333333333332,1.0,52.402942359550565,-1.5129149213483146
52.40294561797753,-1.5129411460674158,149.42,,4,270.95,23 / 25,133321,2019-09-08 10:09:59:945,0.2299,1.0681,10.1016,-0.005,-0.0107,9.8066,-0.0395,0.0046,-0.023,0.38,-22.0,19.31,21.51,-81.91,-162.11,18.635,1.0,52.40294561797753,-1.5129411460674158
52.402948876404494,-1.512967370786517,149.42,,4,270.95,23 / 25,133422,2019-09-08 10:10:00:046,0.2972,0.306,10.3725,-0.0055,0.006,9.8066,0.0055,0.0098,-0.0293,1.06,-21.69,18.19,26.28,-81.94,-161.48,18.622666666666667,1.0,52.402948876404494,-1.512967370786517
52.402952134831466,-1.512993595505618,149.42,,4,270.95,23 / 25,133521,2019-09-08 10:10:00:145,-0.6723,0.3471,10.026,-0.0018,-0.0001,9.8066,0.0882,-0.0126,0.0123,0.88,-20.81,17.44,26.56,-81.92,-161.49,18.610333333333333,1.0,52.402952134831466,-1.512993595505618
52.40295539325843,-1.5130198202247191,149.42,,4,270.95,23 / 25,133621,2019-09-08 10:10:00:245,0.2144,0.3622,10.3701,0.0138,-0.0034,9.8066,-0.0161,-0.023,0.0301,0.06,-20.62,17.5,21.0,-81.68,-162.68,18.598,1.0,52.40295539325843,-1.5130198202247191
52.402958651685395,-1.5130460449438203,149.42,,4,270.95,23 / 25,133721,2019-09-08 10:10:00:345,-0.0804,1.185,9.7894,0.0032,0.0171,9.8066,0.0506,-0.0227,0.017,-0.81,-18.69,17.69,15.65,-81.66,-163.69,18.58566666666667,1.0,52.402958651685395,-1.5130460449438203
52.40296191011236,-1.5130722696629213,149.42,,4,270.95,21 / 26,133821,2019-09-08 10:10:00:445,-0.6958,-0.9637,9.4485,0.0002,-0.0184,9.8066,-0.2445,-0.0245,-0.1475,-0.37,-18.62,18.56,19.89,-81.59,-163.16,18.573333333333334,1.0,52.40296191011236,-1.5130722696629213
52.402965168539325,-1.5130984943820225,149.42,,4,270.95,21 / 26,133922,2019-09-08 10:10:00:546,0.1022,1.606,9.8521,0.0065,-0.0215,9.8065,-0.1867,-0.027,-0.068,-0.69,-17.56,17.94,16.12,-81.85,-163.11,18.561,1.0,52.402965168539325,-1.5130984943820225
52.4029684269663,-1.5131247191011237,149.42,,4,270.95,21 / 26,134021,2019-09-08 10:10:00:645,0.0673,1.0744,10.6074,0.0056,0.0166,9.8066,0.1365,-0.0026,0.003,-0.12,-16.94,17.69,19.57,-81.96,-163.14,18.548666666666666,1.0,52.4029684269663,-1.5131247191011237
52.40297168539326,-1.5131509438202249,149.42,,4,270.95,21 / 26,134122,2019-09-08 10:10:00:746,-0.0539,0.7551,11.1081,-0.003,-0.0154,9.8065,0.0572,0.0133,0.0059,-0.31,-16.81,16.25,19.48,-81.82,-163.6,18.536333333333335,1.0,52.40297168539326,-1.5131509438202249
52.402974943820226,-1.5131771685393258,149.42,,4,270.95,21 / 26,134221,2019-09-08 10:10:00:845,-0.4614,-0.2172,10.7483,-0.0013,-0.0186,9.8066,0.061,-0.0274,0.0439,-0.81,-17.19,15.13,14.63,-81.61,-164.09,18.524,1.0,52.402974943820226,-1.5131771685393258
52.40297820224719,-1.513203393258427,149.42,,4,270.95,21 / 26,134321,2019-09-08 10:10:00:945,-0.3078,0.7736,9.4709,0.0012,-0.0159,9.8066,-0.1277,-0.0101,0.0001,-2.25,-16.87,15.75,10.33,-81.36,-164.29,18.511666666666667,1.0,52.40297820224719,-1.513203393258427
52.40298146067416,-1.5132296179775282,149.42,,4,270.95,21 / 26,134421,2019-09-08 10:10:01:045,-0.8862,1.1435,9.6829,-0.0119,0.0283,9.8066,0.0762,0.0059,0.0139,-3.0,-16.94,15.13,7.04,-81.58,-162.86,18.499333333333333,1.0,52.40298146067416,-1.5132296179775282
52.40298471910113,-1.5132558426966292,149.42,,4,270.95,21 / 26,134521,2019-09-08 10:10:01:145,-0.0226,1.3456,9.83,-0.0079,0.0118,9.8065,0.0225,0.0391,0.0017,-3.87,-16.62,15.88,4.1,-81.59,-162.52,18.487000000000002,1.0,52.40298471910113,-1.5132558426966292
52.40298797752809,-1.5132820674157303,149.42,,4,270.95,21 / 26,134622,2019-09-08 10:10:01:246,-0.9063,0.627,9.9455,0.0003,-0.0056,9.8066,-0.0064,0.04,-0.0693,-5.0,-17.06,15.44,358.61,-81.58,-162.72,18.474666666666668,1.0,52.40298797752809,-1.5132820674157303
52.40299123595506,-1.5133082921348315,149.42,,4,270.95,21 / 26,134721,2019-09-08 10:10:01:345,-0.0466,0.7674,9.7991,0.0159,-0.0085,9.8066,-0.0997,0.0186,-0.0448,-6.56,-17.37,15.31,349.43,-81.5,-163.84,18.462333333333333,1.0,52.40299123595506,-1.5133082921348315
52.40299449438203,-1.5133345168539327,149.42,,4,270.95,19 / 24,134822,2019-09-08 10:10:01:446,-0.6467,1.223,9.972,-0.0035,0.0177,9.8066,0.1217,-0.054,0.0107,-6.81,-17.81,15.19,348.35,-81.5,-164.65,18.45,1.0,52.40299449438203,-1.5133345168539327
52.40299775280899,-1.5133607415730337,149.42,,4,270.95,19 / 24,134921,2019-09-08 10:10:01:545,-1.0564,0.6332,10.8186,-0.002,0.0013,9.8065,0.0819999999999999,-0.0378,0.0137,-7.5,-18.0,16.06,350.04,-81.57,-164.73,18.43766666666667,1.0,52.40299775280899,-1.5133607415730337
52.40300101123596,-1.5133869662921349,149.42,,4,270.95,19 / 24,135022,2019-09-08 10:10:01:646,-0.1959,-0.0604,9.4421,-0.0026,0.0087,9.8066,0.0355,-0.0773,0.0318,-6.75,-18.62,16.06,349.88,-81.54,-164.77,18.425333333333334,1.0,52.40300101123596,-1.5133869662921349
52.40300426966292,-1.513413191011236,149.42,,4,270.95,19 / 24,135121,2019-09-08 10:10:01:745,-1.2722,1.7652,9.5549,-0.0116,0.0288,9.8066,0.0063,-0.0819,0.011,-5.94,-20.56,16.13,354.07,-81.5,-164.24,18.413,1.0,52.40300426966292,-1.513413191011236
52.40300752808989,-1.513439415730337,149.42,,4,270.95,19 / 24,135221,2019-09-08 10:10:01:845,-1.8841,0.8061,9.6393,0.0,-0.0024,9.8066,-0.0171,-0.0246,-0.0055,-5.25,-20.31,15.13,357.17,-81.41,-163.83,18.400666666666666,1.0,52.40300752808989,-1.513439415730337
52.40301078651686,-1.5134656404494382,149.42,,4,270.95,19 / 24,135322,2019-09-08 10:10:01:946,-1.4665,-0.9487,8.7632,0.009,-0.0116,9.8066,-0.1189,-0.0964,0.0464,-4.94,-20.19,14.31,355.62,-81.44,-163.8,18.388333333333335,1.0,52.40301078651686,-1.5134656404494382
52.40301404494382,-1.5134918651685394,149.42,,4,270.95,19 / 24,135422,2019-09-08 10:10:02:046,-1.7328,2.2908,10.0909,-0.0106,0.0316,9.8066,0.1758,-0.0659,-0.0272,-4.87,-20.12,13.44,354.38,-81.56,-163.34,18.376,1.0,52.40301404494382,-1.5134918651685394
52.40301730337079,-1.5135180898876404,149.42,,4,270.95,19 / 24,135522,2019-09-08 10:10:02:146,-1.6423,0.746,10.0758,0.009,0.0089,9.8065,0.0529,-0.0412,0.0009,-5.44,-19.69,14.06,355.85,-81.67,-163.64,18.363666666666667,1.0,52.40301730337079,-1.5135180898876404
52.40302056179775,-1.5135443146067415,149.42,,4,270.95,19 / 24,135622,2019-09-08 10:10:02:246,-0.8487,-0.0844,10.5502,0.0129,-0.0076,9.8066,0.1159,-0.0079,-0.0279999999999999,-6.06,-19.19,15.5,353.42,-81.39,-164.86,18.351333333333333,1.0,52.40302056179775,-1.5135443146067415
52.403023820224725,-1.5135705393258427,149.42,,4,270.95,19 / 24,135722,2019-09-08 10:10:02:346,-0.613,0.0337,9.8606,0.0057,-0.0182,9.8065,-0.0074,-0.0655,0.0604,-6.5,-18.37,16.19,352.82,-81.14,-165.38,18.339000000000002,1.0,52.403023820224725,-1.5135705393258427
52.40302707865169,-1.513596764044944,149.42,,4,270.95,16 / 19,135821,2019-09-08 10:10:02:445,-1.1616,-0.327,9.1963,-0.0316,0.0164,9.8066,0.2482,0.0286,-0.0234,-6.62,-18.87,16.88,351.42,-80.98,-164.71,18.326666666666668,1.0,52.40302707865169,-1.513596764044944
52.403030337078654,-1.5136229887640449,149.42,,4,270.95,16 / 19,135924,2019-09-08 10:10:02:548,-2.2016,0.1965,9.0724,0.0041,-0.0076,9.8066,0.0476,-0.1245,0.0969,-6.94,-19.69,17.13,353.06,-81.19,-163.32,18.314333333333334,1.0,52.403030337078654,-1.5136229887640449
52.40303359550562,-1.513649213483146,149.42,,4,270.95,16 / 19,136022,2019-09-08 10:10:02:646,-3.3686,2.4429,9.6119,-0.0295,0.0479,9.8064,0.0985,-0.0123,-0.0601,-6.56,-20.12,18.69,358.09,-81.47,-161.38,18.302,1.0,52.40303359550562,-1.513649213483146
52.40303685393258,-1.5136754382022473,149.42,,4,270.95,16 / 19,136121,2019-09-08 10:10:02:745,-0.5081,-1.0322,8.7655,0.0117,0.0328,9.8065,-0.0844,-0.1272,-0.0536,-6.19,-21.44,18.19,358.64,-81.4,-162.68,18.28966666666667,1.0,52.40303685393258,-1.5136754382022473
52.403040112359555,-1.5137016629213482,149.42,,4,270.95,16 / 19,136221,2019-09-08 10:10:02:845,-2.7768,-0.0876,10.2207,0.0227,-0.0173,9.8065,0.0432,-0.0186,-0.07,-6.25,-21.25,17.81,357.37,-81.44,-163.73,18.277333333333335,1.0,52.403040112359555,-1.5137016629213482
52.40304337078652,-1.5137278876404494,149.42,,4,270.95,16 / 19,136321,2019-09-08 10:10:02:945,-0.4902,1.3017,10.0267,0.0206,-0.0305,9.8065,-0.1457,-0.0331,-0.0219,-6.0,-21.5,17.94,354.47,-81.3,-166.11,18.265,1.0,52.40304337078652,-1.5137278876404494
52.403046629213485,-1.5137541123595506,149.42,,4,270.95,16 / 19,136421,2019-09-08 10:10:03:045,-0.8504,0.4547,9.273,-0.0076,0.0167,9.8065,0.1197,-0.0626,-0.0114,-5.81,-22.25,17.81,354.29,-81.41,-166.22,18.252666666666666,1.0,52.403046629213485,-1.5137541123595506
52.40304988764045,-1.5137803370786518,149.42,,4,270.95,16 / 19,136522,2019-09-08 10:10:03:146,-0.4371,1.2243,10.119,-0.0155,0.006,9.8066,-0.0771,0.0172,-0.0001,-5.12,-22.12,17.81,358.2,-81.43,-165.94,18.240333333333332,1.0,52.40304988764045,-1.5137803370786518
52.40305314606742,-1.5138065617977527,149.42,,4,270.95,16 / 19,136622,2019-09-08 10:10:03:246,-1.6675,-0.1435,10.3067,0.0007,-0.0016,9.8066,0.0464,-0.089,0.0766,-5.56,-23.25,18.44,355.12,-81.38,-165.5,18.228,1.0,52.40305314606742,-1.5138065617977527
52.403056404494386,-1.513832786516854,149.42,,4,270.95,16 / 19,136721,2019-09-08 10:10:03:345,-1.2192,0.1662,9.5503,-0.0038,-0.0184,9.8066,-0.034,-0.0567,-0.0459,-5.0,-23.25,18.19,358.62,-81.19,-165.58,18.215666666666667,1.0,52.403056404494386,-1.513832786516854
52.40305966292135,-1.5138590112359551,149.42,,4,270.95,15 / 21,136821,2019-09-08 10:10:03:445,-1.7503,0.5774,9.7517,0.0088,0.0137,9.8066,0.0748,-0.0989,0.0143,-5.37,-24.31,17.63,358.07,-81.11,-166.0,18.203333333333333,1.0,52.40305966292135,-1.5138590112359551
52.403062921348315,-1.513885235955056,149.42,,4,270.95,15 / 21,136922,2019-09-08 10:10:03:546,-0.2259,-1.1928,9.8585,-0.0123,0.0046,9.8066,0.0321,-0.0217,-0.071,-5.81,-25.5,16.44,351.03,-81.2,-166.31,18.191,1.0,52.403062921348315,-1.513885235955056
52.40306617977528,-1.5139114606741573,149.42,,4,270.95,15 / 21,137021,2019-09-08 10:10:03:645,-0.7154,-1.0509,9.8232,0.0028,0.0039,9.8066,-0.186,-0.1498,0.0508,-5.75,-25.81,15.56,351.1,-81.23,-166.19,18.17866666666667,1.0,52.40306617977528,-1.5139114606741573
52.40306943820225,-1.5139376853932585,149.42,,4,270.95,15 / 21,137122,2019-09-08 10:10:03:746,-2.0847,0.3532,10.2077,-0.0142,0.0204,9.8066,-0.0237,-0.0876,-0.005,-6.25,-25.87,14.63,349.88,-81.31,-165.76,18.166333333333334,1.0,52.40306943820225,-1.5139376853932585
52.403072696629216,-1.5139639101123596,149.42,,4,270.95,15 / 21,137222,2019-09-08 10:10:03:846,-0.5654,-0.0936,9.4446,0.0081,-0.0084,9.8066,-0.0352,-0.1732,0.0727,-6.81,-24.19,13.38,341.4,-81.19,-165.53,18.154,1.0,52.403072696629216,-1.5139639101123596
52.40307595505618,-1.5139901348314606,149.42,,4,270.95,15 / 21,137322,2019-09-08 10:10:03:946,-2.4242,-1.3039,9.6138,-0.0062,-0.0046,9.8066,0.0158,-0.0688,-0.0123,-7.06,-23.56,13.63,345.1,-81.17,-164.69,18.141666666666666,1.0,52.40307595505618,-1.5139901348314606
52.403079213483146,-1.5140163595505618,149.42,,4,270.95,15 / 21,137421,2019-09-08 10:10:04:045,-1.3398,-0.3322,9.3098,-0.0045,0.008,9.8066,-0.1299,-0.1171,-0.0111,-7.31,-22.94,14.56,348.23,-81.21,-164.13,18.129333333333335,1.0,52.403079213483146,-1.5140163595505618
52.40308247191012,-1.514042584269663,149.42,,4,270.95,15 / 21,137521,2019-09-08 10:10:04:145,-1.9127,0.0622,9.9614,-0.0058,0.0041,9.8066,-0.0128,-0.0614,-0.0483,-7.37,-21.25,15.0,349.21,-81.31,-163.59,18.117,1.0,52.40308247191012,-1.514042584269663
52.40308573033708,-1.514068808988764,149.42,,4,270.95,15 / 21,137621,2019-09-08 10:10:04:245,-1.6614,-0.4657,9.7439,-0.0002,-0.0149,9.8066,-0.0281,-0.0719,-0.0216,-8.5,-21.87,15.31,344.72,-81.24,-164.06,18.104666666666667,1.0,52.40308573033708,-1.514068808988764
52.40308898876405,-1.5140950337078651,149.42,,4,270.95,15 / 21,137721,2019-09-08 10:10:04:345,-0.5497,-0.9456,9.331,0.009,-0.0057,9.8065,-0.0357,-0.077,0.0124,-8.5,-21.62,14.88,344.77,-81.1,-163.96,18.092333333333332,1.0,52.40308898876405,-1.5140950337078651
52.40309224719101,-1.5141212584269663,149.42,,4,270.95,May-23,137822,2019-09-08 10:10:04:446,-2.2463,-0.482,10.6862,-0.0111,0.0158,9.8065,0.0904,-0.0525,-0.0197,-8.94,-23.62,16.19,343.71,-81.06,-163.48,18.080000000000002,1.0,52.40309224719101,-1.5141212584269663
52.403095505617976,-1.5141474831460673,149.42,,4,270.95,May-23,137922,2019-09-08 10:10:04:546,-1.4121,-2.6144,11.1545,0.0083,-0.0247,9.8066,0.0749,-0.1317,0.0018,-9.25,-25.56,16.88,345.02,-80.96,-163.76,18.067666666666668,1.0,52.403095505617976,-1.5141474831460673
52.40309876404495,-1.5141737078651685,149.42,,4,270.95,May-23,138021,2019-09-08 10:10:04:645,-3.285,0.1316,10.1572,-0.0073,0.025,9.8066,0.0784,-0.0589,-0.0614,-8.56,-26.06,15.75,342.2,-80.88,-164.29,18.055333333333333,1.0,52.40309876404495,-1.5141737078651685
52.40310202247191,-1.5141999325842697,149.42,,4,270.95,May-23,138122,2019-09-08 10:10:04:746,-0.985,-0.3567,10.4542,-0.0017,0.0227,9.8065,0.0745,-0.1134,-0.0112,-7.44,-26.31,15.06,346.14,-81.04,-165.32,18.043,1.0,52.40310202247191,-1.5141999325842697
52.40310528089888,-1.5142261573033708,149.42,,4,270.95,May-23,138222,2019-09-08 10:10:04:846,-1.1634,-2.1091,9.8482,0.0039,-0.0091,9.8066,0.0184,-0.0364,-0.0069999999999999,-7.44,-26.69,14.31,343.25,-80.97,-165.51,18.03066666666667,1.0,52.40310528089888,-1.5142261573033708
52.40310853932584,-1.5142523820224718,149.42,,4,270.95,May-23,138322,2019-09-08 10:10:04:946,-2.4669,-0.8902,10.2124,0.0054,-0.0212,9.8066,0.0243,-0.1217,0.0982,-7.62,-26.62,13.81,339.05,-80.9,-165.52,18.018333333333334,1.0,52.40310853932584,-1.5142523820224718
52.403111797752814,-1.514278606741573,149.42,,4,270.95,May-23,138422,2019-09-08 10:10:05:046,-1.8901,-0.5239,10.3493,0.004,-0.0094,9.8065,0.0482,-0.0963,0.0307,-7.06,-26.06,13.19,341.46,-80.84,-164.9,18.006,1.0,52.403111797752814,-1.514278606741573
52.40311505617978,-1.5143048314606742,149.42,,4,270.95,May-23,138521,2019-09-08 10:10:05:145,-1.4259,0.3196,9.6422,-0.0021,-0.0143,9.8066,-0.0248,-0.086,0.0197,-7.06,-24.81,12.69,341.88,-80.78,-164.76,17.993666666666666,1.0,52.40311505617978,-1.5143048314606742
52.40311831460674,-1.5143310561797751,149.42,,4,270.95,May-23,138621,2019-09-08 10:10:05:245,-1.4944,-0.8952,9.6253,0.0026,-0.0083,9.8066,0.0272,-0.1081,0.0932,-7.56,-24.25,13.44,338.48,-80.88,-164.41,17.981333333333335,1.0,52.40311831460674,-1.5143310561797751
52.40312157303371,-1.5143572808988763,149.42,,4,270.95,May-23,138722,2019-09-08 10:10:05:346,-0.5676,-0.6119,9.5887,-0.002,-0.0179,9.8066,0.0314,-0.0495,-0.0221,-7.87,-23.25,13.69,342.16,-80.73,-163.84,17.969,1.0,52.40312157303371,-1.5143572808988763
52.40312483146068,-1.5143835056179775,149.42,,4,270.95,May-19,138821,2019-09-08 10:10:05:445,-2.0191,-1.3272,10.4327,0.002,-0.0166,9.8066,0.0463,-0.0888,0.0544,-7.81,-22.81,13.56,342.13,-80.74,-163.86,17.956666666666667,1.0,52.40312483146068,-1.5143835056179775
52.403128089887645,-1.5144097303370787,149.42,,4,270.95,May-19,138921,2019-09-08 10:10:05:545,-1.6724,-1.3983,10.355,0.0008,-0.0016,9.8066,0.1493,-0.1192,0.0268,-7.37,-22.69,14.25,346.15,-80.57,-163.8,17.944333333333333,1.0,52.403128089887645,-1.5144097303370787
52.40313134831461,-1.5144359550561797,149.42,,4,270.95,May-19,139021,2019-09-08 10:10:05:645,-1.1557,-0.3901,10.3662,0.018,-0.0143,9.8065,-0.0137,-0.1159999999999999,0.0187,-6.94,-23.62,14.13,344.1,-80.24,-165.02,17.932000000000002,1.0,52.40313134831461,-1.5144359550561797
52.403134606741574,-1.5144621797752809,149.42,,4,270.95,May-19,139122,2019-09-08 10:10:05:746,-1.1082,-1.369,10.3082,0.0027,0.0017,9.8066,-0.0147,-0.0952,0.0181,-6.69,-23.19,13.56,343.97,-80.18,-165.27,17.919666666666668,1.0,52.403134606741574,-1.5144621797752809
52.40313786516854,-1.514488404494382,149.42,,4,270.95,May-19,139221,2019-09-08 10:10:05:845,-2.3343,-1.6189,9.8363,-0.0097,-0.0104,9.8066,-0.0305,-0.119,-0.0047,-7.06,-22.31,12.44,339.11,-80.19,-164.82,17.907333333333334,1.0,52.40313786516854,-1.514488404494382
52.40314112359551,-1.514514629213483,149.42,,4,270.95,May-19,139321,2019-09-08 10:10:05:945,-2.0356,-1.87,10.8453,-0.0042,0.0118,9.8065,0.1339,-0.1615,0.0447,-7.19,-21.56,10.06,332.28,-80.26,-164.21,17.895,1.0,52.40314112359551,-1.514514629213483
52.403144382022475,-1.5145408539325842,149.42,,4,270.95,May-19,139421,2019-09-08 10:10:06:045,-2.6463,-1.4989,9.926,0.0459,-0.0188,9.8065,-0.0941,-0.015,-0.0537,-7.5,-21.12,9.81,331.56,-80.09,-164.96,17.88266666666667,1.0,52.403144382022475,-1.5145408539325842
52.40314764044944,-1.5145670786516854,149.42,,4,270.95,May-19,139521,2019-09-08 10:10:06:145,0.0206,-0.6238,9.4707,0.0322,-0.0253,9.8065,-0.1654,-0.149,0.0406,-7.31,-20.5,10.13,328.54,-79.71,-167.23,17.870333333333335,1.0,52.40314764044944,-1.5145670786516854
52.403150898876405,-1.5145933033707866,149.42,,4,270.95,May-19,139621,2019-09-08 10:10:06:245,-0.2238,-0.5505,10.0441,-0.0711,0.0734,9.8061,0.2424,-0.153,0.0317,-8.0,-20.69,11.31,329.97,-80.18,-166.04,17.858,1.0,52.403150898876405,-1.5145933033707866
52.403154157303376,-1.5146195280898875,149.42,,4,270.95,May-19,139721,2019-09-08 10:10:06:345,-3.4201,-1.5933,10.9394,-0.0635,0.0761,9.8061,0.4678,-0.2372,0.1342,-7.62,-20.19,12.81,337.97,-80.3,-165.38,17.845666666666666,1.0,52.403154157303376,-1.5146195280898875
52.40315741573034,-1.5146457528089887,149.42,,4,270.95,May-17,139822,2019-09-08 10:10:06:446,-2.4122,-1.2901,11.8668,0.0784,-0.0931,9.8058,-0.0971,-0.1846,-0.0709,-7.87,-21.62,13.88,339.83,-80.17,-165.54,17.833333333333336,1.0,52.40315741573034,-1.5146457528089887
52.403160674157306,-1.51467197752809,149.42,,4,270.95,May-17,139922,2019-09-08 10:10:06:546,-2.0779,-1.6766,10.1542,0.0773,-0.0709,9.806,-0.1112,-0.0307,-0.053,-7.0,-20.56,14.5,341.14,-79.42,-169.22,17.821,1.0,52.403160674157306,-1.51467197752809
52.40316393258427,-1.5146982022471909,149.42,,4,270.95,May-17,140022,2019-09-08 10:10:06:646,-2.0216,-0.9779,8.1965,-0.0476,0.107,9.8058,0.0744,-0.2117,0.0412,-6.81,-20.75,14.81,340.29,-79.28,-169.8,17.808666666666667,1.0,52.40316393258427,-1.5146982022471909
52.403167191011235,-1.514724426966292,149.42,,4,270.95,May-17,140122,2019-09-08 10:10:06:746,-1.4644,-0.0982,9.9031,-0.0449,0.06,9.8063,0.1634,-0.1678,0.0908,-7.25,-22.06,14.63,341.47,-80.06,-169.06,17.796333333333333,1.0,52.403167191011235,-1.514724426966292
52.40317044943821,-1.5147506516853932,149.42,,4,270.95,May-17,140222,2019-09-08 10:10:06:846,-1.1998,-1.6169,10.3763,0.018,-0.045,9.8064,-0.0299,-0.1011,0.0425,-7.87,-24.62,15.75,340.18,-79.67,-168.07,17.784000000000002,1.0,52.40317044943821,-1.5147506516853932
52.40317370786517,-1.5147768764044942,149.42,,4,270.95,May-17,140322,2019-09-08 10:10:06:946,0.1497,-0.8142,10.1996,0.022,-0.0364,9.8065,0.001,-0.0286,-0.0548,-7.69,-26.44,14.31,333.85,-79.47,-168.54,17.77166666666667,1.0,52.40317370786517,-1.5147768764044942
52.403176966292136,-1.5148031011235954,149.42,,4,270.95,May-17,140422,2019-09-08 10:10:07:046,-2.64,0.4298,10.3543,0.0039,0.0281,9.8066,0.2384,-0.0335,-0.0698,-7.5,-27.62,12.44,330.42,-79.27,-168.17,17.759333333333334,1.0,52.403176966292136,-1.5148031011235954
52.4031802247191,-1.5148293258426966,149.42,,4,270.95,May-17,140522,2019-09-08 10:10:07:146,-2.7943,-1.6178,8.7671,-0.0641,0.0315,9.8063,0.19,-0.0553,0.1177,-7.37,-27.56,10.19,321.25,-79.62,-168.21,17.747,1.0,52.4031802247191,-1.5148293258426966
52.40318348314607,-1.5148555505617978,149.42,,4,270.95,May-17,140621,2019-09-08 10:10:07:245,-2.8207,0.831,9.5109,-0.0154,0.0021,9.8066,-0.0776,-0.2368,0.2666,-8.06,-26.31,9.56,320.21,-79.71,-167.17,17.73466666666667,1.0,52.40318348314607,-1.5148555505617978
52.40318674157304,-1.5148817752808987,149.42,,4,270.95,May-17,140721,2019-09-08 10:10:07:345,-2.3186,-0.9371,9.9377,0.0189,-0.0385,9.8065,0.0066,0.0835,-0.1679,-7.62,-26.87,9.63,321.65,-79.49,-165.32,17.722333333333335,1.0,52.40318674157304,-1.5148817752808987
52.40319,-1.514908,148.3,17.71,32,304.26,Nov-17,140822,2019-09-08 10:10:07:446,-4.0627,-0.8338,9.0194,-0.0358,0.039,9.8065,0.3034,-0.0417,-0.0882,-7.5,-26.5,11.13,329.95,-79.19,-166.29,17.71,1.0,52.40319,-1.514908
52.403200406593406,-1.5149247032967033,148.3,,32,304.26,Nov-17,140921,2019-09-08 10:10:07:545,0.4307,-0.4551,10.4724,0.0151,0.049,9.8064,0.2336,-0.0289,-0.0008,-7.37,-26.44,10.69,327.28,-79.34,-168.24,17.685934065934067,1.0,52.403200406593406,-1.5149247032967033
52.40321081318682,-1.5149414065934066,148.3,,32,304.26,Nov-17,141021,2019-09-08 10:10:07:645,-0.4444,-0.7091,10.2827,0.0376,-0.0229,9.8065,-0.1724,-0.0445,0.0507,-7.31,-26.25,11.75,330.42,-79.15,-168.83,17.661868131868133,1.0,52.40321081318682,-1.5149414065934066
52.40322121978022,-1.51495810989011,148.3,,32,304.26,Nov-17,141122,2019-09-08 10:10:07:746,-2.0669,-1.7283,9.3425,0.0185,-0.0527,9.8064,-0.2179,-0.0515,0.011,-6.44,-27.0,11.63,334.74,-78.93,-168.76,17.6378021978022,1.0,52.40322121978022,-1.51495810989011
52.403231626373625,-1.514974813186813,148.3,,32,304.26,Nov-17,141222,2019-09-08 10:10:07:846,-0.7586,-1.9282,9.7479,-0.0318,0.0224,9.8065,0.0591,-0.179,0.0571,-5.69,-28.0,11.56,337.26,-79.32,-167.2,17.613736263736264,1.0,52.403231626373625,-1.514974813186813
52.403242032967036,-1.5149915164835164,148.3,,32,304.26,Nov-17,141322,2019-09-08 10:10:07:946,-3.2354,0.1059,10.9435,-0.0054,-0.0105,9.8066,0.0259,-0.059,-0.0177,-6.06,-27.69,10.63,333.79,-79.2,-166.5,17.58967032967033,1.0,52.403242032967036,-1.5149915164835164
52.40325243956044,-1.5150082197802197,148.3,,32,304.26,Nov-17,141422,2019-09-08 10:10:08:046,-1.2644,-0.8137,11.2334,0.0316,-0.0443,9.8064,-0.0773,-0.0858,0.0237,-6.31,-27.94,10.75,332.56,-79.11,-167.14,17.565604395604396,1.0,52.40325243956044,-1.5150082197802197
52.40326284615385,-1.515024923076923,148.3,,32,304.26,Nov-17,141521,2019-09-08 10:10:08:145,-0.2766,-0.0654,9.9305,0.045,-0.042,9.8064,-0.0671,-0.0536,0.0124,-6.69,-28.69,10.31,318.08,-78.52,-167.77,17.54153846153846,1.0,52.40326284615385,-1.515024923076923
52.403273252747255,-1.5150416263736264,148.3,,32,304.26,Nov-17,141621,2019-09-08 10:10:08:245,-1.7244,-1.7726,10.0253,-0.0223,0.0194,9.8065,0.0481,-0.0559,-0.0194,-5.69,-28.87,9.81,324.48,-78.58,-167.28,17.517472527472528,1.0,52.403273252747255,-1.5150416263736264
52.40328365934066,-1.5150583296703297,148.3,,32,304.26,Nov-17,141722,2019-09-08 10:10:08:346,-3.492,-1.0163,9.9599,-0.049,0.0154,9.8064,0.1647,-0.0942,0.0731,-6.75,-28.81,9.44,314.93,-78.97,-166.3,17.493406593406593,1.0,52.40328365934066,-1.5150583296703297
52.40329406593407,-1.5150750329670328,148.3,,32,304.26,17 / 22,141822,2019-09-08 10:10:08:446,-1.1082,-2.3156,9.9875,0.044,-0.0162,9.8064,-0.1043,-0.0922,0.0357,-7.94,-28.25,8.25,305.83,-79.0,-165.86,17.46934065934066,1.0,52.40329406593407,-1.5150750329670328
52.40330447252747,-1.5150917362637362,148.3,,32,304.26,17 / 22,141921,2019-09-08 10:10:08:545,-1.2036,-1.1529,9.7582,0.0361,-0.0089,9.8065,-0.0922,-0.1032,0.0793,-9.06,-27.62,8.56,307.66,-78.77,-166.74,17.445274725274725,1.0,52.40330447252747,-1.5150917362637362
52.40331487912088,-1.5151084395604395,148.3,,32,304.26,17 / 22,142021,2019-09-08 10:10:08:645,-2.2237,-1.3668,9.8203,-0.0316,0.0127,9.8065,0.1293,-0.0878,-0.0357,-10.44,-26.37,8.88,307.66,-78.74,-166.19,17.42120879120879,1.0,52.40331487912088,-1.5151084395604395
52.40332528571429,-1.5151251428571428,148.3,,32,304.26,17 / 22,142121,2019-09-08 10:10:08:745,-1.8794,-1.186,10.0647,-0.0334,0.015,9.8065,0.0639,-0.0909,-0.003,-10.19,-24.5,8.94,309.91,-78.95,-166.18,17.397142857142857,1.0,52.40332528571429,-1.5151251428571428
52.40333569230769,-1.5151418461538462,148.3,,32,304.26,17 / 22,142222,2019-09-08 10:10:08:846,-0.6954,-1.7233,9.5716,0.037,-0.0127,9.8065,-0.1706,-0.1029,-0.0272,-10.37,-22.75,10.38,314.16,-78.89,-167.17,17.373076923076923,1.0,52.40333569230769,-1.5151418461538462
52.4033460989011,-1.5151585494505495,148.3,,32,304.26,17 / 22,142322,2019-09-08 10:10:08:946,-2.0858,0.3421,9.4531,0.0054,0.0096,9.8065,-0.1384,-0.0725,-0.0232,-9.56,-22.81,9.5,313.95,-79.12,-167.64,17.34901098901099,1.0,52.4033460989011,-1.5151585494505495
52.40335650549451,-1.5151752527472526,148.3,,32,304.26,17 / 22,142422,2019-09-08 10:10:09:046,-2.0826,-0.8932,10.8129,-0.0041,-0.012,9.8066,0.0737,-0.0626,-0.0119,-8.87,-23.56,9.44,311.74,-79.25,-167.39,17.324945054945054,1.0,52.40335650549451,-1.5151752527472526
52.40336691208791,-1.515191956043956,148.3,,32,304.26,17 / 22,142521,2019-09-08 10:10:09:145,-2.3038,0.8054,13.0368,0.0446,-0.0154,9.8065,0.0937,-0.0864,0.0363,-7.81,-25.12,9.31,312.04,-78.77,-168.11,17.30087912087912,1.0,52.40336691208791,-1.515191956043956
52.40337731868132,-1.5152086593406593,148.3,,32,304.26,17 / 22,142621,2019-09-08 10:10:09:245,0.0817,-3.6812,11.1733,0.0824,-0.0781,9.8059,-0.1222,-0.1185,0.0603,-6.56,-26.94,9.63,319.36,-78.36,-168.02,17.276813186813186,1.0,52.40337731868132,-1.5152086593406593
52.403387725274726,-1.5152253626373626,148.3,,32,304.26,17 / 22,142722,2019-09-08 10:10:09:346,0.7646,1.0172,8.2864,0.0211,-0.0477,9.8064,-0.361,-0.1031,0.0212,-6.81,-27.44,9.56,317.69,-77.84,-168.2,17.252747252747252,1.0,52.403387725274726,-1.5152253626373626
52.40339813186813,-1.515242065934066,148.3,,32,304.26,19 / 25,142822,2019-09-08 10:10:09:446,-0.0503,-0.53,7.5237,-0.0586,0.052,9.8063,0.0122,-0.2113,0.1593,-8.44,-27.12,9.69,319.19,-78.95,-166.18,17.228681318681318,1.0,52.40339813186813,-1.515242065934066
52.40340853846154,-1.5152587692307693,148.3,,32,304.26,19 / 25,142921,2019-09-08 10:10:09:545,-2.5074,0.8173,9.3289,-0.0665,0.043,9.8063,0.1061,-0.0919,-0.0714,-8.87,-27.87,8.13,305.32,-79.41,-165.2,17.204615384615384,1.0,52.40340853846154,-1.5152587692307693
52.403418945054945,-1.5152754725274724,148.3,,32,304.26,19 / 25,143022,2019-09-08 10:10:09:646,-1.3502,-1.7657,10.4973,0.0433,-0.0056,9.8065,0.021,-0.0948,-0.0558,-9.31,-26.87,8.94,310.9,-79.24,-165.99,17.18054945054945,1.0,52.403418945054945,-1.5152754725274724
52.403429351648356,-1.5152921758241757,148.3,,32,304.26,19 / 25,143121,2019-09-08 10:10:09:745,-8.3689,0.6293,12.9823,-0.0431,0.0533,9.8064,0.1577,-0.4101,0.3901,-8.87,-27.69,10.31,313.29,-79.11,-167.4,17.15648351648352,1.0,52.403429351648356,-1.5152921758241757
52.40343975824176,-1.515308879120879,148.3,,32,304.26,19 / 25,143221,2019-09-08 10:10:09:845,-5.3196,-2.1879,10.4973,-0.0223,0.0122,9.8066,0.9294,0.2889,-0.3523,-8.87,-27.87,11.19,319.42,-78.29,-165.49,17.132417582417585,1.0,52.40343975824176,-1.515308879120879
52.403450164835164,-1.5153255824175824,148.3,,32,304.26,19 / 25,143321,2019-09-08 10:10:09:945,3.3774,-7.8243,10.4539,-0.0018,-0.0244,9.8066,0.3407,0.4844,-0.3484,-8.25,-28.62,10.56,322.23,-78.17,-165.5,17.10835164835165,1.0,52.403450164835164,-1.5153255824175824
52.403460571428575,-1.5153422857142858,148.3,,32,304.26,19 / 25,143421,2019-09-08 10:10:10:045,-4.3037,-1.1498,6.9588,-0.049,0.0506,9.8063,-0.5084,0.0374,-0.0149,-7.37,-29.25,9.31,314.02,-79.02,-166.99,17.084285714285716,1.0,52.403460571428575,-1.5153422857142858
52.40347097802198,-1.515358989010989,148.3,,32,304.26,19 / 25,143521,2019-09-08 10:10:10:145,-2.2919,0.5902,7.2888,0.0184,0.0029,9.8065,-0.5319,-0.0075,0.0129,-6.81,-29.37,8.81,311.43,-78.93,-168.45,17.060219780219782,1.0,52.40347097802198,-1.515358989010989
52.40348138461538,-1.5153756923076922,148.3,,32,304.26,19 / 25,143621,2019-09-08 10:10:10:245,-1.5547,1.5715,8.6772,-0.0064,0.0165,9.8066,0.3332,-0.0169,-0.034,-5.19,-29.12,8.38,312.33,-78.94,-168.99,17.036153846153848,1.0,52.40348138461538,-1.5153756923076922
52.40349179120879,-1.5153923956043955,148.3,,32,304.26,19 / 25,143721,2019-09-08 10:10:10:345,0.2424,-1.3312,10.0674,-0.0189,0.0089,9.8066,0.1141,-0.0563,0.0761,-6.0,-29.37,8.38,306.34,-78.94,-169.3,17.012087912087914,1.0,52.40349179120879,-1.5153923956043955
52.4035021978022,-1.5154090989010989,148.3,,32,304.26,22 / 27,143823,2019-09-08 10:10:10:447,0.8974,0.8106,10.3026,0.0344,-0.0067,9.8065,-0.2619,-0.1557,0.1166,-6.31,-29.19,8.31,306.73,-79.04,-169.32,16.98802197802198,1.0,52.4035021978022,-1.5154090989010989
52.40351260439561,-1.5154258021978022,148.3,,32,304.26,22 / 27,143921,2019-09-08 10:10:10:545,0.1934,-0.0541,10.8195,0.0514,-0.0278,9.8065,-0.1943,-0.0685,-0.0065,-6.56,-28.87,9.0,309.6,-78.89,-169.54,16.963956043956046,1.0,52.40351260439561,-1.5154258021978022
52.40352301098901,-1.5154425054945055,148.3,,32,304.26,22 / 27,144021,2019-09-08 10:10:10:645,-0.2179,1.9537,10.643,-0.0453,0.0412,9.8064,0.2821,-0.0794,0.0351,-5.81,-29.44,9.13,315.18,-79.25,-169.79,16.93989010989011,1.0,52.40352301098901,-1.5154425054945055
52.403533417582416,-1.5154592087912089,148.3,,32,304.26,22 / 27,144122,2019-09-08 10:10:10:746,0.7191,-0.1786,9.6245,-0.0295,0.0182,9.8065,0.1837,-0.0192,0.0001,-4.94,-30.19,9.13,320.08,-79.2,-169.7,16.915824175824177,1.0,52.403533417582416,-1.5154592087912089
52.40354382417583,-1.515475912087912,148.3,,32,304.26,22 / 27,144221,2019-09-08 10:10:10:845,-0.9242,-0.4847,10.3775,0.0132,-0.0267,9.8066,-0.1528,0.0366,-0.0354,-5.12,-29.69,8.63,320.78,-79.15,-169.22,16.891758241758243,1.0,52.40354382417583,-1.515475912087912
52.40355423076923,-1.5154926153846153,148.3,,32,304.26,22 / 27,144321,2019-09-08 10:10:10:945,-0.5558,0.8253,8.8407,0.0115,-0.0212,9.8065,-0.0962,0.0001,0.0226,-4.75,-29.81,9.0,321.58,-78.99,-168.47,16.86769230769231,1.0,52.40355423076923,-1.5154926153846153
52.403564637362635,-1.5155093186813187,148.3,,32,304.26,22 / 27,144421,2019-09-08 10:10:11:045,-1.0847,-0.653,9.7888,-0.0357,-0.0033,9.8065,0.1081,0.0912,-0.0549,-4.81,-30.37,8.5,322.69,-78.89,-167.69,16.843626373626375,1.0,52.403564637362635,-1.5155093186813187
52.403575043956046,-1.515526021978022,148.3,,32,304.26,22 / 27,144521,2019-09-08 10:10:11:145,-1.1125,-0.9449,10.7088,-0.0107,-0.0173,9.8066,-0.0067,-0.0648,0.0711,-4.69,-30.25,7.69,317.02,-79.02,-165.83,16.81956043956044,1.0,52.403575043956046,-1.515526021978022
52.40358545054945,-1.5155427252747253,148.3,,32,304.26,22 / 27,144622,2019-09-08 10:10:11:246,-0.7555,0.5097,10.3829,0.0037,-0.0019,9.8066,-0.0517,0.0316,-0.0589,-5.25,-30.56,6.81,303.65,-79.21,-165.71,16.795494505494506,1.0,52.40358545054945,-1.5155427252747253
52.40359585714286,-1.5155594285714287,148.3,,32,304.26,22 / 27,144722,2019-09-08 10:10:11:346,-0.7772,0.4078,9.6478,0.0323,0.0151,9.8065,-0.0272,-0.1009999999999999,0.005,-5.62,-30.69,7.19,298.34,-79.27,-166.68,16.771428571428572,1.0,52.40359585714286,-1.5155594285714287
52.403606263736265,-1.5155761318681318,148.3,,32,304.26,24 / 26,144821,2019-09-08 10:10:11:445,0.4956,0.2625,8.4087,-0.0392,0.0064,9.8065,0.1121,0.0421,-0.0227,-6.56,-30.0,6.63,297.07,-79.27,-166.9,16.747362637362638,1.0,52.403606263736265,-1.5155761318681318
52.40361667032967,-1.5155928351648351,148.3,,32,304.26,24 / 26,144922,2019-09-08 10:10:11:546,-0.8503,-0.0633,10.2033,-0.0346,-0.0053,9.8066,0.0483,-0.0369,0.0842,-7.31,-30.56,6.63,298.23,-79.54,-165.89,16.723296703296704,1.0,52.40361667032967,-1.5155928351648351
52.40362707692308,-1.5156095384615385,148.3,,32,304.26,24 / 26,145021,2019-09-08 10:10:11:645,0.1304,-0.2723,10.3436,0.0066,-0.013,9.8066,-0.0177,-0.0605,0.0282,-6.62,-29.19,6.94,303.05,-79.51,-164.6,16.69923076923077,1.0,52.40362707692308,-1.5156095384615385
52.40363748351648,-1.5156262417582418,148.3,,32,304.26,24 / 26,145121,2019-09-08 10:10:11:745,-0.9247,0.2054,9.8998,-0.0164,0.0043,9.8066,0.149,0.0152,-0.0566,-6.12,-29.5,8.06,317.03,-79.45,-164.21,16.675164835164836,1.0,52.40363748351648,-1.5156262417582418
52.40364789010989,-1.5156429450549451,148.3,,32,304.26,24 / 26,145221,2019-09-08 10:10:11:845,-0.9825,0.3888,8.8013,-0.0345,0.0139,9.8065,-0.0193,-0.052,0.0652,-5.56,-29.44,6.88,306.89,-79.54,-164.55,16.6510989010989,1.0,52.40364789010989,-1.5156429450549451
52.4036582967033,-1.5156596483516485,148.3,,32,304.26,24 / 26,145322,2019-09-08 10:10:11:946,0.3428,1.2947,8.5396,-0.0671,0.0339,9.8063,0.0803,0.0454,-0.1109,-6.5,-29.0,6.25,298.08,-79.86,-164.04,16.627032967032967,1.0,52.4036582967033,-1.5156596483516485
52.4036687032967,-1.5156763516483516,148.3,,32,304.26,24 / 26,145421,2019-09-08 10:10:12:045,-1.4825,0.7762,9.8301,0.0151,-0.0057,9.8065,-0.0889,-0.0048,-0.0795,-6.94,-29.37,5.75,296.23,-79.98,-164.21,16.602967032967033,1.0,52.4036687032967,-1.5156763516483516
52.40367910989011,-1.515693054945055,148.3,,32,304.26,24 / 26,145521,2019-09-08 10:10:12:145,-0.071,2.0113,10.352,0.0021,0.013,9.8066,0.1151,0.0546,-0.0722,-7.69,-28.69,5.5,293.58,-80.03,-165.18,16.5789010989011,1.0,52.40367910989011,-1.515693054945055
52.40368951648352,-1.5157097582417582,148.3,,32,304.26,24 / 26,145621,2019-09-08 10:10:12:245,0.4367,1.2322,8.6791,0.024,0.0138,9.8066,-0.1527,-0.0266,0.0721,-8.12,-28.19,5.88,294.54,-79.96,-165.27,16.554835164835165,1.0,52.40368951648352,-1.5157097582417582
52.40369992307692,-1.5157264615384616,148.3,,32,304.26,24 / 26,145721,2019-09-08 10:10:12:345,-1.9712,-0.1434,10.6784,-0.0041,-0.0221,9.8066,-0.0705,-0.035,0.0296,-8.19,-27.81,5.81,294.08,-79.85,-165.28,16.53076923076923,1.0,52.40369992307692,-1.5157264615384616
52.40371032967033,-1.515743164835165,148.3,,32,304.26,24 / 26,145821,2019-09-08 10:10:12:445,0.4534,1.8909,9.0203,0.0013,-0.0064,9.8066,-0.211,-0.0649,0.1073,-8.87,-28.44,7.06,300.03,-79.95,-165.42,16.506703296703297,1.0,52.40371032967033,-1.515743164835165
52.403720736263736,-1.5157598681318682,148.3,,32,304.26,25 / 27,145922,2019-09-08 10:10:12:546,-1.596,1.5231,6.8887,-0.0394,0.0181,9.8065,-0.2626,-0.0965,0.1088,-8.75,-27.87,7.13,302.41,-80.22,-164.24,16.482637362637362,1.0,52.403720736263736,-1.5157598681318682
52.40373114285714,-1.5157765714285714,148.3,,32,304.26,25 / 27,146021,2019-09-08 10:10:12:645,-1.8962,-0.0885,8.8734,0.0046,-0.0233,9.8066,0.2289,0.1162,-0.0472,-7.87,-28.37,7.31,308.51,-80.3,-161.75,16.458571428571428,1.0,52.40373114285714,-1.5157765714285714
52.40374154945055,-1.5157932747252747,148.3,,32,304.26,25 / 27,146122,2019-09-08 10:10:12:746,-0.2036,1.0,10.678,-0.0042,-0.0112,9.8066,0.2123,0.0259,-0.0527,-6.94,-28.25,7.13,314.03,-80.47,-160.76,16.434505494505494,1.0,52.40374154945055,-1.5157932747252747
52.403751956043955,-1.515809978021978,148.3,,32,304.26,25 / 27,146221,2019-09-08 10:10:12:845,-0.9034,0.6845,9.6974,-0.0226,0.0181,9.8066,-0.1182,-0.0026,-0.0269,-7.25,-28.56,6.63,312.15,-80.42,-161.08,16.41043956043956,1.0,52.403751956043955,-1.515809978021978
52.403762362637366,-1.5158266813186814,148.3,,32,304.26,25 / 27,146322,2019-09-08 10:10:12:946,-1.5463,1.3594,10.1077,-0.0195,0.0064,9.8066,0.0082,0.0004,-0.0962,-6.62,-28.87,6.25,303.02,-80.55,-161.31,16.386373626373626,1.0,52.403762362637366,-1.5158266813186814
52.40377276923077,-1.5158433846153847,148.3,,32,304.26,25 / 27,146421,2019-09-08 10:10:13:045,0.7009,1.1476,9.9484,0.0327,-0.0045,9.8065,-0.0691,-0.1159,0.0833,-6.31,-28.19,6.31,307.61,-80.58,-161.46,16.36230769230769,1.0,52.40377276923077,-1.5158433846153847
52.403783175824174,-1.515860087912088,148.3,,32,304.26,25 / 27,146521,2019-09-08 10:10:13:145,-0.9101,0.3622,9.7213,0.0011,-0.0019,9.8066,-0.0707,-0.0254,0.0311,-7.0,-29.19,6.19,303.41,-80.53,-160.97,16.338241758241757,1.0,52.403783175824174,-1.515860087912088
52.403793582417585,-1.5158767912087912,148.3,,32,304.26,25 / 27,146621,2019-09-08 10:10:13:245,-2.2676,0.2175,9.7814,-0.0221,-0.0051,9.8066,0.0065,0.0606,-0.03,-6.87,-28.69,6.25,305.66,-80.7,-159.95,16.314175824175823,1.0,52.403793582417585,-1.5158767912087912
52.40380398901099,-1.5158934945054945,148.3,,32,304.26,25 / 27,146721,2019-09-08 10:10:13:345,0.2419,0.1744,9.502,-0.0098,0.0024,9.8066,-0.0069999999999999,0.0105,0.0419,-7.62,-28.5,5.94,304.9,-80.76,-159.79,16.29010989010989,1.0,52.40380398901099,-1.5158934945054945
52.40381439560439,-1.5159101978021978,148.3,,32,304.26,25 / 27,146825,2019-09-08 10:10:13:449,-0.4909,1.4911,9.6628,-0.0018,0.0041,9.8066,-0.0118,-0.0009,0.0665,-7.75,-29.06,5.0,296.37,-80.76,-158.81,16.266043956043955,1.0,52.40381439560439,-1.5159101978021978
52.4038248021978,-1.5159269010989012,148.3,,32,304.26,27 / 28,146921,2019-09-08 10:10:13:545,-0.5016,0.3867,10.1368,-0.0104,-0.0182,9.8066,0.0287,0.0251,0.0474,-8.06,-30.19,5.38,296.03,-80.7,-157.85,16.24197802197802,1.0,52.4038248021978,-1.5159269010989012
52.40383520879121,-1.5159436043956045,148.3,,32,304.26,27 / 28,147022,2019-09-08 10:10:13:646,0.13,0.996,9.2646,-0.0209,-0.011,9.8066,0.0348,-0.003,0.0168,-8.31,-30.5,6.56,314.32,-80.61,-157.12,16.217912087912087,1.0,52.40383520879121,-1.5159436043956045
52.40384561538462,-1.5159603076923078,148.3,,32,304.26,27 / 28,147121,2019-09-08 10:10:13:745,-2.0772,0.6796,10.2095,-0.0187,0.0007,9.8065,0.0078,-0.0533,0.062,-8.44,-30.06,7.31,317.24,-80.66,-155.33,16.193846153846152,1.0,52.40384561538462,-1.5159603076923078
52.40385602197802,-1.515977010989011,148.3,,32,304.26,27 / 28,147221,2019-09-08 10:10:13:845,0.4377,0.4689,9.1927,-0.0026,0.0019,9.8066,-0.0631,0.0328,0.0023,-7.62,-28.44,7.13,321.35,-80.77,-154.1,16.16978021978022,1.0,52.40385602197802,-1.515977010989011
52.403866428571426,-1.5159937142857143,148.3,,32,304.26,27 / 28,147321,2019-09-08 10:10:13:945,-0.7364,0.5331,10.1751,-0.0161,0.0036,9.8066,-0.0055,0.0417,0.0108,-8.25,-28.5,7.31,322.08,-80.89,-153.82,16.145714285714284,1.0,52.403866428571426,-1.5159937142857143
52.40387683516484,-1.5160104175824176,148.3,,32,304.26,27 / 28,147421,2019-09-08 10:10:14:045,0.4749,0.7788,10.2221,0.0092,-0.0031,9.8066,0.0224,-0.023,-0.0138,-8.19,-28.37,6.19,314.06,-80.93,-153.84,16.12164835164835,1.0,52.40387683516484,-1.5160104175824176
52.40388724175824,-1.516027120879121,148.3,,32,304.26,27 / 28,147521,2019-09-08 10:10:14:145,-0.0063,-0.5403,10.2078,0.0075,-0.0028,9.8066,0.0336,0.0042,-0.0708,-8.62,-28.87,5.88,310.22,-80.82,-153.9,16.09758241758242,1.0,52.40388724175824,-1.516027120879121
52.403897648351645,-1.5160438241758243,148.3,,32,304.26,27 / 28,147621,2019-09-08 10:10:14:245,-1.6538,-0.0002,9.6798,-0.0168,0.0035,9.8066,0.0791,-0.0273,0.0241,-8.69,-28.06,6.0,310.46,-80.83,-154.43,16.073516483516485,1.0,52.403897648351645,-1.5160438241758243
52.403908054945056,-1.5160605274725276,148.3,,32,304.26,27 / 28,147721,2019-09-08 10:10:14:345,-0.4165,1.3885,8.9307,-0.0327,0.0035,9.8065,-0.0053,0.0368,-0.0693,-8.31,-28.44,5.88,314.52,-81.02,-153.73,16.04945054945055,1.0,52.403908054945056,-1.5160605274725276
52.40391846153846,-1.5160772307692307,148.3,,32,304.26,25 / 26,147821,2019-09-08 10:10:14:445,-0.0243,-0.0946,9.3659,-0.0086,0.006,9.8066,-0.0675,-0.0199,0.0184,-8.62,-29.19,5.69,311.68,-81.17,-153.64,16.025384615384617,1.0,52.40391846153846,-1.5160772307692307
52.40392886813187,-1.516093934065934,148.3,,32,304.26,25 / 26,147922,2019-09-08 10:10:14:546,-0.7606,-0.0744,10.1927,-0.0059,0.0074,9.8066,0.0601,-0.052,0.0468,-9.19,-28.75,5.63,312.99,-81.44,-153.31,16.001318681318683,1.0,52.40392886813187,-1.516093934065934
52.403939274725275,-1.5161106373626374,148.3,,32,304.26,25 / 26,148021,2019-09-08 10:10:14:645,0.5065,0.5479,9.676,0.0089,-0.0005,9.8066,-0.1,0.0086,0.0068,-8.87,-28.87,5.63,313.68,-81.48,-152.91,15.977252747252747,1.0,52.403939274725275,-1.5161106373626374
52.40394968131868,-1.5161273406593407,148.3,,32,304.26,25 / 26,148121,2019-09-08 10:10:14:745,-0.2061,2.5809,8.9996,0.0091,-0.0143,9.8066,-0.0808,0.0916,-0.0391,-9.0,-28.87,5.06,306.31,-81.4,-152.44,15.953186813186813,1.0,52.40394968131868,-1.5161273406593407
52.40396008791209,-1.516144043956044,148.3,,32,304.26,25 / 26,148222,2019-09-08 10:10:14:846,-1.1379,-0.1481,9.8897,-0.026,-0.0043,9.8066,0.1319,-0.0603,0.0554,-9.12,-29.06,4.88,308.34,-81.49,-151.19,15.929120879120878,1.0,52.40396008791209,-1.516144043956044
52.403970494505494,-1.5161607472527474,148.3,,32,304.26,25 / 26,148321,2019-09-08 10:10:14:945,-0.5597,1.0590000000000002,10.4274,-0.0148,0.0053,9.8066,0.0901,-0.0035,-0.0244,-9.0,-30.06,5.25,308.23,-81.48,-150.56,15.905054945054944,1.0,52.403970494505494,-1.5161607472527474
52.4039809010989,-1.5161774505494505,148.3,,32,304.26,25 / 26,148422,2019-09-08 10:10:15:046,-0.0019,0.1237,9.4412,0.0053,0.0103,9.8066,-0.1169999999999999,0.0281,-0.045,-8.75,-29.69,5.5,315.73,-81.52,-150.95,15.88098901098901,1.0,52.4039809010989,-1.5161774505494505
52.40399130769231,-1.5161941538461539,148.3,,32,304.26,25 / 26,148521,2019-09-08 10:10:15:145,0.1768,0.8031,9.4315,-0.0029,-0.005,9.8066,-0.1048,0.0111,-0.0783,-8.37,-29.12,5.88,318.87,-81.58,-151.4,15.856923076923076,1.0,52.40399130769231,-1.5161941538461539
52.40400171428571,-1.5162108571428572,148.3,,32,304.26,25 / 26,148621,2019-09-08 10:10:15:245,0.1011,1.2589,9.8912,-0.0077,-0.006,9.8066,0.0217,-0.0103,0.0043,-8.81,-28.94,6.0,316.53,-81.7,-151.34,15.832857142857144,1.0,52.40400171428571,-1.5162108571428572
52.40401212087912,-1.5162275604395605,148.3,,32,304.26,25 / 26,148721,2019-09-08 10:10:15:345,-0.9667,0.4847,10.193,0.0071,-0.0111,9.8066,0.0076,-0.0749,0.0771,-9.37,-29.31,5.38,310.14,-81.64,-150.24,15.80879120879121,1.0,52.40401212087912,-1.5162275604395605
52.40402252747253,-1.5162442637362639,148.3,,32,304.26,25 / 26,148822,2019-09-08 10:10:15:446,0.2944,0.5492,9.559,0.0141,-0.0115,9.8065,-0.0757,-0.0644,0.0597,-9.94,-29.0,5.56,317.39,-81.45,-148.68,15.784725274725275,1.0,52.40402252747253,-1.5162442637362639
52.40403293406593,-1.5162609670329672,148.3,,32,304.26,25 / 26,148921,2019-09-08 10:10:15:545,0.3518,0.8964,9.1536,-0.0099,-0.0007,9.8066,0.0006,0.0527,-0.0458,-9.75,-28.87,5.5,319.4,-81.49,-147.32,15.760659340659341,1.0,52.40403293406593,-1.5162609670329672
52.40404334065934,-1.5162776703296703,148.3,,32,304.26,25 / 26,149021,2019-09-08 10:10:15:645,-1.071,0.3645,9.2331,0.0178,0.0023,9.8066,-0.0122,0.0218,-0.1155,-9.44,-28.81,5.25,315.1,-81.57,-146.6,15.736593406593407,1.0,52.40404334065934,-1.5162776703296703
52.404053747252746,-1.5162943736263736,148.3,,32,304.26,25 / 26,149121,2019-09-08 10:10:15:745,-0.9514,0.4267,9.2177,-0.0289999999999999,0.0328,9.8065,0.0069,-0.0329,-0.0269,-9.37,-28.5,5.56,323.15,-82.03,-147.8,15.712527472527473,1.0,52.404053747252746,-1.5162943736263736
52.40406415384615,-1.516311076923077,148.3,,32,304.26,25 / 26,149222,2019-09-08 10:10:15:846,0.9955,1.5036,10.5603,-0.0399,0.0451,9.8064,0.0604,0.0376,0.0138,-8.94,-28.5,4.94,313.03,-82.21,-150.04,15.688461538461539,1.0,52.40406415384615,-1.516311076923077
52.40407456043956,-1.5163277802197803,148.3,,32,304.26,25 / 26,149322,2019-09-08 10:10:15:946,0.3967,0.563,10.4773,0.0356,-0.0085,9.8065,0.0729,-0.0289,0.0483,-9.37,-28.12,5.5,317.7,-82.31,-152.2,15.664395604395605,1.0,52.40407456043956,-1.5163277802197803
52.404084967032965,-1.5163444835164837,148.3,,32,304.26,25 / 26,149421,2019-09-08 10:10:16:045,1.8182,1.3024,9.7175,0.0543,-0.0275,9.8064,-0.0922,0.0299,0.0994,-8.87,-28.69,5.25,307.97,-82.03,-152.76,15.64032967032967,1.0,52.404084967032965,-1.5163444835164837
52.404095373626376,-1.516361186813187,148.3,,32,304.26,25 / 26,149521,2019-09-08 10:10:16:145,-0.7441,-0.7796,10.0763,-0.0147,-0.0003,9.8066,0.0278,-0.0161,0.0735,-8.5,-29.25,5.19,312.96,-81.98,-150.37,15.616263736263736,1.0,52.404095373626376,-1.516361186813187
52.40410578021978,-1.51637789010989,148.3,,32,304.26,25 / 26,149621,2019-09-08 10:10:16:245,-0.4754,1.2779,9.7402,-0.0138,0.0148,9.8066,0.1516,-0.0514,0.0116,-8.87,-28.56,5.63,318.87,-82.11,-150.49,15.592197802197802,1.0,52.40410578021978,-1.51637789010989
52.404116186813184,-1.5163945934065934,148.3,,32,304.26,25 / 26,149721,2019-09-08 10:10:16:345,-0.4643,0.9902,9.6865,0.0012,0.0064,9.8066,0.0295,-0.0805,0.0015,-9.12,-28.69,5.06,309.17,-82.09,-152.02,15.568131868131868,1.0,52.404116186813184,-1.5163945934065934
52.404126593406595,-1.5164112967032968,148.3,,32,304.26,26 / 27,149821,2019-09-08 10:10:16:445,0.8957,0.9623,10.1788,-0.0027,-0.0103,9.8066,-0.1015,0.0298,0.0132,-9.19,-28.87,5.88,315.79,-82.06,-152.58,15.544065934065934,1.0,52.404126593406595,-1.5164112967032968
52.404137,-1.516428,148.39,15.52,4,317.95,26 / 27,149921,2019-09-08 10:10:16:545,0.0796,0.4049,10.1694,-0.0003,-0.0038,9.8066,-0.1056,0.0399,0.0355,-9.19,-28.62,6.19,314.16,-81.93,-153.49,15.52,1.0,52.404137,-1.516428
52.40414625555555,-1.5164418333333334,148.39,,4,317.95,26 / 27,150022,2019-09-08 10:10:16:646,-1.6027,-1.0404,10.1871,0.0006,0.0023,9.8066,0.1136,0.1891,-0.1528,-8.75,-28.75,5.81,314.13,-81.88,-153.41,15.480222222222222,1.0,52.40414625555555,-1.5164418333333334
52.40415551111111,-1.5164556666666669,148.39,,4,317.95,26 / 27,150121,2019-09-08 10:10:16:745,-0.6419,0.6046,10.0524,0.0124,0.0276,9.8065,-0.0359,0.0356,-0.0591,-9.25,-28.75,5.38,307.43,-81.97,-153.03,15.440444444444443,1.0,52.40415551111111,-1.5164556666666669
52.40416476666667,-1.5164695000000001,148.39,,4,317.95,26 / 27,150222,2019-09-08 10:10:16:846,-0.3939,1.9213,9.1485,-0.0094,0.0158,9.8066,0.0409999999999999,-0.0902,0.0414,-8.62,-29.25,5.56,313.06,-82.17,-154.81,15.400666666666666,1.0,52.40416476666667,-1.5164695000000001
52.40417402222222,-1.5164833333333334,148.39,,4,317.95,26 / 27,150322,2019-09-08 10:10:16:946,-0.1443,-0.4402,9.5088,-0.0046,0.021,9.8066,0.0302,-0.0409999999999999,-0.0804,-8.5,-29.31,5.88,313.28,-82.37,-156.98,15.360888888888889,1.0,52.40417402222222,-1.5164833333333334
52.404183277777776,-1.5164971666666667,148.39,,4,317.95,26 / 27,150422,2019-09-08 10:10:17:046,-0.4977,1.4688,10.2614,-0.0124,-0.0099,9.8066,0.0791,0.0019,-0.0348,-7.81,-28.94,5.75,312.87,-82.41,-157.37,15.32111111111111,1.0,52.404183277777776,-1.5164971666666667
52.40419253333333,-1.5165110000000002,148.39,,4,317.95,26 / 27,150521,2019-09-08 10:10:17:145,1.8424,2.2908,10.8157,0.0334,-0.0027,9.8066,0.0473,0.1335,-0.1068,-8.12,-28.44,6.63,318.92,-82.41,-158.76,15.281333333333333,1.0,52.40419253333333,-1.5165110000000002
52.40420178888889,-1.5165248333333334,148.39,,4,317.95,26 / 27,150621,2019-09-08 10:10:17:245,0.0418,0.1633,10.8469,0.0422,-0.0079,9.8065,0.0029,0.0192,-0.0329,-8.37,-28.75,6.06,309.95,-82.19,-158.97,15.241555555555555,1.0,52.40420178888889,-1.5165248333333334
52.404211044444445,-1.5165386666666667,148.39,,4,317.95,26 / 27,150722,2019-09-08 10:10:17:346,-0.9658,-0.0282,10.1775,-0.0124,-0.0074,9.8065,0.0078,-0.0464,0.0361,-9.31,-28.12,6.0,308.49,-82.08,-158.61,15.201777777777778,1.0,52.404211044444445,-1.5165386666666667
52.4042203,-1.5165525000000002,148.39,,4,317.95,26 / 27,150821,2019-09-08 10:10:17:445,1.2943,-0.1991,9.8916,-0.0162,-0.0117,9.8066,-0.1728,0.006,-0.0302,-8.25,-28.81,6.06,310.98,-81.99,-157.74,15.161999999999999,1.0,52.4042203,-1.5165525000000002
52.40422955555555,-1.5165663333333335,148.39,,4,317.95,26 / 27,150921,2019-09-08 10:10:17:545,-0.1096,0.5503,9.9432,-0.0078,0.0118,9.8066,-0.1105,-0.0349,-0.0103,-8.06,-28.44,6.13,310.75,-82.08,-158.76,15.122222222222222,1.0,52.40422955555555,-1.5165663333333335
52.40423881111111,-1.5165801666666667,148.39,,4,317.95,26 / 27,151021,2019-09-08 10:10:17:645,0.035,0.5803,9.6464,-0.0103,0.0313,9.8066,0.0828,0.0518,-0.0681,-7.87,-29.31,6.44,308.67,-82.36,-160.33,15.082444444444445,1.0,52.40423881111111,-1.5165801666666667
52.40424806666667,-1.516594,148.39,,4,317.95,26 / 27,151121,2019-09-08 10:10:17:745,-0.1287,1.5653,9.8746,0.0155,0.0004,9.8066,0.0078,0.0563,-0.0847,-7.62,-28.56,5.88,308.94,-82.47,-160.39,15.042666666666666,1.0,52.40424806666667,-1.516594
52.40425732222222,-1.5166078333333335,148.39,,4,317.95,26 / 27,151222,2019-09-08 10:10:17:846,-0.598,-0.4993,10.3682,0.0132,-0.0129,9.8066,-0.0576,0.0323,-0.0693,-7.94,-29.5,5.69,308.73,-82.36,-160.3,15.002888888888888,1.0,52.40425732222222,-1.5166078333333335
52.404266577777776,-1.5166216666666668,148.39,,4,317.95,26 / 27,151322,2019-09-08 10:10:17:946,-1.1443,1.3774,9.7317,-0.0349,0.0128,9.8066,-0.1417,0.0258,-0.0975,-8.37,-28.87,6.0,311.76,-82.64,-158.71,14.963111111111111,1.0,52.404266577777776,-1.5166216666666668
52.40427583333333,-1.5166355,148.39,,4,317.95,26 / 27,151422,2019-09-08 10:10:18:046,0.0405,1.6454,9.6018,-0.0093,-0.0078,9.8066,-0.0616,-0.1021,0.0316,-8.19,-28.81,5.06,304.57,-82.6,-158.08,14.923333333333332,1.0,52.40427583333333,-1.5166355
52.40428508888889,-1.5166493333333335,148.39,,4,317.95,26 / 27,151521,2019-09-08 10:10:18:145,0.0731,1.2345,9.344,0.003,0.0008,9.8066,0.0802,-0.0951,0.0128,-8.37,-28.87,5.06,304.67,-82.54,-157.83,14.883555555555555,1.0,52.40428508888889,-1.5166493333333335
52.404294344444445,-1.5166631666666668,148.39,,4,317.95,26 / 27,151622,2019-09-08 10:10:18:246,-0.935,-0.2987,11.4568,0.019,-0.0125,9.8066,0.0317,-0.0548,-0.0319,-8.5,-30.31,4.63,302.22,-82.36,-158.45,14.843777777777778,1.0,52.404294344444445,-1.5166631666666668
52.4043036,-1.516677,148.39,,4,317.95,26 / 27,151722,2019-09-08 10:10:18:346,-2.5339,0.5735,10.6134,0.0572,-0.0099,9.8064,0.1208,-0.0087,-0.0774,-9.37,-33.94,4.44,290.2,-82.36,-157.88,14.804,1.0,52.4043036,-1.516677
52.40431285555555,-1.5166908333333333,148.39,,4,317.95,26 / 27,151822,2019-09-08 10:10:18:446,0.0594,-0.422,10.7306,0.0416,-0.027,9.8064,0.1461,-0.0466,-0.0216,-10.62,-34.75,10.19,322.04,-81.82,-158.01,14.764222222222221,1.0,52.40431285555555,-1.5166908333333333
52.40432211111111,-1.5167046666666668,148.39,,4,317.95,26 / 27,151921,2019-09-08 10:10:18:545,-1.0332,1.3572,9.4173,0.0243,-0.0236,9.8065,-0.1861,0.0109,0.0525,-10.81,-20.31,9.94,328.4,-81.81,-157.84,14.724444444444444,1.0,52.40432211111111,-1.5167046666666668
52.40433136666667,-1.5167185,148.39,,4,317.95,26 / 27,152022,2019-09-08 10:10:18:646,0.111,1.4649,9.3525,-0.0062,-0.0025,9.8066,0.0575,0.0062,0.0709,-9.87,-24.75,0.88,277.78,-81.88,-157.25,14.684666666666667,1.0,52.40433136666667,-1.5167185
52.40434062222222,-1.5167323333333333,148.39,,4,317.95,26 / 27,152121,2019-09-08 10:10:18:745,0.8656,-0.0379,9.1961,-0.0182,-0.0035,9.8066,0.0077,0.0206,-0.0072,-8.37,-33.06,2.38,273.07,-81.96,-156.58,14.644888888888888,1.0,52.40434062222222,-1.5167323333333333
52.404349877777776,-1.5167461666666668,148.39,,4,317.95,26 / 27,152221,2019-09-08 10:10:18:845,-0.9882,0.6208,9.9189,0.0005,0.0084,9.8066,-0.0356,-0.004,-0.0212,-9.44,-31.5,9.38,327.27,-82.11,-157.04,14.60511111111111,1.0,52.404349877777776,-1.5167461666666668
52.40435913333333,-1.51676,148.39,,4,317.95,26 / 27,152321,2019-09-08 10:10:18:945,0.0399,0.8942,10.1163,0.0113,-0.0072,9.8066,0.0366,0.0175,-0.0363,-8.25,-28.56,9.13,331.31,-82.05,-157.61,14.565333333333333,1.0,52.40435913333333,-1.51676
52.40436838888889,-1.5167738333333334,148.39,,4,317.95,26 / 27,152422,2019-09-08 10:10:19:046,0.1167,0.6834,10.3569,0.0017,-0.0096,9.8066,0.0852,0.0679,-0.0313,-8.5,-28.81,8.5,329.47,-81.88,-158.68,14.525555555555554,1.0,52.40436838888889,-1.5167738333333334
52.404377644444445,-1.5167876666666669,148.39,,4,317.95,26 / 27,152521,2019-09-08 10:10:19:145,0.4759,0.6474,9.7585,-0.0047,-0.0057,9.8066,0.0237,0.0518,0.0208,-8.25,-28.81,8.06,323.44,-81.73,-158.54,14.485777777777777,1.0,52.404377644444445,-1.5167876666666669
52.4043869,-1.5168015000000001,148.39,,4,317.95,26 / 27,152621,2019-09-08 10:10:19:245,-0.0877,1.1298,9.438,-0.0246,0.0032,9.8066,-0.0285,0.0658,0.0047,-8.12,-28.81,8.25,324.7,-81.79,-157.77,14.446,1.0,52.4043869,-1.5168015000000001
52.40439615555555,-1.5168153333333334,148.39,,4,317.95,26 / 27,152721,2019-09-08 10:10:19:345,-0.6858,-0.4625,9.1684,-0.0189,0.0171,9.8066,-0.011,-0.0972,0.0741,-8.0,-28.37,7.31,321.1,-82.04,-156.53,14.406222222222222,1.0,52.40439615555555,-1.5168153333333334
52.40440541111111,-1.5168291666666667,148.39,,4,317.95,26 / 27,152821,2019-09-08 10:10:19:445,0.475,0.5676,9.5414,0.0321,-0.0023,9.8065,-0.0827,-0.0601,0.0149,-8.37,-28.37,8.19,328.23,-82.17,-156.28,14.366444444444443,1.0,52.40440541111111,-1.5168291666666667
52.40441466666667,-1.5168430000000002,148.39,,4,317.95,26 / 28,152921,2019-09-08 10:10:19:545,-0.0232,0.0983,9.5552,0.0187,0.0048,9.8066,0.0288,-0.0422,-0.0242,-8.62,-28.31,7.75,322.26,-82.15,-157.86,14.326666666666666,1.0,52.40441466666667,-1.5168430000000002
52.40442392222222,-1.5168568333333334,148.39,,4,317.95,26 / 28,153022,2019-09-08 10:10:19:646,0.9238,2.0314,9.9019,-0.0008,0.0147,9.8066,0.006,-0.086,0.1313,-7.87,-28.31,7.38,318.34,-82.2,-158.78,14.286888888888889,1.0,52.40442392222222,-1.5168568333333334
52.404433177777776,-1.5168706666666667,148.39,,4,317.95,26 / 28,153122,2019-09-08 10:10:19:746,-2.63,0.7084,10.5277,-0.0149,-0.003,9.8066,0.0409999999999999,0.0476,-0.0105,-8.44,-28.37,7.63,325.78,-82.23,-158.1,14.24711111111111,1.0,52.404433177777776,-1.5168706666666667
52.40444243333333,-1.5168845000000002,148.39,,4,317.95,26 / 28,153222,2019-09-08 10:10:19:846,-0.7063,0.2325,10.7845,0.0056,-0.0117,9.8066,0.0725,-0.0007,-0.0184,-8.25,-28.69,7.25,317.38,-82.17,-158.89,14.207333333333333,1.0,52.40444243333333,-1.5168845000000002
52.40445168888889,-1.5168983333333335,148.39,,4,317.95,26 / 28,153322,2019-09-08 10:10:19:946,0.7391,1.4072,10.4794,-0.0099,-0.0089,9.8066,0.1369,0.034,-0.0893,-8.0,-28.69,8.63,328.99,-81.89,-159.02,14.167555555555555,1.0,52.40445168888889,-1.5168983333333335
52.404460944444445,-1.5169121666666667,148.39,,4,317.95,26 / 28,153422,2019-09-08 10:10:20:046,-0.0644,0.9102,9.9132,-0.001,-0.0022,9.8066,0.0905,0.0198,0.0352,-8.12,-27.87,7.81,322.58,-81.7,-159.54,14.127777777777776,1.0,52.404460944444445,-1.5169121666666667
52.4044702,-1.516926,148.39,,4,317.95,26 / 28,153522,2019-09-08 10:10:20:146,0.7786,1.2827,9.2031,-0.0213,-0.0117,9.8066,0.0249,0.0798,-0.0036,-7.81,-28.0,7.31,316.97,-81.68,-158.75,14.088,1.0,52.4044702,-1.516926
52.40447945555555,-1.5169398333333335,148.39,,4,317.95,26 / 28,153622,2019-09-08 10:10:20:246,-0.652,-0.908,10.4844,-0.0089,-0.0053,9.8066,-0.1696,0.2246,-0.0789,-8.0,-28.19,7.5,325.89,-81.77,-157.34,14.048222222222222,1.0,52.40447945555555,-1.5169398333333335
52.40448871111111,-1.5169536666666668,148.39,,4,317.95,26 / 28,153722,2019-09-08 10:10:20:346,-0.3829999999999999,2.7666,10.1439,0.0255,-0.0139999999999999,9.8066,-0.0693,-0.0081,0.0704,-8.94,-28.25,7.69,322.24,-81.83,-157.4,14.008444444444445,1.0,52.40448871111111,-1.5169536666666668
52.40449796666667,-1.5169675,148.39,,4,317.95,26 / 28,153822,2019-09-08 10:10:20:446,-2.2019,5.1646,9.4994,-0.0465,0.0732,9.8062,0.311,-0.292,0.1542,-8.94,-28.75,7.13,314.03,-81.49,-157.74,13.968666666666666,1.0,52.40449796666667,-1.5169675
52.40450722222222,-1.5169813333333335,148.39,,4,317.95,26 / 27,153922,2019-09-08 10:10:20:546,-0.2922,0.4097,10.2513,-0.0578,0.0719,9.8061,0.2174,-0.0467,0.0066,-8.75,-28.87,8.13,317.41,-81.88,-160.56,13.928888888888888,1.0,52.40450722222222,-1.5169813333333335
52.404516477777776,-1.5169951666666668,148.39,,4,317.95,26 / 27,154022,2019-09-08 10:10:20:646,0.2759,-0.8261,9.4782,0.04,-0.0221,9.8064,-0.0116,0.0245,-0.067,-7.75,-27.87,8.19,318.62,-81.68,-162.31,13.889111111111111,1.0,52.404516477777776,-1.5169951666666668
52.40452573333333,-1.517009,148.39,,4,317.95,26 / 27,154121,2019-09-08 10:10:20:745,0.8749,0.4603,9.5803,-0.0032,-0.0014,9.8066,0.0247,-0.0299,-0.0494,-8.0,-28.5,8.13,317.0,-81.56,-163.28,13.849333333333332,1.0,52.40452573333333,-1.517009
52.40453498888889,-1.5170228333333333,148.39,,4,317.95,26 / 27,154222,2019-09-08 10:10:20:846,-1.0661,1.7315,9.8651,-0.0244,-0.0271,9.8065,-0.1067,0.0106,0.0183,-8.44,-28.44,7.88,318.71,-81.75,-162.38,13.809555555555555,1.0,52.40453498888889,-1.5170228333333333
52.404544244444445,-1.5170366666666668,148.39,,4,317.95,26 / 27,154321,2019-09-08 10:10:20:945,-0.6943,0.2001,8.9364,-0.0047,-0.025,9.8065,-0.1264,-0.0067,0.0495,-8.87,-28.31,7.94,320.55,-81.82,-158.61,13.769777777777778,1.0,52.404544244444445,-1.5170366666666668
52.4045535,-1.5170505,148.39,,4,317.95,26 / 27,154422,2019-09-08 10:10:21:046,-1.185,1.1756,10.1772,0.009,-0.0197,9.8066,0.0959,0.0191,0.0326,-8.56,-28.25,7.81,322.75,-81.7,-156.83,13.729999999999999,1.0,52.4045535,-1.5170505
52.40456275555555,-1.5170643333333333,148.39,,4,317.95,26 / 27,154522,2019-09-08 10:10:21:146,-0.774,0.3666,10.5067,0.0126,-0.0193,9.8065,0.0575,-0.0157,0.086,-9.25,-28.12,8.38,322.83,-81.48,-156.43,13.690222222222221,1.0,52.40456275555555,-1.5170643333333333
52.40457201111111,-1.5170781666666668,148.39,,4,317.95,26 / 27,154621,2019-09-08 10:10:21:245,0.2443,-0.8762,9.4697,0.0032,-0.013,9.8066,-0.1496,0.042,-0.0102,-9.31,-28.06,8.56,328.66,-81.34,-156.1,13.650444444444444,1.0,52.40457201111111,-1.5170781666666668
52.40458126666667,-1.517092,148.39,,4,317.95,26 / 27,154721,2019-09-08 10:10:21:345,0.5551,0.5809,8.8733,-0.0002,0.0009,9.8066,-0.2181,-0.0158,0.0515,-9.25,-27.81,8.13,325.15,-81.6,-154.96,13.610666666666667,1.0,52.40458126666667,-1.517092
52.40459052222222,-1.5171058333333334,148.39,,4,317.95,25 / 28,154821,2019-09-08 10:10:21:445,-1.0362,-0.0998,9.352,-0.0226,0.0069999999999999,9.8065,-0.0153,-0.0484,0.0267,-9.25,-28.69,7.25,322.87,-82.08,-152.48,13.570888888888888,1.0,52.40459052222222,-1.5171058333333334
52.404599777777776,-1.5171196666666666,148.39,,4,317.95,25 / 28,154921,2019-09-08 10:10:21:545,-0.5337,-0.3513,8.3098,-0.0004,0.0049,9.8066,-0.1701,-0.0917,-0.0112,-8.87,-28.87,6.56,324.28,-82.12,-151.56,13.53111111111111,1.0,52.404599777777776,-1.5171196666666666
52.40460903333333,-1.5171335000000001,148.39,,4,317.95,25 / 28,155021,2019-09-08 10:10:21:645,-2.3923,0.4429999999999999,10.2296,-0.0412,-0.0022,9.8065,0.0228,0.0983,-0.0204,-8.69,-30.06,6.31,318.52,-82.3,-150.61,13.491333333333333,1.0,52.40460903333333,-1.5171335000000001
52.40461828888889,-1.5171473333333334,148.39,,4,317.95,25 / 28,155121,2019-09-08 10:10:21:745,-3.107,-1.0749,10.3213,0.0526,-0.0481,9.8063,-0.0994,0.1191,-0.1679,-8.94,-30.31,7.13,326.27,-82.32,-150.08,13.451555555555554,1.0,52.40461828888889,-1.5171473333333334
52.404627544444445,-1.5171611666666667,148.39,,4,317.95,25 / 28,155221,2019-09-08 10:10:21:845,-0.1139,0.064,9.5178,0.0331,-0.0052,9.8066,-0.1159999999999999,-0.0736,-0.031,-8.87,-29.0,7.81,330.42,-81.99,-151.41,13.411777777777777,1.0,52.404627544444445,-1.5171611666666667
52.4046368,-1.5171750000000002,148.39,,4,317.95,25 / 28,155321,2019-09-08 10:10:21:945,2.5146,1.8414,8.8168,-0.0277,0.0293,9.8065,0.0152,-0.2132,0.1678,-9.5,-28.31,7.06,326.43,-82.25,-150.63,13.372,1.0,52.4046368,-1.5171750000000002
52.40464605555555,-1.5171888333333334,148.39,,4,317.95,25 / 28,155422,2019-09-08 10:10:22:046,-1.0042,-0.8861,9.357,-0.0182,0.0335,9.8065,-0.0228,-0.1135,0.0155,-9.81,-28.56,6.44,318.69,-82.41,-149.46,13.33222222222222,1.0,52.40464605555555,-1.5171888333333334
52.40465531111111,-1.5172026666666667,148.39,,4,317.95,25 / 28,155522,2019-09-08 10:10:22:146,-2.062,-0.0786,10.1839,-0.0121,0.0356,9.8065,0.0759,0.1285,-0.0861,-9.37,-28.69,6.06,322.2,-82.67,-149.11,13.292444444444444,1.0,52.40465531111111,-1.5172026666666667
52.40466456666667,-1.5172165,148.39,,4,317.95,25 / 28,155622,2019-09-08 10:10:22:246,4.3462,7.7268,9.3364,0.0601,0.0401,9.8063,-0.0566,-0.0261,-0.0439,-9.19,-28.81,5.81,315.45,-83.05,-154.82,13.252666666666666,1.0,52.40466456666667,-1.5172165
52.40467382222222,-1.5172303333333335,148.39,,4,317.95,25 / 28,155722,2019-09-08 10:10:22:346,-2.5301,-5.2342,11.52,-0.1479,-0.0125,9.8055,-0.1195,0.3564,-0.2986,-9.19,-28.44,5.25,309.85,-82.68,-153.47,13.21288888888889,1.0,52.40467382222222,-1.5172303333333335
52.404683077777776,-1.5172441666666667,148.39,,4,317.95,26 / 28,155821,2019-09-08 10:10:22:445,-1.0383,1.7453,7.5846,-0.0538,0.0905,9.806,-0.2937,-0.4091,0.3154,-9.56,-28.75,4.75,309.27,-83.17,-153.21,13.17311111111111,1.0,52.404683077777776,-1.5172441666666667
52.40469233333333,-1.517258,148.39,,4,317.95,26 / 28,155921,2019-09-08 10:10:22:545,-1.5883,-0.3391,7.933,-0.0572,0.0038,9.8064,0.0944,-0.0039,-0.0297,-9.25,-29.0,5.0,312.55,-82.71,-150.93,13.133333333333333,1.0,52.40469233333333,-1.517258
52.40470158888889,-1.5172718333333335,148.39,,4,317.95,26 / 28,156022,2019-09-08 10:10:22:646,-0.8406,1.9689,9.5167,-0.0441,0.0122,9.8065,0.104,-0.0325,-0.0217,-9.31,-29.37,5.13,317.3,-83.21,-148.46,13.093555555555556,1.0,52.40470158888889,-1.5172718333333335
52.404710844444445,-1.5172856666666668,148.39,,4,317.95,26 / 28,156121,2019-09-08 10:10:22:745,-2.1336,-0.8272,10.0541,-0.0228,-0.0019,9.8066,0.0365,0.0382,-0.1286,-9.19,-29.06,3.94,311.22,-83.28,-147.47,13.053777777777777,1.0,52.404710844444445,-1.5172856666666668
52.4047201,-1.5172995,148.39,,4,317.95,26 / 28,156222,2019-09-08 10:10:22:846,0.4679,-0.3879,9.1684,-0.0225,0.0191,9.8066,0.0614,-0.0355,0.0875,-8.44,-29.62,4.69,320.3,-83.52,-148.22,13.014,1.0,52.4047201,-1.5172995
52.40472935555555,-1.5173133333333333,148.39,,4,317.95,26 / 28,156321,2019-09-08 10:10:22:945,-0.0211,-0.5347,8.9005,-0.0085,0.0103,9.8066,0.0289999999999999,0.0081,0.0158,-7.81,-29.31,4.69,321.45,-83.52,-147.86,12.974222222222222,1.0,52.40472935555555,-1.5173133333333333
52.40473861111111,-1.5173271666666668,148.39,,4,317.95,26 / 28,156422,2019-09-08 10:10:23:046,-1.1484,-0.2282,9.8778,-0.0175,0.0108,9.8066,0.031,-0.0195,0.0448,-7.5,-28.94,5.0,324.81,-83.63,-148.08,12.934444444444443,1.0,52.40473861111111,-1.5173271666666668
52.40474786666667,-1.517341,148.39,,4,317.95,26 / 28,156521,2019-09-08 10:10:23:145,-2.3841,1.0208,9.5945,-0.0212,0.0089,9.8066,-0.0043,0.0589,0.0369,-7.0,-29.62,5.06,324.68,-83.68,-147.84,12.894666666666666,1.0,52.40474786666667,-1.517341
52.40475712222222,-1.5173548333333333,148.39,,4,317.95,26 / 28,156622,2019-09-08 10:10:23:246,0.6572,1.8281,8.8378,-0.0117,0.0078,9.8066,0.0007,-0.0973,0.0453,-7.31,-29.37,5.31,326.79,-83.88,-147.23,12.854888888888889,1.0,52.40475712222222,-1.5173548333333333
52.404766377777776,-1.5173686666666668,148.39,,4,317.95,26 / 28,156722,2019-09-08 10:10:23:346,0.0306,-0.0462,9.5061,-0.0128,0.002,9.8066,-0.0279999999999999,-0.0016,-0.0549,-6.81,-29.12,5.81,337.33,-83.93,-145.78,12.815111111111111,1.0,52.404766377777776,-1.5173686666666668
52.40477563333333,-1.5173825,148.39,,4,317.95,26 / 28,156821,2019-09-08 10:10:23:445,-0.5429999999999999,1.1577,9.8791,0.0151,-0.0208,9.8066,-0.1541,0.0322,-0.0655,-6.81,-28.75,6.31,338.78,-83.95,-144.81,12.775333333333332,1.0,52.40477563333333,-1.5173825
52.40478488888889,-1.5173963333333333,148.39,,4,317.95,27 / 28,156925,2019-09-08 10:10:23:549,0.6294,0.2722,9.2653,-0.0215,0.0272,9.8065,0.0679,-0.0456,0.0488,-7.44,-27.19,6.38,340.33,-84.18,-144.44,12.735555555555555,1.0,52.40478488888889,-1.5173963333333333
52.404794144444445,-1.5174101666666668,148.39,,4,317.95,27 / 28,157021,2019-09-08 10:10:23:645,-0.4251,-0.3282,10.1299,-0.0071,0.0076,9.8066,0.1275,-0.0626,0.0107,-8.31,-26.81,5.5,335.85,-84.22,-144.51,12.695777777777778,1.0,52.404794144444445,-1.5174101666666668
52.4048034,-1.517424,148.39,,4,317.95,27 / 28,157122,2019-09-08 10:10:23:746,-0.3767,0.8589,9.4488,-0.0148,0.0131,9.8066,-0.1866,-0.0315,-0.0585,-7.94,-27.69,5.5,335.11,-84.36,-145.0,12.655999999999999,1.0,52.4048034,-1.517424
52.40481265555555,-1.5174378333333334,148.39,,4,317.95,27 / 28,157222,2019-09-08 10:10:23:846,0.1156,0.1181,9.0441,-0.027,0.0328,9.8065,-0.0224,-0.0772,0.0038,-8.75,-27.25,5.19,327.5,-84.8,-144.1,12.616222222222222,1.0,52.40481265555555,-1.5174378333333334
52.40482191111111,-1.5174516666666666,148.39,,4,317.95,27 / 28,157322,2019-09-08 10:10:23:946,0.1935,-0.6256,9.0677,0.0181,-0.0061,9.8066,0.0007,-0.0012,-0.0429,-7.94,-27.0,4.25,323.43,-84.97,-143.94,12.576444444444444,1.0,52.40482191111111,-1.5174516666666666
52.40483116666667,-1.5174655000000001,148.39,,4,317.95,27 / 28,157422,2019-09-08 10:10:24:046,-0.5913,0.6284,9.0617,0.0315,-0.0054,9.8065,-0.0273,0.0009,0.065,-8.31,-27.12,4.0,322.04,-84.99,-145.09,12.536666666666665,1.0,52.40483116666667,-1.5174655000000001
52.40484042222222,-1.5174793333333334,148.39,,4,317.95,27 / 28,157521,2019-09-08 10:10:24:145,-0.946,0.2587,9.7249,-0.0426,0.0159,9.8065,0.1192,-0.0072,0.0456,-7.37,-26.62,5.13,337.48,-85.29,-142.32,12.496888888888888,1.0,52.40484042222222,-1.5174793333333334
52.404849677777776,-1.5174931666666667,148.39,,4,317.95,27 / 28,157621,2019-09-08 10:10:24:245,-0.1685,-1.5649,9.5504,-0.0189,0.0082,9.8065,0.0812,-0.0275,0.0593,-8.31,-26.0,4.56,334.15,-85.34,-142.17,12.45711111111111,1.0,52.404849677777776,-1.5174931666666667
52.40485893333333,-1.5175070000000002,148.39,,4,317.95,27 / 28,157721,2019-09-08 10:10:24:345,-0.139,-0.5653,9.9501,-0.0141,0.0061,9.8066,-0.003,-0.0423,0.0379,-7.94,-26.37,3.75,328.13,-85.45,-141.35,12.417333333333334,1.0,52.40485893333333,-1.5175070000000002
52.40486818888889,-1.5175208333333334,148.39,,4,317.95,25 / 27,157821,2019-09-08 10:10:24:445,-0.2848,-0.6452,9.9419,-0.0309,0.0121,9.8065,0.0712,-0.0509,0.0334,-7.62,-26.0,2.94,323.17,-85.69,-139.42,12.377555555555555,1.0,52.40486818888889,-1.5175208333333334
52.404877444444445,-1.5175346666666667,148.39,,4,317.95,25 / 27,157922,2019-09-08 10:10:24:546,0.1766,0.2086,9.442,0.0033,-0.0005,9.8066,-0.032,0.0145,0.0236,-7.06,-25.81,2.88,325.33,-85.78,-139.59,12.337777777777777,1.0,52.404877444444445,-1.5175346666666667
52.4048867,-1.5175485,148.39,,4,317.95,25 / 27,158021,2019-09-08 10:10:24:645,-0.6306,0.7066,10.0026,-0.0099,0.0036,9.8066,-0.0783,0.0491,-0.0479,-7.12,-26.06,3.19,326.19,-85.9,-139.13,12.298,1.0,52.4048867,-1.5175485
52.40489595555555,-1.5175623333333335,148.39,,4,317.95,25 / 27,158122,2019-09-08 10:10:24:746,0.0352,-1.6908,9.8481,0.0101,-0.0119,9.8066,-0.0003,0.0891,-0.0939,-5.56,-25.56,2.44,317.49,-85.87,-139.33,12.258222222222221,1.0,52.40489595555555,-1.5175623333333335
52.40490521111111,-1.5175761666666667,148.39,,4,317.95,25 / 27,158222,2019-09-08 10:10:24:846,0.409,1.6901,9.4261,0.0041,0.0035,9.8066,-0.0349,0.0637,-0.0503,-5.94,-25.75,3.06,326.99,-85.98,-140.99,12.218444444444444,1.0,52.40490521111111,-1.5175761666666667
52.40491446666667,-1.51759,148.39,,4,317.95,25 / 27,158322,2019-09-08 10:10:24:946,-0.3072,0.578,9.7361,-0.0223,-0.0013,9.8065,-0.0259,0.0432,0.0097,-6.44,-25.56,3.25,326.77,-86.01,-141.22,12.178666666666667,1.0,52.40491446666667,-1.51759
52.40492372222222,-1.5176038333333335,148.39,,4,317.95,25 / 27,158421,2019-09-08 10:10:25:045,-0.1697,-0.6896,9.9012,-0.0378,0.0115,9.8065,0.0611,-0.0939,0.1068,-6.19,-25.37,3.69,342.63,-86.13,-137.01,12.138888888888888,1.0,52.40492372222222,-1.5176038333333335
52.404932977777776,-1.5176176666666668,148.39,,4,317.95,25 / 27,158521,2019-09-08 10:10:25:145,0.2359,0.0531,10.1334,0.0157,-0.0188,9.8066,-0.0513,0.0916,0.0049,-5.94,-24.44,3.06,335.69,-86.01,-134.93,12.09911111111111,1.0,52.404932977777776,-1.5176176666666668
52.40494223333333,-1.5176315,148.39,,4,317.95,25 / 27,158621,2019-09-08 10:10:25:245,0.0596,-0.6789,10.0631,0.0149,-0.0134,9.8066,-0.0104,-0.0651,0.0985,-6.44,-24.56,2.38,323.42,-85.83,-135.06,12.059333333333333,1.0,52.40494223333333,-1.5176315
52.40495148888889,-1.5176453333333333,148.39,,4,317.95,25 / 27,158721,2019-09-08 10:10:25:345,-0.107,-1.6596,10.0475,-0.021,-0.0207,9.8065,-0.0133,0.0276,-0.0255,-6.31,-24.31,2.25,328.72,-85.74,-131.21,12.019555555555556,1.0,52.40495148888889,-1.5176453333333333
52.404960744444445,-1.5176591666666668,148.39,,4,317.95,26 / 27,158821,2019-09-08 10:10:25:445,-1.454,1.2051,10.3923,-0.043,0.0024,9.8065,0.2782,0.0459,-0.1041,-7.06,-24.37,2.81,340.09,-85.96,-128.72,11.979777777777777,1.0,52.404960744444445,-1.5176591666666668
52.40497,-1.517673,147.36,11.94,3,319.72,26 / 27,158922,2019-09-08 10:10:25:546,1.481,0.0008,10.5351,-0.0009,0.0167,9.8066,-0.0429,-0.0883,-0.0123,-6.81,-24.56,3.25,335.69,-85.89,-131.89,11.94,1.0,52.40497,-1.517673
52.404976222222224,-1.5176842222222222,147.36,,3,319.72,26 / 27,159021,2019-09-08 10:10:25:645,-1.702,1.6559,10.5009,-0.0016,0.0172,9.8066,0.1752,-0.1408,0.1449,-5.94,-24.06,2.75,341.13,-85.99,-130.76,11.927444444444443,1.0,52.404976222222224,-1.5176842222222222
52.40498244444444,-1.5176954444444446,147.36,,3,319.72,26 / 27,159122,2019-09-08 10:10:25:746,0.4628,-1.2255,8.7319,-0.03,0.0013,9.8066,0.2382,0.0097,-0.0112,-6.44,-24.06,2.25,330.61,-86.01,-130.31,11.914888888888889,1.0,52.40498244444444,-1.5176954444444446
52.40498866666667,-1.5177066666666668,147.36,,3,319.72,26 / 27,159222,2019-09-08 10:10:25:846,-1.2508,2.3074,10.2975,0.0214,-0.0022,9.8065,0.0403,-0.0397,0.0309,-6.31,-24.81,2.5,335.3,-85.89,-134.8,11.902333333333333,1.0,52.40498866666667,-1.5177066666666668
52.404994888888886,-1.517717888888889,147.36,,3,319.72,26 / 27,159321,2019-09-08 10:10:25:945,-0.3799,0.7716,9.2633,0.0056,-0.0075,9.8066,-0.0571,0.0341,-0.0187,-6.25,-24.37,2.5,336.94,-85.91,-133.84,11.889777777777777,1.0,52.404994888888886,-1.517717888888889
52.40500111111111,-1.517729111111111,147.36,,3,319.72,26 / 27,159421,2019-09-08 10:10:26:045,-0.9223,0.374,9.0494,-0.0558,0.0116,9.8064,0.018,-0.0192,0.0306,-6.5,-24.69,2.38,324.79,-85.99,-134.4,11.877222222222223,1.0,52.40500111111111,-1.517729111111111
52.40500733333333,-1.5177403333333335,147.36,,3,319.72,26 / 27,159521,2019-09-08 10:10:26:145,-0.9591,-0.0757,8.9121,-0.067,0.003,9.8064,0.1043,0.0692,-0.018,-6.37,-24.19,2.06,333.27,-86.3,-128.79,11.864666666666666,1.0,52.40500733333333,-1.5177403333333335
52.405013555555556,-1.5177515555555556,147.36,,3,319.72,26 / 27,159621,2019-09-08 10:10:26:245,-1.2155,0.1968,10.5265,0.0183,-0.0064,9.8066,0.002,0.0117,-0.0449,-6.56,-23.56,2.06,329.34,-86.26,-130.26,11.85211111111111,1.0,52.405013555555556,-1.5177515555555556
52.405019777777774,-1.5177627777777778,147.36,,3,319.72,26 / 27,159721,2019-09-08 10:10:26:345,-0.1235,-0.57,9.9847,0.0343,0.0193,9.8065,-0.076,-0.1105,0.0857,-6.69,-23.75,1.38,315.68,-86.28,-133.54,11.839555555555554,1.0,52.405019777777774,-1.5177627777777778
52.405026,-1.517774,147.36,,3,319.72,25 / 28,159822,2019-09-08 10:10:26:446,-0.8199,0.4736,9.4463,-0.0209,0.0064,9.8066,0.1031,-0.0395,-0.0056,-5.94,-23.56,1.88,329.37,-86.34,-131.92,11.827,1.0,52.405026,-1.517774
52.40503222222222,-1.5177852222222223,147.36,,3,319.72,25 / 28,159921,2019-09-08 10:10:26:545,-0.3238,-0.4399,9.9284,0.0136,-0.0057,9.8066,-0.0216,-0.0353,0.0222,-6.06,-24.31,1.75,327.31,-86.28,-133.43,11.814444444444444,1.0,52.40503222222222,-1.5177852222222223
52.40503844444444,-1.5177964444444445,147.36,,3,319.72,25 / 28,160022,2019-09-08 10:10:26:646,-0.3377,1.0536,10.1154,0.0155,0.0124,9.8066,-0.0258,-0.0805,0.046,-6.19,-24.5,1.63,329.78,-86.35,-131.63,11.801888888888888,1.0,52.40503844444444,-1.5177964444444445
52.40504466666667,-1.5178076666666667,147.36,,3,319.72,25 / 28,160121,2019-09-08 10:10:26:745,0.0882,0.8859999999999999,10.0243,-0.0168,0.013,9.8065,0.1121,-0.1174,0.0947,-5.87,-23.62,2.5,339.82,-86.48,-132.37,11.789333333333333,1.0,52.40504466666667,-1.5178076666666667
52.40505088888889,-1.5178188888888888,147.36,,3,319.72,25 / 28,160222,2019-09-08 10:10:26:846,-0.2152,1.1114,9.9753,0.0167,-0.0058,9.8066,-0.0676,0.0162,0.0559999999999999,-5.81,-24.06,2.31,330.33,-86.4,-131.28,11.776777777777777,1.0,52.40505088888889,-1.5178188888888888
52.40505711111111,-1.5178301111111112,147.36,,3,319.72,25 / 28,160322,2019-09-08 10:10:26:946,-1.09,0.514,9.7317,0.0223,-0.023,9.8065,-0.1338,0.0045,0.0173,-4.69,-24.06,1.75,333.95,-86.22,-130.39,11.764222222222221,1.0,52.40505711111111,-1.5178301111111112
52.40506333333333,-1.5178413333333334,147.36,,3,319.72,25 / 28,160421,2019-09-08 10:10:27:045,-1.6956,0.3269,10.2374,-0.0029,-0.0118,9.8066,0.0499,0.0691,-0.0207,-4.75,-24.19,3.63,0.03,-86.16,-128.64,11.751666666666667,1.0,52.40506333333333,-1.5178413333333334
52.405069555555556,-1.5178525555555555,147.36,,3,319.72,25 / 28,160522,2019-09-08 10:10:27:146,0.1778,0.8755,9.4129,0.0052,-0.0462,9.8065,-0.0941,0.0741,-0.0271,-5.06,-23.87,4.06,0.56,-85.95,-128.25,11.73911111111111,1.0,52.405069555555556,-1.5178525555555555
52.405075777777775,-1.517863777777778,147.36,,3,319.72,25 / 28,160622,2019-09-08 10:10:27:246,-0.5871,1.1906,9.3011,-0.0276,0.0234,9.8065,0.0229,-0.0641,0.048,-5.44,-23.19,4.81,10.82,-85.89,-126.71,11.726555555555555,1.0,52.405075777777775,-1.517863777777778
52.405082,-1.517875,147.36,,3,319.72,25 / 28,160721,2019-09-08 10:10:27:345,-0.7515,-0.0475,10.1543,-0.0111,0.0108,9.8066,-0.0154,-0.104,0.0468,-6.19,-23.56,4.63,7.55,-85.96,-123.91,11.714,1.0,52.405082,-1.517875
52.40508822222222,-1.5178862222222222,147.36,,3,319.72,25 / 28,160822,2019-09-08 10:10:27:446,0.2829,0.1939999999999999,10.3342,0.0139,-0.0214,9.8065,-0.0831,-0.0143,-0.0053,-6.19,-24.56,4.5,10.38,-85.92,-121.8,11.701444444444444,1.0,52.40508822222222,-1.5178862222222222
52.405094444444444,-1.5178974444444444,147.36,,3,319.72,25 / 26,160921,2019-09-08 10:10:27:545,0.4351,1.239,9.5725,0.0132,-0.0222,9.8066,-0.0696,0.0901,-0.0524,-7.06,-24.19,5.13,4.91,-85.8,-121.65,11.688888888888888,1.0,52.405094444444444,-1.5178974444444444
52.40510066666666,-1.5179086666666668,147.36,,3,319.72,25 / 26,161021,2019-09-08 10:10:27:645,-0.7541,0.0453,9.6248,-0.0127,0.0046,9.8066,0.1502,0.0509,-0.0545,-8.25,-24.62,5.31,3.33,-85.82,-119.33,11.676333333333334,1.0,52.40510066666666,-1.5179086666666668
52.40510688888889,-1.517919888888889,147.36,,3,319.72,25 / 26,161121,2019-09-08 10:10:27:745,-0.5725,1.4789,9.5571,0.0076,0.0074,9.8066,0.002,0.0228,0.0168,-8.44,-25.12,5.38,0.5,-85.83,-121.6,11.663777777777778,1.0,52.40510688888889,-1.517919888888889
52.40511311111111,-1.5179311111111111,147.36,,3,319.72,25 / 26,161222,2019-09-08 10:10:27:846,-0.4266,0.6177,9.799,-0.0139999999999999,-0.0076,9.8065,0.0668,0.0184,-0.0118,-9.37,-25.0,5.13,357.12,-85.65,-121.4,11.651222222222222,1.0,52.40511311111111,-1.5179311111111111
52.40511933333333,-1.5179423333333333,147.36,,3,319.72,25 / 26,161321,2019-09-08 10:10:27:945,-0.6804,-0.8152,9.9231,-0.0011,-0.0029,9.8066,-0.012,-0.0466,0.0841,-10.31,-25.31,4.88,354.92,-85.47,-120.73,11.638666666666666,1.0,52.40511933333333,-1.5179423333333333
52.40512555555556,-1.5179535555555557,147.36,,3,319.72,25 / 26,161421,2019-09-08 10:10:28:045,-1.3391,0.6777,7.3337,-0.0533,0.0213,9.8064,-0.3219,0.0415,-0.1422,-10.31,-24.87,5.31,355.59,-85.29,-120.16,11.626111111111111,1.0,52.40512555555556,-1.5179535555555557
52.405131777777775,-1.5179647777777778,147.36,,3,319.72,25 / 26,161521,2019-09-08 10:10:28:145,-1.7004,2.6234,8.3785,-0.0692,0.0146,9.8063,-0.092,0.0836,-0.1407,-10.81,-25.37,4.63,359.3,-85.4,-115.02,11.613555555555555,1.0,52.405131777777775,-1.5179647777777778
52.405138,-1.517976,147.36,,3,319.72,25 / 26,161621,2019-09-08 10:10:28:245,-0.0816,1.0667,9.2176,0.0283,-0.0196,9.8066,0.2528,0.0349,0.0372,-11.06,-25.69,5.88,360.0,-85.27,-118.61,11.600999999999999,1.0,52.405138,-1.517976
52.40514422222222,-1.5179872222222222,147.36,,3,319.72,25 / 26,161721,2019-09-08 10:10:28:345,2.2147,-2.1871,10.1078,-0.0041,-0.0122,9.8066,0.4437,-0.0457,0.1071,-11.5,-25.94,5.06,357.98,-85.31,-116.1,11.588444444444445,1.0,52.40514422222222,-1.5179872222222222
52.405150444444445,-1.5179984444444445,147.36,,3,319.72,25 / 26,161821,2019-09-08 10:10:28:445,-0.5815,0.6779999999999999,10.4241,-0.0026,-0.027,9.8065,-0.2004,0.0393,0.0693,-11.19,-25.25,5.44,1.27,-85.33,-113.39,11.575888888888889,1.0,52.405150444444445,-1.5179984444444445
52.40515666666666,-1.5180096666666667,147.36,,3,319.72,25 / 27,161921,2019-09-08 10:10:28:545,-1.4512,0.9638,9.4956,-0.0124,0.0032,9.8066,-0.134,0.057,0.0232,-12.12,-25.19,5.31,0.81,-85.12,-111.94,11.563333333333333,1.0,52.40515666666666,-1.5180096666666667
52.40516288888889,-1.5180208888888889,147.36,,3,319.72,25 / 27,162021,2019-09-08 10:10:28:645,-1.0119,1.7888,10.63,0.0022,-0.0059,9.8066,0.1369,0.067,0.0403,-11.69,-24.94,5.06,1.38,-85.23,-111.46,11.550777777777778,1.0,52.40516288888889,-1.5180208888888889
52.40516911111111,-1.5180321111111112,147.36,,3,319.72,25 / 27,162122,2019-09-08 10:10:28:746,0.2402,-3.6673,10.6826,-0.013,0.0057,9.8066,0.2656,-0.2641,0.272,-11.44,-25.31,4.19,359.16,-85.18,-110.67,11.538222222222222,1.0,52.40516911111111,-1.5180321111111112
52.40517533333333,-1.5180433333333334,147.36,,3,319.72,25 / 27,162222,2019-09-08 10:10:28:846,2.1498,0.6126,9.3141,0.0071,0.0183,9.8066,-0.1151,-0.0984,0.0866,-11.25,-25.81,4.19,359.48,-85.06,-110.4,11.525666666666666,1.0,52.40517533333333,-1.5180433333333334
52.40518155555556,-1.5180545555555556,147.36,,3,319.72,25 / 27,162322,2019-09-08 10:10:28:946,1.9276,0.9132,9.5318,-0.0094,0.0072,9.8066,-0.008,0.0446,0.0488,-11.75,-26.0,4.06,359.26,-85.04,-109.04,11.513111111111112,1.0,52.40518155555556,-1.5180545555555556
52.405187777777776,-1.5180657777777777,147.36,,3,319.72,25 / 27,162422,2019-09-08 10:10:29:046,-2.7679,2.5183,11.6447,-0.0143,0.0069999999999999,9.8065,0.0894,-0.0288,-0.0157,-11.5,-26.19,4.75,11.74,-85.02,-104.92,11.500555555555556,1.0,52.405187777777776,-1.5180657777777777
52.405194,-1.5180770000000001,147.36,,3,319.72,25 / 27,162521,2019-09-08 10:10:29:145,0.6738,-0.2129,9.8656,-0.0234,-0.0125,9.8066,0.0703,0.0231,-0.0301,-12.44,-25.62,3.5,2.57,-85.01,-106.33,11.488,1.0,52.405194,-1.5180770000000001
52.40520022222222,-1.5180882222222223,147.36,,3,319.72,25 / 27,162621,2019-09-08 10:10:29:245,0.875,0.878,10.2656,0.0422,-0.0241,9.8065,0.0248,0.0819,-0.0002,-12.5,-26.37,4.56,3.37,-84.64,-109.9,11.475444444444445,1.0,52.40520022222222,-1.5180882222222223
52.405206444444445,-1.5180994444444444,147.36,,3,319.72,25 / 27,162721,2019-09-08 10:10:29:345,1.0684,0.8284,9.5411,0.0351,-0.0201,9.8065,-0.0448,0.0593,0.0194,-12.5,-25.94,4.19,355.87,-84.49,-111.73,11.46288888888889,1.0,52.405206444444445,-1.5180994444444444
52.405212666666664,-1.5181106666666666,147.36,,3,319.72,25 / 27,162821,2019-09-08 10:10:29:445,0.4484,-0.1056,9.757,-0.0395,-0.002,9.8065,0.0231,0.1422,0.0027,-12.69,-26.69,3.94,354.91,-84.4,-111.18,11.450333333333333,1.0,52.405212666666664,-1.5181106666666666
52.40521888888889,-1.518121888888889,147.36,,3,319.72,25 / 26,162922,2019-09-08 10:10:29:546,0.1722,0.6464,10.1933,-0.0087,-0.0029,9.8066,-0.0156,0.0436,0.0622,-12.75,-26.81,3.5,359.46,-84.37,-107.54,11.437777777777777,1.0,52.40521888888889,-1.518121888888889
52.40522511111111,-1.5181331111111112,147.36,,3,319.72,25 / 26,163021,2019-09-08 10:10:29:645,0.6343,2.013,9.9096,-0.0208,-0.0094,9.8065,0.1007,0.0614,0.051,-12.56,-27.0,3.69,0.86,-84.18,-106.42,11.425222222222223,1.0,52.40522511111111,-1.5181331111111112
52.40523133333333,-1.5181443333333333,147.36,,3,319.72,25 / 26,163121,2019-09-08 10:10:29:745,0.1326,0.7741,9.7522,-0.0013,-0.0062,9.8066,0.0762,0.0837,0.0092,-13.44,-26.0,4.38,1.29,-83.88,-106.08,11.412666666666667,1.0,52.40523133333333,-1.5181443333333333
52.40523755555555,-1.5181555555555555,147.36,,3,319.72,25 / 26,163222,2019-09-08 10:10:29:846,1.037,1.1381,9.5147,0.0023,0.0097,9.8066,-0.0062,0.1764,-0.0826,-13.0,-26.31,3.69,359.99,-83.93,-107.11,11.40011111111111,1.0,52.40523755555555,-1.5181555555555555
52.40524377777778,-1.5181667777777779,147.36,,3,319.72,25 / 26,163322,2019-09-08 10:10:29:946,0.6974,1.6543,10.1197,-0.0049,0.0143,9.8066,-0.0139999999999999,0.1359,0.0065,-11.81,-26.0,4.13,2.99,-84.15,-106.08,11.387555555555556,1.0,52.40524377777778,-1.5181667777777779
52.405249999999995,-1.518178,147.36,,3,319.72,25 / 26,163421,2019-09-08 10:10:30:045,0.4477,0.973,11.1038,0.0136,0.0008,9.8066,-0.0293,0.147,-0.0557,-11.56,-26.25,3.88,4.86,-84.2,-104.61,11.375,1.0,52.405249999999995,-1.518178
52.40525622222222,-1.5181892222222222,147.36,,3,319.72,25 / 26,163522,2019-09-08 10:10:30:146,0.9846,1.0286,10.1338,0.0267,0.0294,9.8065,0.0254,0.1165,-0.049,-11.06,-25.94,4.5,8.57,-84.44,-107.69,11.362444444444444,1.0,52.40525622222222,-1.5181892222222222
52.405262444444446,-1.5182004444444446,147.36,,3,319.72,25 / 26,163622,2019-09-08 10:10:30:246,2.7159,1.6388,8.7927,0.0347,0.0061,9.8065,-0.0225,0.1391,-0.0397,-11.44,-27.0,4.75,4.38,-84.51,-111.02,11.34988888888889,1.0,52.405262444444446,-1.5182004444444446
52.405268666666665,-1.5182116666666667,147.36,,3,319.72,25 / 26,163721,2019-09-08 10:10:30:345,1.5746,2.4258,8.7697,-0.0125,0.0061,9.8066,-0.0306,0.1612,0.0356,-10.94,-26.06,4.31,356.94,-84.62,-112.39,11.337333333333333,1.0,52.405268666666665,-1.5182116666666667
52.40527488888889,-1.518222888888889,147.36,,3,319.72,25 / 28,163821,2019-09-08 10:10:30:445,1.0081,0.7919,11.9443,0.0138,0.0047,9.8066,-0.0839,0.1395,-0.0274,-11.75,-26.31,3.94,357.3,-84.5,-110.59,11.324777777777777,1.0,52.40527488888889,-1.518222888888889
52.40528111111111,-1.518234111111111,147.36,,3,319.72,25 / 28,163922,2019-09-08 10:10:30:546,1.1755,1.7584,11.5959,0.0595,-0.0113,9.8064,0.0223,0.2,-0.0938,-10.06,-26.87,4.94,5.44,-84.68,-112.36,11.312222222222223,1.0,52.40528111111111,-1.518234111111111
52.405287333333334,-1.5182453333333334,147.36,,3,319.72,25 / 28,164021,2019-09-08 10:10:30:645,1.3244,1.6344,9.644,0.0286,-0.0106,9.8065,0.2901,0.088,0.0294,-10.31,-27.19,5.63,4.96,-84.74,-117.07,11.299666666666667,1.0,52.405287333333334,-1.5182453333333334
52.40529355555555,-1.5182565555555556,147.36,,3,319.72,25 / 28,164121,2019-09-08 10:10:30:745,2.4557,0.0847,9.4827,0.0031,0.0085,9.8066,0.1222,0.1743,-0.0369,-9.12,-26.12,6.81,4.81,-84.49,-124.14,11.28711111111111,1.0,52.40529355555555,-1.5182565555555556
52.40529977777778,-1.5182677777777778,147.36,,3,319.72,25 / 28,164222,2019-09-08 10:10:30:846,1.1596,0.7567,10.2989,-0.0088,0.0124,9.8066,0.0183,0.1212,-0.0246,-9.62,-26.44,6.0,354.75,-84.5,-125.07,11.274555555555557,1.0,52.40529977777778,-1.5182677777777778
52.405305999999996,-1.518279,147.36,,3,319.72,25 / 28,164322,2019-09-08 10:10:30:946,1.2316,0.1239,9.767,-0.0077,0.0234,9.8066,-0.0261,0.1361,-0.0032,-8.87,-26.94,5.19,354.86,-84.9,-122.98,11.262,1.0,52.405305999999996,-1.518279
52.40531222222222,-1.5182902222222223,147.36,,3,319.72,25 / 28,164422,2019-09-08 10:10:31:046,1.3485,1.0353,9.8622,0.0064,-0.0022,9.8066,-0.0178,0.1051,-0.0041,-9.06,-27.37,4.56,354.74,-85.03,-123.1,11.249444444444444,1.0,52.40531222222222,-1.5182902222222223
52.40531844444444,-1.5183014444444445,147.36,,3,319.72,25 / 28,164521,2019-09-08 10:10:31:145,0.3229,0.5404,10.6586,0.0242,-0.0173,9.8065,0.0127,0.1116,-0.0312,-8.81,-28.25,5.75,358.31,-84.88,-124.99,11.236888888888888,1.0,52.40531844444444,-1.5183014444444445
52.405324666666665,-1.5183126666666666,147.36,,3,319.72,25 / 28,164622,2019-09-08 10:10:31:246,1.5961,-0.1808,10.0643,0.0259,-0.0029,9.8066,-0.0116,0.1075,-0.0724,-8.81,-28.12,6.38,355.14,-84.86,-127.41,11.224333333333334,1.0,52.405324666666665,-1.5183126666666666
52.40533088888889,-1.5183238888888888,147.36,,3,319.72,25 / 28,164721,2019-09-08 10:10:31:345,3.1398,0.2568,10.3167,0.0078,0.0026,9.8066,0.0604,0.1405,-0.0643,-8.5,-28.56,6.56,0.76,-85.0,-130.61,11.211777777777778,1.0,52.40533088888889,-1.5183238888888888
52.40533711111111,-1.5183351111111112,147.36,,3,319.72,24 / 25,164822,2019-09-08 10:10:31:446,3.2762,2.8775,7.6332,0.0218,0.073,9.8063,-0.1035,-0.1689999999999999,0.1835,-8.19,-28.31,6.5,358.06,-85.51,-132.72,11.199222222222222,1.0,52.40533711111111,-1.5183351111111112
52.405343333333334,-1.5183463333333334,147.36,,3,319.72,24 / 25,164921,2019-09-08 10:10:31:545,1.0293,0.5362,8.9643,-0.0091,0.04,9.8066,0.075,-0.0047,0.0455,-8.12,-28.81,6.13,354.16,-85.58,-131.39,11.186666666666667,1.0,52.405343333333334,-1.5183463333333334
52.40534955555555,-1.5183575555555555,147.36,,3,319.72,24 / 25,165021,2019-09-08 10:10:31:645,1.9432,-0.4985,9.215,-0.0247,-0.0022,9.8065,0.0169,0.1064,-0.0518,-7.56,-28.25,5.94,355.85,-85.74,-130.15,11.174111111111111,1.0,52.40534955555555,-1.5183575555555555
52.40535577777778,-1.518368777777778,147.36,,3,319.72,24 / 25,165121,2019-09-08 10:10:31:745,1.8567,1.3124,10.529000000000002,0.0459,0.0042,9.8065,-0.0624,-0.0541,0.0538,-7.5,-28.94,6.44,356.21,-85.96,-133.54,11.161555555555555,1.0,52.40535577777778,-1.518368777777778
52.405362,-1.51838,147.36,,3,319.72,24 / 25,165221,2019-09-08 10:10:31:845,1.4809,-0.188,9.2193,0.0301,0.0076,9.8066,-0.0321,-0.0736,0.0158,-6.87,-28.37,6.63,352.48,-85.88,-140.98,11.149000000000001,1.0,52.405362,-1.51838
52.40536822222222,-1.5183912222222222,147.36,,3,319.72,24 / 25,165321,2019-09-08 10:10:31:945,2.1351,-2.2471,10.4577,0.0448,-0.0063,9.8065,0.0459,-0.0669,-0.0064,-6.81,-27.25,7.94,348.83,-85.7,-147.83,11.136444444444445,1.0,52.40536822222222,-1.5183912222222222
52.40537444444444,-1.5184024444444444,147.36,,3,319.72,24 / 25,165422,2019-09-08 10:10:32:046,2.0989,-0.7008,10.4594,0.012,-0.0249,9.8065,0.0655,0.1174,-0.1093,-6.19,-27.5,7.69,352.93,-85.69,-148.75,11.123888888888889,1.0,52.40537444444444,-1.5184024444444444
52.405380666666666,-1.5184136666666668,147.36,,3,319.72,24 / 25,165522,2019-09-08 10:10:32:146,0.3949,-1.4436,10.3041,-0.0017,0.0022,9.8065,-0.0122,0.0993,-0.0778,-5.94,-26.69,8.19,349.34,-85.65,-151.59,11.111333333333334,1.0,52.405380666666666,-1.5184136666666668
52.405386888888884,-1.518424888888889,147.36,,3,319.72,24 / 25,165621,2019-09-08 10:10:32:245,0.7328,-0.4058,9.7183,0.0131,0.0152,9.8066,-0.0281,0.0156,0.0206,-5.56,-27.37,8.5,349.54,-85.69,-154.79,11.098777777777778,1.0,52.405386888888884,-1.518424888888889
52.40539311111111,-1.518436111111111,147.36,,3,319.72,24 / 25,165722,2019-09-08 10:10:32:346,0.9334,-0.5423,9.8619,-0.0014,-0.0076,9.8066,0.0084,-0.0299,0.0613,-4.06,-26.62,8.0,357.97,-85.61,-154.99,11.086222222222222,1.0,52.40539311111111,-1.518436111111111
52.405399333333335,-1.5184473333333333,147.36,,3,319.72,26 / 27,165821,2019-09-08 10:10:32:445,1.0394,-0.1897,9.9369,-0.0062,-0.0125,9.8066,0.0026,0.0589,0.0144,-4.19,-26.75,8.56,2.82,-85.43,-153.84,11.073666666666666,1.0,52.405399333333335,-1.5184473333333333
52.405405555555554,-1.5184585555555556,147.36,,3,319.72,26 / 27,165922,2019-09-08 10:10:32:546,1.0572,-1.4568,9.8507,-0.0105,-0.036,9.8065,0.0093,0.0485,-0.0034,-4.44,-26.06,8.13,2.33,-85.02,-151.7,11.061111111111112,1.0,52.405405555555554,-1.5184585555555556
52.40541177777778,-1.5184697777777778,147.36,,3,319.72,26 / 27,166021,2019-09-08 10:10:32:645,0.5845,-1.3724,8.9768,0.0041,-0.025,9.8066,-0.1456,-0.0004,0.0262,-4.75,-26.94,8.0,356.18,-84.95,-150.84,11.048555555555556,1.0,52.40541177777778,-1.5184697777777778
52.405418,-1.518481,147.36,,3,319.72,26 / 27,166122,2019-09-08 10:10:32:746,1.519,0.9044,10.3908,-0.0321,0.0295,9.8065,-0.0176,-0.1392,0.1118,-4.81,-27.87,7.88,357.77,-85.05,-149.64,11.036,1.0,52.405418,-1.518481
52.40542422222222,-1.5184922222222221,147.36,,3,319.72,26 / 27,166221,2019-09-08 10:10:32:845,1.2436,0.3091,9.8813,-0.0305,0.0289999999999999,9.8065,0.0464,0.0986,-0.1275,-5.06,-27.81,8.63,6.58,-85.16,-145.9,11.023444444444445,1.0,52.40542422222222,-1.5184922222222221
52.40543044444444,-1.5185034444444445,147.36,,3,319.72,26 / 27,166321,2019-09-08 10:10:32:945,2.7513,-0.4268,10.7133,0.0391,-0.0245,9.8065,0.3911,-0.0914,0.151,-5.56,-27.31,9.0,354.46,-84.94,-150.61,11.01088888888889,1.0,52.40543044444444,-1.5185034444444445
52.40543666666667,-1.5185146666666667,147.36,,3,319.72,26 / 27,166421,2019-09-08 10:10:33:045,0.5976,-2.2333,11.144,0.0129,-0.0409999999999999,9.8065,0.2645,0.0287,0.0812,-5.37,-26.56,9.75,359.7,-84.38,-153.66,10.998333333333333,1.0,52.40543666666667,-1.5185146666666667
52.405442888888885,-1.5185258888888888,147.36,,3,319.72,26 / 27,166522,2019-09-08 10:10:33:146,1.89,1.9237,9.0977,-0.0078,0.0336,9.8066,-0.1142,-0.0557,0.1349,-5.87,-27.87,9.69,354.54,-84.45,-153.21,10.985777777777779,1.0,52.405442888888885,-1.5185258888888888
52.40544911111111,-1.5185371111111112,147.36,,3,319.72,26 / 27,166622,2019-09-08 10:10:33:246,-0.7149,-1.2758,8.3253,-0.0147,0.0338,9.8065,-0.1093,-0.0866,0.1483,-6.94,-28.5,9.63,351.8,-84.44,-151.35,10.973222222222223,1.0,52.40544911111111,-1.5185371111111112
52.40545533333333,-1.5185483333333334,147.36,,3,319.72,26 / 27,166722,2019-09-08 10:10:33:346,-0.9752,0.4969,9.5772,-0.0101,-0.0209,9.8065,0.0848,0.0801,-0.0322,-7.0,-28.12,9.69,354.17,-84.36,-149.5,10.960666666666667,1.0,52.40545533333333,-1.5185483333333334
52.405461555555554,-1.5185595555555556,147.36,,3,319.72,23 / 26,166822,2019-09-08 10:10:33:446,0.6319,-0.922,9.9136,0.0068,-0.0254,9.8065,-0.0014,0.0504,0.021,-7.19,-28.19,10.25,355.82,-84.25,-148.2,10.948111111111112,1.0,52.405461555555554,-1.5185595555555556
52.40546777777778,-1.5185707777777777,147.36,,3,319.72,23 / 26,166921,2019-09-08 10:10:33:545,0.517,-0.2734,9.5505,-0.0105,0.0284,9.8065,-0.0273,0.0017,0.0187,-6.94,-28.19,9.75,357.43,-84.47,-146.99,10.935555555555556,1.0,52.40546777777778,-1.5185707777777777
52.405474,-1.518582,147.36,,3,319.72,23 / 26,167022,2019-09-08 10:10:33:646,-0.2577,0.2098,9.105,-0.0141,0.0188,9.8065,-0.0431,0.0454,-0.0052,-6.37,-28.12,10.81,5.61,-84.42,-147.02,10.923,1.0,52.405474,-1.518582
52.405480222222224,-1.5185932222222223,147.36,,3,319.72,23 / 26,167121,2019-09-08 10:10:33:745,0.3674,-1.2869,9.7679,0.0186,-0.0336,9.8065,-0.1068,0.0139,-0.0062,-6.56,-27.25,10.5,0.37,-84.43,-147.23,10.910444444444446,1.0,52.405480222222224,-1.5185932222222223
52.40548644444444,-1.5186044444444444,147.36,,3,319.72,23 / 26,167222,2019-09-08 10:10:33:846,0.3559,-0.4603,10.3697,0.0138,-0.0224,9.8066,-0.113,0.0164,0.0082,-6.37,-27.5,10.13,0.98,-84.29,-148.28,10.89788888888889,1.0,52.40548644444444,-1.5186044444444444
52.40549266666667,-1.5186156666666666,147.36,,3,319.72,23 / 26,167321,2019-09-08 10:10:33:945,-0.6474,1.5453,10.412,-0.0084,0.0143,9.8065,0.0284,-0.0125,0.0108,-6.19,-27.75,10.56,3.89,-84.29,-148.39,10.885333333333334,1.0,52.40549266666667,-1.5186156666666666
52.405498888888886,-1.518626888888889,147.36,,3,319.72,23 / 26,167421,2019-09-08 10:10:34:045,0.4596,-0.2722,10.5108,-0.0005,-0.0013,9.8066,0.0351,0.0091,-0.0071,-6.56,-27.75,10.5,359.26,-84.27,-148.11,10.872777777777777,1.0,52.405498888888886,-1.518626888888889
52.40550511111111,-1.5186381111111111,147.36,,3,319.72,23 / 26,167522,2019-09-08 10:10:34:146,-0.2201,-0.2253,9.7473,-0.0006,-0.0085,9.8066,0.0008,-0.006,0.0229,-6.37,-27.81,10.19,0.35,-84.15,-148.77,10.860222222222223,1.0,52.40550511111111,-1.5186381111111111
52.40551133333333,-1.5186493333333333,147.36,,3,319.72,23 / 26,167622,2019-09-08 10:10:34:246,-0.0318,-0.5262,10.2136,-0.004,-0.0095,9.8066,0.0355,0.0587,-0.0567,-6.06,-27.44,10.13,0.8,-84.12,-148.43,10.847666666666667,1.0,52.40551133333333,-1.5186493333333333
52.405517555555555,-1.5186605555555555,147.36,,3,319.72,23 / 26,167721,2019-09-08 10:10:34:345,-0.6862,1.8525,9.7993,-0.0135,0.0212,9.8065,0.0361,0.0144,-0.0661,-5.81,-28.31,9.81,0.81,-84.17,-148.42,10.835111111111111,1.0,52.405517555555555,-1.5186605555555555
52.40552377777777,-1.5186717777777778,147.36,,3,319.72,25 / 26,167821,2019-09-08 10:10:34:445,-1.0966,0.8245,10.243,-0.0069999999999999,0.0314,9.8066,0.005,-0.0553,-0.0075,-5.56,-28.81,9.88,1.46,-84.36,-147.94,10.822555555555557,1.0,52.40552377777777,-1.5186717777777778
52.40553,-1.518683,145.44,10.81,4,300.95,25 / 26,167921,2019-09-08 10:10:34:545,0.7092,-1.8961,9.8302,0.0017,0.0138,9.8066,0.0907,-0.0761,0.0574,-6.31,-29.0,9.88,0.06,-84.34,-148.99,10.81,1.0,52.40553,-1.518683
52.40553125555555,-1.5186962333333334,145.44,,4,300.95,25 / 26,168022,2019-09-08 10:10:34:646,-0.3425,-1.0342,9.1686,-0.0027,0.0123,9.8066,-0.0616,-0.0441,-0.0675,-5.81,-29.06,10.19,0.35,-84.3,-148.77,10.807666666666668,1.0,52.40553125555555,-1.5186962333333334
52.40553251111111,-1.5187094666666667,145.44,,4,300.95,25 / 26,168122,2019-09-08 10:10:34:746,-1.9795,1.2609,10.7513,0.0024,0.009,9.8066,-0.0044,-0.1395,0.0571,-5.69,-27.56,10.56,2.7,-84.38,-149.3,10.805333333333333,1.0,52.40553251111111,-1.5187094666666667
52.405533766666665,-1.5187227,145.44,,4,300.95,25 / 26,168222,2019-09-08 10:10:34:846,1.2203,-2.186,9.6407,0.0182,-0.0026,9.8066,0.0312,-0.0318,0.0224,-6.37,-28.0,9.88,357.38,-84.43,-151.04,10.803,1.0,52.405533766666665,-1.5187227
52.405535022222224,-1.5187359333333332,145.44,,4,300.95,25 / 26,168322,2019-09-08 10:10:34:946,-1.6776,2.0583,10.658,0.011,-0.0135,9.8066,-0.1,-0.0858,-0.0196,-5.69,-28.06,9.0,353.47,-84.39,-151.16,10.800666666666666,1.0,52.405535022222224,-1.5187359333333332
52.40553627777778,-1.5187491666666666,145.44,,4,300.95,25 / 26,168422,2019-09-08 10:10:35:046,0.6023,-0.8007,10.1129,0.0258,-0.0098,9.8066,-0.1281,0.0677,-0.0396,-6.37,-29.12,9.44,353.53,-84.59,-151.12,10.798333333333334,1.0,52.40553627777778,-1.5187491666666666
52.40553753333333,-1.5187624,145.44,,4,300.95,25 / 26,168521,2019-09-08 10:10:35:145,0.5818,0.0109,10.007,0.0211,-0.0399,9.8065,-0.1351,0.0022,-0.0967,-6.62,-29.06,10.56,353.49,-84.53,-152.63,10.796000000000001,1.0,52.40553753333333,-1.5187624
52.40553878888889,-1.5187756333333333,145.44,,4,300.95,25 / 26,168622,2019-09-08 10:10:35:246,-0.4663,-0.0963,9.5779,-0.0142,0.037,9.8065,0.1043,-0.0261,-0.0165,-5.62,-28.37,10.94,357.69,-84.51,-153.19,10.793666666666667,1.0,52.40553878888889,-1.5187756333333333
52.40554004444444,-1.5187888666666667,145.44,,4,300.95,25 / 26,168721,2019-09-08 10:10:35:345,0.3467,1.2189,10.8133,-0.0198,0.0187,9.8066,0.15,-0.0284,-0.0741,-6.37,-27.0,9.94,356.23,-84.74,-151.99,10.791333333333334,1.0,52.40554004444444,-1.5187888666666667
52.405541299999996,-1.5188021,145.44,,4,300.95,25 / 26,168821,2019-09-08 10:10:35:445,-0.1119,-0.4427,9.8405,0.0115,-0.0292,9.8065,-0.1004,-0.0301,-0.0156,-5.94,-27.06,10.44,355.25,-84.52,-152.72,10.789,1.0,52.405541299999996,-1.5188021
52.405542555555556,-1.5188153333333334,145.44,,4,300.95,25 / 26,168921,2019-09-08 10:10:35:545,0.4323,0.3834,8.6547,0.0102,-0.0062,9.8066,-0.136,-0.0142,-0.0029,-6.0,-26.75,9.31,351.73,-84.52,-152.58,10.786666666666667,1.0,52.405542555555556,-1.5188153333333334
52.40554381111111,-1.5188285666666668,145.44,,4,300.95,25 / 26,169022,2019-09-08 10:10:35:646,-1.048,-3.5015,11.9511,0.006,-0.0607,9.8064,-0.1198,-0.0095,-0.0061,-6.94,-28.19,9.5,354.28,-84.59,-149.47,10.784333333333334,1.0,52.40554381111111,-1.5188285666666668
52.40554506666667,-1.5188418,145.44,,4,300.95,25 / 26,169121,2019-09-08 10:10:35:745,0.7735,-2.6192,10.1495,0.0445,-0.0866,9.8061,-0.2556,0.1056,-0.1416,-6.5,-27.37,9.5,357.39,-84.29,-151.03,10.782,1.0,52.40554506666667,-1.5188418
52.40554632222222,-1.5188550333333333,145.44,,4,300.95,25 / 26,169221,2019-09-08 10:10:35:845,-3.4366,1.4664,10.4448,-0.027,0.027,9.8066,0.2976,-0.1062,0.0243,-6.31,-27.25,10.06,356.04,-84.5,-152.1,10.779666666666667,1.0,52.40554632222222,-1.5188550333333333
52.405547577777774,-1.5188682666666666,145.44,,4,300.95,25 / 26,169321,2019-09-08 10:10:35:945,-0.4312,-0.2469,11.3016,-0.0497,0.081,9.8062,0.3351,-0.038,-0.1582,-6.19,-26.81,10.06,359.55,-84.83,-149.39,10.777333333333333,1.0,52.405547577777774,-1.5188682666666666
52.405548833333334,-1.5188815,145.44,,4,300.95,25 / 26,169421,2019-09-08 10:10:36:045,1.1699,-1.4363,10.6088,0.0611,-0.0587,9.8063,-0.3872,0.0164,-0.0779,-6.0,-27.31,9.38,349.07,-84.59,-154.63,10.775,1.0,52.405548833333334,-1.5188815
52.40555008888889,-1.5188947333333334,145.44,,4,300.95,25 / 26,169521,2019-09-08 10:10:36:145,-0.8659,1.1181,9.5186,0.0505,-0.0537,9.8063,-0.3268,-0.0145,0.0445,-7.06,-27.75,8.69,343.21,-84.71,-155.09,10.772666666666668,1.0,52.40555008888889,-1.5188947333333334
52.40555134444444,-1.5189079666666667,145.44,,4,300.95,25 / 26,169621,2019-09-08 10:10:36:245,-0.2275,0.7999,9.558,-0.0357,0.033,9.8064,0.2462,-0.0307,0.0532,-6.94,-27.81,9.25,344.13,-84.75,-154.41,10.770333333333333,1.0,52.40555134444444,-1.5189079666666667
52.4055526,-1.5189212,145.44,,4,300.95,25 / 26,169721,2019-09-08 10:10:36:345,-0.0988,0.1891,10.0071,-0.0245,0.0211,9.8065,0.1586,-0.0076,-0.0034,-7.69,-28.37,10.0,344.97,-84.72,-153.32,10.768,1.0,52.4055526,-1.5189212
52.40555385555555,-1.5189344333333332,145.44,,4,300.95,26 / 28,169821,2019-09-08 10:10:36:445,-0.3374,0.1693,10.026,0.0074,-0.0155,9.8066,-0.1188,0.0234,-0.0411,-7.19,-28.75,10.25,351.27,-84.83,-151.84,10.765666666666666,1.0,52.40555385555555,-1.5189344333333332
52.40555511111111,-1.5189476666666666,145.44,,4,300.95,26 / 28,169921,2019-09-08 10:10:36:545,-1.0469,0.4351,9.7149,0.0104,-0.0103,9.8066,-0.0868,-0.0169,-0.0093,-7.12,-28.19,10.31,350.76,-84.76,-152.28,10.763333333333334,1.0,52.40555511111111,-1.5189476666666666
52.405556366666666,-1.5189609,145.44,,4,300.95,26 / 28,170023,2019-09-08 10:10:36:647,-0.3439,0.1945,9.8322,0.0034,0.0,9.8066,-0.0115,0.0168,-0.0124,-7.44,-27.94,10.38,350.64,-84.83,-152.41,10.761000000000001,1.0,52.405556366666666,-1.5189609
52.40555762222222,-1.5189741333333333,145.44,,4,300.95,26 / 28,170121,2019-09-08 10:10:36:745,-0.6679,0.9291,10.5505,0.0023,-0.0069999999999999,9.8066,-0.0315,0.0104,-0.0221,-7.5,-27.62,9.81,350.38,-84.85,-152.62,10.758666666666667,1.0,52.40555762222222,-1.5189741333333333
52.40555887777778,-1.5189873666666667,145.44,,4,300.95,26 / 28,170221,2019-09-08 10:10:36:845,-0.8954,1.0705,9.7249,-0.013,0.0179,9.8065,0.0519,0.0449,-0.0542,-7.31,-27.62,9.38,345.96,-84.9,-153.08,10.756333333333334,1.0,52.40555887777778,-1.5189873666666667
52.40556013333333,-1.5190006,145.44,,4,300.95,26 / 28,170322,2019-09-08 10:10:36:946,-0.4587,0.6976,10.0037,-0.0083,0.0231,9.8066,0.0492,-0.0366,0.0052,-6.69,-26.87,9.63,349.86,-84.92,-153.14,10.754,1.0,52.40556013333333,-1.5190006
52.405561388888884,-1.5190138333333334,145.44,,4,300.95,26 / 28,170422,2019-09-08 10:10:37:046,-0.6947,0.2868,9.6171,0.0059,0.0077,9.8065,0.0875,-0.0086,0.0678,-7.06,-28.0,9.5,348.65,-84.81,-153.97,10.751666666666667,1.0,52.405561388888884,-1.5190138333333334
52.405562644444444,-1.5190270666666668,145.44,,4,300.95,26 / 28,170521,2019-09-08 10:10:37:145,0.0103,-0.1354,10.4481,-0.0031,-0.0087,9.8066,0.0269,0.0018,-0.0338,-6.62,-28.62,8.81,343.7,-84.72,-154.59,10.749333333333334,1.0,52.405562644444444,-1.5190270666666668
52.4055639,-1.5190403,145.44,,4,300.95,26 / 28,170622,2019-09-08 10:10:37:246,-0.2043,0.6502,10.4536,0.0143,-0.0164,9.8066,-0.1234,0.0279999999999999,-0.0585,-6.37,-29.31,9.44,347.91,-84.68,-155.36,10.747,1.0,52.4055639,-1.5190403
52.40556515555556,-1.5190535333333333,145.44,,4,300.95,26 / 28,170721,2019-09-08 10:10:37:345,-0.1122,1.1102,9.3947,0.0083,-0.0125,9.8065,-0.124,0.0588,-0.0818,-5.87,-29.94,9.5,351.43,-84.7,-155.54,10.744666666666667,1.0,52.40556515555556,-1.5190535333333333
52.40556641111111,-1.5190667666666666,145.44,,4,300.95,25 / 27,170822,2019-09-08 10:10:37:446,0.6136,1.3018,9.497,-0.0022,0.0258,9.8065,0.0927,0.0258,-0.0191,-5.37,-29.56,9.81,356.26,-84.71,-156.23,10.742333333333333,1.0,52.40556641111111,-1.5190667666666666
52.40556766666666,-1.51908,145.44,,4,300.95,25 / 27,170921,2019-09-08 10:10:37:545,1.1682,0.4004,9.3216,0.0043,0.0174,9.8066,0.0105,0.0249,0.0057,-5.5,-29.44,10.63,357.67,-84.79,-157.37,10.74,1.0,52.40556766666666,-1.51908
52.40556892222222,-1.5190932333333333,145.44,,4,300.95,25 / 27,171022,2019-09-08 10:10:37:646,0.926,1.0292,10.0819,0.0053,0.0037,9.8066,-0.0066,0.0645,-0.013,-5.56,-28.62,10.81,352.34,-84.71,-157.39,10.737666666666668,1.0,52.40556892222222,-1.5190932333333333
52.405570177777776,-1.5191064666666667,145.44,,4,300.95,25 / 27,171121,2019-09-08 10:10:37:745,0.3481,0.7618,10.5052,0.0033,-0.0108,9.8066,0.0099,0.1067,0.0104,-6.0,-28.56,10.88,352.03,-84.66,-157.61,10.735333333333333,1.0,52.405570177777776,-1.5191064666666667
52.40557143333333,-1.5191197,145.44,,4,300.95,25 / 27,171221,2019-09-08 10:10:37:845,1.1095,-0.1548,9.3281,-0.0004,0.0144,9.8066,0.0388,0.1892,0.0038,-5.5,-28.62,10.94,356.29,-84.77,-158.44,10.733,1.0,52.40557143333333,-1.5191197
52.40557268888889,-1.5191329333333332,145.44,,4,300.95,25 / 27,171322,2019-09-08 10:10:37:946,1.1442,0.8303,9.8056,0.0044,0.0207,9.8065,0.0391,0.15,-0.0111,-6.19,-29.37,11.25,349.55,-84.83,-159.63,10.730666666666666,1.0,52.40557268888889,-1.5191329333333332
52.40557394444444,-1.5191461666666666,145.44,,4,300.95,25 / 27,171422,2019-09-08 10:10:38:046,1.683,1.6404,9.6465,0.0187,0.0059,9.8065,-0.0145,0.2032,-0.0407,-4.87,-28.87,12.0,356.03,-84.89,-160.54,10.728333333333333,1.0,52.40557394444444,-1.5191461666666666
52.4055752,-1.5191594,145.44,,4,300.95,25 / 27,171521,2019-09-08 10:10:38:145,2.9016,0.3023,10.1513,0.0098,-0.0054,9.8066,-0.0163,0.0888,-0.0469,-5.0,-28.87,11.5,353.7,-84.97,-162.42,10.726,1.0,52.4055752,-1.5191594
52.405576455555554,-1.5191726333333333,145.44,,4,300.95,25 / 27,171622,2019-09-08 10:10:38:246,-0.3822,-1.0158,12.8758,-0.0114,-0.0401,9.8065,0.1343,0.2176,-0.0945,-4.56,-28.75,11.88,352.22,-85.2,-163.69,10.723666666666666,1.0,52.405576455555554,-1.5191726333333333
52.40557771111111,-1.5191858666666667,145.44,,4,300.95,25 / 27,171721,2019-09-08 10:10:38:345,2.7037,1.3341,11.8918,0.0338,-0.045,9.8065,0.1094,0.3409,-0.1127,-5.12,-28.62,12.81,351.38,-84.94,-165.97,10.721333333333334,1.0,52.40557771111111,-1.5191858666666667
52.40557896666667,-1.5191991,145.44,,4,300.95,26 / 28,171822,2019-09-08 10:10:38:446,0.1689999999999999,1.5988,9.968,-0.0124,-0.0015,9.8065,-0.0582,0.3707,-0.1549,-4.75,-28.37,13.19,350.22,-84.82,-166.94,10.719,1.0,52.40557896666667,-1.5191991
52.40558022222222,-1.5192123333333334,145.44,,4,300.95,26 / 28,171922,2019-09-08 10:10:38:546,2.4739,3.0171,8.9618,0.0259,-0.0366,9.8065,-0.1748,0.308,-0.1491,-5.37,-28.69,13.5,349.78,-84.5,-168.62,10.716666666666667,1.0,52.40558022222222,-1.5192123333333334
52.40558147777777,-1.5192255666666667,145.44,,4,300.95,26 / 28,172021,2019-09-08 10:10:38:645,3.7627,2.1514,8.6889,0.0134,0.0719,9.8063,0.1134,0.2348,-0.0027,-4.06,-28.0,13.5,352.21,-84.48,-170.37,10.714333333333334,1.0,52.40558147777777,-1.5192255666666667
52.40558273333333,-1.5192388,145.44,,4,300.95,26 / 28,172122,2019-09-08 10:10:38:746,1.6797,1.9422,9.9913,-0.0183,0.054,9.8065,0.1285,0.3166,-0.0242,-4.12,-29.44,13.94,350.98,-84.91,-171.45,10.712,1.0,52.40558273333333,-1.5192388
52.405583988888885,-1.5192520333333333,145.44,,4,300.95,26 / 28,172222,2019-09-08 10:10:38:846,2.1916,1.1932,10.0373,-0.0006,-0.0271,9.8066,-0.1184,0.2969,0.0183,-4.25,-28.06,14.94,351.76,-84.86,-171.95,10.709666666666667,1.0,52.405583988888885,-1.5192520333333333
52.405585244444445,-1.5192652666666666,145.44,,4,300.95,26 / 28,172322,2019-09-08 10:10:38:946,2.3411,2.2189,9.9177,-0.0055,-0.0043,9.8066,-0.0223,0.2819,0.0485,-4.56,-28.62,15.31,349.18,-84.78,-170.54,10.707333333333333,1.0,52.405585244444445,-1.5192652666666666
52.4055865,-1.5192785,145.44,,4,300.95,26 / 28,172421,2019-09-08 10:10:39:045,1.6734,2.0601,10.8769,-0.0103,-0.0369,9.8065,-0.0044,0.36,-0.0637,-4.37,-27.87,16.06,358.25,-84.47,-167.42,10.705,1.0,52.4055865,-1.5192785
52.40558775555555,-1.5192917333333333,145.44,,4,300.95,26 / 28,172521,2019-09-08 10:10:39:145,1.7129,2.0138,10.457,-0.0032,-0.0361,9.8065,0.0007,0.2915,-0.0079,-4.56,-28.25,16.69,355.94,-84.27,-167.01,10.702666666666667,1.0,52.40558775555555,-1.5192917333333333
52.40558901111111,-1.5193049666666667,145.44,,4,300.95,26 / 28,172622,2019-09-08 10:10:39:246,2.8572,-0.8047,8.9606,0.0203,0.0086,9.8065,-0.0423,0.3609,-0.1203,-4.25,-27.94,17.25,0.45,-83.91,-166.39,10.700333333333333,1.0,52.40558901111111,-1.5193049666666667
52.405590266666664,-1.5193182,145.44,,4,300.95,26 / 28,172721,2019-09-08 10:10:39:345,3.526,2.9454,9.8639,0.0181,0.0258,9.8066,0.0651,0.3145,0.0257,-4.44,-28.25,17.88,357.38,-83.88,-169.65,10.698,1.0,52.405590266666664,-1.5193182
52.405591522222224,-1.5193314333333332,145.44,,4,300.95,25 / 27,172821,2019-09-08 10:10:39:445,2.8518,1.9998,11.0729,0.0263,-0.0632,9.8064,-0.0622,0.4695,-0.0528,-4.0,-28.25,18.81,358.86,-83.63,-169.06,10.695666666666666,1.0,52.405591522222224,-1.5193314333333332
52.40559277777778,-1.5193446666666666,145.44,,4,300.95,25 / 27,172921,2019-09-08 10:10:39:545,4.2929,2.323,9.3832,0.018,-0.0514,9.8065,-0.0733,0.4293,-0.066,-4.62,-28.06,19.44,351.87,-83.06,-171.93,10.693333333333333,1.0,52.40559277777778,-1.5193446666666666
52.40559403333333,-1.5193579,145.44,,4,300.95,25 / 27,173021,2019-09-08 10:10:39:645,-0.2182,1.5774,10.0116,-0.0161,-0.0137,9.8066,0.2981,0.5517,-0.2685,-4.31,-27.81,20.63,356.72,-82.7,-171.92,10.691,1.0,52.40559403333333,-1.5193579
52.40559528888889,-1.5193711333333333,145.44,,4,300.95,25 / 27,173121,2019-09-08 10:10:39:745,4.077,0.1715,10.4519,0.0088,0.0091,9.8066,0.2111,0.4291,-0.171,-3.87,-27.75,21.38,352.63,-82.59,-175.28,10.688666666666666,1.0,52.40559528888889,-1.5193711333333333
52.40559654444444,-1.5193843666666667,145.44,,4,300.95,25 / 27,173221,2019-09-08 10:10:39:845,3.0185,0.1861,10.7867,0.0193,-0.0081,9.8066,-0.2291,0.371,-0.1599,-3.69,-27.81,21.88,352.75,-82.69,-175.74,10.686333333333334,1.0,52.40559654444444,-1.5193843666666667
52.405597799999995,-1.5193976,145.44,,4,300.95,25 / 27,173321,2019-09-08 10:10:39:945,1.1577,0.9682,10.3837,0.0259,-0.0202,9.8066,-0.1736,0.3852,-0.124,-4.19,-27.62,22.25,349.82,-82.75,-178.19,10.684,1.0,52.405597799999995,-1.5193976
52.405599055555555,-1.5194108333333334,145.44,,4,300.95,25 / 27,173421,2019-09-08 10:10:40:045,1.7594,1.2252,9.4625,-0.0112,0.004,9.8066,0.1112,0.3006,0.0444,-4.81,-27.37,22.5,345.85,-82.65,-179.72,10.681666666666667,1.0,52.405599055555555,-1.5194108333333334
52.40560031111111,-1.5194240666666667,145.44,,4,300.95,25 / 27,173522,2019-09-08 10:10:40:146,2.488,0.6928,9.718,-0.0322,-0.018,9.8065,0.1125,0.4152,-0.0557,-5.31,-27.37,23.94,349.82,-82.32,-176.83,10.679333333333334,1.0,52.40560031111111,-1.5194240666666667
52.40560156666667,-1.5194372999999999,145.44,,4,300.95,25 / 27,173621,2019-09-08 10:10:40:245,2.3319,-0.5425,10.293,0.0009,-0.0419,9.8065,-0.0264,0.3416,-0.1162,-5.56,-28.06,24.44,347.98,-81.85,-175.95,10.677,1.0,52.40560156666667,-1.5194372999999999
52.40560282222222,-1.5194505333333332,145.44,,4,300.95,25 / 27,173721,2019-09-08 10:10:40:345,1.5395,1.007,9.2468,0.009,-0.0132,9.8065,-0.1446,0.253,-0.0802,-5.87,-28.12,25.94,348.49,-81.83,-176.69,10.674666666666667,1.0,52.40560282222222,-1.5194505333333332
52.405604077777774,-1.5194637666666666,145.44,,4,300.95,25 / 27,173821,2019-09-08 10:10:40:445,1.9595,-0.1865,9.7128,-0.0004,-0.0095,9.8066,0.1462,0.2542,-0.0219,-6.69,-28.12,26.5,348.12,-81.67,-175.51,10.672333333333333,1.0,52.405604077777774,-1.5194637666666666
52.405605333333334,-1.519477,145.44,,4,300.95,25 / 27,173921,2019-09-08 10:10:40:545,1.4341,-2.366,10.3393,0.0196,-0.0088,9.8066,0.1698,0.2545,-0.009,-7.0,-26.5,27.44,347.09,-81.52,-176.48,10.67,1.0,52.405605333333334,-1.519477
52.40560658888889,-1.5194902333333333,145.44,,4,300.95,25 / 27,174021,2019-09-08 10:10:40:645,1.8955,0.296,9.1884,-0.012,0.0204,9.8065,0.0703,0.0914,-0.0224,-6.94,-26.87,27.19,346.72,-81.55,-176.73,10.667666666666667,1.0,52.40560658888889,-1.5194902333333333
52.40560784444444,-1.5195034666666667,145.44,,4,300.95,25 / 27,174121,2019-09-08 10:10:40:745,1.8467,-0.508,10.0178,-0.0014,0.0644,9.8064,0.0741,0.1969,-0.1517,-7.5,-26.56,27.31,346.2,-81.66,-177.2,10.665333333333333,1.0,52.40560784444444,-1.5195034666666667
52.4056091,-1.5195167,145.44,,4,300.95,25 / 27,174222,2019-09-08 10:10:40:846,0.8928,-1.2708,9.7523,0.012,-0.0083,9.8066,-0.0267,0.1836,-0.0673,-6.56,-26.81,26.75,345.48,-81.68,-177.82,10.663,1.0,52.4056091,-1.5195167
52.40561035555555,-1.5195299333333332,145.44,,4,300.95,25 / 27,174321,2019-09-08 10:10:40:945,1.7751,-0.1515,9.6811,0.0177,-0.0017,9.8066,0.0087,0.0679,0.0682,-6.44,-27.06,27.06,346.03,-81.72,-179.35,10.660666666666666,1.0,52.40561035555555,-1.5195299333333332
52.40561161111111,-1.5195431666666666,145.44,,4,300.95,25 / 27,174421,2019-09-08 10:10:41:045,-3.6474,-1.0532,8.9569,0.0081,0.0216,9.8066,0.0081,0.1388,0.2768,-6.31,-28.94,28.56,347.23,-81.51,-179.11,10.658333333333333,1.0,52.40561161111111,-1.5195431666666666
52.405612866666665,-1.5195564,145.44,,4,300.95,25 / 27,174522,2019-09-08 10:10:41:146,2.3712,-0.9808,9.3882,-0.0715,0.0688,9.8061,0.2809,0.0957,0.0469,-6.62,-28.44,29.69,347.51,-81.6,-177.58,10.656,1.0,52.405612866666665,-1.5195564
52.40561412222222,-1.5195696333333333,145.44,,4,300.95,25 / 27,174622,2019-09-08 10:10:41:246,-0.0587,-1.7132,10.6929,0.0162,-0.1017,9.806,-0.1939,-0.2055,0.086,-7.31,-27.5,29.81,350.04,-80.88,-175.32,10.653666666666666,1.0,52.40561412222222,-1.5195696333333333
52.40561537777778,-1.5195828666666666,145.44,,4,300.95,25 / 27,174722,2019-09-08 10:10:41:346,1.368,-1.3352,8.7885,-0.0332,-0.0156,9.8065,0.0374,0.1498,-0.1338,-7.19,-27.5,29.94,351.89,-81.25,-173.8,10.651333333333334,1.0,52.40561537777778,-1.5195828666666666
52.40561663333333,-1.5195961,145.44,,4,300.95,25 / 27,174821,2019-09-08 10:10:41:445,-0.7009,-0.4533,10.3366,0.0044,-0.0139999999999999,9.8066,0.0436,-0.0054,-0.0143,-6.0,-27.06,29.88,353.46,-81.15,-174.27,10.649,1.0,52.40561663333333,-1.5195961
52.405617888888884,-1.5196093333333334,145.44,,4,300.95,27 / 28,174921,2019-09-08 10:10:41:545,-0.7793,-1.4067,9.7789,0.0217,-0.0086,9.8066,0.0189,-0.0309,0.0045,-5.5,-25.75,30.31,354.11,-80.85,-175.55,10.646666666666667,1.0,52.405617888888884,-1.5196093333333334
52.405619144444444,-1.5196225666666667,145.44,,4,300.95,27 / 28,175021,2019-09-08 10:10:41:645,-0.1757,-0.8397,9.9383,0.0057,-0.0054,9.8066,0.0387,-0.0609,-0.0134,-5.87,-27.12,30.19,351.0,-80.69,-176.29,10.644333333333334,1.0,52.405619144444444,-1.5196225666666667
52.4056204,-1.5196357999999999,145.44,,4,300.95,27 / 28,175122,2019-09-08 10:10:41:746,-0.636,0.5202,10.1032,0.0113,0.0073,9.8066,-0.0686,-0.0409,-0.0582,-5.12,-27.19,30.75,352.66,-80.58,-177.05,10.642,1.0,52.4056204,-1.5196357999999999
52.40562165555556,-1.5196490333333332,145.44,,4,300.95,27 / 28,175221,2019-09-08 10:10:41:845,-0.2343,0.0744,9.9969,0.005,0.0036,9.8066,-0.0069,-0.0677,-0.0171,-5.44,-27.44,29.44,350.81,-80.71,-177.94,10.639666666666667,1.0,52.40562165555556,-1.5196490333333332
52.40562291111111,-1.5196622666666666,145.44,,4,300.95,27 / 28,175321,2019-09-08 10:10:41:945,-1.1612,-1.3921,9.972,0.0037,-0.0082,9.8066,-0.0405,-0.1008,-0.0348,-5.69,-26.75,29.81,348.8,-80.7,-178.16,10.637333333333332,1.0,52.40562291111111,-1.5196622666666666
52.40562416666666,-1.5196755,145.44,,4,300.95,27 / 28,175422,2019-09-08 10:10:42:046,-1.6608,-1.2485,10.1178,0.0016,0.0043,9.8066,0.0456,-0.0313,-0.048,-6.06,-27.31,29.56,348.49,-80.73,-178.42,10.635,1.0,52.40562416666666,-1.5196755
52.40562542222222,-1.5196887333333333,145.44,,4,300.95,27 / 28,175521,2019-09-08 10:10:42:145,-0.5625,-0.1715,10.1607,0.0034,0.0014,9.8066,0.0294,-0.0695,0.0746,-6.19,-27.62,29.31,346.97,-80.7,-179.2,10.632666666666667,1.0,52.40562542222222,-1.5196887333333333
52.405626677777775,-1.5197019666666667,145.44,,4,300.95,27 / 28,175621,2019-09-08 10:10:42:245,-0.7511,0.434,10.1791,0.0056,-0.0148,9.8065,-0.0195,-0.0018,-0.0027,-5.37,-26.62,29.69,349.72,-80.73,-179.22,10.630333333333333,1.0,52.405626677777775,-1.5197019666666667
52.40562793333333,-1.5197152,145.44,,4,300.95,27 / 28,175721,2019-09-08 10:10:42:345,-1.5558,-0.9732,9.4187,0.0051,-0.024,9.8066,-0.0676,-0.0802,0.0527,-5.19,-27.0,29.63,349.28,-80.57,-179.56,10.628,1.0,52.40562793333333,-1.5197152
52.40562918888889,-1.5197284333333332,145.44,,4,300.95,27 / 28,175822,2019-09-08 10:10:42:446,-1.4485,-1.4229,10.2826,0.0078,0.0105,9.8065,0.107,-0.0851,0.0468,-5.0,-26.75,29.19,348.03,-80.64,179.74,10.625666666666666,1.0,52.40562918888889,-1.5197284333333332
52.40563044444444,-1.5197416666666665,145.44,,4,300.95,26 / 28,175922,2019-09-08 10:10:42:546,-1.4817,-0.9914,10.4495,0.0031,-0.0079,9.8066,0.0756,-0.0983,0.0392,-4.75,-28.12,28.69,347.49,-80.56,179.38,10.623333333333333,1.0,52.40563044444444,-1.5197416666666665
52.4056317,-1.5197549,145.44,,4,300.95,26 / 28,176021,2019-09-08 10:10:42:645,-0.9741,-2.0329,9.6653,0.0146,-0.0067,9.8066,-0.0462,-0.11,-0.0286,-4.81,-27.94,29.25,346.81,-80.49,178.83,10.621,1.0,52.4056317,-1.5197549
52.405632955555554,-1.5197681333333333,145.44,,4,300.95,26 / 28,176121,2019-09-08 10:10:42:745,-1.2093,-0.5849,9.5318,0.0122,0.001,9.8065,-0.0968,-0.0891,-0.0269,-4.62,-27.0,28.75,345.49,-80.42,177.67,10.618666666666666,1.0,52.405632955555554,-1.5197681333333333
52.405634211111106,-1.5197813666666666,145.44,,4,300.95,26 / 28,176221,2019-09-08 10:10:42:845,-1.1003,-1.2169,10.0959,0.0079,-0.0154,9.8066,-0.0532,-0.0755,-0.0111,-4.06,-27.0,29.25,346.7,-80.46,176.74,10.616333333333333,1.0,52.405634211111106,-1.5197813666666666
52.405635466666666,-1.5197946,145.44,,4,300.95,26 / 28,176321,2019-09-08 10:10:42:945,-1.6554,-1.0839,9.5301,0.0152,-0.0156,9.8066,-0.0461,-0.0983,0.0338,-4.75,-27.25,28.44,342.85,-80.4,175.88,10.613999999999999,1.0,52.405635466666666,-1.5197946
52.40563672222222,-1.5198078333333334,145.44,,4,300.95,26 / 28,176421,2019-09-08 10:10:43:045,-1.5242,-1.869,9.2536,-0.0035,0.0202,9.8065,0.0807,-0.0729,-0.0086,-4.0,-27.44,28.06,344.34,-80.62,175.08,10.611666666666666,1.0,52.40563672222222,-1.5198078333333334
52.40563797777777,-1.5198210666666667,145.44,,4,300.95,26 / 28,176522,2019-09-08 10:10:43:146,-1.0719,-1.1628,9.6972,-0.0017,0.0175,9.8066,0.0391,-0.0964,-0.0094,-4.0,-27.37,27.56,344.23,-80.73,174.96,10.609333333333334,1.0,52.40563797777777,-1.5198210666666667
52.40563923333333,-1.5198342999999999,145.44,,4,300.95,26 / 28,176622,2019-09-08 10:10:43:246,-0.5504,-0.6970000000000001,8.8547,0.003,0.0094,9.8065,-0.1618,-0.122,0.0526,-4.0,-27.94,27.94,343.84,-80.85,174.68,10.607,1.0,52.40563923333333,-1.5198342999999999
52.405640488888885,-1.5198475333333332,145.44,,4,300.95,26 / 28,176722,2019-09-08 10:10:43:346,-0.7497,-0.0941,8.6655,-0.0026,0.0417,9.8065,-0.0458,-0.1454,0.0202,-3.5,-27.06,27.13,346.07,-80.9,174.75,10.604666666666667,1.0,52.405640488888885,-1.5198475333333332
52.405641744444445,-1.5198607666666666,145.44,,4,300.95,26 / 28,176821,2019-09-08 10:10:43:445,-1.8596,-2.0803,10.4494,-0.0033,-0.0311,9.8065,-0.0682,-0.0652,0.0134,-4.94,-27.25,27.19,341.29,-81.28,174.73,10.602333333333332,1.0,52.405641744444445,-1.5198607666666666
52.405643,-1.519874,143.8,10.6,4,253.31,25 / 26,176921,2019-09-08 10:10:43:545,-0.5638,-2.1824,9.7455,0.006,-0.0051,9.8066,-0.0667,-0.0781,0.0676,-4.87,-27.69,27.06,341.53,-81.33,175.02,10.6,1.0,52.405643,-1.519874
52.40564245555555,-1.519891511111111,143.8,,4,253.31,25 / 26,177021,2019-09-08 10:10:43:645,-0.7958,-0.6513,9.5093,-0.006,-0.0198,9.8066,-0.1453,-0.0652,0.0024,-4.31,-27.25,26.81,344.45,-81.27,175.35,10.594666666666667,1.0,52.40564245555555,-1.519891511111111
52.40564191111111,-1.5199090222222222,143.8,,4,253.31,25 / 26,177121,2019-09-08 10:10:43:745,-0.3708,0.2737,10.1145,0.0053,0.0248,9.8066,0.1236,-0.1542,0.0431,-4.25,-27.19,26.81,344.37,-81.4,175.24,10.589333333333332,1.0,52.40564191111111,-1.5199090222222222
52.405641366666664,-1.5199265333333334,143.8,,4,253.31,25 / 26,177222,2019-09-08 10:10:43:846,-0.9526,-1.1786,10.6364,-0.0014,0.0061,9.8066,0.1124,-0.0488,-0.0308,-3.69,-27.12,26.31,343.74,-81.49,175.1,10.584,1.0,52.405641366666664,-1.5199265333333334
52.40564082222222,-1.5199440444444443,143.8,,4,253.31,25 / 26,177322,2019-09-08 10:10:43:946,-1.8169,-2.6724,10.0498,0.0047,-0.0164,9.8066,-0.1325,-0.0236,-0.0394,-4.19,-26.87,25.69,343.38,-81.26,174.87,10.578666666666667,1.0,52.40564082222222,-1.5199440444444443
52.40564027777778,-1.5199615555555555,143.8,,4,253.31,25 / 26,177421,2019-09-08 10:10:44:045,-1.2426,1.0903,10.5948,0.0089,-0.0131,9.8065,-0.1058,-0.0627,0.0357,-4.31,-27.5,25.69,342.7,-81.23,174.3,10.573333333333332,1.0,52.40564027777778,-1.5199615555555555
52.40563973333333,-1.5199790666666666,143.8,,4,253.31,25 / 26,177522,2019-09-08 10:10:44:146,-1.5432,-2.9066,9.4492,0.0049,-0.0208,9.8065,-0.032,-0.0284,-0.0286,-4.06,-27.37,25.75,343.39,-81.21,174.89,10.568,1.0,52.40563973333333,-1.5199790666666666
52.405639188888884,-1.5199965777777777,143.8,,4,253.31,25 / 26,177622,2019-09-08 10:10:44:246,-0.4362,-1.8613,9.3189,-0.0015,-0.0148,9.8066,-0.0627,-0.0853,-0.0451,-3.94,-28.19,25.81,343.19,-81.17,174.83,10.562666666666667,1.0,52.405639188888884,-1.5199965777777777
52.405638644444444,-1.520014088888889,143.8,,4,253.31,25 / 26,177722,2019-09-08 10:10:44:346,-1.2272,0.7999,9.1959,-0.0031,0.0265,9.8065,-0.0666,-0.0845,-0.0303,-3.75,-27.62,25.94,342.75,-81.33,174.41,10.557333333333332,1.0,52.405638644444444,-1.520014088888889
52.4056381,-1.5200316,143.8,,4,253.31,25 / 26,177822,2019-09-08 10:10:44:446,-0.7617,0.1169999999999999,10.0833,-0.0049,0.017,9.8065,-0.0806,0.0014,-0.0872,-3.87,-27.56,24.81,341.76,-81.64,173.92,10.552,1.0,52.4056381,-1.5200316
52.40563755555555,-1.520049111111111,143.8,,4,253.31,26 / 27,177921,2019-09-08 10:10:44:545,-0.6887,-0.8406,10.7361,-0.0024,0.03,9.8065,0.123,-0.032,-0.0231,-4.0,-28.44,25.19,340.41,-81.76,172.73,10.546666666666667,1.0,52.40563755555555,-1.520049111111111
52.40563701111111,-1.520066622222222,143.8,,4,253.31,26 / 27,178022,2019-09-08 10:10:44:646,-0.7397,-0.4653,10.6111,0.0122,-0.0342,9.8065,-0.0597,-0.0968,-0.0238,-3.94,-27.5,24.94,340.42,-81.42,172.77,10.541333333333332,1.0,52.40563701111111,-1.520066622222222
52.405636466666664,-1.5200841333333333,143.8,,4,253.31,26 / 27,178122,2019-09-08 10:10:44:746,-1.6758,-2.1822,9.7564,0.0113,-0.0503,9.8064,-0.1264,-0.0266,-0.0909,-3.5,-27.12,24.31,342.55,-81.31,172.77,10.536,1.0,52.405636466666664,-1.5200841333333333
52.40563592222222,-1.5201016444444444,143.8,,4,253.31,26 / 27,178221,2019-09-08 10:10:44:845,-1.2399,0.1551,10.0566,-0.0058,0.0299,9.8066,0.1434,-0.0831,0.0561,-3.81,-27.81,25.0,339.31,-81.32,172.01,10.530666666666667,1.0,52.40563592222222,-1.5201016444444444
52.40563537777778,-1.5201191555555555,143.8,,4,253.31,26 / 27,178321,2019-09-08 10:10:44:945,0.647,-0.4658,10.323,0.009,0.0468,9.8065,0.0939,0.0231,-0.1381,-4.25,-27.5,25.44,338.52,-81.5,171.14,10.525333333333332,1.0,52.40563537777778,-1.5201191555555555
52.40563483333333,-1.5201366666666667,143.8,,4,253.31,26 / 27,178421,2019-09-08 10:10:45:045,-1.9121,-0.1136,9.0993,-0.0074,0.0098,9.8066,0.0777,0.045,-0.0906,-4.44,-26.75,24.88,336.85,-81.26,169.84,10.52,1.0,52.40563483333333,-1.5201366666666667
52.40563428888889,-1.5201541777777778,143.8,,4,253.31,26 / 27,178522,2019-09-08 10:10:45:146,-0.5868,0.498,8.8657,0.0214,0.022,9.8066,-0.1357,-0.0537,0.0418,-4.0,-27.0,24.88,335.93,-81.21,169.09,10.514666666666667,1.0,52.40563428888889,-1.5201541777777778
52.405633744444444,-1.5201716888888888,143.8,,4,253.31,26 / 27,178621,2019-09-08 10:10:45:245,-2.6222,1.1616,9.1709,-0.0309,0.0657,9.8063,0.1462,0.0142,-0.1629,-3.5,-26.81,24.44,338.68,-81.75,169.35,10.509333333333332,1.0,52.405633744444444,-1.5201716888888888
52.4056332,-1.5201892,143.8,,4,253.31,26 / 27,178721,2019-09-08 10:10:45:345,-0.8959999999999999,-1.1123,10.4007,0.0062,0.0126,9.8066,0.0109,-0.0911,0.0321,-4.12,-26.12,24.25,335.56,-81.68,168.93,10.504,1.0,52.4056332,-1.5201892
52.40563265555556,-1.520206711111111,143.8,,4,253.31,26 / 27,178821,2019-09-08 10:10:45:445,-0.8559,0.1796,9.7504,-0.0083,-0.0222,9.8066,-0.1009,-0.0559,-0.0185,-4.0,-27.06,24.19,336.18,-81.67,169.59,10.498666666666667,1.0,52.40563265555556,-1.520206711111111
52.40563211111111,-1.5202242222222222,143.8,,4,253.31,26 / 27,178922,2019-09-08 10:10:45:546,-1.2803,-0.8208,10.2187,0.0066,-0.0025,9.8066,0.0428,-0.0306,0.0121,-4.12,-27.12,24.19,336.47,-81.66,169.84,10.493333333333332,1.0,52.40563211111111,-1.5202242222222222
52.40563156666666,-1.5202417333333333,143.8,,4,253.31,26 / 27,179021,2019-09-08 10:10:45:645,-0.522,0.4929,10.0064,0.0083,-0.0056,9.8066,-0.0412,-0.049,0.0105,-3.5,-26.75,23.56,338.26,-81.58,169.07,10.488,1.0,52.40563156666666,-1.5202417333333333
52.405631022222224,-1.5202592444444445,143.8,,4,253.31,26 / 27,179121,2019-09-08 10:10:45:745,-1.5779,-0.9677,9.4819,0.0045,0.0151,9.8065,-0.0519,-0.0871,0.0105,-3.37,-27.0,24.06,338.53,-81.48,169.35,10.482666666666667,1.0,52.405631022222224,-1.5202592444444445
52.40563047777778,-1.5202767555555554,143.8,,4,253.31,26 / 27,179221,2019-09-08 10:10:45:845,-1.51,-1.0326,9.602,0.0073,0.0439,9.8065,0.0418,-0.0256,-0.0774,-3.19,-26.44,23.94,337.42,-81.57,168.24,10.477333333333332,1.0,52.40563047777778,-1.5202767555555554
52.40562993333333,-1.5202942666666666,143.8,,4,253.31,26 / 27,179321,2019-09-08 10:10:45:945,-0.7238,-0.9232,9.272,0.0064,0.0002,9.8065,-0.0508,-0.0746,0.0172,-3.87,-26.81,24.5,335.11,-81.59,168.21,10.472,1.0,52.40562993333333,-1.5202942666666666
52.40562938888889,-1.5203117777777777,143.8,,4,253.31,26 / 27,179422,2019-09-08 10:10:46:046,-1.8386,-0.4381,9.6283,0.0043,0.0112,9.8066,0.075,-0.0146,-0.0631,-3.37,-26.87,23.69,336.34,-81.68,167.41,10.466666666666667,1.0,52.40562938888889,-1.5203117777777777
52.40562884444444,-1.5203292888888889,143.8,,4,253.31,26 / 27,179521,2019-09-08 10:10:46:145,-0.9707,-0.366,9.962,0.0063,-0.0152,9.8065,0.034,-0.0266,-0.0226,-3.56,-26.44,23.56,333.7,-81.73,167.31,10.461333333333332,1.0,52.40562884444444,-1.5203292888888889
52.4056283,-1.5203468,143.8,,4,253.31,26 / 27,179622,2019-09-08 10:10:46:246,-1.2996,-0.6339,10.3605,0.0015,-0.0296,9.8066,-0.0795,-0.0674,-0.0156,-3.37,-26.56,23.63,336.55,-81.59,167.63,10.456,1.0,52.4056283,-1.5203468
52.40562775555556,-1.5203643111111111,143.8,,4,253.31,26 / 27,179722,2019-09-08 10:10:46:346,-1.9694,-0.3878,10.0159,-0.0204,0.0203,9.8066,-0.0013,-0.1112,0.1087,-3.19,-26.56,23.44,336.87,-81.72,168.3,10.450666666666667,1.0,52.40562775555556,-1.5203643111111111
52.40562721111111,-1.520381822222222,143.8,,4,253.31,26 / 27,179821,2019-09-08 10:10:46:445,-0.6907,-0.2741,10.2898,-0.0068,-0.0161,9.8065,-0.0032,-0.076,0.0485,-3.69,-26.75,23.69,335.46,-81.51,169.07,10.445333333333332,1.0,52.40562721111111,-1.520381822222222
52.40562666666666,-1.5203993333333332,143.8,,4,253.31,26 / 27,179921,2019-09-08 10:10:46:545,-1.4229,-1.0434,9.848,-0.0139,0.0102,9.8066,-0.0805,-0.057,0.0378,-3.75,-27.19,23.56,336.08,-81.55,169.57,10.44,1.0,52.40562666666666,-1.5203993333333332
52.40562612222222,-1.5204168444444444,143.8,,4,253.31,26 / 27,180022,2019-09-08 10:10:46:646,-1.9529,0.5551,9.7521,-0.0066,0.0167,9.8065,0.1367,-0.0265,0.0044,-3.87,-27.06,23.88,337.1,-81.68,170.37,10.434666666666667,1.0,52.40562612222222,-1.5204168444444444
52.405625577777776,-1.5204343555555555,143.8,,4,253.31,26 / 27,180121,2019-09-08 10:10:46:745,-0.1608,-2.6979,9.9252,0.0186,-0.0502,9.8065,0.109,-0.0478,0.0027,-3.75,-27.12,23.13,336.89,-81.83,170.67,10.429333333333332,1.0,52.405625577777776,-1.5204343555555555
52.40562503333333,-1.5204518666666667,143.8,,4,253.31,26 / 27,180222,2019-09-08 10:10:46:846,-1.8603,-0.3909,9.0019,0.0101,-0.0247,9.8066,0.1262,-0.0811,-0.0511,-3.87,-26.81,22.69,336.86,-81.69,170.72,10.424,1.0,52.40562503333333,-1.5204518666666667
52.40562448888889,-1.5204693777777778,143.8,,4,253.31,26 / 27,180321,2019-09-08 10:10:46:945,-0.0409999999999999,-0.5109,9.9193,0.0062,0.0097,9.8066,0.1172,0.0382,-0.1037,-3.19,-26.94,22.0,337.63,-81.87,169.35,10.418666666666667,1.0,52.40562448888889,-1.5204693777777778
52.40562394444444,-1.520486888888889,143.8,,4,253.31,26 / 27,180422,2019-09-08 10:10:47:046,-1.5582,1.2498,9.7828,0.0108,-0.0029,9.8066,0.0331,0.0003,-0.0661,-3.12,-28.5,21.81,337.01,-81.98,168.92,10.413333333333332,1.0,52.40562394444444,-1.520486888888889
52.405623399999996,-1.5205043999999999,143.8,,4,253.31,26 / 27,180521,2019-09-08 10:10:47:145,-1.2557,-0.5372,9.8021,-0.0013,-0.0304,9.8065,0.0247,-0.0097,0.0131,-2.94,-27.94,22.5,336.95,-81.92,168.4,10.408,1.0,52.405623399999996,-1.5205043999999999
52.405622855555556,-1.520521911111111,143.8,,4,253.31,26 / 27,180622,2019-09-08 10:10:47:246,-1.1636,0.2502,10.1493,-0.0032,-0.0011,9.8066,0.059,-0.0633,0.0431,-2.69,-27.69,22.81,337.96,-81.84,169.29,10.402666666666667,1.0,52.405622855555556,-1.520521911111111
52.40562231111111,-1.5205394222222222,143.8,,4,253.31,26 / 27,180722,2019-09-08 10:10:47:346,-1.61,-0.7115,9.8457,-0.0114,-0.0232,9.8066,0.1232,-0.1081,0.1174,-3.19,-27.31,22.88,339.09,-81.94,170.06,10.397333333333332,1.0,52.40562231111111,-1.5205394222222222
52.40562176666666,-1.5205569333333333,143.8,,4,253.31,25 / 27,180822,2019-09-08 10:10:47:446,-1.3675,-1.1762,9.4292,-0.0061,-0.0141,9.8066,-0.0219,-0.0498,-0.0048,-2.56,-28.06,22.19,339.92,-81.89,171.37,10.392,1.0,52.40562176666666,-1.5205569333333333
52.40562122222222,-1.5205744444444445,143.8,,4,253.31,25 / 27,180922,2019-09-08 10:10:47:546,-2.3088,-0.0805,9.8104,-0.0115,0.0061,9.8066,0.0256,-0.132,0.0163,-3.19,-27.19,22.75,341.48,-82.04,172.02,10.386666666666667,1.0,52.40562122222222,-1.5205744444444445
52.405620677777776,-1.5205919555555556,143.8,,4,253.31,25 / 27,181021,2019-09-08 10:10:47:645,-1.2903,0.4379,9.7647,0.0022,0.0192,9.8066,0.0019,-0.0474,-0.0335,-3.37,-26.69,22.06,339.98,-82.16,171.18,10.381333333333332,1.0,52.405620677777776,-1.5205919555555556
52.40562013333333,-1.5206094666666665,143.8,,4,253.31,25 / 27,181122,2019-09-08 10:10:47:746,-1.0769,-0.7763,10.3514,0.0049,-0.0153,9.8066,-0.0357,-0.034,-0.0544,-2.06,-27.12,22.06,342.97,-82.17,171.11,10.376,1.0,52.40562013333333,-1.5206094666666665
52.40561958888889,-1.5206269777777777,143.8,,4,253.31,25 / 27,181221,2019-09-08 10:10:47:845,-0.8945,1.0711,10.3696,-0.006,0.0023,9.8066,0.1536,0.0033,-0.0004,-2.69,-26.87,21.75,340.24,-82.16,171.39,10.370666666666667,1.0,52.40561958888889,-1.5206269777777777
52.40561904444444,-1.5206444888888888,143.8,,4,253.31,25 / 27,181321,2019-09-08 10:10:47:945,0.1458,-0.7340000000000001,9.5183,0.0025,-0.0299,9.8065,0.0243,0.0118,0.0079,-2.31,-26.69,21.94,344.9,-82.13,172.73,10.365333333333332,1.0,52.40561904444444,-1.5206444888888888
52.405618499999996,-1.520662,143.8,,4,253.31,25 / 27,181422,2019-09-08 10:10:48:046,-1.6915,1.3115,10.1244,-0.0174,0.0046,9.8066,0.0291,0.0285,0.0201,-2.69,-26.75,21.81,343.8,-82.08,174.39,10.36,1.0,52.405618499999996,-1.520662
52.405617955555556,-1.520679511111111,143.8,,4,253.31,25 / 27,181521,2019-09-08 10:10:48:145,-1.4061,-0.0821,9.3675,-0.0002,0.0064,9.8066,-0.0713,-0.0415,0.0409,-2.69,-27.37,21.38,344.82,-82.1,175.71,10.354666666666667,1.0,52.405617955555556,-1.520679511111111
52.40561741111111,-1.5206970222222222,143.8,,4,253.31,25 / 27,181621,2019-09-08 10:10:48:245,-1.228,1.369,9.5838,-0.0041,0.0197,9.8066,0.1521,-0.0435,0.0192,-3.19,-26.87,21.94,345.79,-82.15,176.02,10.349333333333332,1.0,52.40561741111111,-1.5206970222222222
52.40561686666667,-1.5207145333333334,143.8,,4,253.31,25 / 27,181721,2019-09-08 10:10:48:345,-2.2769,0.4574,9.6684,-0.0057,-0.0236,9.8066,0.0858,-0.0559,0.0612,-3.12,-27.44,21.06,345.42,-82.14,176.19,10.344,1.0,52.40561686666667,-1.5207145333333334
52.40561632222222,-1.5207320444444443,143.8,,4,253.31,25 / 27,181822,2019-09-08 10:10:48:446,-1.5051,0.9525,9.6957,0.0107,-0.0229,9.8065,-0.1079,-0.0708,-0.0109,-3.25,-27.44,20.88,345.67,-82.15,176.4,10.338666666666667,1.0,52.40561632222222,-1.5207320444444443
52.405615777777776,-1.5207495555555555,143.8,,4,253.31,24 / 26,181922,2019-09-08 10:10:48:546,-0.207,0.3649,9.5246,0.0025,0.0298,9.8065,0.0978,-0.0778,0.0631,-2.87,-27.12,20.88,344.64,-82.0,175.6,10.333333333333332,1.0,52.405615777777776,-1.5207495555555555
52.405615233333336,-1.5207670666666666,143.8,,4,253.31,24 / 26,182021,2019-09-08 10:10:48:645,-1.2121,0.6263,9.4337,-0.0103,0.0201,9.8066,0.1022,-0.0361,-0.0424,-2.5,-27.25,21.25,348.03,-82.14,175.66,10.328,1.0,52.405615233333336,-1.5207670666666666
52.40561468888889,-1.5207845777777778,143.8,,4,253.31,24 / 26,182122,2019-09-08 10:10:48:746,-1.621,0.9314,9.5959,0.0059,0.0092,9.8066,-0.0002,-0.0917,0.0166,-3.19,-27.5,20.94,344.21,-82.1,175.21,10.322666666666667,1.0,52.40561468888889,-1.5207845777777778
52.40561414444444,-1.520802088888889,143.8,,4,253.31,24 / 26,182221,2019-09-08 10:10:48:845,-1.1644,0.8385,9.471,-0.0101,0.0191,9.8066,-0.0098,-0.0355,-0.0487,-2.31,-27.19,21.56,348.18,-82.21,175.42,10.317333333333332,1.0,52.40561414444444,-1.520802088888889
52.4056136,-1.5208196,143.8,,4,253.31,24 / 26,182321,2019-09-08 10:10:48:945,-0.3963,0.0304,9.7051,0.0014,0.0005,9.8066,-0.0516,-0.0395,-0.0212,-2.69,-26.5,20.56,344.93,-82.19,175.67,10.312,1.0,52.4056136,-1.5208196
52.405613055555555,-1.520837111111111,143.8,,4,253.31,24 / 26,182421,2019-09-08 10:10:49:045,-1.5129,0.3972,9.6942,-0.0041,-0.0036,9.8066,0.0256,-0.068,0.0343,-2.81,-27.31,19.69,344.06,-82.22,175.58,10.306666666666667,1.0,52.405613055555555,-1.520837111111111
52.40561251111111,-1.5208546222222221,143.8,,4,253.31,24 / 26,182522,2019-09-08 10:10:49:146,-1.4239,1.8812,9.7007,-0.015,0.0223,9.8066,0.0904,-0.0118,-0.0139,-2.37,-27.12,20.81,348.95,-82.13,176.42,10.301333333333332,1.0,52.40561251111111,-1.5208546222222221
52.40561196666667,-1.5208721333333333,143.8,,4,253.31,24 / 26,182622,2019-09-08 10:10:49:246,-0.4829,-0.6225,10.3068,-0.0028,-0.0053,9.8066,0.0225,-0.1428,0.0996,-2.56,-27.06,20.63,347.09,-82.08,177.58,10.296,1.0,52.40561196666667,-1.5208721333333333
52.40561142222222,-1.5208896444444444,143.8,,4,253.31,24 / 26,182721,2019-09-08 10:10:49:345,-0.9513,1.194,9.8458,-0.0201,0.0141,9.8065,0.0696,-0.0733,-0.0133,-2.87,-26.75,20.31,349.33,-82.14,179.9,10.290666666666667,1.0,52.40561142222222,-1.5208896444444444
52.405610877777775,-1.5209071555555556,143.8,,4,253.31,24 / 26,182821,2019-09-08 10:10:49:445,-1.028,1.0151,10.5236,0.0,0.0027,9.8066,-0.0194,-0.0711,-0.0121,-2.94,-27.69,20.31,349.99,-82.07,-179.48,10.285333333333332,1.0,52.405610877777775,-1.5209071555555556
,,143.8,,4,253.31,26 / 27,182921,2019-09-08 10:10:49:545,-0.8722,0.3199,9.9541,-0.0052,0.0118,9.8066,0.0031,-0.0732,0.0076,-2.62,-27.5,20.19,350.81,-82.18,-178.91,10.28,0.0,52.405610333333335,-1.5209246666666667
,,143.8,,4,253.31,26 / 27,183022,2019-09-08 10:10:49:646,-0.6873,0.2579,10.0857,-0.0014,0.0257,9.8066,0.0947,-0.0419,-0.0133,-2.75,-26.75,20.75,351.3,-82.29,-179.02,10.274666666666667,0.0,52.40560978888889,-1.5209421777777778
,,143.8,,4,253.31,26 / 27,183122,2019-09-08 10:10:49:746,-0.6516,0.8977,10.4229,0.0087,-0.0236,9.8065,-0.0065,-0.0947,-0.0084,-2.44,-27.25,19.69,354.24,-82.23,-178.95,10.269333333333332,0.0,52.40560924444444,-1.5209596888888888
,,143.8,,4,253.31,26 / 27,183221,2019-09-08 10:10:49:845,-1.7689,0.1246,9.4945,0.0036,-0.0208,9.8066,-0.0958,-0.0697,0.0241,-2.31,-27.75,19.44,353.35,-82.02,-179.23,10.264,0.0,52.4056087,-1.5209772
,,143.8,,4,253.31,26 / 27,183321,2019-09-08 10:10:49:945,-1.0568,-0.0395,9.8899,-0.0014,-0.0065,9.8066,-0.0291,0.0217,-0.0105,-2.87,-28.0,20.0,350.35,-82.05,-179.19,10.258666666666667,0.0,52.405608155555555,-1.520994711111111
,,143.8,,4,253.31,26 / 27,183422,2019-09-08 10:10:50:046,-1.6553,1.4895,9.8575,0.0012,-0.0124,9.8065,-0.1008,-0.073,0.0645,-3.06,-27.56,19.56,350.36,-82.1,-179.19,10.253333333333332,0.0,52.40560761111111,-1.5210122222222222
,,143.8,,4,253.31,26 / 27,183522,2019-09-08 10:10:50:146,-0.6375,0.6584,9.8758,-0.0036,-0.0196,9.8066,0.0105,-0.0102,-0.0238,-2.69,-27.56,20.5,351.28,-82.24,-178.96,10.248,0.0,52.40560706666667,-1.5210297333333334
,,143.8,,4,253.31,26 / 27,183621,2019-09-08 10:10:50:245,-1.2644,1.7608,10.29,-0.0013,-0.0248,9.8066,-0.0221,-0.0699,0.0422,-2.69,-27.81,20.25,350.81,-81.99,-178.8,10.242666666666667,0.0,52.40560652222222,-1.5210472444444445
,,143.8,,4,253.31,26 / 27,183721,2019-09-08 10:10:50:345,-0.8399,0.7635,10.0449,-0.0034,-0.0034,9.8066,0.0098,-0.0923,0.0135,-2.81,-27.69,20.13,352.29,-81.88,-177.6,10.237333333333332,0.0,52.405605977777775,-1.5210647555555554
,,143.8,,4,253.31,26 / 27,183821,2019-09-08 10:10:50:445,-0.7116,0.4641,9.8394,-0.0028,0.0057,9.8065,0.0515,-0.1456,0.0249,-1.81,-27.06,20.13,356.34,-81.82,-177.21,10.232,0.0,52.405605433333335,-1.5210822666666666
,,143.8,,4,253.31,26 / 27,183922,2019-09-08 10:10:50:546,-3.2805,0.7942,9.9726,0.0053,-0.0163,9.8066,-0.1452,-0.0461,0.0435,-2.62,-27.12,20.0,353.48,-81.78,-176.68,10.226666666666667,0.0,52.40560488888889,-1.5210997777777777
,,143.8,,4,253.31,26 / 27,184021,2019-09-08 10:10:50:645,-0.3894,0.6808,9.45,-0.0124,0.0212,9.8066,0.0663,0.0123,-0.0036,-1.62,-26.69,19.88,356.98,-81.95,-176.71,10.221333333333332,0.0,52.40560434444444,-1.5211172888888889
,,143.8,,4,253.31,26 / 27,184122,2019-09-08 10:10:50:746,0.3422,1.8295,10.5077,0.0097,-0.0027,9.8066,-0.0446,-0.1236,0.0532,-2.0,-27.37,19.38,356.47,-81.83,-176.78,10.216,0.0,52.4056038,-1.5211348
,,143.8,,4,253.31,26 / 27,184221,2019-09-08 10:10:50:845,-0.4433,1.1164,10.0713,-0.0073,0.0052,9.8066,0.0001,-0.0334,-0.0762,-1.75,-27.81,19.13,356.56,-81.83,-176.68,10.210666666666667,0.0,52.405603255555555,-1.5211523111111112
,,143.8,,4,253.31,26 / 27,184322,2019-09-08 10:10:50:946,-0.8423,0.0973,9.3753,-0.0067,-0.003,9.8066,-0.0463,-0.0915,-0.0204,-1.81,-27.0,19.25,356.03,-81.82,-177.12,10.205333333333332,0.0,52.40560271111111,-1.521169822222222
,,143.8,,4,253.31,26 / 27,184421,2019-09-08 10:10:51:045,-2.0423,1.7183,10.0082,-0.0006,0.002,9.8066,-0.0188,-0.022,0.0282,-2.19,-27.44,18.69,356.59,-81.8,-176.68,10.2,0.0,52.40560216666667,-1.5211873333333332
,,143.8,,4,253.31,26 / 27,184521,2019-09-08 10:10:51:145,-0.8086,-0.2453,9.8884,0.0037,-0.0357,9.8066,-0.0581,-0.063,0.0226,-1.87,-27.75,19.0,356.58,-81.62,-176.64,10.194666666666667,0.0,52.40560162222222,-1.5212048444444444
,,143.8,,4,253.31,26 / 27,184621,2019-09-08 10:10:51:245,-1.4885,0.5291,9.9475,-0.0022,-0.0077,9.8065,0.0217,-0.0885,0.0467,-1.75,-27.69,19.81,357.52,-81.59,-176.24,10.189333333333332,0.0,52.40560107777778,-1.5212223555555555
,,143.8,,4,253.31,26 / 27,184721,2019-09-08 10:10:51:345,-0.2926,0.7463,10.3394,0.005,0.0015,9.8066,0.0146,-0.0235,-0.0202,-1.87,-28.19,19.06,357.39,-81.59,-176.02,10.184,0.0,52.405600533333335,-1.5212398666666667
,,143.8,,4,253.31,26 / 27,184821,2019-09-08 10:10:51:445,-0.4337,0.5719,9.6449,-0.0058,0.0059,9.8066,0.0063,-0.038,0.0149,-1.62,-27.37,19.31,357.4,-81.52,-176.02,10.178666666666667,0.0,52.40559998888889,-1.5212573777777778
,,143.8,,4,253.31,25 / 28,184921,2019-09-08 10:10:51:545,-0.6965,0.8657,10.4068,-0.004,-0.0033,9.8066,-0.0094,-0.0228,-0.0173,-2.19,-27.56,18.75,358.06,-81.57,-175.49,10.173333333333332,0.0,52.40559944444445,-1.521274888888889
,,143.8,,4,253.31,25 / 28,185021,2019-09-08 10:10:51:645,-1.0438,1.5723,9.1587,-0.0007,0.0127,9.8066,0.0111,-0.0342,-0.0158,-1.5,-27.5,18.56,2.29,-81.61,-175.2,10.168,0.0,52.4055989,-1.5212923999999999
,,143.8,,4,253.31,25 / 28,185122,2019-09-08 10:10:51:746,-1.5011,1.082,9.3761,-0.0044,-0.0039,9.8066,-0.0337,-0.0627,0.0515,-1.56,-27.56,18.69,358.86,-81.53,-174.87,10.162666666666667,0.0,52.405598355555554,-1.521309911111111
,,143.8,,4,253.31,25 / 28,185221,2019-09-08 10:10:51:845,-0.4335,0.3926,9.8092,-0.0019,0.0093,9.8066,0.0585,-0.0278,-0.0236,-1.06,-27.37,19.13,2.91,-81.59,-174.71,10.157333333333332,0.0,52.405597811111114,-1.5213274222222222
,,143.8,,4,253.31,25 / 28,185321,2019-09-08 10:10:51:945,-0.5739,0.9895,10.7416,-0.006,-0.0086,9.8066,-0.0294,-0.0289,-0.0247,-1.25,-26.69,18.63,2.64,-81.57,-174.93,10.152,0.0,52.40559726666667,-1.5213449333333333
,,143.8,,4,253.31,25 / 28,185421,2019-09-08 10:10:52:045,-1.1727,0.4552,9.7729,-0.0056,-0.0024,9.8066,0.0038,-0.0746,0.0008,-0.81,-27.12,17.69,3.31,-81.42,-174.28,10.146666666666667,0.0,52.40559672222222,-1.5213624444444445
,,143.8,,4,253.31,25 / 28,185521,2019-09-08 10:10:52:145,0.2031,0.0466,9.3115,0.0072,-0.0117,9.8066,-0.0802,-0.0956,0.0105,-1.25,-27.0,18.44,3.69,-81.37,-174.0,10.141333333333332,0.0,52.40559617777778,-1.5213799555555556
,,143.8,,4,253.31,25 / 28,185621,2019-09-08 10:10:52:245,-0.3675,1.0369,10.0694,0.0034,0.0115,9.8066,-0.0002,-0.0634,0.036,-0.87,-26.94,17.44,3.5,-81.51,-173.99,10.136,0.0,52.405595633333334,-1.5213974666666665
,,143.8,,4,253.31,25 / 28,185721,2019-09-08 10:10:52:345,-0.3759,1.7984,10.225,-0.0004,0.0107,9.8066,0.0755,0.0192,-0.0197,-1.12,-27.37,17.81,4.32,-81.67,-173.48,10.130666666666666,0.0,52.40559508888889,-1.5214149777777777
,,143.8,,4,253.31,25 / 28,185821,2019-09-08 10:10:52:445,-1.1512,0.6085,9.4774,-0.0089,-0.0002,9.8066,0.0814,-0.0177,0.0439,-1.12,-26.19,18.19,4.35,-81.61,-173.43,10.125333333333332,0.0,52.40559454444445,-1.5214324888888888
,,142.98,10.12,4,278.75,24 / 27,185922,2019-09-08 10:10:52:546,0.209,1.2199,9.8682,0.0042,-0.0069999999999999,9.8066,0.0232,-0.1049,0.0563,-1.69,-26.69,17.38,0.1,-81.6,-173.21,10.12,0.0,52.405594,-1.52145
,,142.98,,4,278.75,24 / 27,186021,2019-09-08 10:10:52:645,-1.3202,2.1172,9.7843,-0.0037,0.0027,9.8066,-0.0183,-0.0815,0.069,-1.31,-25.81,17.69,5.44,-81.52,-172.6,10.018777777777776,0.0,52.4055951,-1.5214587666666666
,,142.98,,4,278.75,24 / 27,186122,2019-09-08 10:10:52:746,-0.5493,0.1878,9.4786,0.0113,-0.023,9.8066,-0.0732,-0.0984,-0.0222,-1.25,-26.81,17.31,5.79,-81.41,-172.28,9.917555555555555,0.0,52.4055962,-1.5214675333333334
,,142.98,,4,278.75,24 / 27,186221,2019-09-08 10:10:52:845,-0.5518,1.0145,10.045,-0.0108,-0.0381,9.8065,-0.1014,-0.0002,-0.0833,-1.75,-26.94,18.38,2.42,-81.31,-171.81,9.816333333333333,0.0,52.405597300000004,-1.5214763
,,142.98,,4,278.75,24 / 27,186322,2019-09-08 10:10:52:946,0.2326,1.0032,9.4176,-0.0036,0.0167,9.8066,0.076,-0.019,-0.0139999999999999,-1.69,-26.81,17.75,2.12,-81.32,-172.04,9.71511111111111,0.0,52.4055984,-1.5214850666666666
,,142.98,,4,278.75,24 / 27,186421,2019-09-08 10:10:53:045,0.1419,0.3304,9.8313,-0.0076,0.0217,9.8065,0.0508,0.0044,-0.0357,-1.19,-26.44,17.75,6.0,-81.3,-172.19,9.613888888888889,0.0,52.4055995,-1.5214938333333332
,,142.98,,4,278.75,24 / 27,186521,2019-09-08 10:10:53:145,-1.3146,1.7694,10.1315,-0.0092,0.001,9.8066,-0.03,0.074,-0.0624,-1.37,-27.0,17.38,6.08,-81.46,-172.05,9.512666666666666,0.0,52.4056006,-1.5215026
,,142.98,,4,278.75,24 / 27,186621,2019-09-08 10:10:53:245,0.0283,1.4591,9.5137,-0.0019,0.02,9.8066,0.0608,-0.0307,-0.0145,-1.31,-27.12,18.0,6.81,-81.48,-171.59,9.411444444444443,0.0,52.4056017,-1.5215113666666666
,,142.98,,4,278.75,24 / 27,186722,2019-09-08 10:10:53:346,-0.1381,1.0618,8.9991,-0.0068,-0.0014,9.8066,-0.0224,0.0134,-0.0368,-1.06,-27.19,17.31,6.43,-81.41,-171.79,9.310222222222222,0.0,52.405602800000004,-1.5215201333333332
,,142.98,,4,278.75,24 / 27,186821,2019-09-08 10:10:53:445,-0.0662,-0.2141,9.6026,-0.0069,0.0182,9.8066,0.023,-0.0436,0.0179,-1.62,-27.0,17.44,2.62,-81.46,-171.31,9.209,0.0,52.4056039,-1.5215289
,,142.98,,4,278.75,25 / 28,186922,2019-09-08 10:10:53:546,-0.6883,1.0141,9.484,-0.0018,0.0238,9.8066,0.0113,-0.0108,0.0054,-1.69,-26.87,17.06,3.3,-81.47,-170.8,9.107777777777777,0.0,52.405605,-1.5215376666666667
,,142.98,,4,278.75,25 / 28,187021,2019-09-08 10:10:53:645,-0.2528,1.2512,9.7231,-0.0004,0.0293,9.8066,0.0756,-0.0272,0.0617,-1.81,-26.69,17.25,3.44,-81.65,-170.68,9.006555555555554,0.0,52.4056061,-1.5215464333333333
,,142.98,,4,278.75,25 / 28,187122,2019-09-08 10:10:53:746,0.0828,0.1658,9.7526,-0.0063,-0.0153,9.8065,0.0086,-0.0357,0.0242,-1.44,-26.5,16.25,8.17,-81.56,-170.28,8.905333333333333,0.0,52.4056072,-1.5215551999999999
,,142.98,,4,278.75,25 / 28,187221,2019-09-08 10:10:53:845,-0.688,1.0405,9.4366,-0.0087,0.0024,9.8065,0.0228,-0.0632,-0.0148,-2.44,-27.62,16.81,5.18,-81.42,-169.43,8.80411111111111,0.0,52.4056083,-1.5215639666666667
,,142.98,,4,278.75,25 / 28,187322,2019-09-08 10:10:53:946,-0.0953,0.6825,9.6194,-0.0041,-0.0065,9.8066,-0.0461,-0.0653,0.0131,-1.12,-27.62,17.13,10.02,-81.37,-169.19,8.702888888888888,0.0,52.4056094,-1.5215727333333333
,,142.98,,4,278.75,25 / 28,187422,2019-09-08 10:10:54:046,-0.4865,0.6856,9.8633,-0.0089,0.0122,9.8066,0.0069999999999999,-0.0267,0.0012,-2.69,-27.81,16.88,2.18,-81.49,-168.36,8.601666666666667,0.0,52.4056105,-1.5215815
,,142.98,,4,278.75,25 / 28,187521,2019-09-08 10:10:54:145,-0.1559,0.685,9.8316,0.0042,0.0027,9.8066,-0.0637,-0.059,0.0231,-1.56,-27.37,16.44,6.49,-81.63,-168.03,8.500444444444444,0.0,52.4056116,-1.5215902666666665
,,142.98,,4,278.75,25 / 28,187621,2019-09-08 10:10:54:245,-0.7654,0.9585,9.8253,0.0002,-0.0003,9.8066,-0.051,-0.0275,-0.0216,-2.06,-26.94,16.5,6.78,-81.66,-168.13,8.399222222222221,0.0,52.4056127,-1.5215990333333334
,,142.98,,4,278.75,25 / 28,187721,2019-09-08 10:10:54:345,0.1724,0.9018,10.4969,0.0039,-0.0285,9.8065,-0.0497,-0.0413,0.0113,-2.12,-27.69,15.75,5.67,-81.7,-168.68,8.298,0.0,52.4056138,-1.5216078
,,142.98,,4,278.75,23 / 26,187821,2019-09-08 10:10:54:445,-0.9583,0.3708,9.7688,-0.0007,-0.0487,9.8065,-0.0976,-0.0551,0.0448,-2.0,-27.31,16.69,5.93,-81.44,-168.81,8.196777777777777,0.0,52.4056149,-1.5216165666666666
,,142.98,,4,278.75,23 / 26,187921,2019-09-08 10:10:54:545,-0.5115,1.146,9.5611,0.0024,0.0227,9.8066,0.1166,-0.0711,0.0226,-2.44,-28.19,17.56,7.0,-81.49,-168.33,8.095555555555555,0.0,52.405616,-1.5216253333333334
,,142.98,,4,278.75,23 / 26,188021,2019-09-08 10:10:54:645,0.1459,-0.1288,10.1278,-0.0018,0.006,9.8066,0.0911,-0.0002,-0.0477,-2.44,-27.81,17.31,6.3,-81.58,-168.57,7.994333333333333,0.0,52.4056171,-1.5216341
,,142.98,,4,278.75,23 / 26,188122,2019-09-08 10:10:54:746,0.1563,0.9587,10.3417,0.003,-0.0064,9.8066,-0.0415,-0.0261,0.0305,-2.62,-27.81,16.75,1.02,-81.67,-169.22,7.893111111111111,0.0,52.4056182,-1.5216428666666666
,,142.98,,4,278.75,23 / 26,188222,2019-09-08 10:10:54:846,-0.0298,0.8305,9.4479,0.0009,-0.0014,9.8066,-0.0773,-0.1021,0.035,-2.12,-27.12,16.38,5.29,-81.64,-168.93,7.791888888888888,0.0,52.4056193,-1.5216516333333332
,,142.98,,4,278.75,23 / 26,188322,2019-09-08 10:10:54:946,-0.186,0.1412,9.8118,0.0094,-0.0087,9.8066,-0.0069999999999999,-0.07,0.0398,-2.87,-28.0,16.25,0.1,-81.72,-169.31,7.690666666666666,0.0,52.405620400000004,-1.5216604
,,142.98,,4,278.75,23 / 26,188422,2019-09-08 10:10:55:046,-0.527,0.8556,9.9257,-0.0127,0.0025,9.8066,-0.0094,-0.0175,0.0529,-2.19,-28.31,15.69,6.19,-81.86,-168.27,7.589444444444444,0.0,52.4056215,-1.5216691666666666
,,142.98,,4,278.75,23 / 26,188522,2019-09-08 10:10:55:146,1.5763,1.2739,8.8877,-0.0053,0.0409999999999999,9.8066,0.0008,-0.0691,0.0838,-2.44,-28.5,16.13,7.8,-81.97,-167.04,7.4882222222222214,0.0,52.4056226,-1.5216779333333332
,,142.98,,4,278.75,23 / 26,188622,2019-09-08 10:10:55:246,-0.6573,-0.2901,10.107,-0.0187,0.0102,9.8066,-0.0325,0.0316,0.0064,-2.56,-27.75,15.75,6.68,-82.1,-164.34,7.387,0.0,52.4056237,-1.5216867
,,142.98,,4,278.75,23 / 26,188722,2019-09-08 10:10:55:346,0.0725,1.0044,9.8706,-0.0067,-0.0199,9.8066,0.0718,-0.0521,0.0697,-3.19,-28.06,15.94,7.07,-82.12,-164.04,7.285777777777778,0.0,52.4056248,-1.5216954666666667
,,142.98,,4,278.75,23 / 26,188822,2019-09-08 10:10:55:446,0.2648,0.9506,9.2145,0.0153,0.0028,9.8066,-0.0803,-0.0551,-0.0085,-2.31,-28.12,15.88,11.38,-81.88,-164.38,7.184555555555555,0.0,52.4056259,-1.5217042333333333
,,142.98,,4,278.75,23 / 26,188921,2019-09-08 10:10:55:545,-2.3335,-0.6786,8.8758,-0.0404,0.0038,9.8065,-0.0537,-0.1634,0.0013,-3.31,-27.75,16.19,9.58,-81.63,-162.29,7.083333333333333,0.0,52.405627,-1.5217129999999999
,,142.98,,4,278.75,23 / 26,189022,2019-09-08 10:10:55:646,-2.4419999999999997,0.9263,9.5799,-0.0251,-0.0213,9.8065,-0.0483,0.0676,-0.0564,-2.87,-28.62,16.06,10.79,-81.68,-161.46,6.98211111111111,0.0,52.4056281,-1.5217217666666667
,,142.98,,4,278.75,23 / 26,189121,2019-09-08 10:10:55:745,2.1353,0.828,9.9626,0.0326,-0.0056,9.8065,0.0814,-0.0016,-0.0772,-2.5,-28.25,15.75,16.02,-82.02,-160.82,6.880888888888888,0.0,52.4056292,-1.5217305333333333
,,142.98,,4,278.75,23 / 26,189222,2019-09-08 10:10:55:846,-0.2284,0.2713,9.6787,0.0099,0.0049,9.8066,0.0197,-0.301,0.0967,-2.94,-28.06,15.69,9.31,-82.19,-162.32,6.7796666666666665,0.0,52.4056303,-1.5217393
,,142.98,,4,278.75,23 / 26,189322,2019-09-08 10:10:55:946,1.1865,0.5052,10.4083,-0.0122,-0.0302,9.8065,0.1503,-0.0654,-0.1571,-2.62,-27.62,15.13,7.41,-82.17,-163.19,6.678444444444444,0.0,52.4056314,-1.5217480666666665
,,142.98,,4,278.75,23 / 26,189421,2019-09-08 10:10:56:045,-1.5447,0.2909,9.5266,-0.0102,-0.0253,9.8065,-0.0257,0.0257,-0.0978,-2.56,-27.62,16.25,10.84,-81.96,-161.24,6.577222222222222,0.0,52.4056325,-1.5217568333333333
,,142.98,,4,278.75,23 / 26,189521,2019-09-08 10:10:56:145,0.8421,1.2328,8.8466,0.0231,0.0265,9.8065,-0.1589,0.0186,-0.1333,-2.75,-27.44,15.88,10.2,-82.02,-161.61,6.475999999999999,0.0,52.4056336,-1.5217656
,,142.98,,4,278.75,23 / 26,189621,2019-09-08 10:10:56:245,-0.2838,1.5528,9.6949,0.0115,0.0128,9.8065,0.1297,-0.0404,0.0001,-1.62,-26.62,15.94,14.03,-81.99,-162.22,6.374777777777777,0.0,52.4056347,-1.5217743666666665
,,142.98,,4,278.75,23 / 26,189721,2019-09-08 10:10:56:345,-0.0558,1.2154,9.6975,0.0005,-0.0167,9.8066,0.0999,0.0168,-0.0304,-2.12,-27.37,15.19,13.69,-81.96,-162.24,6.273555555555555,0.0,52.4056358,-1.5217831333333334
,,142.98,,4,278.75,24 / 26,189822,2019-09-08 10:10:56:446,-1.4603,0.1169,10.1066,-0.0066,-0.0147,9.8066,-0.0016,-0.0299,0.001,-2.5,-27.94,14.69,14.75,-81.84,-161.64,6.172333333333333,0.0,52.4056369,-1.5217919
,,142.98,,4,278.75,24 / 26,189922,2019-09-08 10:10:56:546,-0.7753,0.4354,9.4679,0.008,-0.0043,9.8066,0.0017,-0.016,-0.0416,-2.25,-27.94,15.06,14.95,-81.88,-161.47,6.071111111111111,0.0,52.405638,-1.5218006666666666
,,142.98,,4,278.75,24 / 26,190021,2019-09-08 10:10:56:645,-0.0639,1.5141,9.884,0.0091,0.0032,9.8066,0.0078,-0.0301,-0.0394,-2.87,-28.94,14.25,8.23,-82.05,-162.05,5.969888888888889,0.0,52.4056391,-1.5218094333333332
,,142.98,,4,278.75,24 / 26,190121,2019-09-08 10:10:56:745,0.3772,1.2655,9.9333,-0.0033,-0.0019,9.8066,0.0261,-0.0214,-0.0144,-2.31,-27.5,14.38,13.3,-82.18,-162.12,5.868666666666666,0.0,52.4056402,-1.5218182
,,142.98,,4,278.75,24 / 26,190221,2019-09-08 10:10:56:845,-0.3615,1.6481,9.557,-0.0063,-0.0011,9.8066,0.0134,0.018,-0.025,-2.62,-27.75,14.94,9.67,-82.14,-161.52,5.767444444444444,0.0,52.4056413,-1.5218269666666666
,,142.98,,4,278.75,24 / 26,190321,2019-09-08 10:10:56:945,-0.317,1.0244,10.093,-0.0002,-0.0035,9.8066,0.0038,-0.0041,-0.0197,-3.69,-28.37,15.19,5.46,-82.12,-161.01,5.666222222222222,0.0,52.4056424,-1.5218357333333332
,,142.98,,4,278.75,24 / 26,190421,2019-09-08 10:10:57:045,0.011,1.0439,9.1524,0.0042,0.0088,9.8065,0.0769,-0.016,0.0023,-3.19,-28.06,14.81,10.29,-82.16,-161.05,5.5649999999999995,0.0,52.4056435,-1.5218445
,,142.98,,4,278.75,24 / 26,190522,2019-09-08 10:10:57:146,-0.1239,1.4512,10.1723,0.0103,-0.0142,9.8066,0.0714,-0.0077,0.0109,-3.81,-28.19,15.06,4.96,-82.22,-161.36,5.463777777777778,0.0,52.4056446,-1.5218532666666666
,,142.98,,4,278.75,24 / 26,190622,2019-09-08 10:10:57:246,0.3821,1.3767,9.7695,0.0107,-0.0229,9.8065,-0.0393,0.005,0.0252,-3.06,-28.12,15.19,8.96,-82.31,-162.0,5.362555555555555,0.0,52.4056457,-1.5218620333333333
,,142.98,,4,278.75,24 / 26,190722,2019-09-08 10:10:57:346,0.15,1.4683,9.6426,-0.0028,0.0176,9.8066,0.0102,-0.0092,0.0293,-2.69,-28.12,15.25,10.07,-82.36,-161.15,5.261333333333333,0.0,52.4056468,-1.5218707999999999
,,142.98,,4,278.75,24 / 26,190821,2019-09-08 10:10:57:445,-0.0248,1.5871,9.8258,-0.0092,0.0019,9.8065,-0.0032,-0.0047,0.0246,-3.0,-28.12,15.5,11.82,-82.44,-160.32,5.160111111111111,0.0,52.4056479,-1.5218795666666667
,,142.98,,4,278.75,25 / 26,190921,2019-09-08 10:10:57:545,0.2324,1.1137,9.6452,0.0001,0.0115,9.8066,-0.0122,0.0119,-0.0109,-3.0,-28.44,15.56,11.76,-82.39,-160.39,5.058888888888888,0.0,52.405649,-1.5218883333333333
,,142.98,,4,278.75,25 / 26,191022,2019-09-08 10:10:57:646,-0.5208,1.7503,10.0949,0.0013,0.0056,9.8066,-0.0131,0.0506,-0.0721,-2.94,-28.19,15.81,11.88,-82.47,-160.26,4.957666666666666,0.0,52.4056501,-1.5218971
,,142.98,,4,278.75,25 / 26,191122,2019-09-08 10:10:57:746,0.2041,0.8892,9.5111,0.0089,-0.0037,9.8066,0.0336,0.0272,-0.0279999999999999,-3.37,-27.37,15.75,10.77,-82.56,-161.0,4.856444444444444,0.0,52.4056512,-1.5219058666666665
,,142.98,,4,278.75,25 / 26,191221,2019-09-08 10:10:57:845,-0.2528,1.496,10.0638,-0.0029,-0.0132,9.8066,-0.0032,0.0335,-0.0101,-3.44,-27.87,15.0,10.61,-82.62,-160.65,4.755222222222222,0.0,52.4056523,-1.5219146333333333
,,142.98,,4,278.75,25 / 26,191321,2019-09-08 10:10:57:945,0.4412,1.4303,9.4763,0.0018,0.0094,9.8066,-0.0038,-0.0141,0.0052,-2.87,-27.69,14.94,10.67,-82.67,-160.58,4.654,0.0,52.4056534,-1.5219234
,,142.98,,4,278.75,25 / 26,191422,2019-09-08 10:10:58:046,-0.0751,1.3097,9.706,-0.0072,-0.0003,9.8066,-0.0283,0.0085,0.0124,-3.06,-27.19,15.13,10.88,-82.67,-160.33,4.552777777777777,0.0,52.4056545,-1.5219321666666665
,,142.98,,4,278.75,25 / 26,191522,2019-09-08 10:10:58:146,-0.0301,1.5413,9.9521,0.0033,0.0061,9.8066,0.004,0.0191,-0.0305,-4.19,-29.0,15.38,7.03,-82.64,-159.78,4.451555555555555,0.0,52.4056556,-1.5219409333333334
,,142.98,,4,278.75,25 / 26,191622,2019-09-08 10:10:58:246,-0.4518,1.0527,9.9793,0.0001,-0.0029,9.8065,0.0223,0.0003,0.006,-3.69,-28.44,15.06,6.89,-82.7,-159.81,4.350333333333333,0.0,52.4056567,-1.5219497
,,142.98,,4,278.75,25 / 26,191721,2019-09-08 10:10:58:345,0.3379999999999999,1.1273,9.9313,0.002,-0.0004,9.8066,0.0272,0.0085,-0.0168,-2.56,-27.94,15.38,11.43,-82.75,-159.97,4.249111111111111,0.0,52.4056578,-1.5219584666666666
,,142.98,,4,278.75,23 / 25,191821,2019-09-08 10:10:58:445,-0.1774,1.3906,9.988,-0.0011,0.0056,9.8066,0.0052,-0.0006,-0.0105,-3.06,-28.0,15.56,12.23,-82.8,-159.86,4.147888888888889,0.0,52.4056589,-1.5219672333333332
,,142.98,,4,278.75,23 / 25,191922,2019-09-08 10:10:58:546,-0.204,1.3524,10.0299,0.0073,0.0014,9.8066,0.0113,0.0064,-0.0138,-3.5,-29.19,15.0,11.6,-82.88,-159.89,4.046666666666667,0.0,52.40566,-1.521976
,,142.98,,4,278.75,23 / 25,192021,2019-09-08 10:10:58:645,0.1826,1.1893,9.5497,-0.0013,-0.0045,9.8066,-0.0074,-0.0135,-0.0013,-2.81,-28.31,15.5,11.62,-82.89,-160.31,3.945444444444444,0.0,52.4056611,-1.5219847666666666
,,142.98,,4,278.75,23 / 25,192121,2019-09-08 10:10:58:745,-0.2327,1.5166,9.6662,-0.0053,0.0064,9.8066,-0.0104,-0.0295,0.0107,-2.25,-28.31,15.5,16.71,-82.91,-159.82,3.844222222222222,0.0,52.4056622,-1.5219935333333332
,,142.98,,4,278.75,23 / 25,192221,2019-09-08 10:10:58:845,0.1633,0.8391,9.9715,0.0026,-0.0004,9.8066,0.0019,-0.0044,0.0027,-2.75,-28.12,15.5,12.0,-82.9,-160.0,3.743,0.0,52.4056633,-1.5220023
,,142.98,,4,278.75,23 / 25,192321,2019-09-08 10:10:58:945,-0.0603,1.5063,9.9478,0.0032,0.0048,9.8066,0.0026,-0.0087,0.0132,-3.12,-28.81,16.06,12.21,-82.95,-159.91,3.6417777777777776,0.0,52.4056644,-1.5220110666666666
,,142.98,,4,278.75,23 / 25,192421,2019-09-08 10:10:59:045,-0.1236,1.273,10.1201,-0.0019,0.0088,9.8066,-0.0065,-0.0046,0.0031,-3.0,-28.69,15.44,11.35,-83.03,-160.02,3.5405555555555552,0.0,52.4056655,-1.5220198333333332
,,142.98,,4,278.75,23 / 25,192521,2019-09-08 10:10:59:145,-0.0106,0.9227,9.7653,0.0054,0.0034,9.8066,-0.0154,-0.0114,-0.0044,-3.25,-28.19,15.38,11.74,-83.05,-159.62,3.439333333333333,0.0,52.405666599999996,-1.5220285999999998
,,142.98,,4,278.75,23 / 25,192622,2019-09-08 10:10:59:246,-0.0861,1.0112,9.6742,0.002,0.0094,9.8066,-0.0233,0.0001,-0.0148,-2.87,-28.44,15.0,10.91,-83.15,-160.22,3.338111111111111,0.0,52.4056677,-1.5220373666666667
,,142.98,,4,278.75,23 / 25,192722,2019-09-08 10:10:59:346,0.4023,1.3431,9.8756,0.0034,0.0011,9.8066,-0.0204,0.0121,-0.0306,-2.31,-27.94,16.13,15.8,-83.23,-160.37,3.2368888888888887,0.0,52.4056688,-1.5220461333333333
,,142.98,,4,278.75,23 / 25,192822,2019-09-08 10:10:59:446,-0.0781,1.6094,10.0213,-0.0045,0.0081,9.8066,-0.0269,-0.024,-0.0028,-3.06,-28.06,15.63,12.0,-83.28,-159.86,3.1356666666666664,0.0,52.4056699,-1.5220548999999999
,,142.98,,4,278.75,23 / 26,192922,2019-09-08 10:10:59:546,-0.4913,1.1004,9.9263,0.0018,0.0053,9.8066,0.0039,0.0273,-0.0443,-2.87,-27.94,15.75,11.79,-83.25,-160.04,3.0344444444444445,0.0,52.405671,-1.5220636666666665
,,142.98,,4,278.75,23 / 26,193021,2019-09-08 10:10:59:645,-0.0531,0.861,9.8264,-0.0011,0.0021,9.8066,-0.0095,-0.0175,0.0059,-2.62,-27.94,15.56,11.29,-83.29,-160.42,2.933222222222222,0.0,52.4056721,-1.5220724333333333
,,142.98,,4,278.75,23 / 26,193122,2019-09-08 10:10:59:746,0.0213,1.2394,9.7735,0.004,0.0034,9.8066,0.0091,-0.0102,-0.0211,-2.69,-28.81,15.81,11.45,-83.34,-160.35,2.832,0.0,52.4056732,-1.5220812
,,142.98,,4,278.75,23 / 26,193222,2019-09-08 10:10:59:846,0.0535,0.8275,10.0127,-0.0002,0.0034,9.8066,0.0018,-0.0005,-0.0165,-2.31,-28.37,15.69,15.55,-83.38,-160.5,2.7307777777777775,0.0,52.4056743,-1.5220899666666665
,,142.98,,4,278.75,23 / 26,193321,2019-09-08 10:10:59:945,-0.061,0.9002,9.8988,-0.0023,0.0049,9.8066,0.0115,-0.025,-0.0121,-2.31,-28.0,15.5,15.93,-83.43,-160.17,2.629555555555555,0.0,52.4056754,-1.5220987333333333
,,142.98,,4,278.75,23 / 26,193422,2019-09-08 10:11:00:046,0.1865,0.9588,9.7209,-0.0021,0.0024,9.8066,-0.0273,-0.0113,0.0046,-2.31,-27.94,15.94,15.97,-83.48,-160.12,2.5283333333333333,0.0,52.4056765,-1.5221075
,,142.98,,4,278.75,23 / 26,193521,2019-09-08 10:11:00:145,-0.0165,0.7747,9.5958,-0.003,0.0075,9.8066,-0.0105,0.0036,0.0128,-2.5,-27.87,15.69,16.74,-83.57,-159.45,2.427111111111111,0.0,52.4056776,-1.5221162666666666
,,142.98,,4,278.75,23 / 26,193621,2019-09-08 10:11:00:245,0.2863,1.0945,10.1983,0.003,0.0081,9.8066,0.0348,-0.0279999999999999,0.0039,-2.69,-28.31,15.94,12.44,-83.67,-159.36,2.3258888888888887,0.0,52.4056787,-1.5221250333333332
,,142.98,,4,278.75,23 / 26,193721,2019-09-08 10:11:00:345,-0.1649,0.9485,9.93,0.0022,0.0092,9.8066,0.0455,-0.0119,0.0119,-2.62,-27.87,15.69,12.39,-83.7,-159.38,2.224666666666667,0.0,52.4056798,-1.5221338
,,142.98,,4,278.75,23 / 26,193822,2019-09-08 10:11:00:446,-0.0907,0.3692,9.4498,-0.0033,0.0037,9.8066,-0.0296,0.0126,-0.0065,-2.81,-27.87,15.88,12.54,-83.68,-159.27,2.1234444444444445,0.0,52.4056809,-1.5221425666666666
,,142.98,,4,278.75,24 / 27,193922,2019-09-08 10:11:00:546,0.159,1.212,10.1078,0.0022,0.0125,9.8066,-0.0473,-0.004,0.0059,-2.19,-27.69,15.63,16.94,-83.82,-159.15,2.022222222222222,0.0,52.405682,-1.5221513333333332
,,142.98,,4,278.75,24 / 27,194021,2019-09-08 10:11:00:645,-0.1586,0.8486,10.1534,-0.0007,0.0072,9.8066,-0.0216,0.0194,0.0062,-2.19,-28.25,15.13,16.82,-83.86,-158.96,1.9209999999999998,0.0,52.4056831,-1.5221601
,,142.98,,4,278.75,24 / 27,194121,2019-09-08 10:11:00:745,0.0879,0.8401,9.8961,0.0022,0.0028,9.8066,-0.0197,0.006,0.0135,-2.19,-27.69,15.56,17.18,-83.92,-158.9,1.8197777777777777,0.0,52.405684199999996,-1.5221688666666666
,,142.98,,4,278.75,24 / 27,194222,2019-09-08 10:11:00:846,0.1237,0.6699,9.7293,-0.0003,0.0044,9.8066,-0.0005,0.0066,0.004,-2.12,-27.87,15.31,16.71,-83.99,-158.98,1.7185555555555556,0.0,52.4056853,-1.5221776333333332
,,142.98,,4,278.75,24 / 27,194322,2019-09-08 10:11:00:946,-0.0474,0.4987,9.8333,0.0012,0.0021,9.8066,-0.0011,0.0039,-0.0001,-1.62,-27.19,14.63,16.72,-83.99,-158.85,1.6173333333333333,0.0,52.4056864,-1.5221863999999998
,,142.98,,4,278.75,24 / 27,194422,2019-09-08 10:11:01:046,-0.15,0.3572,9.9436,-0.001,0.0052,9.8066,-0.0101,0.0061,0.0134,-1.87,-27.81,15.13,16.94,-84.05,-158.76,1.516111111111111,0.0,52.4056875,-1.5221951666666667
,,142.98,,4,278.75,24 / 27,194522,2019-09-08 10:11:01:146,0.0203,0.2776,9.8422,0.0014,0.0027,9.8066,0.0049,0.0114,0.0133,-1.81,-27.75,14.75,17.04,-84.11,-158.64,1.4148888888888889,0.0,52.4056886,-1.5222039333333333
,,142.98,,4,278.75,24 / 27,194621,2019-09-08 10:11:01:245,-0.0568,0.4861,9.7041,0.0012,0.0023,9.8066,0.0112,-0.0125,0.0077,-1.94,-28.12,15.19,17.0,-84.17,-158.64,1.3136666666666668,0.0,52.405689699999996,-1.5222126999999999
,,142.98,,4,278.75,24 / 27,194721,2019-09-08 10:11:01:345,0.113,0.7741,10.0257,0.0003,0.0081,9.8066,0.008,0.0018,-0.0176,-2.94,-27.87,15.25,12.6,-84.21,-158.47,1.2124444444444444,0.0,52.4056908,-1.5222214666666665
,,142.98,,4,278.75,24 / 27,194821,2019-09-08 10:11:01:445,-0.0874,0.521,9.8825,-0.0006,0.0029,9.8066,0.0056,-0.0052,-0.0163,-2.87,-28.62,15.06,12.89,-84.26,-158.29,1.1112222222222221,0.0,52.4056919,-1.5222302333333333
,,142.87,1.01,4,286.22,24 / 26,194922,2019-09-08 10:11:01:546,-0.1434,0.674,9.7525,-0.0022,0.0024,9.8066,0.0075,-0.0021,0.0063,-3.06,-28.12,15.06,13.34,-84.3,-157.82,1.01,0.0,52.405693,-1.522239
,,142.87,,4,286.22,24 / 26,195021,2019-09-08 10:11:01:645,-0.0992,0.5304,9.766,-0.0001,0.0022,9.8066,-0.0008,0.0063,0.004,-2.81,-28.44,15.13,13.88,-84.36,-157.35,1.0465384615384616,0.0,52.40569320769231,-1.5222401076923076
,,142.87,,4,286.22,24 / 26,195121,2019-09-08 10:11:01:745,0.0368,0.1778,9.7951,-0.001,0.0018,9.8066,0.0267,-0.0091,0.0045,-3.06,-28.25,14.63,14.16,-84.4,-157.1,1.083076923076923,0.0,52.40569341538461,-1.5222412153846152
,,142.87,,4,286.22,24 / 26,195221,2019-09-08 10:11:01:845,0.1131,0.5169,9.8096,-0.0013,0.003,9.8066,-0.0144,0.0073,0.0075,-2.69,-28.44,15.31,14.52,-84.44,-156.78,1.1196153846153847,0.0,52.40569362307692,-1.522242323076923
,,142.87,,4,286.22,24 / 26,195322,2019-09-08 10:11:01:946,0.1885,0.2112,9.9717,-0.0005,0.0037,9.8066,-0.0054,-0.0104,0.0004,-3.44,-28.19,14.63,14.68,-84.47,-156.64,1.156153846153846,0.0,52.40569383076923,-1.5222434307692307
,,142.87,,4,286.22,24 / 26,195421,2019-09-08 10:11:02:045,0.0689,0.1451,9.8529,-0.0015,0.0021,9.8066,0.0215,-0.0084,-0.0027,-2.81,-28.5,14.94,14.81,-84.5,-156.51,1.1926923076923077,0.0,52.40569403846154,-1.5222445384615384
,,142.87,,4,286.22,24 / 26,195521,2019-09-08 10:11:02:145,0.0322,-0.0772,9.7289,-0.0009,0.0038,9.8066,-0.0063,0.0007,0.005,-2.87,-28.31,14.88,14.77,-84.51,-156.55,1.2292307692307693,0.0,52.40569424615384,-1.522245646153846
,,142.87,,4,286.22,24 / 26,195621,2019-09-08 10:11:02:245,0.2431,0.5422,10.234,0.0,0.0077,9.8065,-0.0272,0.0068,-0.0071,-3.31,-28.69,14.81,15.15,-84.59,-156.28,1.2657692307692308,0.0,52.40569445384615,-1.5222467538461537
,,142.87,,4,286.22,24 / 26,195722,2019-09-08 10:11:02:346,0.0116,0.125,9.6437,0.0016,-0.0011,9.8066,-0.0279999999999999,-0.0006,-0.0116,-2.37,-28.12,14.44,19.12,-84.61,-156.32,1.3023076923076924,0.0,52.40569466153846,-1.5222478615384614
,,142.87,,4,286.22,26 / 28,195821,2019-09-08 10:11:02:445,0.0903,-0.1118,9.735,0.0013,0.0005,9.8066,0.0139999999999999,-0.0152,-0.0056,-3.44,-28.31,14.69,14.87,-84.65,-156.4,1.3388461538461538,0.0,52.40569486923077,-1.5222489692307692
,,142.87,,4,286.22,26 / 28,195921,2019-09-08 10:11:02:545,0.1593,0.6787,10.2537,-0.0015,0.0016,9.8066,0.0504,-0.0231,0.0137,-3.0,-28.69,14.25,14.31,-84.63,-156.34,1.3753846153846154,0.0,52.405695076923074,-1.522250076923077
,,142.87,,4,286.22,26 / 28,196021,2019-09-08 10:11:02:645,0.002,0.0161,9.5374,-0.0004,-0.0009,9.8066,-0.0006,0.0093,0.0027,-3.12,-28.31,15.19,15.09,-84.65,-156.21,1.411923076923077,0.0,52.40569528461538,-1.5222511846153846
,,142.87,,4,286.22,26 / 28,196122,2019-09-08 10:11:02:746,0.118,0.1199,9.9955,-0.0004,0.0067,9.8066,-0.0284,0.0093,-0.0031,-2.62,-28.69,14.69,15.41,-84.68,-156.02,1.4484615384615385,0.0,52.40569549230769,-1.5222522923076922
,,142.87,,4,286.22,26 / 28,196221,2019-09-08 10:11:02:845,0.3442,0.1238,10.171,-0.0004,0.0054,9.8066,-0.0385,0.0076,-0.0142,-2.69,-28.62,14.69,15.57,-84.76,-155.85,1.485,0.0,52.4056957,-1.5222533999999999
,,142.87,,4,286.22,26 / 28,196321,2019-09-08 10:11:02:945,0.1165,-1.2148,9.3735,0.0016,-0.0091,9.8065,0.0044,-0.0016,-0.0047,-3.56,-27.69,15.06,10.68,-84.68,-156.21,1.5215384615384615,0.0,52.405695907692305,-1.5222545076923075
,,142.87,,4,286.22,26 / 28,196422,2019-09-08 10:11:03:046,0.2865,-0.6474,9.7578,-0.0002,-0.0089,9.8066,0.0555,-0.0144,0.0154,-3.31,-28.37,14.81,14.82,-84.62,-156.45,1.5580769230769231,0.0,52.405696115384615,-1.5222556153846154
,,142.87,,4,286.22,26 / 28,196522,2019-09-08 10:11:03:146,0.3415,0.1768,10.3474,0.0002,-0.0007,9.8066,0.075,-0.0218,0.0157,-2.94,-28.56,14.69,14.91,-84.57,-156.49,1.5946153846153845,0.0,52.405696323076924,-1.522256723076923
,,142.87,,4,286.22,26 / 28,196621,2019-09-08 10:11:03:245,0.1115,-0.4992,10.0937,0.0002,0.0026,9.8066,0.0529,-0.0279,0.0072,-2.81,-28.12,14.13,13.94,-84.59,-156.58,1.6311538461538462,0.0,52.405696530769234,-1.5222578307692307
,,142.87,,4,286.22,26 / 28,196722,2019-09-08 10:11:03:346,0.061,-0.8839,9.3328,0.0,0.0012,9.8066,0.0213,-0.0186,0.0056,-3.5,-28.12,15.06,14.73,-84.6,-156.53,1.6676923076923078,0.0,52.405696738461536,-1.5222589384615384
,,142.87,,4,286.22,24 / 27,196825,2019-09-08 10:11:03:449,0.4228,0.1154,10.3186,-0.0008,0.006,9.8066,-0.0034,-0.003,0.0023,-2.81,-28.0,14.88,14.86,-84.65,-156.41,1.7042307692307692,0.0,52.405696946153846,-1.522260046153846
,,142.87,,4,286.22,24 / 27,196922,2019-09-08 10:11:03:546,0.1238,-0.7387,9.4278,-0.0006,0.004,9.8066,-0.0362,0.0239,-0.0075,-3.0,-27.87,14.25,14.17,-84.66,-156.35,1.7407692307692308,0.0,52.405697153846155,-1.5222611538461537
,,142.87,,4,286.22,24 / 27,197022,2019-09-08 10:11:03:646,0.1638,-0.4967,9.7796,0.0005,-0.0011,9.8066,-0.052,0.0156,-0.0089,-3.37,-27.75,14.75,15.1,-84.69,-156.18,1.7773076923076923,0.0,52.405697361538465,-1.5222622615384616
,,142.87,,4,286.22,24 / 27,197122,2019-09-08 10:11:03:746,0.3387,-0.1718,10.2106,0.0007,0.004,9.8066,-0.0223,-0.0029,-0.0101,-2.75,-27.94,14.63,15.01,-84.7,-156.25,1.8138461538461539,0.0,52.40569756923077,-1.5222633692307692
,,142.87,,4,286.22,24 / 27,197221,2019-09-08 10:11:03:845,0.1427,-0.8287,9.3434,-0.001,0.0011,9.8066,0.03,-0.0237,0.0058,-2.81,-27.44,14.5,14.93,-84.72,-156.22,1.8503846153846155,0.0,52.40569777692308,-1.5222644769230769
,,142.87,,4,286.22,24 / 27,197321,2019-09-08 10:11:03:945,0.1213,-0.5542,9.8878,0.0001,0.0001,9.8066,0.036,-0.0192,0.019,-3.19,-27.87,14.25,14.39,-84.71,-156.14,1.886923076923077,0.0,52.40569798461539,-1.5222655846153845
,,142.87,,4,286.22,24 / 27,197422,2019-09-08 10:11:04:046,0.2546,-0.2613,9.9634,-0.0004,0.0022,9.8066,0.0081,0.0134,0.0085,-2.87,-28.31,13.75,14.57,-84.75,-155.98,1.9234615384615386,0.0,52.40569819230769,-1.5222666923076922
,,142.87,,4,286.22,24 / 27,197522,2019-09-08 10:11:04:146,0.1894,-0.6311,9.6618,0.0012,0.0002,9.8066,-0.0167,0.0032,0.0032,-3.19,-28.25,14.31,14.7,-84.78,-155.86,1.96,0.0,52.4056984,-1.5222677999999998
,,142.87,,4,286.22,24 / 27,197621,2019-09-08 10:11:04:245,0.2083,-0.3192,10.1458,0.0007,-0.0013,9.8065,0.0019,-0.0109,-0.0113,-3.06,-28.06,14.44,14.5,-84.79,-156.02,1.9965384615384616,0.0,52.40569860769231,-1.5222689076923077
,,142.87,,4,286.22,24 / 27,197721,2019-09-08 10:11:04:345,0.1087,-0.5773,9.572,-0.0015,0.0035,9.8066,0.0219,-0.0141,0.0069,-3.25,-27.75,13.94,14.32,-84.77,-156.16,2.0330769230769232,0.0,52.40569881538462,-1.5222700153846154
,,142.87,,4,286.22,25 / 26,197821,2019-09-08 10:11:04:445,0.2759,-0.3925,10.0152,-0.0005,0.004,9.8066,0.004,0.004,0.004,-3.0,-28.31,14.5,15.25,-84.8,-156.0,2.0696153846153846,0.0,52.40569902307692,-1.522271123076923
,,142.87,,4,286.22,25 / 26,197922,2019-09-08 10:11:04:546,0.242,-0.22,10.2634,0.0002,0.0034,9.8066,-0.0208,0.0072,0.0074,-3.12,-28.19,14.69,15.41,-84.82,-155.85,2.106153846153846,0.0,52.40569923076923,-1.5222722307692307
,,142.87,,4,286.22,25 / 26,198021,2019-09-08 10:11:04:645,0.0555,-0.7846,9.3963,0.0007,0.0039,9.8066,-0.0259,0.0113,-0.0147,-3.19,-27.62,13.63,14.71,-84.86,-155.8,2.142692307692308,0.0,52.40569943846154,-1.5222733384615383
,,142.87,,4,286.22,25 / 26,198121,2019-09-08 10:11:04:745,0.2663,-0.2778,10.172,0.0001,-0.0025,9.8066,0.0092,-0.0196,-0.0019,-2.69,-27.81,13.81,14.65,-84.86,-155.85,2.1792307692307693,0.0,52.40569964615385,-1.522274446153846
,,142.87,,4,286.22,25 / 26,198221,2019-09-08 10:11:04:845,0.2093,-0.4048,10.0247,0.0002,0.0001,9.8066,0.024,-0.0125,0.0055,-3.0,-28.06,14.19,14.57,-84.86,-155.92,2.2157692307692307,0.0,52.40569985384615,-1.5222755538461539
,,142.87,,4,286.22,25 / 26,198322,2019-09-08 10:11:04:946,0.1697,-0.6901,9.5714,0.0002,0.0028,9.8066,0.0176,0.0098,0.0058,-2.87,-27.5,13.69,14.55,-84.87,-155.84,2.2523076923076926,0.0,52.40570006153846,-1.5222766615384615
,,142.87,,4,286.22,25 / 26,198421,2019-09-08 10:11:05:045,0.2077,-0.2893,10.1653,0.0008,0.003,9.8066,-0.0346,0.0185,-0.0031,-2.75,-27.81,14.56,15.5,-84.92,-155.73,2.288846153846154,0.0,52.40570026923077,-1.5222777692307692
,,142.87,,4,286.22,25 / 26,198521,2019-09-08 10:11:05:145,0.1426,-0.593,9.6733,-0.0003,0.0007,9.8066,-0.0258,0.0003,-0.0063,-2.94,-28.12,14.38,14.8,-84.94,-155.69,2.3253846153846154,0.0,52.40570047692308,-1.5222788769230768
,,142.87,,4,286.22,25 / 26,198622,2019-09-08 10:11:05:246,0.2186,-0.5567,9.8407,-0.0002,-0.0001,9.8066,0.0156,-0.0129,0.0032,-3.0,-28.06,14.38,14.76,-84.94,-155.72,2.361923076923077,0.0,52.40570068461538,-1.5222799846153845
,,142.87,,4,286.22,25 / 26,198722,2019-09-08 10:11:05:346,0.1913,-0.3256,10.0247,-0.0002,0.0013,9.8066,0.0365,-0.0131,0.0051,-2.81,-28.12,13.81,14.78,-84.92,-155.71,2.3984615384615386,0.0,52.40570089230769,-1.5222810923076922
,,142.87,,4,286.22,25 / 26,198821,2019-09-08 10:11:05:445,0.1766,-0.7076,9.4808,-0.0002,0.0029,9.8066,-0.0166,-0.0041,-0.0075,-2.56,-27.5,14.25,14.72,-84.93,-155.67,2.435,0.0,52.4057011,-1.5222822
,,142.87,,4,286.22,25 / 26,198921,2019-09-08 10:11:05:545,0.2514,-0.4334,10.0987,-0.0001,-0.0001,9.8066,-0.02,0.0061,-0.0026,-3.0,-28.06,14.06,14.99,-84.99,-155.51,2.4715384615384615,0.0,52.40570130769231,-1.5222833076923077
,,142.87,,4,286.22,25 / 26,199022,2019-09-08 10:11:05:646,0.1924,-0.5894,9.7287,0.0,0.0005,9.8066,-0.0184,0.003,-0.0121,-2.37,-28.19,14.06,19.81,-85.0,-155.48,2.5080769230769233,0.0,52.405701515384614,-1.5222844153846153
,,142.87,,4,286.22,25 / 26,199121,2019-09-08 10:11:05:745,0.0716,-0.7915,9.4195,-0.0012,-0.0015,9.8065,0.0079,-0.0111,-0.0023,-2.56,-28.31,14.44,14.91,-84.98,-155.58,2.5446153846153847,0.0,52.40570172307692,-1.522285523076923
,,142.87,,4,286.22,25 / 26,199222,2019-09-08 10:11:05:846,0.3187,-0.1543,10.2984,-0.0004,0.0013,9.8066,0.0382,-0.0168,0.0128,-2.56,-27.75,14.88,15.62,-84.98,-155.6,2.581153846153846,0.0,52.40570193076923,-1.5222866307692307
,,142.87,,4,286.22,25 / 26,199322,2019-09-08 10:11:05:946,0.0779,-0.7958,9.5542,0.0,0.0017,9.8066,0.0099,0.0012,0.0093,-2.56,-28.81,14.38,15.14,-84.99,-155.47,2.617692307692308,0.0,52.405702138461535,-1.5222877384615383
,,142.87,,4,286.22,25 / 26,199422,2019-09-08 10:11:06:046,0.1003,-0.8327,9.3868,0.0004,0.0039,9.8066,-0.0279,0.0201,-0.0007,-3.25,-28.31,14.25,15.06,-85.02,-155.43,2.6542307692307694,0.0,52.405702346153845,-1.5222888461538462
,,142.87,,4,286.22,25 / 26,199522,2019-09-08 10:11:06:146,0.391,-0.1721,10.3388,0.0009,-0.0021,9.8066,-0.0318,0.0079,-0.0136,-2.5,-28.0,13.44,19.34,-85.03,-155.48,2.690769230769231,0.0,52.405702553846155,-1.5222899538461538
,,142.87,,4,286.22,25 / 26,199622,2019-09-08 10:11:06:246,0.0874,-0.7972,9.5009,0.0001,-0.0029,9.8066,-0.0044,-0.0123,-0.0019,-2.81,-27.62,13.88,14.83,-85.01,-155.62,2.727307692307692,0.0,52.405702761538464,-1.5222910615384615
,,142.87,,4,286.22,25 / 26,199721,2019-09-08 10:11:06:345,0.1494,-0.7465,9.5067,-0.0005,-0.0001,9.8066,-0.0297,0.0197,-0.0012,-2.69,-28.5,14.13,14.73,-84.99,-155.72,2.763846153846154,0.0,52.40570296923077,-1.5222921692307692
,,142.87,,4,286.22,25 / 26,199821,2019-09-08 10:11:06:445,0.1748,-0.5988,9.8357,0.0,0.0,9.8066,-0.0301,0.0056,-0.0128,-2.12,-28.37,14.44,19.57,-84.97,-155.7,2.8003846153846155,0.0,52.405703176923076,-1.5222932769230768
,,142.87,,4,286.22,24 / 26,199922,2019-09-08 10:11:06:546,0.3141,-0.1361,10.3175,0.0018,0.0017,9.8066,0.0077,-0.0223,0.0005,-2.56,-28.12,14.0,14.84,-85.0,-155.63,2.836923076923077,0.0,52.405703384615386,-1.5222943846153845
,,142.87,,4,286.22,24 / 26,200022,2019-09-08 10:11:06:646,0.1843,-0.7289,9.4561,0.0006,-0.0002,9.8066,0.0309,-0.0095,-0.0014,-2.62,-27.87,14.31,14.84,-85.01,-155.62,2.8734615384615387,0.0,52.405703592307695,-1.5222954923076923
,,142.87,,4,286.22,24 / 26,200121,2019-09-08 10:11:06:745,0.217,-0.4478,10.0256,0.0012,-0.0036,9.8066,0.0108,-0.0004,0.0152,-2.62,-28.31,14.5,15.58,-85.03,-155.61,2.91,0.0,52.4057038,-1.5222966
,,142.87,,4,286.22,24 / 26,200222,2019-09-08 10:11:06:846,0.2857,-0.0731,10.3324,-0.0001,-0.0044,9.8066,-0.0312,0.0118,-0.0008,-2.87,-28.25,14.13,14.71,-84.98,-155.74,2.9465384615384616,0.0,52.40570400769231,-1.5222977076923077
,,142.87,,4,286.22,24 / 26,200322,2019-09-08 10:11:06:946,0.1221,-0.8055,9.3772,0.0001,0.0012,9.8066,-0.023,-0.0051,-0.0077,-2.44,-28.31,13.81,19.42,-84.97,-155.83,2.9830769230769234,0.0,52.40570421538462,-1.5222988153846153
,,142.87,,4,286.22,24 / 26,200422,2019-09-08 10:11:07:046,0.2732,-0.287,10.1751,-0.0019,0.0008,9.8066,-0.0065,-0.0022,-0.0114,-1.62,-28.31,13.44,19.08,-84.97,-155.74,3.019615384615385,0.0,52.405704423076926,-1.522299923076923
,,142.87,,4,286.22,24 / 26,200521,2019-09-08 10:11:07:145,0.2607,-0.256,10.1933,0.0013,0.0008,9.8066,0.0387,-0.0176,0.0051,-2.56,-28.0,14.0,14.63,-85.0,-155.79,3.056153846153846,0.0,52.40570463076923,-1.5223010307692306
,,142.87,,4,286.22,24 / 26,200622,2019-09-08 10:11:07:246,0.1583,-0.7523,9.4279,0.0001,-0.0001,9.8066,0.0259,0.0038,0.01,-2.69,-27.94,13.63,14.42,-85.0,-155.97,3.0926923076923076,0.0,52.40570483846154,-1.5223021384615385
,,142.87,,4,286.22,24 / 26,200721,2019-09-08 10:11:07:345,0.3031,-0.1439,10.3106,0.0011,-0.0041,9.8066,-0.0177,0.0042,0.0031,-3.44,-28.0,13.63,14.28,-84.99,-156.1,3.1292307692307695,0.0,52.40570504615385,-1.5223032461538462
,,142.87,,4,286.22,25 / 27,200821,2019-09-08 10:11:07:445,0.1863,-0.3671,10.0079,-0.0001,-0.0039,9.8066,-0.0475,0.0102,-0.0101,-2.25,-28.12,14.63,19.25,-84.95,-156.3,3.165769230769231,0.0,52.40570525384616,-1.5223043538461538
,,142.87,,4,286.22,25 / 27,200921,2019-09-08 10:11:07:545,0.2649,-0.2566,10.2074,0.0,0.0026,9.8066,-0.0081,-0.0098,-0.0025,-2.44,-27.69,14.19,18.74,-84.93,-156.43,3.2023076923076923,0.0,52.40570546153846,-1.5223054615384615
,,142.87,,4,286.22,25 / 27,201021,2019-09-08 10:11:07:645,0.2132,-0.5515,9.7312,-0.0005,0.0,9.8066,0.0253,-0.0159,-0.0035,-3.12,-28.19,14.31,14.06,-84.95,-156.29,3.238846153846154,0.0,52.40570566923077,-1.5223065692307691
,,142.87,,4,286.22,25 / 27,201122,2019-09-08 10:11:07:746,0.2435,-0.6915,9.7787,0.0015,0.0015,9.8066,0.035,0.0004,0.0114,-2.81,-28.44,13.44,12.99,-84.97,-156.43,3.2753846153846156,0.0,52.40570587692308,-1.5223076769230768
,,142.87,,4,286.22,25 / 27,201222,2019-09-08 10:11:07:846,0.2376,-0.1413,10.2668,0.0008,-0.0025,9.8066,-0.0036,0.0111,0.0106,-2.87,-27.87,14.25,13.57,-84.94,-156.71,3.311923076923077,0.0,52.40570608461539,-1.5223087846153847
,,142.87,,4,286.22,25 / 27,201321,2019-09-08 10:11:07:945,0.1194,-0.7089,9.5044,-0.0009,-0.0009,9.8066,-0.0335,0.0149,0.0027,-2.25,-27.62,14.5,18.67,-84.91,-156.82,3.348461538461539,0.0,52.40570629230769,-1.5223098923076923
,,142.87,,4,286.22,25 / 27,201422,2019-09-08 10:11:08:046,0.2745,-0.3665,10.1093,-0.0003,-0.001,9.8066,-0.0142,-0.0043,-0.0024,-2.56,-27.25,13.69,13.55,-84.89,-156.66,3.3850000000000002,0.0,52.4057065,-1.522311
,,142.87,,4,286.22,25 / 27,201521,2019-09-08 10:11:08:145,0.1944,-0.2284,10.1907,0.0006,0.0023,9.8066,0.0364,-0.0165,0.0036,-2.31,-27.94,13.81,18.64,-84.91,-156.52,3.4215384615384616,0.0,52.40570670769231,-1.5223121076923076
,,142.87,,4,286.22,25 / 27,201621,2019-09-08 10:11:08:245,0.1391,-0.7879999999999999,9.4393,0.0009,-0.0013,9.8066,0.03,-0.0101,0.0152,-2.87,-28.0,13.63,13.62,-84.92,-156.68,3.458076923076923,0.0,52.40570691538461,-1.5223132153846153
,,142.87,,4,286.22,25 / 27,201721,2019-09-08 10:11:08:345,0.2288,-0.2153,10.2862,0.0007,-0.004,9.8066,-0.0164,0.0108,-0.0032,-3.25,-27.69,13.88,13.5,-84.86,-156.8,3.494615384615385,0.0,52.40570712307692,-1.5223143230769232
,,142.87,,4,286.22,23 / 25,201822,2019-09-08 10:11:08:446,0.1182,-0.5238,9.7217,0.0022,-0.0007,9.8066,-0.0313,0.004,-0.0007,-2.75,-27.81,13.94,13.18,-84.85,-157.07,3.5311538461538463,0.0,52.40570733076923,-1.5223154307692308
,,142.87,,4,286.22,23 / 25,201921,2019-09-08 10:11:08:545,0.1798,-0.5481,9.8115,0.0002,0.002,9.8066,0.0241,-0.0129,-0.0059,-2.56,-28.25,14.31,13.08,-84.85,-157.15,3.5676923076923077,0.0,52.40570753846154,-1.5223165384615385
,,142.87,,4,286.22,23 / 25,202021,2019-09-08 10:11:08:645,0.2236,-0.3228,10.0992,0.0028,-0.0002,9.8066,0.0389,-0.0187,0.0131,-2.69,-27.94,13.75,12.74,-84.86,-157.43,3.6042307692307696,0.0,52.405707746153844,-1.5223176461538461
,,142.87,,4,286.22,23 / 25,202121,2019-09-08 10:11:08:745,-0.0348,-0.7291,9.4403,-0.0001,-0.0019,9.8066,-0.0042,0.0078,0.0005,-2.44,-27.56,14.38,17.33,-84.85,-157.64,3.640769230769231,0.0,52.405707953846154,-1.5223187538461538
,,142.87,,4,286.22,23 / 25,202221,2019-09-08 10:11:08:845,0.3243,-0.1849,10.1531,0.0026,-0.0005,9.8066,-0.0272,0.011,-0.005,-2.87,-27.87,13.69,12.1,-84.82,-157.97,3.6773076923076924,0.0,52.40570816153846,-1.5223198615384614
,,142.87,,4,286.22,23 / 25,202321,2019-09-08 10:11:08:945,0.1395,-0.6348,9.6197,-0.0025,-0.0015,9.8066,-0.0012,-0.0054,0.0034,-3.12,-28.25,13.94,12.03,-84.78,-158.05,3.713846153846154,0.0,52.40570836923077,-1.5223209692307693
,,142.87,,4,286.22,23 / 25,202421,2019-09-08 10:11:09:045,-0.0286,-0.7845,9.486,-0.0011,0.0001,9.8066,0.0405,-0.0164,0.0078,-2.31,-28.19,13.69,17.18,-84.78,-157.81,3.7503846153846156,0.0,52.405708576923075,-1.522322076923077
,,142.87,,4,286.22,23 / 25,202521,2019-09-08 10:11:09:145,0.1692,-0.1447,10.3494,0.0001,-0.0003,9.8066,0.0278,-0.0093,0.0032,-2.81,-28.56,14.0,12.35,-84.77,-157.87,3.786923076923077,0.0,52.405708784615385,-1.5223231846153846
,,142.87,,4,286.22,23 / 25,202621,2019-09-08 10:11:09:245,0.0119,-0.77,9.3515,0.0024,0.0001,9.8066,0.0093,0.0017,0.0008,-2.69,-27.87,14.19,11.86,-84.76,-158.2,3.8234615384615385,0.0,52.405708992307694,-1.5223242923076923
,,142.87,,4,286.22,23 / 25,202722,2019-09-08 10:11:09:346,0.1226,-0.8419,9.5069,0.0002,-0.0054,9.8066,-0.0528,0.0143,-0.0065,-2.25,-27.87,13.94,16.28,-84.72,-158.58,3.8600000000000003,0.0,52.405709200000004,-1.5223254
,,142.87,,4,286.22,23 / 25,202822,2019-09-08 10:11:09:446,0.2568,0.111,10.4207,-0.0014,-0.0035,9.8066,-0.0477,0.0072,-0.0082,-2.5,-27.75,13.94,16.29,-84.68,-158.6,3.8965384615384617,0.0,52.40570940769231,-1.5223265076923076
,,142.87,,4,286.22,24 / 27,202922,2019-09-08 10:11:09:546,-0.0578,-0.9314,9.3937,0.0001,-0.0047,9.8066,0.0048,-0.0027,-0.0167,-3.06,-27.69,13.81,11.49,-84.65,-158.55,3.933076923076923,0.0,52.405709615384616,-1.5223276153846155
,,142.87,,4,286.22,24 / 27,203022,2019-09-08 10:11:09:646,0.0357,-1.0028,9.298,0.0002,0.001,9.8066,0.0345,-0.0358,-0.0037,-2.75,-27.75,14.06,11.48,-84.66,-158.55,3.969615384615385,0.0,52.405709823076926,-1.5223287230769231
,,142.87,,4,286.22,24 / 27,203121,2019-09-08 10:11:09:745,0.3089,-0.2283,10.4988,0.0016,0.0029,9.8066,0.0656,-0.0268,-0.001,-2.44,-27.25,13.63,16.16,-84.66,-158.61,4.006153846153846,0.0,52.405710030769235,-1.5223298307692308
,,142.87,,4,286.22,24 / 27,203222,2019-09-08 10:11:09:846,0.0031,-0.5081,9.6498,0.0017,0.0009,9.8066,0.0664,-0.0105,0.009,-2.31,-27.81,13.56,15.93,-84.67,-158.9,4.042692307692308,0.0,52.40571023846154,-1.5223309384615384
,,142.87,,4,286.22,24 / 27,203322,2019-09-08 10:11:09:946,0.131,-1.1657,9.7042,0.0,-0.0059,9.8066,-0.019,-0.0032,-0.005,-2.75,-27.56,14.5,11.56,-84.61,-159.15,4.07923076923077,0.0,52.40571044615385,-1.522332046153846
,,142.87,,4,286.22,24 / 27,203421,2019-09-08 10:11:10:045,0.1119,-0.42,9.9015,-0.0001,-0.0032,9.8066,-0.0144,-0.0033,-0.0016,-2.25,-27.81,14.25,15.53,-84.54,-159.3,4.115769230769231,0.0,52.40571065384616,-1.5223331538461538
,,142.87,,4,286.22,24 / 27,203521,2019-09-08 10:11:10:145,0.1265,-1.0567,9.8835,0.0021,-0.0067,9.8066,-0.0013,0.0104,0.0179,-2.69,-28.06,13.88,10.06,-84.49,-159.77,4.1523076923076925,0.0,52.405710861538466,-1.5223342615384616
,,142.87,,4,286.22,24 / 27,203622,2019-09-08 10:11:10:246,0.1885,-0.3625,9.9033,0.0015,-0.0071,9.8065,-0.0209,0.0084,-0.0043,-2.06,-28.31,13.5,14.8,-84.45,-159.94,4.188846153846154,0.0,52.40571106923077,-1.5223353692307693
,,142.87,,4,286.22,24 / 27,203722,2019-09-08 10:11:10:346,0.151,-1.0177,9.8669,0.0004,-0.0041,9.8066,0.0069,-0.0021,-0.0029,-2.25,-27.44,14.13,14.53,-84.42,-160.07,4.225384615384615,0.0,52.40571127692308,-1.522336476923077
,,142.87,,4,286.22,25 / 27,203821,2019-09-08 10:11:10:445,0.0945,-1.5326,10.0261,0.0018,-0.0105,9.8066,-0.009,-0.0084,0.0003,-2.5,-27.5,14.5,14.8,-84.42,-160.22,4.261923076923077,0.0,52.40571148461539,-1.5223375846153846
,,142.87,,4,286.22,25 / 27,203922,2019-09-08 10:11:10:546,0.2794,-0.997,9.7607,0.0014,-0.0018,9.8066,0.0221,-0.0158,-0.0011,-2.5,-27.94,14.56,14.17,-84.34,-160.86,4.298461538461539,0.0,52.40571169230769,-1.5223386923076923
,,142.87,,4,286.22,25 / 27,204021,2019-09-08 10:11:10:645,0.368,-1.8877,9.7361,0.0008,-0.0045,9.8066,0.0146,0.0044,-0.0052,-2.44,-27.19,14.0,13.19,-84.28,-161.24,4.335,0.0,52.4057119,-1.5223398
,,142.87,,4,286.22,25 / 27,204121,2019-09-08 10:11:10:745,0.3938,-1.0164,9.9043,0.002,-0.0038,9.8066,0.0205,0.0031,0.0054,-2.69,-27.87,14.06,7.95,-84.18,-161.57,4.371538461538462,0.0,52.40571210769231,-1.5223409076923078
,,142.87,,4,286.22,25 / 27,204221,2019-09-08 10:11:10:845,0.1196,-2.9875,9.6304,0.0003,-0.0056,9.8066,-0.0065,0.0041,-0.0094,-2.5,-27.87,14.44,12.64,-84.06,-161.87,4.408076923076924,0.0,52.40571231538462,-1.5223420153846154
,,142.87,,4,286.22,25 / 27,204321,2019-09-08 10:11:10:945,0.6136,-2.4672,9.8221,-0.0004,-0.0084,9.8066,-0.0046,-0.0133,0.0012,-2.75,-27.5,14.0,7.03,-83.93,-162.31,4.444615384615385,0.0,52.40571252307692,-1.522343123076923
,,142.87,,4,286.22,25 / 27,204422,2019-09-08 10:11:11:046,0.3781,-2.7960000000000003,9.6614,-0.0008,-0.0041,9.8066,0.0257,0.0016,-0.0051,-2.44,-27.94,14.44,12.12,-83.84,-162.37,4.4811538461538465,0.0,52.40571273076923,-1.5223442307692308
,,142.87,,4,286.22,25 / 27,204521,2019-09-08 10:11:11:145,0.2195,-2.6435,9.8424,0.0015,-0.0012,9.8066,-0.0176,-0.0066,-0.0023,-2.5,-27.69,14.63,12.36,-83.76,-162.58,4.5176923076923075,0.0,52.40571293846154,-1.5223453384615384
,,142.87,,4,286.22,25 / 27,204621,2019-09-08 10:11:11:245,0.0531,-1.3786,9.8396,0.0031,-0.0087,9.8066,0.0114,-0.0146,0.0224,-2.5,-27.69,14.81,12.09,-83.72,-162.82,4.554230769230769,0.0,52.40571314615385,-1.522346446153846
,,142.87,,4,286.22,25 / 27,204721,2019-09-08 10:11:11:345,0.526,-2.233,9.9147,0.0027,-0.0029,9.8066,0.0007,-0.015,-0.0054,-2.87,-27.75,15.06,7.12,-83.64,-163.05,4.590769230769231,0.0,52.40571335384615,-1.522347553846154
,,142.87,,4,286.22,25 / 27,204822,2019-09-08 10:11:11:446,0.5753,-3.0225,9.7245,0.0015,-0.0005,9.8066,-0.0193,-0.0227,-0.0138,-2.87,-28.0,14.75,6.65,-83.6,-163.44,4.627307692307692,0.0,52.40571356153846,-1.5223486615384616
,,142.87,,4,286.22,26 / 27,204921,2019-09-08 10:11:11:545,0.5541,-2.3574,10.0475,0.0017,-0.0049,9.8066,0.0122,-0.0075,-0.0151,-3.12,-27.62,15.19,6.18,-83.56,-163.81,4.663846153846154,0.0,52.40571376923077,-1.5223497692307693
,,142.87,,4,286.22,26 / 27,205022,2019-09-08 10:11:11:646,0.8197,-2.0517,9.8629,0.0017,-0.0076,9.8066,-0.0089,-0.0176,-0.0167,-3.56,-27.94,15.44,1.05,-83.47,-164.24,4.700384615384616,0.0,52.40571397692308,-1.522350876923077
,,142.87,,4,286.22,26 / 27,205121,2019-09-08 10:11:11:745,0.3399,-2.0282,9.7843,-0.0024,-0.0014,9.8066,-0.03,-0.0039,-0.0384,-3.75,-28.31,15.44,1.14,-83.4,-164.17,4.736923076923077,0.0,52.405714184615384,-1.5223519846153846
,,142.87,,4,286.22,26 / 27,205222,2019-09-08 10:11:11:846,0.2857,-1.9877,9.4803,0.0047,-0.0058,9.8066,-0.0308,-0.0239,-0.0162,-3.75,-27.56,15.44,0.61,-83.35,-164.59,4.773461538461539,0.0,52.405714392307694,-1.5223530923076922
,,142.87,,4,286.22,26 / 27,205321,2019-09-08 10:11:11:945,0.3177,-2.6297,9.6012,0.0019,-0.0099,9.8066,-0.0289,-0.0181,0.0081,-2.94,-28.37,15.06,4.86,-83.31,-164.9,4.8100000000000005,0.0,52.4057146,-1.5223542
,,142.87,,4,286.22,26 / 27,205422,2019-09-08 10:11:12:046,0.2559,-2.3647,10.2498,0.0006,0.0018,9.8066,0.0322,0.0132,-0.0118,-2.94,-28.06,15.25,4.79,-83.29,-164.96,4.8465384615384615,0.0,52.40571480769231,-1.5223553076923078
,,142.87,,4,286.22,26 / 27,205521,2019-09-08 10:11:12:145,0.2215,-2.045,10.1601,-0.0061,0.0091,9.8066,0.0206,0.0321,0.0069,-3.06,-27.69,14.44,3.43,-83.25,-165.29,4.883076923076923,0.0,52.405715015384615,-1.5223564153846154
,,142.87,,4,286.22,26 / 27,205621,2019-09-08 10:11:12:245,0.6451,-0.9403,9.7911,-0.004,0.0024,9.8066,0.0528,-0.0384,0.0164,-3.37,-28.06,15.44,4.54,-83.2,-165.17,4.919615384615385,0.0,52.405715223076925,-1.522357523076923
,,142.87,,4,286.22,26 / 27,205721,2019-09-08 10:11:12:345,0.9233,-3.467,10.1262,0.0019,-0.005,9.8066,-0.0479,0.0002,-0.0007,-4.06,-28.81,15.56,1.69,-83.12,-164.64,4.956153846153846,0.0,52.405715430769234,-1.5223586307692307
,,142.87,,4,286.22,26 / 27,205821,2019-09-08 10:11:12:445,-0.1412,-1.9089,10.0181,0.0013,0.0053,9.8065,0.0109,-0.0195,0.0306,-3.87,-28.31,15.94,1.05,-83.06,-165.13,4.992692307692308,0.0,52.40571563846154,-1.5223597384615384
,,142.87,,4,286.22,24 / 27,205922,2019-09-08 10:11:12:546,0.0417,-1.9237,9.7998,0.0035,-0.0024,9.8066,0.0241,0.0126,0.0139999999999999,-3.56,-28.5,16.0,0.69,-82.94,-165.42,5.02923076923077,0.0,52.405715846153846,-1.5223608461538463
,,142.87,,4,286.22,24 / 27,206022,2019-09-08 10:11:12:646,0.2454,-1.8216,9.8239,-0.0005,-0.0096,9.8066,-0.0343,0.0441,0.0153,-3.5,-28.25,16.13,4.94,-82.87,-165.54,5.065769230769231,0.0,52.405716053846156,-1.522361953846154
,,142.87,,4,286.22,24 / 27,206121,2019-09-08 10:11:12:745,0.1637,-1.2508,9.5975,-0.0071,0.0035,9.8066,0.0058,0.0148,0.0522,-4.12,-28.56,16.06,0.97,-82.91,-165.21,5.102307692307693,0.0,52.405716261538466,-1.5223630615384616
,,142.87,,4,286.22,24 / 27,206221,2019-09-08 10:11:12:845,0.6908,-0.8083,9.8925,-0.0034,0.0096,9.8066,-0.0027,-0.0379,0.0553,-4.44,-28.87,15.63,1.89,-82.99,-164.5,5.1388461538461545,0.0,52.40571646923077,-1.5223641692307692
,,142.87,,4,286.22,24 / 27,206322,2019-09-08 10:11:12:946,0.1597,-1.4066,9.8404,-0.0073,0.0039,9.8066,0.0221,0.0279999999999999,-0.0127,-4.31,-28.31,16.56,3.73,-82.99,-163.78,5.1753846153846155,0.0,52.40571667692308,-1.5223652769230769
,,142.87,,4,286.22,24 / 27,206421,2019-09-08 10:11:13:045,0.5009,-1.8004,9.8908,0.0007,-0.0195,9.8066,0.0238,0.0137,-0.0164,-3.44,-28.19,16.63,7.65,-82.9,-163.93,5.211923076923077,0.0,52.40571688461539,-1.5223663846153845
,,142.87,,4,286.22,24 / 27,206522,2019-09-08 10:11:13:146,0.3285,-2.2104,9.801,0.0081,-0.0194,9.8066,-0.0272,-0.0285,0.0501,-3.94,-27.69,16.31,1.78,-82.65,-164.58,5.248461538461538,0.0,52.4057170923077,-1.5223674923076924
,,142.87,,4,286.22,24 / 27,206622,2019-09-08 10:11:13:246,0.3867,-2.5555,9.1338,-0.01,0.0262,9.8065,0.0463,-0.0043,0.0017,-4.62,-27.25,16.25,358.79,-82.77,-163.6,5.285,0.0,52.4057173,-1.5223686
,,142.87,,4,286.22,24 / 27,206722,2019-09-08 10:11:13:346,0.8,-1.2454,10.1583,-0.0069,0.0151,9.8066,0.0367,0.0195,0.0083,-3.69,-27.25,16.38,3.46,-82.78,-163.24,5.321538461538462,0.0,52.40571750769231,-1.5223697076923077
,,142.87,,4,286.22,26 / 28,206821,2019-09-08 10:11:13:445,0.2871,-2.3493,9.5205,0.003,-0.0285,9.8065,-0.0935,-0.0415,0.0444,-3.56,-27.5,16.0,3.97,-82.78,-162.84,5.358076923076923,0.0,52.40571771538462,-1.5223708153846154
,,142.87,,4,286.22,26 / 28,206922,2019-09-08 10:11:13:546,0.0452,-2.1473,9.3951,-0.0032,-0.0091,9.8065,-0.0115,-0.0371,0.03,-3.75,-27.37,15.75,4.25,-82.65,-162.64,5.394615384615385,0.0,52.40571792307693,-1.522371923076923
,,142.87,,4,286.22,26 / 28,207021,2019-09-08 10:11:13:645,0.2901,-1.3107,9.6283,0.0,-0.0025,9.8066,-0.0091,-0.0311,0.002,-3.81,-27.69,15.38,3.62,-82.61,-162.32,5.431153846153847,0.0,52.40571813076923,-1.5223730307692307
,,142.87,,4,286.22,26 / 28,207122,2019-09-08 10:11:13:746,0.4651,-2.0527,9.4123,0.0023,0.0035,9.8066,0.0065,-0.0287,0.005,-3.94,-27.69,15.25,3.47,-82.59,-162.43,5.467692307692308,0.0,52.40571833846154,-1.5223741384615386
,,142.87,,4,286.22,26 / 28,207222,2019-09-08 10:11:13:846,1.0619,-1.6016,9.7341,0.0084,-0.0247,9.8065,-0.1059,-0.0634,0.0826,-3.81,-27.56,14.94,3.71,-82.56,-162.26,5.5042307692307695,0.0,52.40571854615385,-1.5223752461538462
,,142.87,,4,286.22,26 / 28,207321,2019-09-08 10:11:13:945,0.0691,-1.1573,10.2143,0.0029,-0.0201,9.8066,-0.0874,0.0034,0.0271,-4.19,-27.87,15.13,3.77,-82.43,-162.22,5.540769230769231,0.0,52.40571875384616,-1.5223763538461539
,,142.87,,4,286.22,26 / 28,207421,2019-09-08 10:11:14:045,0.3285,-1.0944,9.6915,-0.0063,0.0179,9.8066,0.0507,-0.0259,0.0738,-4.12,-28.06,15.31,3.7,-82.37,-162.28,5.577307692307692,0.0,52.40571896153846,-1.5223774615384615
,,142.87,,4,286.22,26 / 28,207521,2019-09-08 10:11:14:145,0.2259,-2.2533,9.6542,-0.0094,0.0172,9.8066,0.0586,0.0061,0.0224,-3.81,-27.81,15.13,4.47,-82.37,-161.71,5.613846153846154,0.0,52.40571916923077,-1.5223785692307692
,,142.87,,4,286.22,26 / 28,207622,2019-09-08 10:11:14:246,-0.0914,-2.0687,9.9516,0.0016,-0.0056,9.8066,0.0043,-0.0387,0.0099,-4.44,-27.81,15.56,5.07,-82.26,-162.1,5.650384615384616,0.0,52.40571937692308,-1.5223796769230769
,,142.87,,4,286.22,26 / 28,207721,2019-09-08 10:11:14:345,0.1315,-1.1419,9.9719,0.0051,0.0053,9.8066,0.0424,-0.0624,-0.0058,-3.75,-27.69,14.56,3.74,-82.29,-162.27,5.686923076923077,0.0,52.40571958461539,-1.5223807846153847
,,142.87,,4,286.22,26 / 28,207821,2019-09-08 10:11:14:445,0.5379,-1.6009,10.5092,0.0011,-0.0181,9.8065,-0.0716,-0.0654,0.0394,-4.0,-27.56,14.88,4.26,-82.33,-161.87,5.723461538461539,0.0,52.40571979230769,-1.5223818923076924
,,143.34,5.76,4,289.45,27 / 28,207922,2019-09-08 10:11:14:546,-0.3595,-0.5482,9.7561,-0.0074,-0.0015,9.8066,0.0049,-0.0188,0.0158,-4.75,-28.06,15.0,0.49,-82.31,-161.2,5.76,0.0,52.40572,-1.522383
,,143.34,,4,289.45,27 / 28,208021,2019-09-08 10:11:14:645,0.1801,-1.5432,9.4082,-0.0008,-0.0009,9.8066,-0.0101,-0.0297,0.0126,-3.87,-27.25,14.25,3.52,-82.25,-161.44,5.832777777777777,0.0,52.40572474444445,-1.5223955222222223
,,143.34,,4,289.45,27 / 28,208122,2019-09-08 10:11:14:746,-0.5895,-0.5323,10.0955,0.0045,0.0048,9.8066,-0.0455,-0.1081,0.0692,-4.5,-28.06,14.31,3.26,-82.26,-161.67,5.905555555555555,0.0,52.40572948888889,-1.5224080444444446
,,143.34,,4,289.45,27 / 28,208222,2019-09-08 10:11:14:846,0.1213,-0.8642,10.0323,0.0045,-0.02,9.8066,-0.0471,-0.0292,0.0049,-4.44,-28.37,13.94,3.94,-82.23,-161.18,5.9783333333333335,0.0,52.405734233333334,-1.5224205666666668
,,143.34,,4,289.45,27 / 28,208321,2019-09-08 10:11:14:945,-0.4983,-0.75,9.8496,0.0008,-0.0327,9.8066,-0.0627,-0.0597,-0.0158,-4.62,-28.87,13.88,358.5,-82.03,-161.42,6.051111111111111,0.0,52.40573897777778,-1.5224330888888888
,,143.34,,4,289.45,27 / 28,208421,2019-09-08 10:11:15:045,-0.0777,-0.8076,9.7485,-0.0201,0.0201,9.8065,0.1218,-0.0739,0.0317,-5.37,-28.87,13.63,358.43,-81.99,-161.47,6.123888888888889,0.0,52.405743722222226,-1.522445611111111
,,143.34,,4,289.45,27 / 28,208521,2019-09-08 10:11:15:145,-0.358,-1.9017,9.5757,0.0016,0.019,9.8066,0.051,-0.049,0.021,-4.62,-28.75,14.25,359.37,-82.04,-160.8,6.196666666666666,0.0,52.405748466666665,-1.5224581333333334
,,143.34,,4,289.45,27 / 28,208621,2019-09-08 10:11:15:245,-0.2257,-0.3903,10.128,-0.0023,-0.0012,9.8066,-0.0859,-0.0576,0.0604,-4.69,-28.44,13.94,359.86,-82.07,-160.45,6.269444444444444,0.0,52.40575321111111,-1.5224706555555556
,,143.34,,4,289.45,27 / 28,208721,2019-09-08 10:11:15:345,-0.0075,-1.1847,9.9584,0.0011,0.0206,9.8066,-0.008,-0.0603,0.0837,-4.69,-28.44,13.13,358.27,-82.23,-160.2,6.342222222222222,0.0,52.40575795555556,-1.5224831777777779
,,143.34,,4,289.45,27 / 28,208821,2019-09-08 10:11:15:445,-0.5031,-0.5660000000000001,10.0496,0.0001,-0.0119,9.8066,0.0043,-0.0582,0.0369,-4.56,-28.25,13.31,359.29,-82.21,-159.47,6.415,0.0,52.405762700000004,-1.5224957000000001
,,143.34,,4,289.45,27 / 28,208921,2019-09-08 10:11:15:545,0.1056,-0.5408,9.4922,0.0017,-0.0017,9.8066,0.0509,-0.0508,0.0326,-4.56,-29.12,13.0,359.17,-82.1,-159.54,6.487777777777778,0.0,52.40576744444444,-1.5225082222222222
,,143.34,,4,289.45,27 / 28,209021,2019-09-08 10:11:15:645,0.1172,-0.0885,9.3949,0.0097,0.0043,9.8066,-0.0279,-0.0237,0.0268,-5.06,-28.44,13.0,358.84,-81.98,-159.79,6.560555555555555,0.0,52.40577218888889,-1.5225207444444444
,,143.34,,4,289.45,27 / 28,209121,2019-09-08 10:11:15:745,-0.5339,-1.509,9.5455,-0.0037,0.0081,9.8065,0.0396,-0.1145,0.0828,-4.62,-28.87,13.44,358.49,-81.99,-160.02,6.633333333333333,0.0,52.405776933333335,-1.5225332666666667
,,143.34,,4,289.45,27 / 28,209221,2019-09-08 10:11:15:845,-0.0307,-0.5261,9.9917,0.006,0.0049,9.8066,-0.0573,-0.052,-0.0099,-5.12,-28.5,13.38,358.73,-82.01,-159.87,6.706111111111111,0.0,52.40578167777778,-1.522545788888889
,,143.34,,4,289.45,27 / 28,209322,2019-09-08 10:11:15:946,0.6004,-0.5957,9.2096,-0.0014,0.0277,9.8065,0.0336,-0.0372,-0.0345,-4.94,-27.56,12.56,358.28,-82.15,-160.2,6.778888888888889,0.0,52.40578642222222,-1.5225583111111112
,,143.34,,4,289.45,27 / 28,209421,2019-09-08 10:11:16:045,-0.2001,-0.3726,10.0325,-0.0067,-0.0032,9.8066,-0.0122,-0.0591,0.0534,-4.94,-28.25,12.31,355.67,-82.22,-160.41,6.851666666666667,0.0,52.40579116666667,-1.5225708333333334
,,143.34,,4,289.45,27 / 28,209521,2019-09-08 10:11:16:145,-0.1268,-0.7482,9.5844,-0.0088,0.0043,9.8066,-0.0032,-0.0233,0.0177,-4.31,-28.12,11.38,0.5,-82.27,-159.68,6.924444444444444,0.0,52.40579591111111,-1.5225833555555557
,,143.34,,4,289.45,27 / 28,209622,2019-09-08 10:11:16:246,-0.3939999999999999,-0.9582,9.8911,-0.0004,0.0023,9.8066,-0.0131,-0.008,-0.022,-6.25,-29.12,11.06,348.35,-82.25,-159.32,6.997222222222222,0.0,52.40580065555556,-1.5225958777777777
,,143.34,,4,289.45,27 / 28,209721,2019-09-08 10:11:16:345,0.6735,-0.2485,10.2927,0.0178,-0.0051,9.8066,-0.0271,-0.0461,-0.0283,-5.25,-29.44,11.31,352.5,-82.17,-160.54,7.07,0.0,52.4058054,-1.5226084
,,143.34,,4,289.45,27 / 28,209821,2019-09-08 10:11:16:445,-0.2717,-0.0977,9.414,-0.0012,0.0052,9.8066,-0.0525,-0.0372,0.0199,-6.69,-30.0,11.38,339.45,-82.06,-161.48,7.142777777777778,0.0,52.405810144444445,-1.5226209222222222
,,143.34,,4,289.45,27 / 28,209922,2019-09-08 10:11:16:546,0.3665,-0.7342,10.2106,0.0218,-0.0167,9.8066,-0.0718,-0.0314,-0.0279,-6.75,-30.44,11.38,339.24,-81.97,-161.55,7.2155555555555555,0.0,52.40581488888889,-1.5226334444444445
,,143.34,,4,289.45,27 / 28,210022,2019-09-08 10:11:16:646,0.644,-0.6039,9.6521,0.015,-0.0322,9.8065,-0.1238,-0.0045,-0.0301,-6.81,-30.87,11.88,341.55,-81.72,-162.17,7.288333333333333,0.0,52.40581963333334,-1.5226459666666667
,,143.34,,4,289.45,27 / 28,210121,2019-09-08 10:11:16:745,0.1513,-0.0279999999999999,10.0705,0.0026,0.005,9.8066,0.0289999999999999,-0.021,0.0219,-7.06,-30.94,13.0,344.5,-81.8,-162.45,7.361111111111111,0.0,52.405824377777776,-1.522658488888889
,,143.34,,4,289.45,27 / 28,210222,2019-09-08 10:11:16:846,0.3004,-0.7237,9.785,0.0095,-0.0169,9.8066,0.0118,-0.0412,-0.0026,-8.12,-29.81,12.56,340.16,-81.72,-162.52,7.433888888888889,0.0,52.40582912222222,-1.522671011111111
,,143.34,,4,289.45,27 / 28,210321,2019-09-08 10:11:16:945,-0.3719,-0.7785,10.0704,-0.0121,-0.0062,9.8066,0.0022,-0.0321,-0.0362,-8.31,-29.62,12.38,336.71,-81.64,-162.5,7.506666666666667,0.0,52.40583386666667,-1.5226835333333333
,,143.34,,4,289.45,27 / 28,210421,2019-09-08 10:11:17:045,0.0764,-0.594,9.7347,-0.0116,0.0113,9.8066,0.0603,-0.0667,0.0089,-7.62,-30.37,12.25,337.4,-81.61,-161.98,7.579444444444444,0.0,52.405838611111115,-1.5226960555555555
,,143.34,,4,289.45,27 / 28,210521,2019-09-08 10:11:17:145,1.2593,-1.8824,9.7754,0.0111,-0.019,9.8066,-0.0844,-0.0526,0.0293,-8.31,-30.81,11.31,333.75,-81.59,-161.48,7.652222222222222,0.0,52.405843355555554,-1.5227085777777778
,,143.34,,4,289.45,27 / 28,210622,2019-09-08 10:11:17:246,-0.6346,-0.7,10.1414,0.0036,-0.0041,9.8066,-0.0542,-0.0885,0.0154,-7.37,-32.19,12.19,342.26,-81.52,-161.36,7.725,0.0,52.4058481,-1.5227211
,,143.34,,4,289.45,27 / 28,210722,2019-09-08 10:11:17:346,0.1565,-0.7629,9.9612,0.0159,-0.0054,9.8065,-0.0116,-0.1034,0.0253,-7.94,-31.62,14.38,343.37,-81.51,-161.9,7.797777777777778,0.0,52.405852844444446,-1.5227336222222223
,,143.34,,4,289.45,26 / 28,210821,2019-09-08 10:11:17:445,0.6602,-1.2426,9.296,0.0237,0.0066,9.8066,-0.0221,-0.0624,-0.0524,-7.19,-29.12,15.0,348.44,-81.5,-163.44,7.870555555555556,0.0,52.40585758888889,-1.5227461444444443
,,143.34,,4,289.45,26 / 28,210921,2019-09-08 10:11:17:545,0.1288,-1.0238,9.0569,0.0077,0.004,9.8066,-0.0027,-0.0654,-0.0173,-7.06,-28.31,14.88,346.75,-81.45,-164.79,7.943333333333333,0.0,52.40586233333333,-1.5227586666666666
,,143.34,,4,289.45,26 / 28,211022,2019-09-08 10:11:17:646,0.6218,-1.5463,9.6225,0.0038,0.0057,9.8066,-0.0718,-0.0637,-0.0317,-6.5,-27.44,13.69,347.86,-81.53,-165.66,8.016111111111112,0.0,52.40586707777778,-1.5227711888888888
,,143.34,,4,289.45,26 / 28,211121,2019-09-08 10:11:17:745,-0.2179,-0.278,10.7035,-0.0191,0.0279999999999999,9.8065,0.2046,0.0197,-0.0452,-5.94,-27.5,13.25,343.69,-81.71,-166.99,8.088888888888889,0.0,52.405871822222224,-1.522783711111111
,,143.34,,4,289.45,26 / 28,211221,2019-09-08 10:11:17:845,0.7336,-1.6485,9.9859,0.0071,0.0144,9.8066,0.1507,-0.0969999999999999,0.0968,-5.94,-26.81,12.31,339.91,-81.82,-167.69,8.161666666666667,0.0,52.40587656666667,-1.5227962333333334
,,143.34,,4,289.45,26 / 28,211321,2019-09-08 10:11:17:945,0.4373,-1.2336,9.8015,0.0113,-0.0447,9.8065,-0.0862,-0.0453,-0.0027,-5.69,-27.0,11.19,337.15,-81.46,-166.87,8.234444444444444,0.0,52.40588131111111,-1.5228087555555556
,,143.34,,4,289.45,26 / 28,211421,2019-09-08 10:11:18:045,0.1689999999999999,-0.5335,9.8728,0.003,-0.0257,9.8065,-0.0829,-0.0464,0.0009,-5.69,-27.44,11.44,338.51,-81.47,-165.93,8.307222222222222,0.0,52.405886055555555,-1.5228212777777779
,,143.34,,4,289.45,26 / 28,211521,2019-09-08 10:11:18:145,0.1311,-0.9711,9.2599,0.0021,-0.0051,9.8066,-0.1812,-0.0377,0.0326,-6.06,-27.87,10.44,335.57,-81.62,-164.9,8.38,0.0,52.4058908,-1.5228338
,,143.34,,4,289.45,26 / 28,211621,2019-09-08 10:11:18:245,-0.3946,-0.7385,9.8832,0.0011,-0.0307,9.8065,-0.1376,-0.0096,-0.0323,-5.75,-27.56,11.0,340.85,-81.56,-164.16,8.452777777777778,0.0,52.40589554444445,-1.5228463222222222
,,143.34,,4,289.45,26 / 28,211722,2019-09-08 10:11:18:346,0.1586,-1.9514,9.2573,0.0048,-0.0074,9.8066,0.0228,-0.1085,0.0346,-5.94,-27.31,10.75,340.75,-81.54,-164.44,8.525555555555556,0.0,52.40590028888889,-1.5228588444444444
,,143.34,,4,289.45,27 / 28,211821,2019-09-08 10:11:18:445,0.667,-0.0193,9.9095,0.0006,-0.0048,9.8066,0.0638,-0.037,-0.1072,-5.69,-28.44,11.19,339.78,-81.3,-164.67,8.598333333333333,0.0,52.40590503333333,-1.5228713666666667
,,143.34,,4,289.45,27 / 28,211922,2019-09-08 10:11:18:546,-0.1194,-0.2189,10.1889,0.0089,0.0013,9.8066,-0.0069999999999999,-0.1036,-0.0244,-6.19,-28.69,11.56,341.99,-81.1,-165.3,8.671111111111111,0.0,52.40590977777778,-1.522883888888889
,,143.34,,4,289.45,27 / 28,212021,2019-09-08 10:11:18:645,0.4663,-0.7709999999999999,9.6601,0.0009,-0.0035,9.8066,-0.0376,-0.0422,-0.0689,-6.19,-27.94,10.63,337.75,-81.03,-165.8,8.74388888888889,0.0,52.405914522222226,-1.5228964111111112
,,143.34,,4,289.45,27 / 28,212121,2019-09-08 10:11:18:745,-0.0537,-0.6945,9.5582,0.0052,0.0039,9.8066,0.0269,-0.0544,0.0042,-6.25,-28.75,10.69,336.86,-81.03,-166.11,8.816666666666666,0.0,52.405919266666665,-1.5229089333333332
,,143.34,,4,289.45,27 / 28,212221,2019-09-08 10:11:18:845,0.2754,-0.5849,9.9063,-0.0054,0.0018,9.8066,0.0467,-0.0622,0.0789,-6.31,-29.0,10.25,331.44,-81.01,-166.56,8.889444444444445,0.0,52.40592401111111,-1.5229214555555555
,,143.34,,4,289.45,27 / 28,212321,2019-09-08 10:11:18:945,0.0701,-1.0427,9.5399,0.0077,-0.0001,9.8066,0.0346,-0.0679,0.0393,-5.81,-29.62,11.44,335.2,-80.91,-166.77,8.962222222222222,0.0,52.40592875555556,-1.5229339777777777
,,143.34,,4,289.45,27 / 28,212421,2019-09-08 10:11:19:045,0.1035,-0.4183,9.6545,0.0003,-0.0087,9.8066,0.008,-0.04,-0.006,-6.06,-28.75,11.19,335.53,-80.82,-166.76,9.035,0.0,52.4059335,-1.5229465
,,143.34,,4,289.45,27 / 28,212522,2019-09-08 10:11:19:146,-0.5511,-0.7833,10.1997,-0.0001,0.0033,9.8066,0.0113,-0.0243,-0.0253,-6.19,-28.5,10.69,335.98,-80.86,-166.81,9.107777777777779,0.0,52.40593824444444,-1.5229590222222222
,,143.34,,4,289.45,27 / 28,212622,2019-09-08 10:11:19:246,-0.3113,-0.2447,10.4422,0.0182,-0.0183,9.8065,-0.0811,-0.0528,0.0382,-5.25,-28.94,10.75,341.26,-80.84,-167.01,9.180555555555555,0.0,52.40594298888889,-1.5229715444444445
,,143.34,,4,289.45,27 / 28,212721,2019-09-08 10:11:19:345,-0.2086,0.1911,9.7515,0.004,0.0105,9.8066,0.0993,-0.0515,0.0384,-5.56,-28.94,10.94,334.5,-80.86,-167.48,9.253333333333334,0.0,52.405947733333335,-1.5229840666666667
,,143.34,,4,289.45,27 / 28,212821,2019-09-08 10:11:19:445,0.598,-0.7251,9.5566,-0.006,0.0029,9.8066,0.1173,-0.015,-0.0199,-5.44,-28.37,10.69,340.1,-80.79,-167.95,9.32611111111111,0.0,52.405952477777774,-1.5229965888888888
,,143.34,,4,289.45,27 / 28,212921,2019-09-08 10:11:19:545,0.5102,-0.6474,9.9174,0.0004,0.0106,9.8066,0.0086,-0.0635,-0.0075,-5.81,-28.37,10.63,333.01,-80.72,-168.63,9.398888888888889,0.0,52.40595722222222,-1.523009111111111
,,143.34,,4,289.45,27 / 28,213021,2019-09-08 10:11:19:645,0.2959,-1.215,9.4767,-0.005,0.0176,9.8066,0.0205,-0.0611,0.0063,-5.19,-28.94,10.31,333.82,-80.86,-168.83,9.471666666666668,0.0,52.405961966666666,-1.5230216333333333
,,143.34,,4,289.45,27 / 28,213122,2019-09-08 10:11:19:746,0.2351,-1.1396,9.4967,0.0108,-0.0032,9.8066,-0.0784,-0.0323,-0.0306,-5.0,-28.94,9.81,334.25,-80.98,-168.7,9.544444444444444,0.0,52.40596671111111,-1.5230341555555555
,,143.34,,4,289.45,27 / 28,213221,2019-09-08 10:11:19:845,0.4758,-0.487,9.3522,0.0101,0.0028,9.8066,-0.0924,-0.0169,0.0244,-4.75,-28.62,9.81,332.84,-80.97,-169.57,9.617222222222223,0.0,52.40597145555555,-1.5230466777777778
,,143.34,,4,289.45,27 / 28,213321,2019-09-08 10:11:19:945,-0.1581,0.4815,9.5827,-0.0012,-0.0093,9.8066,0.0867,-0.0122,0.0531,-4.5,-29.31,9.69,339.78,-80.95,-169.76,9.69,0.0,52.4059762,-1.5230592
,,143.34,,4,289.45,27 / 28,213422,2019-09-08 10:11:20:046,0.4043,-0.7645,10.2666,0.0004,-0.0114,9.8066,0.071,-0.0624,0.0724,-4.31,-28.87,10.13,340.4,-80.82,-169.28,9.762777777777778,0.0,52.405980944444444,-1.523071722222222
,,143.34,,4,289.45,27 / 28,213521,2019-09-08 10:11:20:145,-0.7526,0.1804,10.2917,-0.0104,-0.0015,9.8066,-0.005,-0.0051,-0.0167,-4.19,-28.62,9.94,342.15,-80.82,-168.26,9.835555555555556,0.0,52.40598568888889,-1.5230842444444443
,,143.34,,4,289.45,27 / 28,213621,2019-09-08 10:11:20:245,-0.1374,0.9711,9.9983,-0.0008,-0.0004,9.8066,-0.0465,-0.0387,-0.0032,-4.37,-28.44,10.19,342.66,-80.83,-168.23,9.908333333333333,0.0,52.40599043333333,-1.5230967666666666
,,143.34,,4,289.45,27 / 28,213721,2019-09-08 10:11:20:345,0.4557,0.0654,9.7306,-0.0001,0.0049,9.8066,0.0264,-0.0759,0.0605,-4.69,-28.69,10.38,335.09,-80.77,-167.94,9.981111111111112,0.0,52.405995177777775,-1.5231092888888889
,,143.34,,4,289.45,26 / 28,213823,2019-09-08 10:11:20:447,0.3713,0.2368,10.3738,-0.0097,0.0215,9.8065,0.0583,0.0127,-0.0539,-4.37,-28.12,10.44,343.19,-80.8,-167.89,10.053888888888888,0.0,52.40599992222222,-1.5231218111111111
,,143.34,,4,289.45,26 / 28,213922,2019-09-08 10:11:20:546,0.7012,-0.384,10.2526,0.016,-0.0094,9.8066,-0.0312,-0.0473,0.0496,-5.19,-28.5,9.81,334.92,-80.74,-168.36,10.126666666666667,0.0,52.40600466666667,-1.5231343333333334
,,143.34,,4,289.45,26 / 28,214021,2019-09-08 10:11:20:645,-0.0948,-0.7456,9.3545,0.0207,-0.018,9.8066,-0.0693,-0.0158,0.0217,-4.81,-28.12,9.56,333.39,-80.56,-169.1,10.199444444444445,0.0,52.40600941111111,-1.5231468555555556
,,143.34,,4,289.45,26 / 28,214122,2019-09-08 10:11:20:746,-0.3164,0.5067,9.2418,-0.0083,0.0153,9.8066,0.0093,-0.0326,-0.0161,-4.62,-28.25,10.13,333.64,-80.56,-168.95,10.272222222222222,0.0,52.40601415555555,-1.5231593777777777
,,143.34,,4,289.45,26 / 28,214222,2019-09-08 10:11:20:846,-0.2512,-0.0881,9.8276,-0.015,0.0247,9.8065,0.0672,-0.0855,-0.0207,-5.0,-28.31,9.88,333.86,-80.64,-168.91,10.345,0.0,52.4060189,-1.5231719
,,143.34,,4,289.45,26 / 28,214322,2019-09-08 10:11:20:946,-0.07,-0.1159,9.8769,0.0171,-0.0305,9.8065,-0.0701,-0.0426,-0.0256,-4.44,-27.5,10.0,341.88,-80.68,-168.83,10.41777777777778,0.0,52.406023644444446,-1.5231844222222222
,,143.34,,4,289.45,26 / 28,214422,2019-09-08 10:11:21:046,-0.2425,0.18,9.2863,0.0147,-0.025,9.8065,-0.0394,-0.0274,-0.0216,-4.44,-27.31,9.69,341.12,-80.44,-169.08,10.490555555555556,0.0,52.406028388888885,-1.5231969444444444
,,143.34,,4,289.45,26 / 28,214522,2019-09-08 10:11:21:146,-0.3167,-0.2321,9.8915,-0.0066,0.0014,9.8066,0.1001,-0.0367,0.0319,-5.12,-27.62,8.81,327.03,-80.41,-169.22,10.563333333333334,0.0,52.40603313333333,-1.5232094666666667
,,143.34,,4,289.45,26 / 28,214622,2019-09-08 10:11:21:246,-0.0255,-0.2007,10.06,-0.0121,0.0114,9.8066,0.1675,-0.0425,0.0732,-4.31,-28.12,9.13,335.16,-80.46,-169.13,10.636111111111111,0.0,52.40603787777778,-1.523221988888889
,,143.34,,4,289.45,26 / 28,214722,2019-09-08 10:11:21:346,-0.8927,0.2866,9.831,-0.0019,0.0061,9.8066,-0.0358,-0.0258,0.068,-4.87,-28.0,9.25,327.6,-80.44,-168.92,10.70888888888889,0.0,52.40604262222222,-1.523234511111111
,,143.34,,4,289.45,26 / 28,214821,2019-09-08 10:11:21:445,0.0481,-0.1717,9.1484,-0.0232,0.009,9.8065,0.043,-0.0051,0.011,-5.25,-28.0,9.19,328.45,-80.5,-168.51,10.781666666666668,0.0,52.40604736666666,-1.5232470333333332
,,143.34,,4,289.45,26 / 27,214921,2019-09-08 10:11:21:545,-0.3006,0.6416,10.0617,0.0113,-0.0269,9.8065,0.1017,-0.0681,0.0827,-5.19,-27.56,9.63,334.39,-80.45,-168.36,10.854444444444445,0.0,52.40605211111111,-1.5232595555555555
,,143.34,,4,289.45,26 / 27,215022,2019-09-08 10:11:21:646,0.1695,-0.6959,9.4138,0.0075,-0.0336,9.8065,0.0543,-0.0219,0.0298,-5.5,-27.94,9.38,329.22,-80.06,-167.4,10.927222222222223,0.0,52.406056855555555,-1.5232720777777777
,,143.34,,4,289.45,26 / 27,215121,2019-09-08 10:11:21:745,0.4287,0.2663,9.1642,-0.0208,0.0114,9.8066,-0.0483,-0.0616,0.0745,-6.25,-28.56,8.94,321.48,-80.01,-167.46,11.0,0.0,52.4060616,-1.5232846
,,143.34,,4,289.45,26 / 27,215221,2019-09-08 10:11:21:845,-1.6625,0.2944,9.4799,-0.0238,0.0217,9.8065,-0.0185,-0.0386,0.001,-6.81,-28.19,9.38,319.29,-80.28,-166.64,11.072777777777778,0.0,52.40606634444444,-1.5232971222222222
,,143.34,,4,289.45,26 / 27,215321,2019-09-08 10:11:21:945,0.3342,-0.8512,10.1201,0.0216,-0.0129,9.8066,-0.0327,-0.037,-0.0233,-5.69,-27.37,10.44,329.81,-80.25,-167.45,11.145555555555557,0.0,52.406071088888886,-1.5233096444444443
,,143.34,,4,289.45,26 / 27,215421,2019-09-08 10:11:22:045,0.7773,-0.3044,9.5947,0.0243,-0.0388,9.8065,-0.0699,0.0014,-0.0264,-4.25,-27.5,10.38,342.58,-80.15,-167.99,11.218333333333334,0.0,52.40607583333333,-1.5233221666666665
,,143.34,,4,289.45,26 / 27,215521,2019-09-08 10:11:22:145,-0.9013,-0.3118,9.5247,-0.0352,0.031,9.8065,0.064,-0.0349,-0.0205,-3.75,-26.5,9.25,337.87,-80.02,-167.92,11.291111111111112,0.0,52.40608057777778,-1.5233346888888888
,,143.34,,4,289.45,26 / 27,215622,2019-09-08 10:11:22:246,-0.7973,0.4952,9.9432,-0.0219,0.016,9.8065,0.0254,-0.0477,0.0308,-5.0,-27.06,8.5,331.77,-80.28,-166.71,11.363888888888889,0.0,52.40608532222222,-1.523347211111111
,,143.34,,4,289.45,26 / 27,215722,2019-09-08 10:11:22:346,-0.1903,-0.8243,10.2584,-0.006,-0.0119,9.8066,-0.0371,-0.0332,0.016,-4.94,-27.62,7.81,324.85,-80.24,-165.84,11.436666666666667,0.0,52.406090066666664,-1.5233597333333333
,,143.34,,4,289.45,24 / 26,215821,2019-09-08 10:11:22:445,-0.8032,0.0407,9.7515,0.0145,-0.0242,9.8065,-0.0809,-0.0766,0.0195,-5.69,-26.69,8.5,328.19,-80.23,-164.79,11.509444444444446,0.0,52.40609481111111,-1.5233722555555556
,,143.34,,4,289.45,24 / 26,215921,2019-09-08 10:11:22:545,-0.1588,-0.7317,10.2193,-0.0062,-0.0078,9.8066,0.065,-0.057,0.055,-5.62,-27.37,7.5,320.71,-79.97,-164.56,11.582222222222223,0.0,52.406099555555556,-1.5233847777777778
,,143.34,,4,289.45,24 / 26,216021,2019-09-08 10:11:22:645,-0.8027,-0.3058,10.0707,0.0075,-0.0066,9.8066,-0.0467,-0.0662,-0.0237,-5.69,-28.31,7.75,319.84,-79.87,-164.2,11.655000000000001,0.0,52.406104299999996,-1.5233972999999998
,,143.34,,4,289.45,24 / 26,216122,2019-09-08 10:11:22:746,-0.5361,-0.9988,10.0184,-0.0061,-0.0031,9.8066,-0.0286,-0.0889,0.0234,-6.06,-28.31,8.69,327.16,-79.87,-164.39,11.727777777777778,0.0,52.40610904444444,-1.523409822222222
,,143.34,,4,289.45,24 / 26,216222,2019-09-08 10:11:22:846,-0.748,-0.5393,9.7018,-0.0016,0.0035,9.8066,0.0378,-0.0289999999999999,-0.0349,-6.31,-28.44,8.63,327.78,-79.9,-164.06,11.800555555555556,0.0,52.40611378888889,-1.5234223444444444
,,143.34,,4,289.45,24 / 26,216322,2019-09-08 10:11:22:946,-1.2211,-0.2858,10.1469,0.0043,-0.0117,9.8066,0.0246,-0.0674,0.0356,-6.06,-28.37,8.81,328.45,-79.91,-163.67,11.873333333333335,0.0,52.406118533333334,-1.5234348666666666
,,143.34,,4,289.45,24 / 26,216422,2019-09-08 10:11:23:046,-0.5479999999999999,-1.0537,9.9541,0.0163,-0.0082,9.8066,0.015,-0.1207,0.0068,-5.87,-27.87,8.06,320.97,-79.9,-163.59,11.946111111111112,0.0,52.40612327777777,-1.5234473888888889
,,143.34,,4,289.45,24 / 26,216521,2019-09-08 10:11:23:145,0.1313,-0.1484,9.9535,-0.0036,-0.0017,9.8066,0.0397,-0.0403,-0.0335,-6.37,-28.25,8.0,320.73,-79.87,-163.69,12.01888888888889,0.0,52.40612802222222,-1.5234599111111111
,,143.34,,4,289.45,24 / 26,216621,2019-09-08 10:11:23:245,-0.3179,0.5197,9.6112,0.0128,-0.005,9.8066,0.0395,-0.1277,0.0694,-6.0,-27.87,9.06,327.96,-79.81,-163.82,12.091666666666667,0.0,52.406132766666666,-1.5234724333333332
,,143.34,,4,289.45,24 / 26,216721,2019-09-08 10:11:23:345,-1.139,-1.2929,9.8699,-0.0041,-0.0061,9.8066,0.0409999999999999,-0.0849,0.0306,-5.87,-27.06,8.06,321.07,-79.79,-163.99,12.164444444444445,0.0,52.40613751111111,-1.5234849555555554
,,143.34,,4,289.45,24 / 26,216821,2019-09-08 10:11:23:445,-0.9456,-0.1174,9.6575,0.0051,-0.0044,9.8066,-0.0675,-0.0804,0.0275,-6.56,-26.69,8.13,316.78,-79.87,-163.64,12.237222222222224,0.0,52.40614225555555,-1.5234974777777777
,,145.61,12.31,4,313.84,24 / 25,216922,2019-09-08 10:11:23:546,-1.2526,-0.5004,10.3372,-0.0262,0.0189,9.8065,-0.001,-0.0832,0.0264,-6.31,-26.12,7.88,324.02,-80.05,-163.31,12.31,0.0,52.406147,-1.52351
,,145.61,,4,313.84,24 / 25,217021,2019-09-08 10:11:23:645,-0.2899,0.1656,11.0109,0.0677,0.0036,9.8063,-0.0489,-0.3183,0.1948,-7.37,-26.62,6.0,298.55,-79.8,-164.19,12.321111111111112,0.0,52.406155811111105,-1.5235227444444444
,,145.61,,4,313.84,24 / 25,217121,2019-09-08 10:11:23:745,-2.4082,-0.5239,8.6804,0.071,-0.0143,9.8063,-0.0882,-0.033,-0.063,-8.81,-27.19,6.31,295.11,-79.65,-163.91,12.332222222222223,0.0,52.40616462222222,-1.5235354888888888
,,145.61,,4,313.84,24 / 25,217222,2019-09-08 10:11:23:846,0.9645,0.4751,8.8946,-0.0351,0.0325,9.8065,0.1386,-0.2204,0.1709,-8.81,-28.12,6.81,300.14,-79.48,-164.19,12.343333333333334,0.0,52.40617343333333,-1.5235482333333332
,,145.61,,4,313.84,24 / 25,217321,2019-09-08 10:11:23:945,-0.3895,-1.4973,9.9511,-0.0304,0.0101,9.8066,0.0921,-0.1258,0.0922,-8.69,-28.87,6.38,292.53,-79.78,-164.38,12.354444444444445,0.0,52.406182244444445,-1.5235609777777777
,,145.61,,4,313.84,24 / 25,217421,2019-09-08 10:11:24:045,-0.6461,-0.1325,9.2272,-0.0227,-0.0042,9.8066,-0.0525,-0.1152,0.0883,-9.19,-28.75,6.31,293.3,-79.86,-164.0,12.365555555555556,0.0,52.40619105555555,-1.523573722222222
,,145.61,,4,313.84,24 / 25,217521,2019-09-08 10:11:24:145,-0.0651,-1.158,9.526,-0.0249,-0.0077,9.8066,0.0581,-0.1029,0.0425,-8.5,-28.81,6.06,297.5,-80.09,-162.4,12.376666666666667,0.0,52.40619986666666,-1.5235864666666665
,,145.61,,4,313.84,24 / 25,217621,2019-09-08 10:11:24:245,-0.5029,-1.1795,9.5035,-0.0019,-0.0117,9.8065,0.0269,-0.1019,0.0724,-8.94,-29.0,6.56,304.13,-80.07,-161.83,12.387777777777778,0.0,52.40620867777778,-1.523599211111111
,,145.61,,4,313.84,24 / 25,217721,2019-09-08 10:11:24:345,0.0728,-0.6243,9.789,-0.0115,-0.0052,9.8066,0.0734,-0.0433,0.0146,-8.69,-28.19,6.44,298.97,-80.01,-160.93,12.398888888888889,0.0,52.406217488888885,-1.5236119555555554
,,145.61,,4,313.84,24 / 25,217821,2019-09-08 10:11:24:445,-0.0775,-1.4834,9.6885,0.0141,-0.0121,9.8066,-0.106,-0.0712,0.0228,-9.12,-28.81,6.06,298.17,-79.92,-160.39,12.41,0.0,52.4062263,-1.5236246999999998
,,145.61,,4,313.84,23 / 25,217922,2019-09-08 10:11:24:546,-0.377,-0.9673,9.9218,0.0056,-0.0109,9.8066,-0.0663,-0.046,0.0206,-9.25,-28.62,6.5,306.26,-79.84,-159.74,12.421111111111111,0.0,52.40623511111111,-1.5236374444444443
,,145.61,,4,313.84,23 / 25,218022,2019-09-08 10:11:24:646,-0.5541,-1.0097,9.6833,0.0048,-0.0064,9.8065,0.0269,-0.0842,0.0193,-9.37,-28.94,6.0,299.22,-79.81,-159.3,12.432222222222222,0.0,52.406243922222224,-1.5236501888888887
,,145.61,,4,313.84,23 / 25,218122,2019-09-08 10:11:24:746,-0.8426,-0.8412,9.913,0.0238,-0.0073,9.8066,-0.104,-0.0863,0.0145,-9.5,-29.62,5.44,289.64,-79.68,-159.22,12.443333333333333,0.0,52.40625273333333,-1.5236629333333334
,,145.61,,4,313.84,23 / 25,218221,2019-09-08 10:11:24:845,-0.7367,-0.6571,9.6631,-0.0164,0.001,9.8066,0.0763,-0.0814,0.0065,-9.62,-28.69,6.13,298.33,-79.71,-158.93,12.454444444444444,0.0,52.40626154444444,-1.5236756777777778
,,145.61,,4,313.84,23 / 25,218321,2019-09-08 10:11:24:945,0.0781,-0.4944,9.9202,-0.0078,-0.0001,9.8066,0.011,-0.0879,0.0231,-9.19,-29.12,5.63,299.75,-79.74,-158.74,12.465555555555556,0.0,52.406270355555556,-1.5236884222222222
,,145.61,,4,313.84,23 / 25,218422,2019-09-08 10:11:25:046,-0.355,0.0227,9.7483,-0.0046,-0.0033,9.8066,-0.0409,-0.0723,-0.0001,-8.94,-28.69,5.38,292.2,-79.74,-158.45,12.476666666666667,0.0,52.406279166666664,-1.5237011666666667
,,145.61,,4,313.84,23 / 25,218521,2019-09-08 10:11:25:145,-1.0994,-0.1735,10.0825,-0.0139,-0.0107,9.8065,0.0037,-0.0478,0.0291,-9.31,-29.19,5.31,293.66,-79.77,-157.37,12.487777777777778,0.0,52.40628797777778,-1.523713911111111
,,145.61,,4,313.84,23 / 25,218621,2019-09-08 10:11:25:245,-0.1818,-0.4335,10.5987,0.0307,-0.0213,9.8065,-0.1134,-0.0296,-0.009,-10.12,-29.0,5.19,294.1,-79.48,-156.11,12.498888888888889,0.0,52.40629678888889,-1.5237266555555555
,,145.61,,4,313.84,23 / 25,218722,2019-09-08 10:11:25:346,-1.3127,0.4566,9.9082,0.0155,-0.0041,9.8066,-0.0605,-0.0148,0.0071,-10.5,-29.31,5.56,301.71,-79.44,-155.71,12.51,0.0,52.406305599999996,-1.5237394
,,145.61,,4,313.84,23 / 25,218822,2019-09-08 10:11:25:446,1.0719,-0.6338,10.1323,0.0271,-0.0004,9.8066,-0.0496,0.017,-0.038,-10.0,-28.94,5.63,301.57,-79.33,-155.55,12.52111111111111,0.0,52.40631441111111,-1.5237521444444444
,,145.61,,4,313.84,24 / 26,218921,2019-09-08 10:11:25:545,-1.2106,0.2946,10.0284,0.0154,0.0009,9.8066,-0.003,-0.0024,-0.0153,-10.06,-29.56,5.69,298.71,-79.18,-156.39,12.532222222222222,0.0,52.40632322222222,-1.5237648888888888
,,145.61,,4,313.84,24 / 26,219021,2019-09-08 10:11:25:645,0.2839,0.1763,9.9596,0.0113,-0.0058,9.8066,0.0272,-0.0395,0.0367,-10.5,-29.37,5.88,299.42,-79.06,-156.46,12.543333333333333,0.0,52.406332033333335,-1.5237776333333333
,,145.61,,4,313.84,24 / 26,219121,2019-09-08 10:11:25:745,0.6491,-0.1096,9.2541,-0.0047,0.0052,9.8066,0.0327,-0.0336,-0.0073,-9.5,-29.19,6.25,300.11,-79.0,-156.45,12.554444444444444,0.0,52.40634084444444,-1.5237903777777777
,,145.61,,4,313.84,24 / 26,219222,2019-09-08 10:11:25:846,-2.289,1.0594,9.9673,-0.0346,0.0052,9.8065,0.0975,-0.0419,-0.0211,-9.31,-28.75,6.06,301.45,-79.18,-156.0,12.565555555555557,0.0,52.40634965555555,-1.5238031222222221
,,145.61,,4,313.84,24 / 26,219322,2019-09-08 10:11:25:946,-0.4119,-0.7966,10.4806,-0.0085,0.009,9.8066,0.1128,-0.0321,0.0399,-9.19,-29.12,5.69,300.41,-79.14,-156.61,12.576666666666668,0.0,52.40635846666667,-1.5238158666666666
,,145.61,,4,313.84,24 / 26,219421,2019-09-08 10:11:26:045,-1.1139,0.7036,10.5262,-0.0041,0.0035,9.8066,0.1484,0.025,-0.0325,-10.0,-29.12,5.69,297.46,-78.91,-157.54,12.587777777777779,0.0,52.406367277777775,-1.523828611111111
,,145.61,,4,313.84,24 / 26,219521,2019-09-08 10:11:26:145,-0.6225,-0.8255,9.7497,0.0033,0.0042,9.8066,-0.0193,-0.0387,0.005,-9.31,-28.44,5.56,298.83,-78.81,-157.86,12.59888888888889,0.0,52.40637608888889,-1.5238413555555554
,,145.61,,4,313.84,24 / 26,219621,2019-09-08 10:11:26:245,-0.3959,-0.8089,8.9587,-0.0299,-0.0149,9.8065,-0.1207,0.0312,0.038,-9.25,-28.56,5.19,289.95,-78.91,-157.58,12.610000000000001,0.0,52.4063849,-1.5238540999999999
,,145.61,,4,313.84,24 / 26,219721,2019-09-08 10:11:26:345,-0.7619,0.3804,9.915,-0.0594,-0.0289999999999999,9.8064,0.0423,0.0339,0.0475,-9.31,-28.25,5.38,295.87,-79.23,-155.14,12.621111111111112,0.0,52.406393711111114,-1.5238668444444443
,,145.61,,4,313.84,24 / 26,219821,2019-09-08 10:11:26:445,-0.2825,-0.955,9.6162,0.0431,-0.0151,9.8065,-0.0416,0.084,-0.0256,-9.62,-28.5,5.06,296.87,-79.24,-154.26,12.632222222222223,0.0,52.40640252222222,-1.5238795888888887
,,145.61,,4,313.84,23 / 26,219921,2019-09-08 10:11:26:545,-1.0794,-0.626,10.5482,0.0301,-0.0044,9.8066,0.0145,-0.0248,0.0405,-9.62,-29.0,5.38,293.29,-78.76,-154.7,12.643333333333334,0.0,52.40641133333333,-1.5238923333333332
,,145.61,,4,313.84,23 / 26,220021,2019-09-08 10:11:26:645,1.0699,0.2775,10.2666,0.0294,-0.0034,9.8065,-0.0751,-0.0048,-0.0097,-9.62,-29.31,5.94,300.08,-78.59,-154.79,12.654444444444445,0.0,52.406420144444446,-1.5239050777777776
,,145.61,,4,313.84,23 / 26,220121,2019-09-08 10:11:26:745,-0.2088,0.3125,10.0034,-0.0043,0.0052,9.8066,-0.0381,-0.054,0.026,-10.12,-29.81,6.0,298.35,-78.54,-154.93,12.665555555555557,0.0,52.406428955555555,-1.523917822222222
,,145.61,,4,313.84,23 / 26,220221,2019-09-08 10:11:26:845,-0.284,0.5313,9.2644,0.0201,0.0117,9.8066,-0.138,-0.0065,0.0172,-10.12,-29.5,5.13,292.75,-78.63,-154.75,12.676666666666668,0.0,52.40643776666667,-1.5239305666666665
,,145.61,,4,313.84,23 / 26,220322,2019-09-08 10:11:26:946,-1.0859,0.1991,8.8553,0.0027,-0.0047,9.8066,-0.0994,0.0148,-0.0104,-10.06,-30.06,5.13,291.3,-78.65,-154.85,12.687777777777779,0.0,52.40644657777778,-1.5239433111111111
,,145.61,,4,313.84,23 / 26,220422,2019-09-08 10:11:27:046,-0.6629999999999999,1.3795,8.7767,-0.0096,-0.0119,9.8066,0.0262,-0.0552,0.1075,-10.37,-30.06,4.56,293.17,-78.83,-153.95,12.69888888888889,0.0,52.40645538888889,-1.5239560555555556
,,145.61,,4,313.84,23 / 26,220522,2019-09-08 10:11:27:146,-1.1256,0.2788,10.1027,0.0078,-0.0249,9.8065,-0.065,0.0245,0.0357,-10.31,-29.56,4.31,287.37,-78.79,-152.37,12.71,0.0,52.4064642,-1.5239688
,,145.61,,4,313.84,23 / 26,220621,2019-09-08 10:11:27:245,-1.5456,-0.1428,11.2983,0.0114,-0.0151,9.8066,0.1874,-0.0181,0.0172,-10.69,-29.94,4.69,296.28,-78.61,-151.16,12.721111111111112,0.0,52.40647301111111,-1.5239815444444444
,,145.61,,4,313.84,23 / 26,220721,2019-09-08 10:11:27:345,-0.7827,-0.3221,11.5513,0.0543,-0.0171,9.8065,0.1238,0.0412,-0.0497,-11.12,-29.69,5.5,300.81,-78.01,-151.5,12.732222222222223,0.0,52.406481822222226,-1.5239942888888889
,,145.61,,4,313.84,25 / 26,220821,2019-09-08 10:11:27:445,-0.9496,-0.1698,10.2397,0.0131,0.0159,9.8066,0.0251,0.0553,-0.0364,-11.56,-29.06,5.88,298.77,-77.69,-152.94,12.743333333333334,0.0,52.406490633333334,-1.5240070333333333
,,145.61,,4,313.84,25 / 26,220922,2019-09-08 10:11:27:546,0.4483,-0.0444,9.4366,-0.013,0.0185,9.8066,-0.0279999999999999,-0.0133,0.0282,-11.12,-29.69,5.19,288.87,-77.74,-154.54,12.754444444444445,0.0,52.40649944444444,-1.5240197777777778
,,145.61,,4,313.84,25 / 26,221021,2019-09-08 10:11:27:645,-0.8873,-0.1779,9.4353,-0.0227,0.0097,9.8066,0.0431,-0.0097,0.0085,-10.81,-30.94,4.75,287.97,-77.93,-154.72,12.765555555555556,0.0,52.40650825555556,-1.5240325222222222
,,145.61,,4,313.84,25 / 26,221122,2019-09-08 10:11:27:746,0.0537,0.1404,9.6945,-0.0115,0.0062,9.8066,0.0317,-0.0088,0.0127,-10.31,-30.62,4.75,287.69,-78.17,-155.02,12.776666666666667,0.0,52.406517066666666,-1.5240452666666666
,,145.61,,4,313.84,25 / 26,221222,2019-09-08 10:11:27:846,-0.5544,0.3867,8.9728,-0.0299,0.0007,9.8066,0.02,-0.0615,0.0086,-10.37,-31.06,4.88,287.35,-78.06,-154.9,12.787777777777778,0.0,52.40652587777778,-1.524058011111111
,,145.61,,4,313.84,25 / 26,221321,2019-09-08 10:11:27:945,-0.0925,0.2307,9.0855,-0.0152,-0.0046,9.8066,-0.0309,0.0259,-0.0503,-10.31,-32.44,4.5,287.13,-78.23,-154.44,12.79888888888889,0.0,52.40653468888889,-1.5240707555555555
,,145.61,,4,313.84,25 / 26,221421,2019-09-08 10:11:28:045,-0.9543,0.3203,9.2075,-0.0365,-0.0021,9.8065,0.0566,0.0285,-0.0005,-9.69,-32.31,5.38,288.68,-78.58,-154.39,12.81,0.0,52.406543500000005,-1.5240835
,,145.61,,4,313.84,25 / 26,221521,2019-09-08 10:11:28:145,-2.2137,0.2894,9.6352,0.0073,0.0047,9.8066,-0.0337,-0.1009999999999999,0.0712,-9.69,-32.06,4.63,288.92,-78.66,-154.5,12.821111111111112,0.0,52.40655231111111,-1.5240962444444444
,,145.61,,4,313.84,25 / 26,221621,2019-09-08 10:11:28:245,-2.0326,0.8202,9.3912,-0.0295,0.0121,9.8066,0.0445,-0.123,0.1347,-9.87,-32.62,5.06,287.52,-78.52,-153.93,12.832222222222223,0.0,52.40656112222222,-1.5241089888888888
,,145.61,,4,313.84,25 / 26,221722,2019-09-08 10:11:28:346,0.5445,-0.9375,9.0203,0.0173,-0.0004,9.8065,-0.0626,-0.0763,0.0845,-10.5,-32.25,6.06,296.91,-78.4,-153.55,12.843333333333334,0.0,52.40656993333334,-1.5241217333333332
,,145.61,,4,313.84,25 / 26,221822,2019-09-08 10:11:28:446,0.4165,0.843,9.3318,0.0059,0.006,9.8066,0.0385,-0.1051,0.0942,-10.69,-31.56,6.0,296.99,-78.3,-153.14,12.854444444444445,0.0,52.406578744444445,-1.5241344777777777
,,145.61,,4,313.84,23 / 25,221921,2019-09-08 10:11:28:545,-0.5803,-1.3369,9.9783,-0.0234,-0.0011,9.8065,0.0596,-0.0929,0.0142,-10.56,-30.31,6.56,306.57,-78.33,-153.07,12.865555555555556,0.0,52.40658755555556,-1.524147222222222
,,145.61,,4,313.84,23 / 25,222022,2019-09-08 10:11:28:646,-0.7872,0.2822,9.7806,0.0147,0.019,9.8065,0.0441,-0.1394,0.0953,-10.44,-29.87,5.94,298.7,-78.28,-154.0,12.876666666666667,0.0,52.40659636666667,-1.5241599666666665
,,145.61,,4,313.84,23 / 25,222121,2019-09-08 10:11:28:745,1.2561,0.6312,9.6661,0.0435,0.0028,9.8065,-0.0475,-0.0252,-0.0363,-10.25,-30.56,5.69,297.07,-78.26,-154.08,12.887777777777778,0.0,52.40660517777778,-1.524172711111111
,,145.61,,4,313.84,23 / 25,222221,2019-09-08 10:11:28:845,-3.5632,-2.0215,10.6973,-0.0514,0.0136,9.8064,0.2798,0.1695,-0.3017,-10.56,-30.06,5.25,291.7,-78.48,-154.39,12.898888888888889,0.0,52.40661398888889,-1.5241854555555554
,,145.61,,4,313.84,23 / 25,222321,2019-09-08 10:11:28:945,-1.0803,-1.4733,10.9006,0.0041,0.0015,9.8066,0.0137,-0.0458,0.1035,-10.06,-29.94,5.69,297.24,-78.6,-155.92,12.91,0.0,52.4066228,-1.5241981999999998
,,145.61,,4,313.84,23 / 25,222422,2019-09-08 10:11:29:046,0.0817,2.775,8.9335,0.0256,0.0216,9.8065,-0.062,0.0205,0.0949,-10.12,-29.06,5.25,290.05,-78.63,-156.88,12.921111111111111,0.0,52.406631611111116,-1.5242109444444443
,,145.61,,4,313.84,23 / 25,222522,2019-09-08 10:11:29:146,1.1258,1.9475,8.804,0.0096,-0.0129,9.8066,0.018,0.1059,-0.091,-10.25,-28.87,5.38,289.44,-78.52,-157.06,12.932222222222222,0.0,52.406640422222225,-1.5242236888888887
,,145.61,,4,313.84,23 / 25,222622,2019-09-08 10:11:29:246,-0.4801,0.3067,8.7476,-0.0308,0.0075,9.8066,-0.0468,-0.0907,-0.0422,-10.5,-29.31,5.63,297.75,-78.83,-157.12,12.943333333333333,0.0,52.40664923333333,-1.5242364333333334
,,145.61,,4,313.84,23 / 25,222722,2019-09-08 10:11:29:346,0.6525,0.4977,8.8752,-0.0636,0.0044,9.8064,0.051,-0.0197,-0.0746,-10.37,-29.0,5.06,291.9,-79.17,-156.96,12.954444444444444,0.0,52.40665804444445,-1.5242491777777778
,,145.61,,4,313.84,23 / 25,222821,2019-09-08 10:11:29:445,0.8052,0.9881,9.7658,0.0347,-0.0057,9.8065,-0.0585,-0.0179,0.0772,-9.81,-29.12,5.13,292.95,-79.33,-156.59,12.965555555555556,0.0,52.40666685555556,-1.5242619222222222
,,145.61,,4,313.84,24 / 25,222921,2019-09-08 10:11:29:545,-0.8017,-0.0724,9.7577,0.0211,-0.0277,9.8065,-0.0051,0.0146,-0.0048,-10.19,-29.37,5.06,293.46,-79.08,-155.47,12.976666666666667,0.0,52.40667566666667,-1.5242746666666667
,,145.61,,4,313.84,24 / 25,223021,2019-09-08 10:11:29:645,0.3282,1.2967,9.9439,0.0028,-0.009,9.8066,-0.0119,-0.0559999999999999,0.0279,-9.87,-29.19,4.81,293.31,-79.01,-155.41,12.987777777777778,0.0,52.40668447777778,-1.524287411111111
,,145.61,,4,313.84,24 / 25,223122,2019-09-08 10:11:29:746,-1.0601,-0.5801,10.5042,0.0105,-0.0079,9.8066,-0.0213,-0.051,0.1066,-10.75,-29.62,5.5,298.91,-78.84,-154.92,12.998888888888889,0.0,52.40669328888889,-1.5243001555555555
,,145.61,,4,313.84,24 / 25,223221,2019-09-08 10:11:29:845,0.1923,0.5279,9.675,0.0073,0.0071,9.8066,0.0253,-0.001,0.0684,-11.31,-30.12,5.0,292.31,-78.64,-154.34,13.01,0.0,52.406702100000004,-1.5243129
,,145.61,,4,313.84,24 / 25,223321,2019-09-08 10:11:29:945,0.327,-0.0286,9.8704,-0.0027,-0.0109,9.8065,-0.0385,-0.0408,0.05,-10.31,-29.44,4.5,293.61,-78.68,-154.23,13.02111111111111,0.0,52.40671091111111,-1.5243256444444444
,,145.61,,4,313.84,24 / 25,223421,2019-09-08 10:11:30:045,0.1119,-0.4937,9.4839,-0.0093,0.0055,9.8065,-0.1905,-0.0719,-0.0279,-10.37,-30.0,5.38,294.75,-78.96,-153.13,13.032222222222222,0.0,52.40671972222223,-1.5243383888888888
,,145.61,,4,313.84,24 / 25,223521,2019-09-08 10:11:30:145,-1.6307,0.7572,9.6985,-0.0135,0.0177,9.8066,-0.0626,-0.0171,-0.0494,-10.56,-29.19,4.94,296.84,-79.29,-153.4,13.043333333333333,0.0,52.406728533333336,-1.5243511333333333
,,145.61,,4,313.84,24 / 25,223621,2019-09-08 10:11:30:245,0.1439,-0.0273,10.528,0.047,0.0019,9.8065,-0.0322,0.0929,-0.0151,-11.25,-29.37,5.0,294.53,-78.99,-154.46,13.054444444444446,0.0,52.40673734444445,-1.5243638777777777
,,145.61,,4,313.84,24 / 25,223721,2019-09-08 10:11:30:345,-0.664,-0.5478,10.2844,0.053,-0.017,9.8064,-0.06,0.0054,0.0599,-11.37,-28.94,5.13,293.28,-78.82,-155.01,13.065555555555557,0.0,52.40674615555556,-1.5243766222222221
,,145.61,,4,313.84,23 / 25,223822,2019-09-08 10:11:30:446,-0.3101,0.0452,9.9485,-0.0559,0.0021,9.8064,0.0516,-0.0565,-0.0617,-10.94,-29.44,4.31,286.8,-78.82,-154.97,13.076666666666668,0.0,52.40675496666667,-1.5243893666666666
,,145.61,,4,313.84,23 / 25,223921,2019-09-08 10:11:30:545,-1.8502,0.3846,9.5326,-0.0156,0.0072,9.8066,-0.0054,0.0157,-0.0508,-10.87,-30.0,4.38,287.13,-79.24,-154.88,13.087777777777779,0.0,52.40676377777778,-1.524402111111111
,,145.61,,4,313.84,23 / 25,224022,2019-09-08 10:11:30:646,-0.7526,0.6159,10.7275,0.0293,-0.0068,9.8066,-0.0691,0.0546,0.0118,-10.56,-30.19,4.19,287.03,-79.12,-154.59,13.09888888888889,0.0,52.40677258888889,-1.5244148555555554
,,145.61,,4,313.84,23 / 25,224122,2019-09-08 10:11:30:746,-0.9326,-0.953,9.7331,0.0277,0.0002,9.8066,0.0103,-0.0797,0.0781,-10.94,-30.0,4.81,293.67,-79.13,-154.57,13.110000000000001,0.0,52.40678140000001,-1.5244275999999999
,,145.61,,4,313.84,23 / 25,224221,2019-09-08 10:11:30:845,-0.4268,-0.0861,10.205,0.0058,0.0081,9.8066,-0.1292,-0.0081,0.0131,-11.12,-30.31,5.75,299.41,-78.9,-154.7,13.121111111111112,0.0,52.406790211111115,-1.5244403444444443
,,145.61,,4,313.84,23 / 25,224322,2019-09-08 10:11:30:946,-1.5408,-0.8575,10.6682,-0.0265,0.008,9.8065,-0.0824,-0.0826,0.0966,-11.12,-30.69,4.94,291.51,-79.06,-155.16,13.132222222222223,0.0,52.40679902222222,-1.5244530888888888
,,145.61,,4,313.84,23 / 25,224422,2019-09-08 10:11:31:046,-1.4972,0.7718,10.1554,0.0104,0.0329,9.8065,0.0671,-0.0596,-0.0079,-10.56,-29.81,5.19,292.52,-79.09,-155.39,13.143333333333334,0.0,52.40680783333334,-1.5244658333333332
,,145.61,,4,313.84,23 / 25,224522,2019-09-08 10:11:31:146,-1.433,0.0055,10.6616,0.0079,0.0269,9.8066,0.0709,0.06,-0.1581,-10.31,-30.06,5.63,297.2,-79.31,-157.86,13.154444444444445,0.0,52.40681664444445,-1.5244785777777776
,,145.61,,4,313.84,23 / 25,224621,2019-09-08 10:11:31:245,-1.5773,0.95,10.5438,0.0164,0.0227,9.8065,0.099,-0.024,-0.049,-9.06,-29.75,5.13,287.32,-79.36,-160.01,13.165555555555557,0.0,52.40682545555556,-1.524491322222222
,,145.61,,4,313.84,23 / 25,224721,2019-09-08 10:11:31:345,-1.0225,0.0558,10.4215,0.0386,0.0275,9.8065,-0.052,-0.0385,0.0988,-10.0,-29.44,4.81,285.72,-79.12,-161.94,13.176666666666668,0.0,52.40683426666667,-1.5245040666666665
,,145.61,,4,313.84,24 / 27,224821,2019-09-08 10:11:31:445,0.8277,1.3325,9.5453,0.0051,-0.0023,9.8066,-0.1481,-0.0699,0.1327,-9.75,-28.87,5.19,286.88,-79.09,-160.86,13.187777777777779,0.0,52.40684307777778,-1.5245168111111111
,,145.61,,4,313.84,24 / 27,224922,2019-09-08 10:11:31:546,-1.7007,0.5233,9.1067,-0.0182,-0.0401,9.8065,-0.1642,0.0256,0.01,-10.31,-30.0,5.31,289.32,-79.25,-158.25,13.19888888888889,0.0,52.406851888888895,-1.5245295555555556
,,145.61,,4,313.84,24 / 27,225021,2019-09-08 10:11:31:645,-0.5981,0.1285,9.6271,-0.0003,-0.0167,9.8066,-0.1245,-0.0045,0.0256,-10.87,-30.37,4.75,293.47,-79.47,-155.64,13.21,0.0,52.4068607,-1.5245423
,,145.61,,4,313.84,24 / 27,225121,2019-09-08 10:11:31:745,-1.8008,0.3825,9.6108,0.0064,-0.0031,9.8066,-0.0728,0.0378,0.0086,-10.31,-30.81,4.5,293.03,-79.46,-154.93,13.221111111111112,0.0,52.40686951111112,-1.5245550444444445
,,145.61,,4,313.84,24 / 27,225222,2019-09-08 10:11:31:846,0.1444,0.4951,9.7521,0.0374,-0.01,9.8065,-0.0608,0.0347,0.0057,-10.37,-30.37,5.88,301.4,-79.33,-154.8,13.232222222222223,0.0,52.40687832222223,-1.5245677888888889
,,145.61,,4,313.84,24 / 27,225322,2019-09-08 10:11:31:946,-0.4317,-0.12,10.2603,0.0144,-0.0072,9.8066,-0.1089,-0.0426,0.0403,-10.81,-30.94,5.31,292.11,-79.09,-154.78,13.243333333333334,0.0,52.40688713333334,-1.5245805333333333
,,145.61,,4,313.84,24 / 27,225421,2019-09-08 10:11:32:045,-1.0025,0.192,9.878,0.0015,-0.003,9.8066,-0.1068,-0.0328,0.0062,-10.87,-30.56,5.88,300.34,-79.23,-153.98,13.254444444444445,0.0,52.40689594444445,-1.5245932777777778
,,145.61,,4,313.84,24 / 27,225521,2019-09-08 10:11:32:145,-1.3157,-0.852,9.8891,0.0088,0.01,9.8066,-0.1148,-0.0655,0.0206,-10.87,-30.06,5.06,295.44,-79.38,-153.85,13.265555555555556,0.0,52.40690475555556,-1.5246060222222222
,,145.61,,4,313.84,24 / 27,225621,2019-09-08 10:11:32:245,-1.8553,-0.25,9.8827,-0.0024,-0.0022,9.8066,0.0567,-0.0179,-0.024,-10.75,-30.12,4.5,296.27,-79.46,-153.38,13.276666666666667,0.0,52.406913566666674,-1.5246187666666666
,,145.61,,4,313.84,24 / 27,225721,2019-09-08 10:11:32:345,-0.8838,0.7206,9.8924,0.0253,0.0163,9.8065,0.0403,-0.0549,0.0237,-10.31,-30.37,4.81,294.65,-79.41,-154.49,13.287777777777778,0.0,52.40692237777778,-1.524631511111111
,,145.61,,4,313.84,24 / 27,225821,2019-09-08 10:11:32:445,-0.6977,1.4478,9.9723,-0.0131,0.0038,9.8066,-0.0052,0.019,-0.0069999999999999,-10.75,-30.69,5.44,293.22,-79.47,-154.95,13.29888888888889,0.0,52.4069311888889,-1.5246442555555555
,,145.88,13.31,4,320.18,25 / 26,225922,2019-09-08 10:11:32:546,-2.3332,1.6147,10.3472,0.0176,0.0205,9.8066,-0.1949,0.0331,0.0493,-10.31,-30.31,5.0,293.94,-79.51,-155.33,13.31,0.0,52.406940000000006,-1.524657
,,145.88,,4,320.18,25 / 26,226021,2019-09-08 10:11:32:645,0.1913,0.8420000000000001,10.011,-0.0058,-0.0144,9.8066,0.0257,-0.0424,0.1559,-10.87,-30.25,5.44,295.2,-79.47,-154.27,13.304666666666668,0.0,52.40694944444445,-1.524668411111111
,,145.88,,4,320.18,25 / 26,226122,2019-09-08 10:11:32:746,0.1853,1.0223,10.6403,0.0038,-0.0084,9.8066,0.008,0.05,0.0808,-10.69,-31.0,5.75,301.77,-79.39,-153.32,13.299333333333333,0.0,52.406958888888894,-1.5246798222222222
,,145.88,,4,320.18,25 / 26,226222,2019-09-08 10:11:32:846,-0.15,-0.8805,9.7902,0.0119,-0.0143,9.8066,-0.1001,-0.012,-0.0059,-11.19,-30.06,5.94,304.2,-79.24,-151.96,13.294,0.0,52.40696833333334,-1.5246912333333333
,,145.88,,4,320.18,25 / 26,226322,2019-09-08 10:11:32:946,-1.8959,-0.46,10.2743,-0.0118,0.0001,9.8066,0.0453,0.1175,-0.0926,-10.12,-30.0,5.88,306.43,-79.39,-151.41,13.288666666666668,0.0,52.40697777777778,-1.5247026444444445
,,145.88,,4,320.18,25 / 26,226422,2019-09-08 10:11:33:046,-1.1706,-0.4475,10.1933,0.0142,-0.0138,9.8066,-0.073,-0.0105,0.0588,-10.75,-29.44,6.0,306.11,-79.48,-151.85,13.283333333333333,0.0,52.40698722222223,-1.5247140555555554
,,145.88,,4,320.18,25 / 26,226525,2019-09-08 10:11:33:149,-1.1828,0.594,9.8355,-0.0063,-0.0088,9.8065,0.0996,0.0416,-0.0099,-10.44,-28.31,5.25,301.1,-79.35,-151.37,13.278,0.0,52.40699666666667,-1.5247254666666665
,,145.88,,4,320.18,25 / 26,226622,2019-09-08 10:11:33:246,0.2704,-0.4159,10.3677,0.0247,-0.0024,9.8066,-0.0586,-0.0155,-0.0324,-10.62,-28.31,4.69,300.6,-79.28,-151.33,13.272666666666668,0.0,52.407006111111116,-1.5247368777777777
,,145.88,,4,320.18,25 / 26,226722,2019-09-08 10:11:33:346,-0.121,0.0586,9.6953,0.0179,-0.0001,9.8066,-0.0663,0.0138,-0.061,-10.69,-28.75,4.44,291.75,-79.21,-151.94,13.267333333333333,0.0,52.40701555555556,-1.5247482888888888
,,145.88,,4,320.18,25 / 26,226821,2019-09-08 10:11:33:445,-0.3724,-1.1905,9.5714,0.0058,-0.0016,9.8066,-0.1028,0.07,-0.1237,-10.5,-29.37,4.44,291.38,-79.33,-151.95,13.262,0.0,52.407025000000004,-1.5247597
,,145.88,,4,320.18,24 / 25,226922,2019-09-08 10:11:33:546,-0.7108,0.9658,9.6063,0.0073,0.0184,9.8065,-0.1305,-0.0473,0.0344,-10.62,-29.06,4.38,291.93,-79.5,-152.56,13.256666666666668,0.0,52.40703444444445,-1.524771111111111
,,145.88,,4,320.18,24 / 25,227021,2019-09-08 10:11:33:645,-0.3318,0.9318,9.7263,-0.0123,0.0102,9.8065,0.0841,0.0081,-0.0367,-10.81,-29.25,3.94,291.91,-79.56,-152.75,13.251333333333333,0.0,52.40704388888889,-1.5247825222222222
,,145.88,,4,320.18,24 / 25,227121,2019-09-08 10:11:33:745,-0.0036,-0.1898,9.8032,0.0076,0.0029,9.8066,0.0961,-0.0376,0.0312,-11.12,-29.5,5.0,297.98,-79.6,-153.27,13.246,0.0,52.40705333333334,-1.5247939333333334
,,145.88,,4,320.18,24 / 25,227221,2019-09-08 10:11:33:845,-0.3283,-0.4009,9.5736,-0.0129,-0.0024,9.8066,0.0975,-0.0053,0.0051,-11.0,-29.37,5.06,296.81,-79.53,-154.01,13.240666666666668,0.0,52.40706277777778,-1.5248053444444445
,,145.88,,4,320.18,24 / 25,227321,2019-09-08 10:11:33:945,0.2207,1.1696,10.0351,-0.0204,-0.0005,9.8065,0.0351,0.0415,-0.0799,-11.31,-29.69,5.25,296.24,-79.55,-153.66,13.235333333333333,0.0,52.407072222222226,-1.5248167555555554
,,145.88,,4,320.18,24 / 25,227421,2019-09-08 10:11:34:045,-0.5899,-0.5421,9.3203,-0.0147,-0.0042,9.8065,0.0116,0.0215,0.0323,-11.37,-29.75,5.88,303.88,-79.74,-153.32,13.23,0.0,52.40708166666667,-1.5248281666666665
,,145.88,,4,320.18,24 / 25,227521,2019-09-08 10:11:34:145,-1.4836,0.6809999999999999,9.941,-0.03,-0.0042,9.8065,0.0851,0.0219,0.0406,-10.75,-29.37,5.75,305.57,-79.83,-152.99,13.224666666666668,0.0,52.407091111111114,-1.5248395777777777
,,145.88,,4,320.18,24 / 25,227621,2019-09-08 10:11:34:245,-0.3614,0.4039,9.7477,0.0207,-0.0078,9.8065,0.0002,-0.0249,0.0194,-10.81,-29.81,6.19,304.61,-79.77,-152.85,13.219333333333333,0.0,52.40710055555556,-1.5248509888888888
,,145.88,,4,320.18,24 / 25,227722,2019-09-08 10:11:34:346,-0.6659999999999999,0.0276,10.0017,0.0155,-0.0213,9.8066,-0.0612,-0.0307,0.0411,-11.5,-30.0,6.06,304.3,-79.5,-152.48,13.214,0.0,52.40711,-1.5248624
,,145.88,,4,320.18,24 / 25,227822,2019-09-08 10:11:34:446,-0.7067,0.4815,9.4489,-0.01,-0.0027,9.8066,0.0042,-0.0646,0.0883,-10.75,-29.5,5.94,306.34,-79.43,-151.58,13.208666666666668,0.0,52.40711944444445,-1.524873811111111
,,145.88,,4,320.18,24 / 25,227921,2019-09-08 10:11:34:545,-1.5423,-0.4074,10.0715,-0.0034,-0.0076,9.8066,0.0103,-0.0641,-0.0003,-11.87,-29.06,5.19,300.59,-79.38,-150.59,13.203333333333333,0.0,52.40712888888889,-1.5248852222222222
,,145.88,,4,320.18,24 / 25,228021,2019-09-08 10:11:34:645,1.294,0.5211,9.1889,0.0038,0.0048,9.8066,-0.0848,-0.0423,0.0323,-11.37,-30.12,5.25,299.95,-79.31,-150.22,13.198,0.0,52.407138333333336,-1.5248966333333334
,,145.88,,4,320.18,24 / 25,228121,2019-09-08 10:11:34:745,-0.9881,-0.2352,10.0201,-0.0011,-0.0104,9.8066,-0.0305,0.0069,0.0146,-11.25,-30.75,5.13,299.53,-79.27,-149.58,13.192666666666668,0.0,52.40714777777778,-1.5249080444444445
,,145.88,,4,320.18,24 / 25,228222,2019-09-08 10:11:34:846,-0.1358,0.1548,9.7616,0.0211,-0.0067,9.8065,-0.0119,0.0049,-0.0219,-11.62,-29.87,5.0,300.94,-79.3,-149.38,13.187333333333333,0.0,52.40715722222223,-1.5249194555555554
,,145.88,,4,320.18,24 / 25,228321,2019-09-08 10:11:34:945,0.2303,0.6553,9.3732,0.0122,0.0022,9.8066,-0.0404,0.0195,0.0056,-12.44,-30.19,4.75,300.57,-79.2,-149.43,13.182,0.0,52.407166666666676,-1.5249308666666666
,,145.88,,4,320.18,24 / 25,228421,2019-09-08 10:11:35:045,-0.4091,-0.2245,10.326,-0.0058,-0.0145,9.8066,-0.0444,0.0375,0.004,-12.5,-29.87,4.25,295.93,-79.35,-148.55,13.176666666666668,0.0,52.40717611111112,-1.5249422777777777
,,145.88,,4,320.18,24 / 25,228522,2019-09-08 10:11:35:146,-0.988,-0.2035,10.2972,-0.0027,0.0012,9.8066,-0.1012,-0.0264,0.0064,-12.56,-29.62,4.31,297.93,-79.46,-147.58,13.171333333333333,0.0,52.407185555555564,-1.5249536888888888
,,145.88,,4,320.18,24 / 25,228622,2019-09-08 10:11:35:246,-0.0003,-0.0193,10.1931,0.0171,0.0065,9.8065,0.0017,-0.0168,-0.0119,-12.87,-30.31,3.5,297.03,-79.35,-148.07,13.166,0.0,52.40719500000001,-1.5249651
,,145.88,,4,320.18,24 / 25,228721,2019-09-08 10:11:35:345,0.4654,-0.8484,10.0567,0.0296,0.0145,9.8065,-0.0039,0.0444,-0.0625,-13.75,-30.87,2.5,289.86,-79.17,-149.03,13.160666666666668,0.0,52.40720444444445,-1.524976511111111
,,145.88,,4,320.18,26 / 27,228821,2019-09-08 10:11:35:445,0.7765,0.1117,8.6103,-0.0292,0.0094,9.8065,-0.073,-0.0714,-0.0095,-14.37,-33.44,2.06,281.9,-79.16,-150.11,13.155333333333333,0.0,52.4072138888889,-1.5249879222222222
,,145.88,,4,320.18,26 / 27,228922,2019-09-08 10:11:35:546,-1.3111,-0.0709,9.1831,-0.0368,-0.0046,9.8065,-0.1532,-0.0206,-0.0497,-17.75,-37.06,2.56,289.05,-79.66,-149.68,13.15,0.0,52.40722333333334,-1.5249993333333334
,,145.88,,4,320.18,26 / 27,229021,2019-09-08 10:11:35:645,-0.6934,0.4935,9.3049,-0.0251,0.0016,9.8065,-0.0223,-0.0462,0.0495,-19.94,-39.19,5.56,301.55,-80.03,-148.58,13.144666666666668,0.0,52.407232777777786,-1.5250107444444445
,,145.88,,4,320.18,26 / 27,229122,2019-09-08 10:11:35:746,-0.5457,-0.6339,10.8395,-0.0016,-0.0181,9.8065,0.0807,-0.0493,0.0332,-19.37,-36.62,10.19,318.34,-80.03,-147.47,13.139333333333333,0.0,52.40724222222223,-1.5250221555555554
,,145.88,,4,320.18,26 / 27,229221,2019-09-08 10:11:35:845,-0.2695,-0.3706,10.4873,0.0327,-0.0174,9.8065,0.0134,-0.0692,0.0137,-16.06,-30.94,11.69,329.77,-79.6,-148.55,13.134,0.0,52.407251666666674,-1.5250335666666666
,,145.88,,4,320.18,26 / 27,229322,2019-09-08 10:11:35:946,0.3051,-0.606,10.336,0.0196,0.0052,9.8065,-0.0059,-0.105,-0.0093,-13.94,-28.06,8.88,321.37,-79.41,-149.69,13.128666666666668,0.0,52.40726111111112,-1.5250449777777777
,,145.88,,4,320.18,26 / 27,229422,2019-09-08 10:11:36:046,0.609,-0.6721,9.6675,0.0142,0.0137,9.8066,-0.1373,-0.0549,-0.0383,-12.5,-28.69,7.38,313.06,-79.39,-150.24,13.123333333333333,0.0,52.40727055555556,-1.5250563888888888
,,145.88,,4,320.18,26 / 27,229522,2019-09-08 10:11:36:146,-0.7012,-0.5899,9.5895,-0.0011,-0.0108,9.8066,-0.0989,-0.059,0.0542,-12.06,-28.94,5.44,301.85,-79.64,-150.17,13.118,0.0,52.40728000000001,-1.5250678
,,145.88,,4,320.18,26 / 27,229622,2019-09-08 10:11:36:246,-0.8974,-1.356,10.7317,-0.0053,0.005,9.8066,-0.0184,-0.0309,-0.048,-11.5,-28.44,4.88,305.0,-79.79,-149.14,13.112666666666668,0.0,52.40728944444445,-1.525079211111111
,,145.88,,4,320.18,26 / 27,229722,2019-09-08 10:11:36:346,-0.1436,-0.295,9.3489,0.0252,0.0149,9.8066,0.043,-0.0484,-0.0279,-11.37,-29.5,5.06,302.01,-79.79,-150.63,13.107333333333333,0.0,52.407298888888896,-1.5250906222222222
,,145.88,,4,320.18,26 / 27,229822,2019-09-08 10:11:36:446,-0.3274,-0.8814,10.2921,0.0012,0.0089,9.8066,0.0463,-0.0314,-0.0252,-12.0,-29.87,4.75,298.18,-79.59,-152.19,13.102,0.0,52.40730833333334,-1.5251020333333334
,,145.88,,4,320.18,27 / 28,229921,2019-09-08 10:11:36:545,0.3203,0.0703,9.2933,-0.0062,-0.0018,9.8065,-0.0775,0.0043,-0.0488,-12.12,-29.62,5.06,298.52,-79.74,-152.26,13.096666666666668,0.0,52.407317777777784,-1.5251134444444445
,,145.88,,4,320.18,27 / 28,230021,2019-09-08 10:11:36:645,-1.5823,-1.0314,9.6685,-0.0366,-0.0004,9.8065,0.0384,0.0207,0.0048,-11.81,-29.37,4.38,294.39,-79.97,-152.11,13.091333333333333,0.0,52.40732722222223,-1.5251248555555554
,,145.88,,4,320.18,27 / 28,230122,2019-09-08 10:11:36:746,-0.1621,1.3041,10.4135,-0.0124,-0.0135,9.8066,0.1298,0.0412,-0.0412,-12.0,-29.75,4.94,300.81,-80.19,-151.48,13.086,0.0,52.40733666666667,-1.5251362666666666
,,145.88,,4,320.18,27 / 28,230222,2019-09-08 10:11:36:846,-0.7041,-0.4131,9.9253,0.0229,-0.0037,9.8065,0.0599,0.0556,0.0029,-11.94,-29.87,4.94,299.52,-79.92,-151.88,13.080666666666668,0.0,52.40734611111112,-1.5251476777777777
,,145.88,,4,320.18,27 / 28,230322,2019-09-08 10:11:36:946,0.7565,-0.2401,9.4654,0.0098,-0.001,9.8066,0.0212,0.0103,0.0714,-12.25,-29.19,5.13,298.36,-79.64,-152.9,13.075333333333333,0.0,52.40735555555556,-1.5251590888888888
,,145.88,,4,320.18,27 / 28,230421,2019-09-08 10:11:37:045,0.0779,0.2545,9.6012,-0.03,0.0079,9.8065,0.0158,-0.0551,0.0333,-12.31,-28.81,5.19,299.46,-79.78,-152.34,13.07,0.0,52.407365000000006,-1.5251705
,,145.88,,4,320.18,27 / 28,230521,2019-09-08 10:11:37:145,-0.813,-0.8219,9.9956,-0.0293,0.0008,9.8066,0.051,0.0264,-0.0317,-11.87,-29.37,4.63,300.27,-79.93,-152.04,13.064666666666668,0.0,52.40737444444445,-1.5251819111111111
,,145.88,,4,320.18,27 / 28,230621,2019-09-08 10:11:37:245,1.0466,0.0071,9.4191,0.0082,0.0072,9.8066,-0.0774,-0.0338,-0.0037,-12.56,-28.87,4.63,299.55,-80.06,-152.68,13.059333333333333,0.0,52.407383888888894,-1.5251933222222223
,,145.88,,4,320.18,27 / 28,230722,2019-09-08 10:11:37:346,-0.3196,0.2099,9.0863,-0.0182,0.0034,9.8066,0.0246,-0.0359,-0.0005,-12.44,-29.06,4.44,294.11,-80.21,-152.89,13.054,0.0,52.40739333333334,-1.5252047333333334
,,145.88,,4,320.18,27 / 28,230824,2019-09-08 10:11:37:448,-0.1498,0.7215,10.4052,-0.013,0.0033,9.8066,-0.0642,-0.0018,0.0357,-12.19,-29.19,4.44,294.89,-80.19,-152.22,13.048666666666668,0.0,52.40740277777778,-1.5252161444444445
,,145.88,,4,320.18,27 / 28,230921,2019-09-08 10:11:37:545,-0.607,-0.1576,10.34,-0.0105,-0.0069,9.8065,0.0545,-0.0079,0.0929,-12.5,-28.44,4.44,296.58,-80.28,-151.76,13.043333333333333,0.0,52.40741222222223,-1.5252275555555554
,,145.88,,4,320.18,27 / 28,231021,2019-09-08 10:11:37:645,-0.1379,-0.095,10.1867,0.0038,-0.0114,9.8066,-0.0163,0.0317,-0.0005,-12.19,-28.25,4.75,302.03,-80.08,-151.67,13.038,0.0,52.40742166666667,-1.5252389666666666
,,145.88,,4,320.18,27 / 28,231122,2019-09-08 10:11:37:746,0.6463,-0.2367,9.4249,-0.0133,-0.0006,9.8065,-0.019,-0.0587,0.0284,-12.75,-28.0,5.19,302.13,-80.07,-151.26,13.032666666666668,0.0,52.407431111111116,-1.5252503777777777
,,145.88,,4,320.18,27 / 28,231222,2019-09-08 10:11:37:846,0.0228,0.1954,9.9172,0.0017,0.0054,9.8066,-0.0319,0.0268,0.015,-13.31,-28.19,4.44,297.39,-80.06,-150.74,13.027333333333333,0.0,52.40744055555556,-1.5252617888888889
,,145.88,,4,320.18,27 / 28,231321,2019-09-08 10:11:37:945,-0.7828,-0.8697,10.5328,0.0127,-0.0059,9.8066,-0.0227,-0.0575,0.0617,-12.81,-28.69,3.94,296.3,-80.02,-150.86,13.022,0.0,52.407450000000004,-1.5252732
,,145.88,,4,320.18,27 / 28,231422,2019-09-08 10:11:38:046,0.4822,-0.1746,10.4285,0.0294,0.0016,9.8065,-0.1496,-0.002,-0.071,-12.56,-28.5,4.5,302.78,-80.04,-150.68,13.016666666666667,0.0,52.40745944444445,-1.5252846111111111
,,145.88,,4,320.18,27 / 28,231521,2019-09-08 10:11:38:145,0.5458,-0.0089,8.9724,0.0208,0.0019,9.8066,-0.0984,-0.0145,-0.0509,-12.75,-28.81,4.63,300.71,-79.95,-151.52,13.011333333333333,0.0,52.40746888888889,-1.5252960222222223
,,145.88,,4,320.18,27 / 28,231622,2019-09-08 10:11:38:246,-0.3514,-1.1615,8.9482,-0.0317,-0.0009,9.8065,0.0198,0.1181,-0.0733,-12.5,-29.06,4.44,295.31,-80.12,-151.69,13.006,0.0,52.40747833333334,-1.5253074333333334
,,145.88,,4,320.18,27 / 28,231722,2019-09-08 10:11:38:346,1.3991,0.6759,10.0899,0.0042,-0.0196,9.8066,-0.0716,-0.0328,0.0719,-12.44,-29.0,3.94,295.81,-80.12,-151.29,13.000666666666667,0.0,52.40748777777778,-1.5253188444444445
,,145.88,,4,320.18,27 / 28,231821,2019-09-08 10:11:38:445,-2.7905,-1.2725,10.7108,-0.0108,0.0074,9.8066,0.0526,-0.0741,0.1629,-12.31,-28.5,4.38,298.56,-80.29,-150.16,12.995333333333333,0.0,52.407497222222226,-1.5253302555555555
,,145.88,,4,320.18,27 / 28,231921,2019-09-08 10:11:38:545,-1.3686,-0.8511,10.9581,0.0245,-0.0064,9.8066,0.0271,-0.0644,0.1333,-12.94,-28.62,4.88,302.97,-80.02,-149.86,12.99,0.0,52.40750666666667,-1.5253416666666666
,,145.88,,4,320.18,27 / 28,232022,2019-09-08 10:11:38:646,-0.4699,-0.4816,10.8333,0.0415,-0.0007,9.8065,-0.035,-0.0049,-0.0356,-12.25,-29.25,4.5,302.51,-79.82,-150.05,12.984666666666667,0.0,52.407516111111114,-1.5253530777777777
,,145.88,,4,320.18,27 / 28,232122,2019-09-08 10:11:38:746,-0.8291,-0.4769,10.1544,0.0262,0.0057,9.8065,-0.0347,-0.0145,-0.0192,-13.25,-29.06,5.94,305.63,-79.63,-151.26,12.979333333333333,0.0,52.40752555555556,-1.5253644888888889
,,145.88,,4,320.18,27 / 28,232221,2019-09-08 10:11:38:845,0.2546,-0.4973,8.6523,0.0141,0.0083,9.8066,-0.1742,-0.0059,-0.0043,-12.5,-29.0,5.69,305.95,-79.83,-151.99,12.974,0.0,52.407535,-1.5253759
,,145.88,,4,320.18,27 / 28,232321,2019-09-08 10:11:38:945,0.6548,0.4391,10.0127,-0.0242,0.0031,9.8066,-0.0683,-0.0139,0.0072,-12.62,-28.44,5.0,302.35,-80.15,-151.23,12.968666666666667,0.0,52.40754444444445,-1.5253873111111111
,,145.88,,4,320.18,27 / 28,232422,2019-09-08 10:11:39:046,-0.285,0.2405,10.1862,0.0254,-0.0069999999999999,9.8065,-0.2143,-0.0148,-0.0146,-12.62,-28.31,5.0,303.97,-80.35,-150.3,12.963333333333333,0.0,52.40755388888889,-1.5253987222222223
,,145.88,,4,320.18,27 / 28,232521,2019-09-08 10:11:39:145,0.1027,-0.0177,10.1757,0.0177,-0.0193,9.8066,-0.0384,-0.0175,0.0193,-13.0,-28.44,4.69,304.05,-80.25,-150.04,12.958,0.0,52.407563333333336,-1.5254101333333334
,,145.88,,4,320.18,27 / 28,232621,2019-09-08 10:11:39:245,-0.3476,0.2051,9.9016,0.0201,-0.0154,9.8066,-0.0167,-0.071,0.0104,-13.06,-28.19,5.38,304.67,-80.18,-149.42,12.952666666666667,0.0,52.40757277777778,-1.5254215444444446
,,145.88,,4,320.18,27 / 28,232721,2019-09-08 10:11:39:345,0.1026,-1.3038,10.8322,0.0355,-0.0054,9.8065,-0.0831,-0.0022,-0.1021,-13.0,-28.31,3.88,298.54,-79.82,-149.31,12.947333333333333,0.0,52.40758222222223,-1.5254329555555555
,,145.88,,4,320.18,27 / 28,232822,2019-09-08 10:11:39:446,0.2545,-1.5223,10.6637,0.0101,0.0254,9.8066,0.0733,-0.0367,-0.036,-12.81,-28.25,4.69,301.34,-79.86,-151.5,12.942,0.0,52.407591666666676,-1.5254443666666666
,,145.88,,4,320.18,27 / 28,232921,2019-09-08 10:11:39:545,0.1951,0.2451,9.7966,0.0231,0.0189,9.8065,-0.0346,0.0442,-0.0521,-12.19,-27.81,4.94,298.88,-79.8,-153.59,12.936666666666667,0.0,52.40760111111112,-1.5254557777777777
,,145.88,,4,320.18,27 / 28,233021,2019-09-08 10:11:39:645,-0.8922,0.7649,9.4163,-0.0255,0.0171,9.8066,0.0156,0.0079,-0.031,-12.06,-27.5,4.81,298.46,-79.93,-154.93,12.931333333333333,0.0,52.407610555555564,-1.5254671888888889
,,145.88,,4,320.18,27 / 28,233121,2019-09-08 10:11:39:745,-1.1935,0.9074,9.5489,-0.0051,-0.0054,9.8065,-0.0972,0.0681,-0.0631,-12.37,-27.87,3.56,292.69,-80.22,-154.87,12.926,0.0,52.40762000000001,-1.5254786
,,145.88,,4,320.18,27 / 28,233221,2019-09-08 10:11:39:845,-0.2284,0.0852,8.8299,0.0004,0.0013,9.8066,-0.0865,0.0004,0.0081,-11.87,-28.19,2.88,288.46,-80.57,-154.48,12.920666666666667,0.0,52.40762944444445,-1.5254900111111112
,,145.88,,4,320.18,27 / 28,233322,2019-09-08 10:11:39:946,-0.2674,0.55,9.1815,-0.0073,-0.0076,9.8065,-0.1404,0.0101,0.0263,-12.19,-28.56,3.56,294.41,-80.74,-153.88,12.915333333333333,0.0,52.4076388888889,-1.5255014222222223
,,145.88,,4,320.18,27 / 28,233421,2019-09-08 10:11:40:045,-1.2211,-0.6315,9.0839,0.0015,-0.0131,9.8066,-0.1681,-0.0612,0.0945,-12.56,-27.75,2.75,293.3,-80.91,-151.51,12.91,0.0,52.40764833333334,-1.5255128333333334
,,145.88,,4,320.18,27 / 28,233522,2019-09-08 10:11:40:146,-0.8554,0.9261,9.8923,-0.018,-0.0244,9.8065,0.0079,-0.0619,0.1327,-12.25,-28.31,2.44,290.33,-81.08,-149.13,12.904666666666667,0.0,52.407657777777786,-1.5255242444444446
,,145.88,,4,320.18,27 / 28,233622,2019-09-08 10:11:40:246,0.2417,-1.0853,10.5082,0.0417,-0.02,9.8064,-0.0703,0.0443,0.0218,-13.44,-28.69,2.88,297.48,-80.78,-147.03,12.899333333333333,0.0,52.40766722222223,-1.5255356555555555
,,145.88,,4,320.18,27 / 28,233722,2019-09-08 10:11:40:346,-2.7958,-0.3201,11.9244,-0.0628,-0.0183,9.8063,0.691,-0.2482,0.133,-14.12,-29.5,3.0,299.31,-80.71,-145.72,12.894,0.0,52.407676666666674,-1.5255470666666666
,,145.88,,4,320.18,27 / 28,233821,2019-09-08 10:11:40:445,1.3558,-3.2263,11.5524,-0.1417,0.0097,9.8055,0.6885,-0.1309,0.1456,-13.5,-29.0,3.75,302.85,-80.5,-146.53,12.888666666666667,0.0,52.40768611111112,-1.5255584777777778
,,145.88,,4,320.18,25 / 27,233921,2019-09-08 10:11:40:545,-1.2326,3.2383,9.8834,0.0766,0.0018,9.8063,-0.0389,-0.1627,0.2797,-14.06,-30.12,3.56,299.35,-80.27,-148.37,12.883333333333333,0.0,52.40769555555556,-1.525569888888889
,,145.88,,4,320.18,25 / 27,234021,2019-09-08 10:11:40:645,0.4277,0.8869,10.0064,0.0061,-0.0337,9.8065,0.2607,0.1399,-0.0452,-13.44,-30.06,3.88,298.52,-80.07,-148.45,12.878,0.0,52.40770500000001,-1.5255813
,,145.88,,4,320.18,25 / 27,234121,2019-09-08 10:11:40:745,-1.0675,1.0929,9.9656,-0.0111,0.0049,9.8066,-0.0102,0.0168,0.0262,-12.87,-29.37,4.69,304.76,-80.1,-148.59,12.872666666666667,0.0,52.40771444444445,-1.5255927111111112
,,145.88,,4,320.18,25 / 27,234221,2019-09-08 10:11:40:845,-2.1216,0.4571,10.3241,-0.0191,-0.0095,9.8066,0.1203,0.0284,0.0107,-13.19,-29.31,3.75,299.39,-80.08,-148.46,12.867333333333333,0.0,52.407723888888896,-1.5256041222222223
,,145.88,,4,320.18,25 / 27,234321,2019-09-08 10:11:40:945,-0.6042,1.4566,10.2222,0.0269,-0.0001,9.8066,-0.0517,0.0742,0.0139999999999999,-13.0,-30.12,4.63,302.6,-79.91,-149.28,12.862,0.0,52.40773333333334,-1.5256155333333334
,,145.88,,4,320.18,25 / 27,234422,2019-09-08 10:11:41:046,-0.9933,1.5541,9.524,-0.0089,-0.0032,9.8066,0.0214,0.0776,0.0873,-13.56,-29.94,4.81,303.66,-80.02,-148.48,12.856666666666667,0.0,52.407742777777784,-1.5256269444444446
,,145.88,,4,320.18,25 / 27,234521,2019-09-08 10:11:41:145,-0.7003,0.8203,10.2121,0.0168,-0.027,9.8065,-0.0347,0.1033,0.1051,-13.56,-29.62,4.63,305.63,-80.1,-147.07,12.851333333333333,0.0,52.40775222222223,-1.5256383555555555
,,145.88,,4,320.18,25 / 27,234621,2019-09-08 10:11:41:245,-1.0145,1.6492,9.9019,0.0304,-0.0139,9.8065,-0.0601,0.1253,0.0514,-13.5,-30.25,4.63,306.7,-79.75,-145.8,12.846,0.0,52.40776166666667,-1.5256497666666666
,,145.88,,4,320.18,25 / 27,234722,2019-09-08 10:11:41:346,0.5295,1.1216,10.6087,0.0373,-0.0206,9.8065,-0.0025,0.1119999999999999,0.0476,-14.0,-29.25,5.06,307.4,-79.62,-145.41,12.840666666666667,0.0,52.40777111111112,-1.5256611777777778
,,145.88,,4,320.18,25 / 27,234822,2019-09-08 10:11:41:446,-0.8953,2.4723,10.2341,0.0288,-0.0061,9.8065,0.0232,0.1069,-0.0757,-13.37,-29.44,4.94,306.73,-79.3,-145.56,12.835333333333333,0.0,52.40778055555556,-1.525672588888889
,,144.07,12.83,4,323.56,24 / 28,234921,2019-09-08 10:11:41:545,-0.5201,1.7381,9.2954,-0.0017,-0.0002,9.8066,-0.0242,0.1286,-0.0445,-13.69,-29.19,5.69,311.31,-79.27,-145.78,12.83,0.0,52.407790000000006,-1.525684
,,144.07,,4,323.56,24 / 28,235022,2019-09-08 10:11:41:646,0.6553,1.7146,8.9873,-0.0119,0.0111,9.8066,-0.0262,0.0836,-0.0117,-13.19,-27.87,5.06,307.81,-79.45,-145.66,12.838000000000001,0.0,52.40779544444445,-1.5257008666666667
,,144.07,,4,323.56,24 / 28,235121,2019-09-08 10:11:41:745,-0.3673,2.3153,9.6209,-0.0476,0.0038,9.8065,0.0491,0.2035,-0.0508,-13.37,-28.19,5.06,309.29,-79.58,-144.76,12.846,0.0,52.40780088888889,-1.5257177333333334
,,144.07,,4,323.56,24 / 28,235221,2019-09-08 10:11:41:845,-0.9022,1.3639,9.8395,-0.0149,-0.0021,9.8066,0.0837,0.032,0.1047,-13.44,-28.94,5.25,311.17,-79.88,-143.29,12.854,0.0,52.40780633333334,-1.5257346
,,144.07,,4,323.56,24 / 28,235321,2019-09-08 10:11:41:945,-0.7868,3.3796,9.9955,-0.0084,-0.0045,9.8066,0.0169,0.139,0.0656,-12.75,-29.31,5.94,317.22,-79.67,-142.7,12.862,0.0,52.40781177777778,-1.5257514666666667
,,144.07,,4,323.56,24 / 28,235421,2019-09-08 10:11:42:045,-0.1581,-1.056,9.9322,-0.0046,-0.0259,9.8066,-0.0465,0.1871,0.0501,-12.31,-29.31,6.63,325.82,-79.39,-141.45,12.870000000000001,0.0,52.40781722222223,-1.5257683333333334
,,144.07,,4,323.56,24 / 28,235521,2019-09-08 10:11:42:145,1.5745,0.6702,10.2559,0.0169,-0.0228,9.8066,-0.0606,0.1456,-0.0645,-13.06,-29.69,6.69,324.84,-79.26,-140.31,12.878,0.0,52.407822666666675,-1.5257852
,,144.07,,4,323.56,24 / 28,235621,2019-09-08 10:11:42:245,1.3979,-0.3012,10.3648,-0.0074,-0.0496,9.8064,0.2757,0.1706,0.022,-12.5,-29.62,6.69,329.82,-79.2,-138.21,12.886,0.0,52.407828111111115,-1.5258020666666667
,,144.07,,4,323.56,24 / 28,235721,2019-09-08 10:11:42:345,0.2827,1.6328,10.9414,0.0257,-0.0111,9.8065,-0.0069,0.2064,0.0267,-12.44,-29.75,6.88,330.91,-79.32,-137.66,12.894,0.0,52.40783355555556,-1.5258189333333334
,,144.07,,4,323.56,24 / 28,235821,2019-09-08 10:11:42:445,0.0041,-0.1436,10.5946,0.0267,-0.035,9.8065,0.1184,0.0207,0.1086,-11.81,-29.69,7.0,331.88,-79.3,-137.03,12.902000000000001,0.0,52.407839,-1.5258358
,,144.07,,4,323.56,25 / 26,235922,2019-09-08 10:11:42:546,1.6984,1.5044,10.6653,0.0112,0.0123,9.8066,-0.2307,0.1746,-0.0654,-11.69,-29.87,6.88,332.6,-79.1,-136.36,12.91,0.0,52.40784444444445,-1.5258526666666667
,,144.07,,4,323.56,25 / 26,236021,2019-09-08 10:11:42:645,0.7936,2.9707,9.4352,-0.0109,0.0312,9.8066,0.0608,0.1724,-0.0504,-10.75,-29.31,6.44,329.24,-79.56,-136.51,12.918,0.0,52.40784988888889,-1.5258695333333334
,,144.07,,4,323.56,25 / 26,236121,2019-09-08 10:11:42:745,1.0557,3.4413,9.2928,0.0241,0.0213,9.8065,-0.0827,0.2239,-0.1254,-10.69,-29.87,6.44,326.38,-79.83,-138.21,12.926,0.0,52.40785533333334,-1.5258864
,,144.07,,4,323.56,25 / 26,236221,2019-09-08 10:11:42:845,1.5268,2.9828,9.6791,0.0063,0.0072,9.8066,0.0534,0.1679,-0.0939,-9.75,-30.25,6.88,335.61,-80.0,-138.87,12.934000000000001,0.0,52.407860777777785,-1.5259032666666668
,,144.07,,4,323.56,25 / 26,236321,2019-09-08 10:11:42:945,1.5873,3.1401,9.6339,0.0146,0.003,9.8066,-0.0149,0.2544,-0.0901,-9.94,-30.12,8.19,341.55,-80.13,-139.55,12.942,0.0,52.407866222222225,-1.5259201333333334
,,144.07,,4,323.56,25 / 26,236421,2019-09-08 10:11:43:045,1.7039,2.8316,9.9914,0.0115,-0.0056,9.8066,-0.0709,0.2211,-0.0167,-9.12,-30.12,8.06,344.45,-80.08,-140.35,12.95,0.0,52.40787166666667,-1.525937
,,144.07,,4,323.56,25 / 26,236521,2019-09-08 10:11:43:145,2.2308,3.1709,9.8085,0.0054,-0.0169,9.8065,0.0364,0.1994,0.0211,-8.87,-30.0,8.25,344.63,-80.11,-140.26,12.958,0.0,52.40787711111111,-1.5259538666666668
,,144.07,,4,323.56,25 / 26,236621,2019-09-08 10:11:43:245,2.2052,2.3445,9.6201,0.0075,-0.0129,9.8066,-0.0122,0.2448,-0.0577,-8.75,-30.81,9.63,356.76,-79.83,-139.88,12.966000000000001,0.0,52.40788255555556,-1.5259707333333334
,,144.07,,4,323.56,25 / 26,236721,2019-09-08 10:11:43:345,2.8442,3.1358,9.1602,-0.0127,0.0213,9.8065,0.053,0.2308,-0.0892,-8.69,-29.87,9.88,356.98,-79.74,-139.79,12.974,0.0,52.40788800000001,-1.5259876
,,144.07,,4,323.56,25 / 26,236821,2019-09-08 10:11:43:445,2.4107,2.3707,10.2581,0.0146,-0.0031,9.8066,-0.0214,0.2021,-0.1094,-7.94,-29.69,9.94,2.54,-79.82,-139.89,12.982,0.0,52.40789344444445,-1.5260044666666668
,,144.07,,4,323.56,25 / 27,236921,2019-09-08 10:11:43:545,3.0817,2.6383,9.6729,0.0081,0.0193,9.8066,0.003,0.1979,0.0113,-8.06,-29.19,10.31,1.33,-80.01,-140.55,12.99,0.0,52.407898888888894,-1.5260213333333335
,,144.07,,4,323.56,25 / 27,237021,2019-09-08 10:11:43:645,2.7842,2.5604,9.8437,-0.0026,0.0085,9.8066,0.0351,0.2543,-0.1077,-8.06,-28.75,10.0,0.72,-80.14,-140.91,12.998000000000001,0.0,52.407904333333335,-1.5260382000000001
,,144.07,,4,323.56,25 / 27,237121,2019-09-08 10:11:43:745,2.4385,0.7487,10.0559,0.0102,-0.0107,9.8066,-0.0915,0.2576,-0.0721,-8.5,-29.06,9.75,0.72,-80.22,-140.91,13.006,0.0,52.40790977777778,-1.5260550666666668
,,144.07,,4,323.56,25 / 27,237221,2019-09-08 10:11:43:845,2.4930000000000003,0.8282,9.7728,0.0104,-0.0092,9.8066,-0.0503,0.2142,-0.0238,-7.25,-30.06,10.5,9.84,-80.22,-141.66,13.014,0.0,52.40791522222223,-1.5260719333333332
,,144.07,,4,323.56,25 / 27,237321,2019-09-08 10:11:43:945,2.2491,0.7036,10.101,0.0148,-0.0352,9.8065,-0.0323,0.3035,-0.0604,-7.25,-29.31,11.44,8.57,-80.17,-142.33,13.022,0.0,52.40792066666667,-1.5260888
,,144.07,,4,323.56,25 / 27,237421,2019-09-08 10:11:44:045,1.3454,1.2637,9.7206,0.0265,-0.0417,9.8064,-0.1582,0.174,0.0383,-8.0,-29.56,11.63,5.43,-80.12,-142.9,13.030000000000001,0.0,52.40792611111112,-1.5261056666666666
,,144.07,,4,323.56,25 / 27,237521,2019-09-08 10:11:44:145,0.5123,0.1853,9.8338,-0.0204,-0.0114,9.8066,0.1443,0.2167,-0.0641,-7.5,-29.31,12.69,13.74,-80.23,-142.7,13.038,0.0,52.40793155555556,-1.5261225333333333
,,144.07,,4,323.56,25 / 27,237622,2019-09-08 10:11:44:246,2.3782,1.1464,9.6957,-0.0006,-0.0085,9.8066,-0.0464,0.1496,-0.0244,-6.75,-28.81,12.94,15.15,-80.05,-141.86,13.046,0.0,52.407937000000004,-1.5261394
,,144.07,,4,323.56,25 / 27,237722,2019-09-08 10:11:44:346,1.2944,0.6171,9.9779,-0.0116,0.0236,9.8065,0.0566,0.1558,-0.0116,-7.62,-29.5,12.63,10.71,-79.98,-141.36,13.054,0.0,52.407942444444444,-1.5261562666666666
,,144.07,,4,323.56,25 / 27,237822,2019-09-08 10:11:44:446,2.0023,0.9803,9.4221,-0.0123,0.0116,9.8066,0.0503,0.1085,-0.0133,-7.69,-29.44,13.38,12.13,-80.06,-140.39,13.062000000000001,0.0,52.40794788888889,-1.5261731333333333
,,144.07,,4,323.56,25 / 27,237921,2019-09-08 10:11:44:545,0.6522,-0.0069999999999999,10.4899,-0.0123,-0.0034,9.8066,0.1409,0.1045,-0.0107,-7.0,-28.44,13.5,20.02,-79.96,-139.84,13.07,0.0,52.40795333333334,-1.52619
,,144.07,,4,323.56,25 / 27,238021,2019-09-08 10:11:44:645,1.1642,-0.5441,10.5067,0.0045,-0.0135,9.8066,0.0289,0.0053,0.0282,-7.69,-29.0,13.19,12.62,-79.88,-140.15,13.078,0.0,52.40795877777778,-1.5262068666666666
,,144.07,,4,323.56,25 / 27,238121,2019-09-08 10:11:44:745,-0.6278,0.0036,10.7602,0.0014,-0.0048,9.8066,-0.0061,0.0457,-0.079,-7.87,-29.31,12.56,13.11,-79.82,-139.85,13.086,0.0,52.407964222222226,-1.5262237333333333
,,144.07,,4,323.56,25 / 27,238222,2019-09-08 10:11:44:846,0.6618,-1.3751,9.7644,-0.0071,-0.0207,9.8065,0.0742,0.0449,-0.0292,-7.5,-29.94,13.0,18.47,-79.74,-140.1,13.094000000000001,0.0,52.407969666666666,-1.5262406
,,144.07,,4,323.56,25 / 27,238322,2019-09-08 10:11:44:946,0.6588,-0.0987,10.3398,0.0085,-0.0063,9.8066,0.0042,0.0213,0.0494,-7.44,-29.87,13.38,17.63,-79.75,-140.63,13.102,0.0,52.407975111111114,-1.5262574666666666
,,144.07,,4,323.56,25 / 27,238422,2019-09-08 10:11:45:046,-0.2889,0.0384,10.4201,0.0037,-0.0245,9.8066,-0.0049,-0.0054,-0.0068,-8.0,-29.94,13.81,13.92,-79.63,-141.18,13.11,0.0,52.40798055555556,-1.5262743333333333
,,144.07,,4,323.56,25 / 27,238521,2019-09-08 10:11:45:145,0.4261,0.1561,9.9472,0.0206,-0.0005,9.8066,0.004,0.0431,-0.0579999999999999,-7.31,-28.56,14.13,16.17,-79.78,-142.77,13.118,0.0,52.407986,-1.5262912
,,144.07,,4,323.56,25 / 27,238621,2019-09-08 10:11:45:245,-0.1353,0.2399,10.4114,0.0022,-0.0105,9.8066,-0.0505,-0.0433,-0.0641,-7.0,-29.25,13.75,15.29,-79.73,-143.38,13.126000000000001,0.0,52.40799144444445,-1.5263080666666666
,,144.07,,4,323.56,25 / 27,238722,2019-09-08 10:11:45:346,0.4576,0.2511,9.7686,0.0027,-0.0065,9.8066,-0.0704,-0.0572,0.0472,-6.94,-28.75,13.31,12.32,-79.83,-143.82,13.134,0.0,52.40799688888889,-1.5263249333333333
,,144.07,,4,323.56,25 / 27,238822,2019-09-08 10:11:45:446,-0.6222,0.1961,10.2938,-0.0104,0.0083,9.8066,0.066,-0.0474,0.0209,-7.0,-28.75,13.56,14.45,-79.74,-143.94,13.142,0.0,52.408002333333336,-1.5263418
,,144.07,,4,323.56,26 / 27,238921,2019-09-08 10:11:45:545,-0.7487,-0.3787,10.6854,-0.002,-0.0321,9.8066,0.0502,0.0217,0.0059,-7.06,-29.06,14.19,14.17,-79.6,-144.19,13.15,0.0,52.40800777777778,-1.5263586666666666
,,144.07,,4,323.56,26 / 27,239022,2019-09-08 10:11:45:646,0.6367,-1.3053,10.4206,0.0002,-0.0379,9.8066,-0.0277,-0.0034,0.0245,-7.12,-28.94,14.0,14.22,-79.24,-144.33,13.158000000000001,0.0,52.40801322222222,-1.5263755333333333
,,144.07,,4,323.56,26 / 27,239122,2019-09-08 10:11:45:746,0.3849,1.1347,9.2472,-0.0049,0.0064,9.8066,-0.0604,0.0562,0.0314,-6.75,-29.06,14.31,15.16,-79.39,-143.65,13.166,0.0,52.40801866666667,-1.5263924
,,144.07,,4,323.56,26 / 27,239222,2019-09-08 10:11:45:846,-1.945,-1.2339,10.8393,0.0021,0.0074,9.8066,-0.0117,-0.1085,0.0535,-7.31,-30.12,14.5,17.95,-79.44,-143.2,13.174,0.0,52.40802411111111,-1.5264092666666667
,,144.07,,4,323.56,26 / 27,239321,2019-09-08 10:11:45:945,0.3121,0.9282,9.807,0.0152,0.0069,9.8065,-0.0466,-0.0355,0.0367,-7.75,-29.56,13.63,10.98,-79.58,-143.13,13.182,0.0,52.40802955555556,-1.5264261333333333
,,144.07,,4,323.56,26 / 27,239421,2019-09-08 10:11:46:045,0.2156,0.1035,9.8352,0.0027,0.0058,9.8066,-0.0112,0.0285,0.0017,-7.0,-29.62,13.81,14.62,-79.66,-144.03,13.190000000000001,0.0,52.408035,-1.526443
,,144.07,,4,323.56,26 / 27,239521,2019-09-08 10:11:46:145,0.4305,0.4127,9.6192,-0.0008,0.021,9.8066,0.0376,-0.0525,0.0335,-7.81,-29.06,14.38,8.56,-79.72,-144.57,13.198,0.0,52.408040444444445,-1.5264598666666667
,,144.07,,4,323.56,26 / 27,239621,2019-09-08 10:11:46:245,-0.5693,0.0877,9.5014,-0.0053,0.006,9.8066,0.0411,0.0283,-0.025,-7.12,-29.12,14.06,13.57,-79.79,-144.49,13.206,0.0,52.40804588888889,-1.5264767333333333
,,144.07,,4,323.56,26 / 27,239722,2019-09-08 10:11:46:346,-1.9455,-1.8929,11.1102,0.0129,-0.0315,9.8066,0.0308,0.0675,-0.107,-7.37,-28.37,14.19,12.46,-79.59,-145.18,13.214,0.0,52.40805133333333,-1.5264936
,,144.07,,4,323.56,26 / 27,239821,2019-09-08 10:11:46:445,0.474,-1.6146,11.5331,0.0153,-0.0732,9.8063,0.0561,-0.0496,0.0565,-7.94,-28.25,13.38,4.18,-79.73,-145.64,13.222000000000001,0.0,52.40805677777778,-1.5265104666666667
,,144.07,,4,323.56,26 / 28,239922,2019-09-08 10:11:46:546,-1.8311,-0.908,11.0702,0.0101,0.0025,9.8066,-0.1756,-0.0214,-0.1239,-7.0,-28.0,14.25,12.53,-79.68,-145.09,13.23,0.0,52.40806222222222,-1.5265273333333333
,,144.07,,4,323.56,26 / 28,240022,2019-09-08 10:11:46:646,2.3528,0.6311,8.7716,0.0346,-0.0621,9.8063,-0.2038,0.1688,-0.1522,-7.37,-28.81,13.94,10.67,-79.47,-146.54,13.238,0.0,52.40806766666667,-1.5265442
,,144.07,,4,323.56,26 / 28,240121,2019-09-08 10:11:46:745,0.089,-0.6716,9.5774,-0.0212,0.0291,9.8065,0.1333,0.0185,0.0922,-7.69,-29.44,14.13,4.35,-79.55,-147.4,13.246,0.0,52.408073111111115,-1.5265610666666667
,,144.07,,4,323.56,26 / 28,240222,2019-09-08 10:11:46:846,4.2638,0.2741,8.1702,0.0179,0.0424,9.8065,0.0967,-0.0439,0.0721,-7.5,-30.19,14.25,10.04,-79.99,-146.87,13.254000000000001,0.0,52.408078555555555,-1.5265779333333334
,,144.07,,4,323.56,26 / 28,240321,2019-09-08 10:11:46:945,-0.4652,-0.1781,8.6541,-0.0063,0.0155,9.8066,-0.0936,-0.0889,0.0602,-6.56,-29.94,14.56,14.36,-80.23,-145.2,13.262,0.0,52.408084,-1.5265948
,,144.07,,4,323.56,26 / 28,240421,2019-09-08 10:11:47:045,-2.1289,-0.2451,11.0991,0.0001,-0.0137,9.8066,-0.0189,-0.1164,0.0899,-7.19,-28.94,13.69,12.66,-80.04,-144.99,13.27,0.0,52.40808944444444,-1.5266116666666667
,,144.07,,4,323.56,26 / 28,240521,2019-09-08 10:11:47:145,-0.5135,0.8789,10.75,0.0186,-0.0763,9.8062,-0.0983,0.0156,0.0582,-8.31,-29.31,13.56,6.95,-79.96,-145.59,13.278,0.0,52.40809488888889,-1.5266285333333334
,,144.07,,4,323.56,26 / 28,240621,2019-09-08 10:11:47:245,1.8273,-0.3681,8.379,-0.013,-0.0646,9.8064,-0.1299,0.1011,0.0745,-7.75,-30.12,14.25,6.98,-79.27,-145.81,13.286000000000001,0.0,52.40810033333334,-1.5266454
,,144.07,,4,323.56,26 / 28,240722,2019-09-08 10:11:47:346,-1.8787,1.9166,10.7662,-0.0526,0.1089,9.8058,0.2971,-0.1319,0.0154,-7.87,-29.37,14.06,9.53,-79.04,-144.14,13.294,0.0,52.40810577777778,-1.5266622666666667
,,144.07,,4,323.56,24 / 26,240821,2019-09-08 10:11:47:445,-1.3653,2.3522,10.0041,0.0058,0.1264,9.8057,0.5064,-0.1312,-0.0521,-7.94,-28.87,14.31,9.06,-79.15,-144.42,13.302,0.0,52.408111222222225,-1.5266791333333334
,,144.07,,4,323.56,24 / 26,240921,2019-09-08 10:11:47:545,1.2538,0.0119,9.9927,0.0437,-0.0595,9.8063,-0.0122,0.0001,0.0277,-7.19,-28.87,15.0,8.66,-79.29,-149.28,13.31,0.0,52.408116666666665,-1.526696
,,144.07,,4,323.56,24 / 26,241021,2019-09-08 10:11:47:645,1.4608,0.7002,8.0766,-0.0138,-0.0564,9.8064,0.0523,0.2273,-0.1848,-7.44,-28.87,15.13,8.33,-79.39,-149.48,13.318000000000001,0.0,52.40812211111111,-1.5267128666666667
,,144.07,,4,323.56,24 / 26,241121,2019-09-08 10:11:47:745,-0.4427,0.9054,8.46,-0.0622,0.0705,9.8062,0.0747,0.0549,0.0318,-6.62,-28.19,14.06,5.78,-79.66,-149.6,13.326,0.0,52.40812755555556,-1.5267297333333334
,,144.07,,4,323.56,24 / 26,241221,2019-09-08 10:11:47:845,2.5182,6.1398,7.5774,-0.0586,0.0971,9.806,-0.0076,-0.1154,0.0385,-7.44,-29.06,13.63,12.49,-80.22,-145.03,13.334,0.0,52.408133,-1.5267466
,,144.07,,4,323.56,24 / 26,241321,2019-09-08 10:11:47:945,1.6371,-2.4262,12.0761,0.0402,-0.1778,9.8049,-0.1796,-0.0497,-0.087,-8.19,-28.75,13.69,9.73,-80.09,-143.67,13.342,0.0,52.40813844444445,-1.5267634666666667
,,144.07,,4,323.56,24 / 26,241421,2019-09-08 10:11:48:045,-3.3547,-2.9604,12.4839,0.0658,-0.0587,9.8061,0.0771,-0.1203,0.0913,-8.12,-29.37,14.13,6.84,-79.18,-145.84,13.350000000000001,0.0,52.40814388888889,-1.5267803333333334
,,144.07,,4,323.56,24 / 26,241522,2019-09-08 10:11:48:146,-0.1394,-1.1519,12.012,0.0,-0.0205,9.8065,-0.2855,-0.0071,-0.0205,-8.0,-29.81,14.06,6.56,-79.1,-146.12,13.358,0.0,52.408149333333334,-1.5267972
,,144.07,,4,323.56,24 / 26,241621,2019-09-08 10:11:48:245,0.0765,3.3391,8.804,-0.0009,0.0096,9.8066,-0.3528,0.0118,-0.0384,-7.0,-29.31,14.13,12.2,-79.4,-145.57,13.366,0.0,52.408154777777774,-1.5268140666666667
,,144.07,,4,323.56,24 / 26,241721,2019-09-08 10:11:48:345,-0.4606,1.1251,8.231,-0.0144,0.0131,9.8066,0.0028,0.106,-0.0337,-7.69,-28.69,13.94,9.4,-79.43,-144.1,13.374,0.0,52.40816022222222,-1.5268309333333332
,,144.07,,4,323.56,26 / 27,241822,2019-09-08 10:11:48:446,-1.6717,-0.5091,10.5531,-0.0312,0.0059,9.8065,0.2085,-0.2169,0.2848,-8.31,-28.81,13.5,13.15,-79.42,-141.63,13.382000000000001,0.0,52.40816566666667,-1.5268477999999999
,,144.07,,4,323.56,26 / 27,241922,2019-09-08 10:11:48:546,-2.0504,1.5653,11.8115,0.0064,-0.0096,9.8065,0.1047,0.0938,-0.008,-7.5,-28.87,13.88,19.85,-79.28,-140.64,13.39,0.0,52.40817111111111,-1.5268646666666665
,,144.07,,4,323.56,26 / 27,242022,2019-09-08 10:11:48:646,1.3982,-2.1443,9.7019,-0.0152,-0.0387,9.8065,0.006,-0.0452,0.0217,-7.87,-28.25,13.81,13.56,-79.04,-141.37,13.398,0.0,52.408176555555556,-1.5268815333333332
,,144.07,,4,323.56,26 / 27,242121,2019-09-08 10:11:48:745,-1.7267,1.8785,10.7421,0.0408,-0.1046,9.806,0.1065,-0.0141,0.0166,-7.31,-27.37,14.13,17.51,-78.8,-142.04,13.406,0.0,52.408182,-1.5268983999999999
,,144.07,,4,323.56,26 / 27,242222,2019-09-08 10:11:48:846,0.2248,-2.6829,12.2906,0.0228,-0.1324,9.8057,0.0802,0.0515,-0.1583,-7.5,-27.06,13.81,17.44,-78.85,-142.06,13.414000000000001,0.0,52.408187444444444,-1.5269152666666665
,,144.07,,4,323.56,26 / 27,242322,2019-09-08 10:11:48:946,2.4141,-1.17,10.2638,0.0269,-0.0348,9.8065,-0.4487,-0.0321,0.0669,-8.69,-26.87,12.63,5.61,-79.22,-141.58,13.422,0.0,52.40819288888889,-1.5269321333333332
,,144.07,,4,323.56,26 / 27,242422,2019-09-08 10:11:49:046,-0.6738,-0.2898,9.6007,0.0538,-0.0819,9.8061,-0.4258,0.0187,0.003,-8.94,-27.62,14.13,6.91,-78.91,-142.71,13.43,0.0,52.40819833333333,-1.526949
,,144.07,,4,323.56,26 / 27,242522,2019-09-08 10:11:49:146,-1.0345,0.0951,9.6741,-0.0224,0.038,9.8065,0.3218,-0.0561,0.0057,-9.37,-28.06,14.81,9.08,-78.92,-142.91,13.438,0.0,52.40820377777778,-1.5269658666666666
,,144.07,,4,323.56,26 / 27,242622,2019-09-08 10:11:49:246,-0.0863,-0.3098,10.351,-0.0043,0.0395,9.8065,0.1915,-0.0481,-0.027,-8.31,-28.19,14.5,13.83,-79.11,-142.61,13.446000000000002,0.0,52.40820922222222,-1.5269827333333332
,,144.07,,4,323.56,26 / 27,242721,2019-09-08 10:11:49:345,-0.8432,0.2227,10.8876,0.01,-0.0433,9.8065,-0.2645,0.0783,-0.1809,-7.25,-28.12,13.94,16.77,-79.08,-142.57,13.454,0.0,52.408214666666666,-1.5269996
,,144.07,,4,323.56,26 / 27,242823,2019-09-08 10:11:49:447,-1.4565,-0.2058,9.304,0.027,-0.0104,9.8065,-0.2312,-0.0772,0.0506,-7.87,-28.75,14.31,10.01,-79.1,-143.81,13.462,0.0,52.40822011111111,-1.5270164666666666
,,144.07,,4,323.56,25 / 27,242921,2019-09-08 10:11:49:545,0.4937,0.6502,9.8809,0.0311,-0.0012,9.8065,-0.3229999999999999,0.0002,0.0035,-8.0,-28.62,13.63,11.0,-79.19,-143.14,13.47,0.0,52.40822555555555,-1.5270333333333332
52.408231,-1.5270502,144.07,,4,323.56,25 / 27,243021,2019-09-08 10:11:49:645,0.3926,0.7909,9.3266,0.038,-0.0321,9.8065,-0.2083,-0.0167,0.0371,-8.0,-28.69,14.13,8.39,-79.4,-144.77,13.478000000000002,1.0,52.408231,-1.5270502
52.40823644444444,-1.5270670666666666,144.07,,4,323.56,25 / 27,243122,2019-09-08 10:11:49:746,-2.129,3.2626,8.2816,-0.1008,0.1417,9.805,0.2549,-0.0185,0.0534,-7.94,-29.31,13.69,8.95,-79.01,-144.53,13.486,1.0,52.40823644444444,-1.5270670666666666
52.40824188888889,-1.5270839333333333,144.07,,4,323.56,25 / 27,243222,2019-09-08 10:11:49:846,-1.4979,0.2034,9.9219,-0.0665,0.0822,9.8061,0.2931,-0.0126,-0.0742,-8.0,-28.87,13.19,12.89,-79.39,-140.19,13.494,1.0,52.40824188888889,-1.5270839333333333
52.40824733333333,-1.5271008,144.07,,4,323.56,25 / 27,243322,2019-09-08 10:11:49:946,-1.8588,1.894,11.6154,0.016,0.0137,9.8066,-0.0335,0.1256,-0.1402,-8.5,-29.0,13.0,8.75,-79.06,-142.95,13.502,1.0,52.40824733333333,-1.5271008
52.408252777777776,-1.5271176666666666,144.07,,4,323.56,25 / 27,243422,2019-09-08 10:11:50:046,-1.3693,0.8044,9.2586,0.0038,0.0011,9.8066,0.0494,0.0164,-0.0691,-8.62,-28.94,14.13,4.02,-78.94,-144.66,13.510000000000002,1.0,52.408252777777776,-1.5271176666666666
52.40825822222222,-1.5271345333333333,144.07,,4,323.56,25 / 27,243522,2019-09-08 10:11:50:146,0.4998,0.7518,9.5111,0.0129,0.0554,9.8065,0.1141,-0.0589,0.0434,-8.5,-29.37,14.5,9.73,-78.88,-145.56,13.518,1.0,52.40825822222222,-1.5271345333333333
52.40826366666666,-1.5271514,144.07,,4,323.56,25 / 27,243621,2019-09-08 10:11:50:245,-0.3244,0.6178,8.8182,-0.0083,0.0796,9.8062,0.1941,-0.0079,0.0158,-7.87,-29.0,14.56,8.61,-79.56,-146.12,13.526,1.0,52.40826366666666,-1.5271514
52.40826911111111,-1.5271682666666666,144.07,,4,323.56,25 / 27,243721,2019-09-08 10:11:50:345,0.9899,-1.4934,9.6925,0.0134,-0.0278,9.8066,-0.2044,0.0186,-0.0496,-7.44,-28.44,14.38,11.07,-79.65,-146.08,13.534,1.0,52.40826911111111,-1.5271682666666666
52.40827455555555,-1.5271851333333333,144.07,,4,323.56,25 / 27,243821,2019-09-08 10:11:50:445,-0.401,1.4368,9.9848,0.0174,-0.0275,9.8065,-0.1415,-0.0245,-0.0234,-8.06,-28.87,13.69,5.29,-79.56,-146.77,13.542000000000002,1.0,52.40827455555555,-1.5271851333333333
52.40828,-1.527202,142.96,13.55,4,292.27,26 / 28,243921,2019-09-08 10:11:50:545,0.7246,-0.1243,10.7071,0.0298,-0.0201,9.8065,0.0227,-0.0175,0.0061,-7.75,-28.69,13.94,4.06,-79.51,-147.59,13.55,1.0,52.40828,-1.527202
52.40828227777777,-1.5272212666666667,142.96,,4,292.27,26 / 28,244021,2019-09-08 10:11:50:645,-0.3988,0.1414,10.0342,0.0071,0.0147,9.8066,0.036,0.0047,0.0316,-7.12,-29.44,13.75,8.01,-79.42,-148.28,13.541444444444446,1.0,52.40828227777777,-1.5272212666666667
52.408284555555554,-1.5272405333333332,142.96,,4,292.27,26 / 28,244121,2019-09-08 10:11:50:745,-0.0672,-0.0891,10.1649,0.0087,-0.0069999999999999,9.8065,-0.0021,0.0166,0.0034,-7.5,-29.12,14.06,7.54,-79.36,-148.6,13.53288888888889,1.0,52.408284555555554,-1.5272405333333332
52.40828683333333,-1.5272598,142.96,,4,292.27,26 / 28,244221,2019-09-08 10:11:50:845,0.5342,0.1783,9.9523,0.01,-0.0086,9.8065,0.0198,-0.0494,-0.0083,-7.81,-28.69,14.13,1.78,-79.4,-149.1,13.524333333333335,1.0,52.40828683333333,-1.5272598
52.40828911111111,-1.5272790666666667,142.96,,4,292.27,26 / 28,244321,2019-09-08 10:11:50:945,1.1126,1.2444,9.8184,0.0061,0.0011,9.8066,0.0409,0.0643,-0.0758,-7.94,-28.31,15.0,3.75,-79.58,-149.36,13.515777777777778,1.0,52.40828911111111,-1.5272790666666667
52.408291388888884,-1.5272983333333332,142.96,,4,292.27,26 / 28,244421,2019-09-08 10:11:51:045,0.7069,1.1083,9.7655,0.0153,-0.0081,9.8066,-0.0739,-0.0552,0.0353,-6.81,-28.31,14.56,7.48,-79.51,-149.92,13.507222222222223,1.0,52.408291388888884,-1.5272983333333332
52.408293666666665,-1.5273176,142.96,,4,292.27,26 / 28,244521,2019-09-08 10:11:51:145,0.0405,1.6124,9.9142,-0.0117,-0.0093,9.8066,0.1524,-0.1005,0.0567,-7.0,-27.69,14.63,6.81,-79.38,-150.41,13.498666666666667,1.0,52.408293666666665,-1.5273176
52.40829594444444,-1.5273368666666667,142.96,,4,292.27,26 / 28,244621,2019-09-08 10:11:51:245,1.1108,0.4705,10.8549,0.0058,-0.0158,9.8066,-0.2352,0.0345,0.0135,-6.31,-28.69,14.19,9.86,-79.28,-150.59,13.490111111111112,1.0,52.40829594444444,-1.5273368666666667
52.40829822222222,-1.5273561333333332,142.96,,4,292.27,26 / 28,244721,2019-09-08 10:11:51:345,-2.3135,0.8523,11.4734,-0.0138,-0.0189,9.8065,-0.005,-0.0538,0.0726,-6.37,-27.69,14.81,10.76,-79.4,-151.03,13.481555555555556,1.0,52.40829822222222,-1.5273561333333332
52.408300499999996,-1.5273754,142.96,,4,292.27,26 / 28,244822,2019-09-08 10:11:51:446,2.3897,-0.7165,10.2438,0.0205,-0.0597,9.8064,-0.1043,-0.0113,0.0556,-6.25,-28.44,14.44,7.84,-79.15,-151.81,13.473,1.0,52.408300499999996,-1.5273754
52.40830277777778,-1.5273946666666667,142.96,,4,292.27,26 / 28,244921,2019-09-08 10:11:51:545,0.1463,2.3347,9.7072,-0.011,0.0243,9.8065,-0.0488,0.1894,-0.0478,-6.75,-27.81,14.5,3.6,-79.07,-152.6,13.464444444444444,1.0,52.40830277777778,-1.5273946666666667
52.40830505555555,-1.5274139333333332,142.96,,4,292.27,26 / 28,245021,2019-09-08 10:11:51:645,0.7208,1.4346,9.3517,-0.016,0.0218,9.8066,0.0688,0.0944,0.0422,-7.06,-29.06,14.75,4.94,-79.04,-151.77,13.45588888888889,1.0,52.40830505555555,-1.5274139333333332
52.40830733333333,-1.5274332,142.96,,4,292.27,26 / 28,245122,2019-09-08 10:11:51:746,0.3766,1.0787,9.8118,-0.0194,-0.0075,9.8066,0.0668,0.0277,0.0663,-8.12,-28.94,15.31,1.65,-78.84,-150.85,13.447333333333335,1.0,52.40830733333333,-1.5274332
52.40830961111111,-1.5274524666666667,142.96,,4,292.27,26 / 28,245221,2019-09-08 10:11:51:845,0.9207,2.622,8.6782,0.0048,0.0042,9.8066,-0.0324,0.0291,-0.0076,-8.75,-27.94,15.19,357.61,-78.81,-150.64,13.438777777777778,1.0,52.40830961111111,-1.5274524666666667
52.40831188888889,-1.5274717333333332,142.96,,4,292.27,26 / 28,245321,2019-09-08 10:11:51:945,1.3453,0.9763,10.2661,-0.0181,0.0239,9.8066,0.0552,0.1423,-0.0169,-8.25,-27.81,16.0,4.15,-78.72,-150.63,13.430222222222223,1.0,52.40831188888889,-1.5274717333333332
52.40831416666666,-1.527491,142.96,,4,292.27,26 / 28,245422,2019-09-08 10:11:52:046,1.8415,0.0648,10.2795,0.0036,0.0054,9.8065,-0.159,0.103,-0.0221,-8.19,-27.44,15.81,4.2,-78.76,-150.55,13.421666666666667,1.0,52.40831416666666,-1.527491
52.408316444444445,-1.5275102666666667,142.96,,4,292.27,26 / 28,245522,2019-09-08 10:11:52:146,0.4554,-0.081,10.083,-0.0096,0.0121,9.8066,-0.1126,0.0555,-0.0435,-7.87,-27.69,16.31,3.53,-78.68,-151.06,13.413111111111112,1.0,52.408316444444445,-1.5275102666666667
52.40831872222222,-1.5275295333333334,142.96,,4,292.27,26 / 28,245622,2019-09-08 10:11:52:246,1.2891,-0.4448,9.0254,0.0127,0.0288,9.8066,-0.1023,0.1056,-0.0279,-7.06,-27.94,16.81,8.52,-78.85,-151.76,13.404555555555556,1.0,52.40831872222222,-1.5275295333333334
52.408321,-1.5275488,142.96,,4,292.27,26 / 28,245722,2019-09-08 10:11:52:346,1.1509,0.2707,10.8857,0.0028,0.0078,9.8066,-0.0692,0.2149,-0.0511,-7.56,-27.56,16.63,4.66,-78.77,-151.58,13.396,1.0,52.408321,-1.5275488
52.408323277777775,-1.5275680666666667,142.96,,4,292.27,27 / 28,245822,2019-09-08 10:11:52:446,1.746,0.2166,10.1797,0.0232,-0.0121,9.8066,-0.0386,0.1173,0.0081,-7.06,-26.44,17.13,7.41,-78.93,-152.36,13.387444444444444,1.0,52.408323277777775,-1.5275680666666667
52.40832555555556,-1.5275873333333334,142.96,,4,292.27,27 / 28,245921,2019-09-08 10:11:52:545,1.9504,0.3424,9.0259,-0.0014,0.0197,9.8066,0.0198,0.1542,-0.0033,-6.56,-26.75,17.56,7.89,-78.96,-153.11,13.37888888888889,1.0,52.40832555555556,-1.5275873333333334
52.40832783333333,-1.5276066,142.96,,4,292.27,27 / 28,246021,2019-09-08 10:11:52:645,0.8259,-0.5189,9.8651,0.002,0.0028,9.8066,-0.0742,0.2027,-0.0719,-6.5,-26.87,17.5,11.75,-78.97,-153.21,13.370333333333333,1.0,52.40832783333333,-1.5276066
52.40833011111111,-1.5276258666666667,142.96,,4,292.27,27 / 28,246122,2019-09-08 10:11:52:746,2.1757,0.2488,9.9566,-0.0027,0.0008,9.8066,-0.0218,0.1147,0.0052,-5.25,-27.0,18.25,16.0,-78.97,-153.13,13.361777777777778,1.0,52.40833011111111,-1.5276258666666667
52.40833238888889,-1.5276451333333334,142.96,,4,292.27,27 / 28,246221,2019-09-08 10:11:52:845,1.6613,0.4225,9.9195,0.0041,0.0073,9.8066,0.1909,0.1418,-0.1624,-4.81,-27.25,17.31,15.26,-79.01,-153.01,13.353222222222223,1.0,52.40833238888889,-1.5276451333333334
52.40833466666666,-1.5276644,142.96,,4,292.27,27 / 28,246322,2019-09-08 10:11:52:946,1.6708,-0.1661,10.3184,0.0064,-0.0205,9.8066,0.0403,0.0803,-0.0612,-4.87,-27.94,17.38,14.96,-79.02,-153.37,13.344666666666667,1.0,52.40833466666666,-1.5276644
52.40833694444444,-1.5276836666666667,142.96,,4,292.27,27 / 28,246421,2019-09-08 10:11:53:045,1.0242,1.621,10.5636,0.0098,-0.032,9.8065,0.2443,0.1207,-0.0905,-5.5,-28.19,18.13,15.15,-78.8,-153.97,13.336111111111112,1.0,52.40833694444444,-1.5276836666666667
52.40833922222222,-1.5277029333333334,142.96,,4,292.27,27 / 28,246521,2019-09-08 10:11:53:145,0.2933,-1.0955,9.3915,0.0296,-0.0437,9.8065,0.2117,0.0255,-0.011,-5.56,-28.31,18.5,11.22,-78.78,-154.52,13.327555555555556,1.0,52.40833922222222,-1.5277029333333334
52.4083415,-1.5277222,142.96,,4,292.27,27 / 28,246621,2019-09-08 10:11:53:245,0.49,0.0345,9.8718,-0.0069,0.0335,9.8066,0.0694,-0.0184,0.0245,-5.25,-28.37,18.38,13.01,-78.94,-155.41,13.319,1.0,52.4083415,-1.5277222
52.40834377777777,-1.5277414666666667,142.96,,4,292.27,27 / 28,246722,2019-09-08 10:11:53:346,1.5981,-0.6557,9.871,0.0177,-0.0207,9.8065,0.2494,0.1592,-0.1383,-4.87,-28.31,18.31,12.97,-79.36,-155.28,13.310444444444444,1.0,52.40834377777777,-1.5277414666666667
52.408346055555555,-1.5277607333333334,142.96,,4,292.27,27 / 28,246822,2019-09-08 10:11:53:446,0.0213,-0.9628,9.3344,-0.0178,-0.0628,9.8064,0.0508,0.2102,0.0448,-5.5,-28.69,18.63,15.65,-79.49,-154.03,13.30188888888889,1.0,52.408346055555555,-1.5277607333333334
52.40834833333333,-1.52778,142.96,,4,292.27,27 / 28,246921,2019-09-08 10:11:53:545,1.9739,-0.1697,8.1961,0.0304,-0.0318,9.8065,0.0324,0.1609,-0.05,-5.37,-28.56,20.06,18.1,-79.11,-152.91,13.293333333333333,1.0,52.40834833333333,-1.52778
52.40835061111111,-1.5277992666666667,142.96,,4,292.27,27 / 28,247022,2019-09-08 10:11:53:646,4.0213,1.14,10.9008,0.0085,-0.052,9.8065,0.5115,0.0193,0.3244,-4.62,-28.06,19.94,14.79,-78.76,-155.32,13.284777777777778,1.0,52.40835061111111,-1.5277992666666667
52.408352888888885,-1.5278185333333334,142.96,,4,292.27,27 / 28,247121,2019-09-08 10:11:53:745,0.9374,2.6385,8.543,0.0202,0.0841,9.8062,0.086,0.3626,-0.0234,-4.87,-28.19,19.06,14.96,-78.3,-154.87,13.276222222222222,1.0,52.408352888888885,-1.5278185333333334
52.40835516666667,-1.5278378,142.96,,4,292.27,27 / 28,247221,2019-09-08 10:11:53:845,1.0793,-0.4384,9.9065,0.0157,0.0946,9.8061,0.0897,0.1128,-0.1169999999999999,-4.44,-27.94,20.0,19.11,-79.34,-154.67,13.267666666666667,1.0,52.40835516666667,-1.5278378
52.40835744444444,-1.5278570666666667,142.96,,4,292.27,27 / 28,247321,2019-09-08 10:11:53:945,-1.0539,0.528,10.5062,-0.0042,-0.0334,9.8065,-0.0104,-0.1098,0.0789,-4.62,-27.69,19.75,14.62,-79.39,-155.21,13.259111111111112,1.0,52.40835744444444,-1.5278570666666667
52.40835972222222,-1.5278763333333334,142.96,,4,292.27,27 / 28,247422,2019-09-08 10:11:54:046,0.7502,-0.0857,9.5456,0.0129,-0.0372,9.8065,-0.0167,-0.0131,0.0166,-4.69,-28.0,19.63,13.62,-79.34,-155.96,13.250555555555556,1.0,52.40835972222222,-1.5278763333333334
52.408362,-1.5278956,142.96,,4,292.27,27 / 28,247521,2019-09-08 10:11:54:145,-0.7628,-0.0446,9.9538,-0.0127,0.0343,9.8065,0.0208,-0.0384,0.0391,-4.69,-28.56,19.5,12.84,-79.25,-156.68,13.242,1.0,52.408362,-1.5278956
52.40836427777778,-1.5279148666666666,142.96,,4,292.27,27 / 28,247622,2019-09-08 10:11:54:246,0.0825,0.624,9.2279,-0.0127,0.0269,9.8066,-0.0831,-0.0363,0.0771,-4.31,-28.25,19.88,17.44,-79.36,-155.9,13.233444444444444,1.0,52.40836427777778,-1.5279148666666666
52.40836655555555,-1.5279341333333334,142.96,,4,292.27,27 / 28,247722,2019-09-08 10:11:54:346,-0.6042,-0.4368,10.075,-0.0219,0.0177,9.8065,-0.0871,-0.0278,0.1,-4.56,-29.0,19.13,14.03,-79.26,-155.29,13.22488888888889,1.0,52.40836655555555,-1.5279341333333334
52.408368833333334,-1.5279534,142.96,,4,292.27,27 / 28,247822,2019-09-08 10:11:54:446,-0.1426,-1.4223,9.8929,-0.0077,0.0146,9.8066,0.0115,-0.0605,0.0992,-5.5,-30.31,19.44,15.8,-79.31,-154.14,13.216333333333333,1.0,52.408368833333334,-1.5279534
52.40837111111111,-1.5279726666666666,142.96,,4,292.27,27 / 28,247921,2019-09-08 10:11:54:545,-0.5097,1.7974,10.0713,-0.0277,0.0111,9.8066,0.0701,-0.1308,0.1008,-5.87,-30.94,21.31,15.47,-79.24,-152.9,13.207777777777778,1.0,52.40837111111111,-1.5279726666666666
52.40837338888889,-1.5279919333333334,142.96,,4,292.27,27 / 28,248021,2019-09-08 10:11:54:645,-1.7503,-0.7417,10.1866,-0.0109,0.0754,9.8062,0.2665,-0.0987,0.0946,-5.12,-28.69,21.31,21.19,-79.35,-150.91,13.199222222222222,1.0,52.40837338888889,-1.5279919333333334
52.408375666666664,-1.5280112,142.96,,4,292.27,27 / 28,248121,2019-09-08 10:11:54:745,0.6573,0.2827,9.8699,-0.0139,-0.0068,9.8066,-0.0413,-0.1118,0.0728,-4.75,-28.0,21.44,21.58,-79.16,-150.54,13.190666666666667,1.0,52.408375666666664,-1.5280112
52.408377944444446,-1.5280304666666666,142.96,,4,292.27,27 / 28,248222,2019-09-08 10:11:54:846,-0.968,-1.4142,10.2534,-0.0184,0.0226,9.8066,0.1292,-0.0184,0.0257,-4.69,-27.69,20.5,23.27,-79.13,-149.27,13.18211111111111,1.0,52.408377944444446,-1.5280304666666666
52.40838022222222,-1.5280497333333334,142.96,,4,292.27,27 / 28,248321,2019-09-08 10:11:54:945,-0.825,1.0827,10.087,-0.0033,-0.0136,9.8065,-0.1221,-0.0348,-0.0572,-5.5,-28.31,19.88,22.7,-79.14,-149.31,13.173555555555556,1.0,52.40838022222222,-1.5280497333333334
52.4083825,-1.5280690000000001,142.96,,4,292.27,27 / 28,248422,2019-09-08 10:11:55:046,-1.0436,1.3323,10.8319,-0.0019,0.0076,9.8066,-0.0058,-0.0039,-0.0374,-4.75,-27.5,20.31,22.68,-79.18,-149.11,13.165000000000001,1.0,52.4083825,-1.5280690000000001
52.408384777777776,-1.5280882666666666,142.96,,4,292.27,27 / 28,248522,2019-09-08 10:11:55:146,-0.1077,0.8905,9.4969,0.0138,0.0181,9.8066,0.0506,-0.0288,0.0852,-4.87,-27.56,19.31,21.35,-79.13,-149.89,13.156444444444444,1.0,52.408384777777776,-1.5280882666666666
52.40838705555555,-1.5281075333333334,142.96,,4,292.27,27 / 28,248621,2019-09-08 10:11:55:245,-0.8705,0.025,9.9892,-0.0033,0.0158,9.8065,0.0362,-0.0367,0.0476,-4.5,-28.31,19.5,25.31,-79.2,-150.11,13.14788888888889,1.0,52.40838705555555,-1.5281075333333334
52.40838933333333,-1.5281268000000001,142.96,,4,292.27,27 / 28,248722,2019-09-08 10:11:55:346,-0.7051,-0.7078,9.4465,-0.0139,0.0087,9.8066,-0.0439,0.0152,-0.0249,-4.44,-28.75,19.56,25.63,-79.19,-150.1,13.139333333333333,1.0,52.40838933333333,-1.5281268000000001
52.40839161111111,-1.5281460666666666,142.96,,4,292.27,27 / 28,248822,2019-09-08 10:11:55:446,-1.1937,1.1665,10.2831,-0.0036,0.0371,9.8065,-0.0122,-0.0996,0.0364,-4.5,-28.56,19.63,27.19,-79.26,-148.89,13.130777777777778,1.0,52.40839161111111,-1.5281460666666666
52.40839388888889,-1.5281653333333334,142.96,,4,292.27,27 / 28,248921,2019-09-08 10:11:55:545,1.3764,-1.0101,8.6034,-0.0018,-0.0197,9.8066,-0.0631,-0.0817,0.1205,-5.31,-27.81,20.31,23.8,-79.13,-148.49,13.122222222222222,1.0,52.40839388888889,-1.5281653333333334
52.40839616666666,-1.5281846000000001,142.96,,4,292.27,27 / 28,249021,2019-09-08 10:11:55:645,-0.3694,0.2508,9.2496,-0.0231,0.0253,9.8065,0.0068,-0.1371,0.0461,-5.12,-28.06,19.5,26.36,-79.05,-146.62,13.113666666666667,1.0,52.40839616666666,-1.5281846000000001
52.408398444444444,-1.5282038666666666,142.96,,4,292.27,27 / 28,249121,2019-09-08 10:11:55:745,-0.6117,-1.3959,10.4656,0.0051,-0.0239,9.8065,0.0162,-0.0452,-0.0658,-4.62,-27.62,19.94,27.25,-78.85,-146.09,13.10511111111111,1.0,52.408398444444444,-1.5282038666666666
52.40840072222222,-1.5282231333333334,142.96,,4,292.27,27 / 28,249222,2019-09-08 10:11:55:846,-1.1309,2.2987,10.3681,0.0026,-0.0256,9.8066,-0.0665,-0.0924,0.0431,-4.25,-27.62,19.75,30.15,-78.64,-146.88,13.096555555555556,1.0,52.40840072222222,-1.5282231333333334
52.408403,-1.5282424000000001,142.96,,4,292.27,27 / 28,249322,2019-09-08 10:11:55:946,-0.0331,-1.8098,9.2947,0.0067,-0.0107,9.8066,-0.026,0.0298,0.0334,-4.62,-27.19,19.75,26.14,-78.91,-146.64,13.088,1.0,52.408403,-1.5282424000000001
52.408405277777774,-1.5282616666666666,142.96,,4,292.27,27 / 28,249421,2019-09-08 10:11:56:045,-1.3847,3.7875,12.4167,-0.0187,-0.0055,9.8065,-0.1895,-0.0817,-0.0047,-5.37,-27.62,19.38,27.36,-78.84,-145.65,13.079444444444444,1.0,52.408405277777774,-1.5282616666666666
52.408407555555556,-1.5282809333333334,142.96,,4,292.27,27 / 28,249522,2019-09-08 10:11:56:146,-2.7475,-0.4198,10.7668,0.0027,-0.0352,9.8065,0.4232,-0.0914,-0.0726,-4.87,-28.12,19.81,28.0,-78.79,-145.57,13.07088888888889,1.0,52.408407555555556,-1.5282809333333334
52.40840983333333,-1.5283002,142.96,,4,292.27,27 / 28,249622,2019-09-08 10:11:56:246,-0.4252,-2.0801,9.4359,-0.0077,0.0053,9.8066,0.5036,0.0643,0.0285,-4.44,-28.12,19.56,30.55,-78.94,-146.34,13.062333333333333,1.0,52.40840983333333,-1.5283002
52.40841211111111,-1.5283194666666666,142.96,,4,292.27,27 / 28,249722,2019-09-08 10:11:56:346,-0.0772,0.2551,7.9428,0.0102,0.0339,9.8066,-0.3096,0.0346,0.1142,-5.12,-28.69,20.13,27.78,-78.48,-146.22,13.053777777777778,1.0,52.40841211111111,-1.5283194666666666
52.408414388888886,-1.5283387333333334,142.96,,4,292.27,27 / 28,249821,2019-09-08 10:11:56:445,1.5824,-1.1717,7.5099,-0.0335,-0.0611,9.8064,-0.1651,0.3595,-0.178,-4.62,-28.19,19.75,28.31,-78.49,-145.56,13.045222222222222,1.0,52.408414388888886,-1.5283387333333334
52.40841666666667,-1.528358,142.96,,4,292.27,27 / 29,249921,2019-09-08 10:11:56:545,1.2086,2.6032,6.6743,0.0147,0.1476,9.8054,0.5435,0.0674,-0.1763,-4.5,-27.56,19.69,30.8,-79.23,-145.92,13.036666666666667,1.0,52.40841666666667,-1.528358
52.40841894444444,-1.5283772666666666,142.96,,4,292.27,27 / 29,250022,2019-09-08 10:11:56:646,2.017,2.2615,8.0853,0.0219,0.0892,9.8061,0.1536,-0.0396,0.1284,-4.56,-27.62,19.88,23.92,-79.17,-148.38,13.02811111111111,1.0,52.40841894444444,-1.5283772666666666
52.40842122222222,-1.5283965333333334,142.96,,4,292.27,27 / 29,250122,2019-09-08 10:11:56:746,-0.1216,-0.3968,9.9968,0.0085,-0.0354,9.8066,-0.0058,0.0334,-0.0326,-5.12,-27.62,19.75,23.11,-79.38,-148.86,13.019555555555556,1.0,52.40842122222222,-1.5283965333333334
52.4084235,-1.5284158,142.96,,4,292.27,27 / 29,250222,2019-09-08 10:11:56:846,-0.1969,-0.1562,9.8998,0.0021,-0.027,9.8066,0.0304,-0.0012,-0.0233,-4.62,-28.25,19.5,22.37,-79.37,-149.42,13.011,1.0,52.4084235,-1.5284158
52.40842577777778,-1.5284350666666666,142.96,,4,292.27,27 / 29,250322,2019-09-08 10:11:56:946,0.8514,0.9407,9.8334,0.0024,0.0361,9.8065,0.0994,-0.0092,0.0953,-5.06,-27.81,18.44,19.97,-79.42,-150.22,13.002444444444444,1.0,52.40842577777778,-1.5284350666666666
52.408428055555554,-1.5284543333333334,142.96,,4,292.27,27 / 29,250421,2019-09-08 10:11:57:045,-0.2064,0.0163,10.8899,-0.0114,0.0122,9.8066,0.0836,-0.005,0.0101,-4.37,-28.0,18.38,24.33,-79.39,-150.14,12.993888888888888,1.0,52.408428055555554,-1.5284543333333334
52.408430333333335,-1.5284736,142.96,,4,292.27,27 / 29,250521,2019-09-08 10:11:57:145,-1.1126,0.9536,9.8402,-0.0049,-0.0193,9.8066,-0.0016,-0.0646,-0.1016,-5.37,-28.06,18.94,20.8,-79.19,-150.25,12.985333333333333,1.0,52.408430333333335,-1.5284736
52.40843261111111,-1.5284928666666666,142.96,,4,292.27,27 / 29,250621,2019-09-08 10:11:57:245,-2.1262,-0.1093,11.4766,0.018,0.0022,9.8065,0.0219,0.0286,-0.0629,-5.37,-27.87,18.81,19.64,-79.15,-151.12,12.976777777777778,1.0,52.40843261111111,-1.5284928666666666
52.408434888888884,-1.5285121333333334,142.96,,4,292.27,27 / 29,250722,2019-09-08 10:11:57:346,0.2165,2.2058,9.3166,-0.0058,0.027,9.8066,0.1915,-0.3459,0.288,-6.19,-29.62,18.38,13.32,-79.2,-152.39,12.968222222222222,1.0,52.408434888888884,-1.5285121333333334
52.408437166666666,-1.5285314,142.96,,4,292.27,27 / 29,250821,2019-09-08 10:11:57:445,0.8764,2.1514,10.1062,-0.0209,0.0425,9.8065,0.0584,0.1924,-0.3298,-6.31,-29.25,18.81,15.13,-78.78,-151.87,12.959666666666667,1.0,52.408437166666666,-1.5285314
52.40843944444444,-1.5285506666666666,142.96,,4,292.27,26 / 28,250921,2019-09-08 10:11:57:545,-1.3742,-0.5376,11.9404,0.0269,-0.0767,9.8063,0.0354,-0.0409999999999999,-0.034,-6.37,-30.37,20.19,14.98,-79.38,-152.5,12.95111111111111,1.0,52.40843944444444,-1.5285506666666666
52.40844172222222,-1.5285699333333334,142.96,,4,292.27,26 / 28,251021,2019-09-08 10:11:57:645,0.2194,3.7357,8.8002,0.0505,-0.0199,9.8064,-0.0397,0.0844,0.0521,-5.12,-30.31,20.88,13.99,-79.21,-156.46,12.942555555555556,1.0,52.40844172222222,-1.5285699333333334
52.408443999999996,-1.5285892,142.96,,4,292.27,26 / 28,251122,2019-09-08 10:11:57:746,-1.0418,-1.2711,8.8691,0.0264,0.0088,9.8065,0.0566,-0.0112,-0.1399,-4.69,-29.19,21.25,11.34,-79.27,-158.28,12.934,1.0,52.408443999999996,-1.5285892
52.40844627777778,-1.5286084666666666,142.96,,4,292.27,26 / 28,251221,2019-09-08 10:11:57:845,-0.8209,1.1703,10.1536,0.0333,0.0256,9.8065,-0.0881,-0.0028,-0.0997,-4.62,-28.37,20.75,8.01,-79.52,-160.61,12.925444444444445,1.0,52.40844627777778,-1.5286084666666666
52.40844855555555,-1.5286277333333333,142.96,,4,292.27,26 / 28,251322,2019-09-08 10:11:57:946,0.4136,0.5039,8.8408,0.0223,0.022,9.8065,-0.038,-0.0766,0.0227,-5.19,-27.94,20.38,4.76,-79.86,-162.41,12.916888888888888,1.0,52.40844855555555,-1.5286277333333333
52.40845083333333,-1.528647,142.96,,4,292.27,26 / 28,251422,2019-09-08 10:11:58:046,-0.132,-0.8792,8.5898,0.0,0.0112,9.8066,-0.0975,-0.0157,-0.0275,-3.37,-28.31,19.5,11.24,-80.23,-163.02,12.908333333333333,1.0,52.40845083333333,-1.528647
52.40845311111111,-1.5286662666666668,142.96,,4,292.27,26 / 28,251522,2019-09-08 10:11:58:146,0.0246,-0.084,8.5237,-0.0082,0.0116,9.8066,-0.1789,0.0107,0.0387,-4.5,-28.31,18.88,8.04,-80.63,-162.06,12.899777777777777,1.0,52.40845311111111,-1.5286662666666668
52.40845538888889,-1.5286855333333333,142.96,,4,292.27,26 / 28,251622,2019-09-08 10:11:58:246,1.4203,0.3108,9.0016,-0.0128,0.0167,9.8066,-0.1128,-0.0533,0.1751,-4.0,-27.94,19.5,10.92,-81.02,-160.23,12.891222222222222,1.0,52.40845538888889,-1.5286855333333333
52.40845766666666,-1.5287048,142.96,,4,292.27,26 / 28,251721,2019-09-08 10:11:58:345,-0.5705,-1.4496,10.322,-0.0328,-0.0643,9.8064,-0.0964,0.0488,-0.0711,-4.5,-27.69,18.94,14.42,-80.72,-157.2,12.882666666666667,1.0,52.40845766666666,-1.5287048
52.408459944444445,-1.5287240666666668,142.96,,4,292.27,26 / 28,251821,2019-09-08 10:11:58:445,-0.7394,-1.5092,11.0605,-0.0214,-0.0789,9.8063,-0.0164,-0.0347,-0.0016,-4.37,-27.12,18.94,16.34,-80.45,-155.71,12.87411111111111,1.0,52.408459944444445,-1.5287240666666668
52.40846222222222,-1.5287433333333333,142.96,,4,292.27,26 / 28,251921,2019-09-08 10:11:58:545,0.5351,0.2657,10.3678,-0.0411,0.0361,9.8064,0.0997,-0.016,0.0375,-5.12,-27.12,18.63,14.75,-80.45,-154.03,12.865555555555556,1.0,52.40846222222222,-1.5287433333333333
52.4084645,-1.5287626,142.96,,4,292.27,26 / 28,252021,2019-09-08 10:11:58:645,1.5602,0.3924,10.899,-0.0221,0.0175,9.8066,0.1768,0.1399,-0.0135,-5.31,-27.0,18.44,17.79,-80.39,-151.15,12.857,1.0,52.4084645,-1.5287626
52.408466777777775,-1.5287818666666668,142.96,,4,292.27,26 / 28,252121,2019-09-08 10:11:58:745,-0.0537,2.8115,9.9962,-0.0085,-0.0082,9.8066,0.1419,-0.0971,0.0597,-5.62,-26.25,18.69,13.52,-80.05,-152.17,12.848444444444445,1.0,52.408466777777775,-1.5287818666666668
52.40846905555556,-1.5288011333333333,142.96,,4,292.27,26 / 28,252221,2019-09-08 10:11:58:845,-1.0379,0.103,9.8979,-0.002,0.0085,9.8066,0.0185,-0.0065,-0.0334,-5.37,-26.5,18.56,17.41,-79.86,-152.11,12.839888888888888,1.0,52.40846905555556,-1.5288011333333333
52.40847133333333,-1.5288204,142.96,,4,292.27,26 / 28,252321,2019-09-08 10:11:58:945,-0.1819,-1.0362,9.827,0.001,-0.0144,9.8066,-0.0567,-0.0182,0.0371,-5.62,-26.19,18.19,12.75,-79.86,-152.06,12.831333333333333,1.0,52.40847133333333,-1.5288204
52.40847361111111,-1.5288396666666668,142.96,,4,292.27,26 / 28,252421,2019-09-08 10:11:59:045,1.0823,1.1571,8.3349,0.0042,0.0176,9.8066,-0.089,0.0407,0.0345,-5.69,-26.62,18.31,13.12,-79.92,-151.88,12.822777777777777,1.0,52.40847361111111,-1.5288396666666668
52.40847588888889,-1.5288589333333333,142.96,,4,292.27,26 / 28,252521,2019-09-08 10:11:59:145,-1.0,-0.1226,9.4424,0.0106,0.0024,9.8066,0.072,0.0408,0.0473,-5.62,-27.94,18.31,13.53,-79.92,-151.7,12.814222222222222,1.0,52.40847588888889,-1.5288589333333333
52.40847816666667,-1.5288782,142.96,,4,292.27,26 / 28,252621,2019-09-08 10:11:59:245,-2.6395,0.6488,11.6774,0.013,0.0332,9.8066,0.1159,-0.1697,0.1903,-5.5,-28.44,18.56,17.43,-79.98,-152.34,12.805666666666665,1.0,52.40847816666667,-1.5288782
52.40848044444444,-1.5288974666666668,142.96,,4,292.27,26 / 28,252722,2019-09-08 10:11:59:346,0.9106,1.4313,8.6377,0.0252,0.0093,9.8065,0.0076,-0.1363,0.0176,-5.62,-27.81,19.06,13.26,-79.77,-152.7,12.79711111111111,1.0,52.40848044444444,-1.5288974666666668
52.408482722222224,-1.5289167333333333,142.96,,4,292.27,26 / 27,252822,2019-09-08 10:11:59:446,-2.1246,-0.2551,9.3862,0.0057,0.0357,9.8065,-0.0862,-0.0648,0.0234,-5.06,-28.0,19.75,17.52,-79.83,-152.85,12.788555555555554,1.0,52.408482722222224,-1.5289167333333333
52.408485,-1.528936,144.02,12.78,4,277.85,26 / 27,252922,2019-09-08 10:11:59:546,-0.7109,1.2169,10.8685,-0.0044,0.0391,9.8065,-0.0285,0.0052,0.0823,-5.25,-27.87,19.13,16.91,-80.11,-152.67,12.78,1.0,52.408485,-1.528936
52.40848258888889,-1.5289487666666668,144.02,,4,277.85,26 / 27,253021,2019-09-08 10:11:59:645,-0.4137,0.8715,9.38,-0.0056,-0.0086,9.8066,-0.1057,0.0563,-0.0358,-5.12,-27.75,19.31,18.24,-80.28,-151.59,12.750666666666666,1.0,52.40848258888889,-1.5289487666666668
52.408480177777776,-1.5289615333333335,144.02,,4,277.85,26 / 27,253122,2019-09-08 10:11:59:746,0.5682,-0.0868,9.8161,0.0019,-0.0387,9.8065,-0.1703,0.0211,-0.0269,-5.37,-28.5,19.0,18.72,-80.08,-151.32,12.721333333333332,1.0,52.408480177777776,-1.5289615333333335
52.408477766666664,-1.5289743,144.02,,4,277.85,26 / 27,253222,2019-09-08 10:11:59:846,-1.2103,1.4513,10.0484,-0.0148,0.0129,9.8065,0.0922,0.0484,-0.0471,-5.06,-28.12,19.63,20.72,-80.07,-150.29,12.692,1.0,52.408477766666664,-1.5289743
52.40847535555555,-1.5289870666666667,144.02,,4,277.85,26 / 27,253321,2019-09-08 10:11:59:945,0.457,0.4354,9.7269,-0.0169,0.0185,9.8066,0.1287,0.0213,-0.0242,-4.87,-27.75,18.81,20.35,-79.96,-150.16,12.662666666666667,1.0,52.40847535555555,-1.5289870666666667
52.40847294444444,-1.5289998333333334,144.02,,4,277.85,26 / 27,253421,2019-09-08 10:12:00:045,-0.5770000000000001,-1.6382,9.439,-0.0098,0.0069,9.8065,0.0844,0.0163,0.0266,-5.44,-27.62,18.19,19.68,-79.88,-150.18,12.633333333333333,1.0,52.40847294444444,-1.5289998333333334
52.40847053333333,-1.5290126000000002,144.02,,4,277.85,26 / 27,253521,2019-09-08 10:12:00:145,0.3869,1.806,9.4203,-0.0079,0.0086,9.8066,-0.0589,0.0412,0.0293,-5.62,-27.75,18.13,16.85,-79.86,-149.29,12.604,1.0,52.40847053333333,-1.5290126000000002
52.408468122222224,-1.5290253666666667,144.02,,4,277.85,26 / 27,253621,2019-09-08 10:12:00:245,-0.0014,1.5281,10.3797,0.0003,-0.0038,9.8066,-0.0238,-0.0036,0.0557,-6.06,-27.62,18.25,17.33,-79.94,-148.9,12.574666666666666,1.0,52.408468122222224,-1.5290253666666667
52.40846571111111,-1.5290381333333334,144.02,,4,277.85,26 / 27,253721,2019-09-08 10:12:00:345,0.0899,0.5943,10.1655,0.001,-0.0344,9.8065,-0.0775,0.1541,-0.0849,-6.25,-27.44,18.38,17.09,-79.84,-148.97,12.545333333333334,1.0,52.40846571111111,-1.5290381333333334
52.4084633,-1.5290509,144.02,,4,277.85,26 / 28,253821,2019-09-08 10:12:00:445,-1.614,1.2385,9.9863,0.0004,-0.0008,9.8066,0.0243,0.0661,-0.0907,-6.37,-27.81,18.31,16.14,-79.76,-149.86,12.516,1.0,52.4084633,-1.5290509
52.40846088888889,-1.5290636666666668,144.02,,4,277.85,26 / 28,253922,2019-09-08 10:12:00:546,3.1741,-1.2858,9.1939,0.0054,-0.0161,9.8066,0.0604,0.1627,-0.1391,-6.06,-27.06,18.44,14.9,-79.72,-150.64,12.486666666666666,1.0,52.40846088888889,-1.5290636666666668
52.40845847777778,-1.5290764333333333,144.02,,4,277.85,26 / 28,254021,2019-09-08 10:12:00:645,-0.0349,-0.515,9.5861,-0.0138,0.0545,9.8065,0.1656,-0.0706,-0.0409,-5.81,-27.81,18.94,14.69,-79.65,-151.69,12.457333333333333,1.0,52.40845847777778,-1.5290764333333333
52.408456066666666,-1.5290892,144.02,,4,277.85,26 / 28,254121,2019-09-08 10:12:00:745,-0.2254,2.842,8.9925,0.0156,0.0824,9.8062,0.0403,0.0409999999999999,-0.1465,-5.5,-28.56,19.13,19.09,-80.01,-151.25,12.427999999999999,1.0,52.408456066666666,-1.5290892
52.408453655555554,-1.5291019666666668,144.02,,4,277.85,26 / 28,254222,2019-09-08 10:12:00:846,1.7283,0.7508,10.2043,0.0214,-0.0325,9.8065,-0.031,-0.0934,-0.0504,-5.31,-28.12,19.31,15.58,-80.3,-153.59,12.398666666666665,1.0,52.408453655555554,-1.5291019666666668
52.40845124444444,-1.5291147333333335,144.02,,4,277.85,26 / 28,254321,2019-09-08 10:12:00:945,-1.3589,1.1536,9.6615,0.0366,-0.0257,9.8065,-0.1744,-0.1585,-0.0305,-5.12,-28.44,18.94,14.09,-80.39,-154.68,12.369333333333334,1.0,52.40845124444444,-1.5291147333333335
52.40844883333333,-1.5291275,144.02,,4,277.85,26 / 28,254421,2019-09-08 10:12:01:045,1.5947,0.6213,10.1519,-0.0001,-0.0168,9.8065,0.0644,-0.0975,0.0472,-5.06,-28.0,19.13,13.09,-80.48,-155.41,12.34,1.0,52.40844883333333,-1.5291275
52.40844642222222,-1.5291402666666667,144.02,,4,277.85,26 / 28,254522,2019-09-08 10:12:01:146,-0.4771,1.3554,10.1235,0.0082,-0.0146,9.8065,0.1155,0.0095,-0.0925,-5.31,-27.81,19.56,14.02,-80.25,-155.34,12.310666666666666,1.0,52.40844642222222,-1.5291402666666667
52.40844401111111,-1.5291530333333334,144.02,,4,277.85,26 / 28,254621,2019-09-08 10:12:01:245,0.9881,-0.6091,10.5101,0.0062,-0.0189,9.8065,-0.0021,-0.0544,-0.0164,-4.56,-27.81,19.81,12.42,-80.07,-156.61,12.281333333333333,1.0,52.40844401111111,-1.5291530333333334
52.408441599999996,-1.5291658000000001,144.02,,4,277.85,26 / 28,254721,2019-09-08 10:12:01:345,-0.5534,1.7619999999999998,9.8672,0.0151,-0.004,9.8066,-0.1292,0.0002,-0.0474,-5.12,-27.94,19.75,11.93,-79.99,-157.01,12.251999999999999,1.0,52.408441599999996,-1.5291658000000001
52.408439188888885,-1.5291785666666666,144.02,,4,277.85,26 / 28,254821,2019-09-08 10:12:01:445,0.5611,0.5623,9.6625,0.0098,-0.01,9.8065,-0.0751,0.0308,-0.0332,-4.5,-27.81,19.75,15.21,-80.31,-157.17,12.222666666666667,1.0,52.408439188888885,-1.5291785666666666
52.40843677777778,-1.5291913333333333,144.02,,4,277.85,26 / 28,254921,2019-09-08 10:12:01:545,0.3732,0.7547,9.3018,0.0105,-0.0241,9.8066,-0.0796,0.0545,-0.0279,-4.19,-28.0,19.69,14.45,-80.35,-157.73,12.193333333333333,1.0,52.40843677777778,-1.5291913333333333
52.40843436666667,-1.5292041,144.02,,4,277.85,26 / 28,255022,2019-09-08 10:12:01:646,0.8299,2.0312,9.6513,0.0105,0.042,9.8065,0.0764,-0.0102,-0.0112,-4.56,-29.0,19.63,10.6,-80.4,-157.98,12.164,1.0,52.40843436666667,-1.5292041
52.40843195555556,-1.5292168666666668,144.02,,4,277.85,26 / 28,255121,2019-09-08 10:12:01:745,1.7106,3.2260000000000004,11.1507,0.0005,0.0194,9.8066,0.0804,0.1227,-0.0031,-4.12,-28.56,20.5,14.2,-80.57,-158.33,12.134666666666666,1.0,52.40843195555556,-1.5292168666666668
52.408429544444445,-1.5292296333333333,144.02,,4,277.85,26 / 28,255221,2019-09-08 10:12:01:845,-0.7352,-0.1017,9.8386,0.0118,-0.0321,9.8066,0.0586,0.1009999999999999,-0.0861,-4.5,-28.44,20.81,14.42,-80.33,-158.14,12.105333333333332,1.0,52.408429544444445,-1.5292296333333333
52.40842713333333,-1.5292424,144.02,,4,277.85,26 / 28,255322,2019-09-08 10:12:01:946,0.2649,-0.0201,9.4295,0.0108,0.0023,9.8066,0.0651,0.0664,-0.0228,-4.31,-28.5,20.44,11.68,-80.06,-159.93,12.076,1.0,52.40842713333333,-1.5292424
52.40842472222222,-1.5292551666666667,144.02,,4,277.85,26 / 28,255422,2019-09-08 10:12:02:046,-0.1133,0.6716,8.6262,0.0169,0.0593,9.8065,0.004,-0.1444,0.0406,-4.06,-28.44,20.56,12.31,-80.36,-159.75,12.046666666666667,1.0,52.40842472222222,-1.5292551666666667
52.40842231111111,-1.5292679333333334,144.02,,4,277.85,26 / 28,255521,2019-09-08 10:12:02:145,1.1165,1.616,9.1559,-0.0054,0.0546,9.8065,-0.0032,0.0653,-0.1205,-4.75,-28.0,20.06,8.68,-80.53,-159.34,12.017333333333333,1.0,52.40842231111111,-1.5292679333333334
52.4084199,-1.5292807,144.02,,4,277.85,26 / 28,255622,2019-09-08 10:12:02:246,0.2269,0.919,9.4413,0.0104,-0.0138,9.8066,-0.016,0.1086,-0.0699,-4.12,-28.06,20.81,12.21,-80.69,-159.74,11.988,1.0,52.4084199,-1.5292807
52.40841748888889,-1.5292934666666667,144.02,,4,277.85,26 / 28,255722,2019-09-08 10:12:02:346,0.1187,1.5222,9.5795,0.0232,-0.0227,9.8065,-0.0994,0.0289,0.0028,-4.06,-28.75,20.56,10.45,-80.63,-161.2,11.958666666666666,1.0,52.40841748888889,-1.5292934666666667
52.408415077777775,-1.5293062333333334,144.02,,4,277.85,25 / 27,255821,2019-09-08 10:12:02:445,1.2939,0.2689,9.2666,0.0131,-0.0045,9.8066,-0.1035,0.0323,0.0228,-4.25,-28.12,20.75,9.9,-80.8,-161.5,11.929333333333332,1.0,52.408415077777775,-1.5293062333333334
52.40841266666666,-1.529319,144.02,,4,277.85,25 / 27,255922,2019-09-08 10:12:02:546,1.8078,1.2657,8.5782,0.0409,-0.0042,9.8065,-0.2482,0.2269,-0.3014,-3.62,-28.25,20.69,8.17,-81.08,-162.8,11.9,1.0,52.40841266666666,-1.529319
52.40841025555555,-1.5293317666666666,144.02,,4,277.85,25 / 27,256022,2019-09-08 10:12:02:646,-2.0796,4.0904,10.4833,-0.0232,0.0523,9.8064,0.3794,0.3217,-0.1991,-3.37,-27.87,20.25,6.53,-81.52,-166.34,11.870666666666667,1.0,52.40841025555555,-1.5293317666666666
52.40840784444444,-1.5293445333333333,144.02,,4,277.85,25 / 27,256121,2019-09-08 10:12:02:745,-3.2268,1.1892,11.0574,0.0012,0.0131,9.8066,0.2928,-0.1091,-0.0309,-2.81,-28.0,20.69,6.54,-81.62,-166.66,11.841333333333333,1.0,52.40840784444444,-1.5293445333333333
52.408405433333336,-1.5293573,144.02,,4,277.85,25 / 27,256222,2019-09-08 10:12:02:846,7.5736,-0.5096,9.9658,0.0102,-0.1057,9.806,-0.2934,-0.2653,0.2832,-2.75,-27.44,20.88,2.47,-81.33,-169.9,11.812,1.0,52.408405433333336,-1.5293573
52.408403022222224,-1.5293700666666667,144.02,,4,277.85,25 / 27,256321,2019-09-08 10:12:02:945,-3.2333,1.3194,9.9638,-0.0219,-0.0645,9.8063,-0.5176,0.1342,0.2091,-3.75,-26.81,20.81,4.91,-80.4,-165.4,11.782666666666666,1.0,52.408403022222224,-1.5293700666666667
52.40840061111111,-1.5293828333333332,144.02,,4,277.85,25 / 27,256421,2019-09-08 10:12:03:045,-0.9079,1.8559,8.7037,-0.0211,0.0657,9.8063,0.3707,0.2973,0.0866,-4.75,-28.06,21.38,4.36,-80.24,-163.27,11.753333333333334,1.0,52.40840061111111,-1.5293828333333332
52.4083982,-1.5293956,144.02,,4,277.85,25 / 27,256522,2019-09-08 10:12:03:146,3.0148,0.2778,9.8328,-0.0803,0.0756,9.806,0.3436,0.3499,-0.1239,-4.37,-28.0,21.81,12.49,-80.65,-159.89,11.724,1.0,52.4083982,-1.5293956
52.40839578888889,-1.5294083666666667,144.02,,4,277.85,25 / 27,256621,2019-09-08 10:12:03:245,-1.4532,0.3892,11.3929,-0.0045,-0.0579,9.8064,-0.4047,0.2426,-0.0806,-4.69,-27.0,22.0,9.23,-80.23,-159.96,11.694666666666667,1.0,52.40839578888889,-1.5294083666666667
52.40839337777778,-1.5294211333333334,144.02,,4,277.85,25 / 27,256722,2019-09-08 10:12:03:346,-1.6557,1.492,8.9305,0.0109,-0.059,9.8064,-0.2305,-0.015,0.1538,-4.62,-27.5,21.94,9.55,-80.36,-159.69,11.665333333333333,1.0,52.40839337777778,-1.5294211333333334
52.408390966666666,-1.5294339,144.02,,4,277.85,25 / 27,256822,2019-09-08 10:12:03:446,0.0023,2.5562,10.262,0.0198,0.035,9.8065,0.1985,0.2012,-0.0688,-4.69,-28.12,22.13,10.54,-80.55,-158.93,11.636,1.0,52.408390966666666,-1.5294339
52.408388555555554,-1.5294466666666666,144.02,,4,277.85,27 / 28,256921,2019-09-08 10:12:03:545,3.3696,1.4069999999999998,9.4139,0.0275,0.0176,9.8065,0.1479,0.2351,-0.0689,-4.56,-27.94,22.44,7.0,-81.01,-161.63,11.606666666666667,1.0,52.408388555555554,-1.5294466666666666
52.40838614444444,-1.5294594333333333,144.02,,4,277.85,27 / 28,257022,2019-09-08 10:12:03:646,1.6623,1.224,9.312,-0.0146,0.0109,9.8065,-0.0665,0.2184,-0.049,-4.5,-27.56,22.69,10.65,-81.11,-161.57,11.577333333333334,1.0,52.40838614444444,-1.5294594333333333
52.40838373333333,-1.5294722,144.02,,4,277.85,27 / 28,257121,2019-09-08 10:12:03:745,1.5108,2.0355,10.3762,0.012,-0.0198,9.8065,-0.1056,0.16,-0.0856,-4.12,-27.0,23.0,11.02,-81.03,-161.22,11.548,1.0,52.40838373333333,-1.5294722
52.40838132222222,-1.5294849666666666,144.02,,4,277.85,27 / 28,257222,2019-09-08 10:12:03:846,0.2664,2.5918,10.2094,-0.0017,-0.0051,9.8066,0.1915,0.2469,-0.1025,-4.62,-26.94,23.13,6.28,-80.89,-162.67,11.518666666666666,1.0,52.40838132222222,-1.5294849666666666
52.40837891111111,-1.5294977333333333,144.02,,4,277.85,27 / 28,257321,2019-09-08 10:12:03:945,0.8704,-0.0053,9.8308,0.0154,-0.0064,9.8066,0.1569,0.1026,0.1508,-4.69,-26.12,24.06,5.32,-80.72,-163.89,11.489333333333333,1.0,52.40837891111111,-1.5294977333333333
52.4083765,-1.5295105,144.02,,4,277.85,27 / 28,257421,2019-09-08 10:12:04:045,1.4392,1.6084,9.4065,-0.006,0.0575,9.8065,0.0106,0.198,-0.0583,-5.0,-26.44,24.31,5.91,-80.32,-163.46,11.46,1.0,52.4083765,-1.5295105
52.40837408888889,-1.5295232666666667,144.02,,4,277.85,27 / 28,257521,2019-09-08 10:12:04:145,1.3812,1.7183,9.6754,-0.0016,0.0618,9.8064,0.1125,0.1901,-0.0668,-5.44,-26.5,25.06,6.68,-80.85,-163.17,11.430666666666667,1.0,52.40837408888889,-1.5295232666666667
52.40837167777778,-1.5295360333333334,144.02,,4,277.85,27 / 28,257621,2019-09-08 10:12:04:245,2.0534,-1.3289,9.1532,0.0224,-0.0286,9.8065,-0.1847,0.0185,-0.055,-4.94,-26.87,25.63,6.14,-81.15,-164.01,11.401333333333334,1.0,52.40837167777778,-1.5295360333333334
52.40836926666667,-1.5295488,144.02,,4,277.85,27 / 28,257722,2019-09-08 10:12:04:346,0.7846,2.611,7.2408,0.0509,-0.0149,9.8064,-0.3939999999999999,0.1279,-0.0212,-5.06,-26.44,25.63,2.56,-81.11,-166.97,11.372,1.0,52.40836926666667,-1.5295488
52.408366855555556,-1.5295615666666666,144.02,,4,277.85,27 / 28,257821,2019-09-08 10:12:04:445,3.0093,2.6011,8.9142,0.0157,-0.037,9.8065,0.2708,0.2084,0.038,-4.75,-26.19,26.38,3.29,-81.05,-166.37,11.342666666666666,1.0,52.408366855555556,-1.5295615666666666
52.408364444444445,-1.5295743333333334,144.02,,4,277.85,26 / 27,257921,2019-09-08 10:12:04:545,-0.06,1.4356,8.9896,0.0111,-0.0314,9.8066,0.205,0.2087,0.0696,-4.87,-25.94,27.69,2.82,-80.63,-167.51,11.313333333333333,1.0,52.408364444444445,-1.5295743333333334
52.40836203333333,-1.5295871,144.02,,4,277.85,26 / 27,258021,2019-09-08 10:12:04:645,4.6225,0.956,8.1573,0.018,0.0634,9.8064,0.0872,0.2759,0.1528,-4.75,-26.25,27.5,2.46,-80.38,-167.82,11.284,1.0,52.40836203333333,-1.5295871
52.40835962222222,-1.5295998666666666,144.02,,4,277.85,26 / 27,258121,2019-09-08 10:12:04:745,2.265,0.7231,9.4107,-0.0181,0.0631,9.8064,0.0767,0.3758,-0.0439,-5.37,-25.5,28.69,2.79,-80.83,-167.84,11.254666666666667,1.0,52.40835962222222,-1.5295998666666666
52.40835721111111,-1.5296126333333333,144.02,,4,277.85,26 / 27,258221,2019-09-08 10:12:04:845,2.6585,1.2905,9.693,-0.0071,0.0028,9.8066,-0.009,0.3588,-0.0877,-5.37,-25.62,28.88,2.32,-80.91,-168.25,11.225333333333333,1.0,52.40835721111111,-1.5296126333333333
52.4083548,-1.5296254,144.02,,4,277.85,26 / 27,258322,2019-09-08 10:12:04:946,2.803,0.5146,9.5248,0.0079,0.0082,9.8066,-0.0216,0.2501,-0.0326,-4.56,-25.19,29.63,2.45,-80.94,-168.43,11.196,1.0,52.4083548,-1.5296254
52.408352388888886,-1.5296381666666667,144.02,,4,277.85,26 / 27,258422,2019-09-08 10:12:05:046,2.1313,1.3164,9.7805,-0.0014,0.0067,9.8066,0.0911,0.3101,-0.0932,-5.62,-25.75,29.81,0.38,-80.96,-168.36,11.166666666666666,1.0,52.408352388888886,-1.5296381666666667
52.408349977777775,-1.5296509333333332,144.02,,4,277.85,26 / 27,258522,2019-09-08 10:12:05:146,2.8508,0.9745,10.2083,0.0035,-0.003,9.8066,0.0355,0.3119,-0.0494,-5.12,-25.62,30.5,2.45,-80.88,-168.74,11.137333333333334,1.0,52.408349977777775,-1.5296509333333332
52.40834756666666,-1.5296637,144.02,,4,277.85,26 / 27,258621,2019-09-08 10:12:05:245,1.6632,1.7599,9.7758,-0.0099,-0.0038,9.8066,0.0269,0.2983,-0.0494,-5.0,-24.94,31.75,3.47,-80.81,-168.12,11.108,1.0,52.40834756666666,-1.5296637
52.40834515555556,-1.5296764666666667,144.02,,4,277.85,26 / 27,258721,2019-09-08 10:12:05:345,2.2874,1.3789,10.3121,0.0011,-0.0043,9.8066,0.0694,0.3001,-0.0611,-5.37,-24.75,31.31,3.29,-80.63,-168.02,11.078666666666667,1.0,52.40834515555556,-1.5296764666666667
52.40834274444445,-1.5296892333333334,144.02,,4,277.85,26 / 27,258821,2019-09-08 10:12:05:445,2.8768,0.9972,10.0398,0.0187,-0.0346,9.8066,-0.054,0.3162,-0.0191,-5.5,-24.81,31.75,2.78,-80.53,-168.73,11.049333333333333,1.0,52.40834274444445,-1.5296892333333334
52.408340333333335,-1.529702,144.02,,4,277.85,26 / 29,258921,2019-09-08 10:12:05:545,2.0053,0.3193,9.7765,-0.0019,-0.0244,9.8065,0.0226,0.3031,-0.0277,-5.87,-25.0,31.44,359.44,-80.3,-169.52,11.02,1.0,52.408340333333335,-1.529702
52.40833792222222,-1.5297147666666666,144.02,,4,277.85,26 / 29,259021,2019-09-08 10:12:05:645,2.1639,1.335,9.9001,0.012,0.0042,9.8066,0.1126,0.2986,-0.0631,-6.19,-24.5,32.88,358.93,-80.25,-170.62,10.990666666666668,1.0,52.40833792222222,-1.5297147666666666
52.40833551111111,-1.5297275333333333,144.02,,4,277.85,26 / 29,259121,2019-09-08 10:12:05:745,2.8106,-0.2277,9.5226,0.025,0.0149,9.8065,0.0714,0.346,-0.1175,-6.81,-24.31,33.56,355.65,-80.23,-172.14,10.961333333333334,1.0,52.40833551111111,-1.5297275333333333
52.4083331,-1.5297403,144.02,,4,277.85,26 / 29,259222,2019-09-08 10:12:05:846,3.1701,0.8331,9.6086,0.0171,0.009,9.8065,-0.0117,0.2898,-0.0355,-7.25,-23.62,33.63,353.7,-80.3,-173.84,10.932,1.0,52.4083331,-1.5297403
52.40833068888889,-1.5297530666666665,144.02,,4,277.85,26 / 29,259322,2019-09-08 10:12:05:946,2.5994,0.4705,9.6704,0.0091,0.0162,9.8066,-0.0017,0.3242,-0.0338,-7.12,-23.81,33.44,351.5,-80.45,-175.41,10.902666666666667,1.0,52.40833068888889,-1.5297530666666665
52.40832827777778,-1.5297658333333333,144.02,,4,277.85,26 / 29,259422,2019-09-08 10:12:06:046,3.0751,1.5459,10.2642,0.0028,0.016,9.8066,0.0725,0.3295,0.0124,-7.56,-23.56,34.13,349.51,-80.45,-175.92,10.873333333333333,1.0,52.40832827777778,-1.5297658333333333
52.408325866666665,-1.5297786,144.02,,4,277.85,26 / 29,259522,2019-09-08 10:12:06:146,2.5168,0.8981,9.8,-0.0012,0.0007,9.8066,0.0288,0.3142,-0.0016,-8.0,-23.87,34.25,349.54,-80.48,-175.89,10.844000000000001,1.0,52.408325866666665,-1.5297786
52.40832345555555,-1.5297913666666667,144.02,,4,277.85,26 / 29,259622,2019-09-08 10:12:06:246,2.4105,0.5972,9.4202,-0.0084,-0.0014,9.8065,0.1136,0.3213,-0.027,-8.94,-23.19,35.81,349.57,-80.34,-175.17,10.814666666666668,1.0,52.40832345555555,-1.5297913666666667
52.40832104444444,-1.5298041333333332,144.02,,4,277.85,26 / 29,259722,2019-09-08 10:12:06:346,3.6897,-0.0994,10.4269,-0.0069,0.0192,9.8066,0.1186,0.4022,-0.156,-9.31,-22.94,35.88,349.75,-80.25,-175.0,10.785333333333334,1.0,52.40832104444444,-1.5298041333333332
52.40831863333333,-1.5298169,144.02,,4,277.85,26 / 29,259821,2019-09-08 10:12:06:445,2.8287,0.5659,9.8656,-0.003,-0.0097,9.8066,-0.0509,0.3145,-0.005,-9.94,-22.87,36.5,347.86,-80.15,-175.61,10.756,1.0,52.40831863333333,-1.5298169
52.40831622222222,-1.5298296666666666,144.02,,4,277.85,25 / 26,259921,2019-09-08 10:12:06:545,2.1644,0.8846,9.4272,-0.0039,0.0009,9.8066,0.0466,0.2709,0.0263,-9.94,-22.75,36.69,348.45,-80.03,-175.07,10.726666666666667,1.0,52.40831622222222,-1.5298296666666666
52.408313811111114,-1.5298424333333334,144.02,,4,277.85,25 / 26,260021,2019-09-08 10:12:06:645,2.1873,0.925,9.7183,0.0067,-0.0161,9.8066,-0.1238,0.3298,-0.1332,-10.69,-23.25,36.5,347.16,-79.85,-174.75,10.697333333333333,1.0,52.408313811111114,-1.5298424333333334
52.4083114,-1.5298551999999999,144.02,,4,277.85,25 / 26,260121,2019-09-08 10:12:06:745,2.5079,0.4538,10.203,-0.0002,0.0188,9.8065,-0.0474,0.3069,-0.1261,-10.37,-23.44,37.5,348.53,-80.17,-175.43,10.668000000000001,1.0,52.4083114,-1.5298551999999999
52.40830898888889,-1.5298679666666666,144.02,,4,277.85,25 / 26,260221,2019-09-08 10:12:06:845,1.7036,1.094,10.4035,-0.0077,-0.0036,9.8066,0.0361,0.2709,-0.06,-11.69,-22.81,37.25,344.88,-80.34,-175.46,10.638666666666667,1.0,52.40830898888889,-1.5298679666666666
52.40830657777778,-1.5298807333333333,144.02,,4,277.85,25 / 26,260321,2019-09-08 10:12:06:945,1.8366,0.3772,10.6866,-0.0015,-0.0267,9.8066,0.1177,0.2525,-0.0265,-11.56,-23.0,37.63,346.36,-80.12,-174.58,10.609333333333334,1.0,52.40830657777778,-1.5298807333333333
52.40830416666667,-1.5298935,144.02,,4,277.85,25 / 26,260421,2019-09-08 10:12:07:045,1.9108,-0.7072,10.1847,0.0003,-0.0344,9.8065,0.0453,0.1743,0.0755,-12.06,-23.5,37.56,347.12,-79.8,-173.85,10.58,1.0,52.40830416666667,-1.5298935
52.408301755555556,-1.5299062666666665,144.02,,4,277.85,25 / 26,260522,2019-09-08 10:12:07:146,0.8217,-1.0033,9.9572,0.0,-0.0183,9.8066,-0.0107,0.1911,0.0417,-12.56,-23.5,38.31,346.39,-79.4,-173.08,10.550666666666666,1.0,52.408301755555556,-1.5299062666666665
52.408299344444444,-1.5299190333333332,144.02,,4,277.85,25 / 26,260622,2019-09-08 10:12:07:246,1.6006,1.5031,10.0888,-0.0009,0.0167,9.8066,-0.0359,0.1376,-0.0042,-13.06,-24.19,38.13,346.29,-79.57,-173.13,10.521333333333335,1.0,52.408299344444444,-1.5299190333333332
52.40829693333333,-1.5299318,144.02,,4,277.85,25 / 26,260721,2019-09-08 10:12:07:345,1.4483,-0.6039,9.5028,0.0026,0.0345,9.8066,0.0602,0.1706,-0.0793,-13.19,-23.87,38.44,345.73,-79.82,-173.67,10.492,1.0,52.40829693333333,-1.5299318
52.40829452222222,-1.5299445666666667,144.02,,4,277.85,25 / 26,260823,2019-09-08 10:12:07:447,0.4376,-0.1895,9.6078,-0.0002,-0.0157,9.8066,-0.0099,0.0588,0.0116,-13.87,-24.12,38.25,344.0,-79.77,-173.87,10.462666666666667,1.0,52.40829452222222,-1.5299445666666667
52.40829211111111,-1.5299573333333332,144.02,,4,277.85,25 / 27,260921,2019-09-08 10:12:07:545,-1.2042,-0.2773,10.1051,-0.0071,-0.0126,9.8066,0.0527,0.1646,-0.0073,-13.87,-23.69,38.88,345.19,-79.59,-173.29,10.433333333333334,1.0,52.40829211111111,-1.5299573333333332
52.4082897,-1.5299700999999999,144.02,,4,277.85,25 / 27,261021,2019-09-08 10:12:07:645,-0.5429,-0.5903,9.8567,-0.0002,-0.0259,9.8065,-0.0996,0.1372,-0.0466,-14.12,-23.94,38.44,344.72,-79.66,-173.21,10.404,1.0,52.4082897,-1.5299700999999999
52.408287288888886,-1.5299828666666666,144.02,,4,277.85,25 / 27,261121,2019-09-08 10:12:07:745,-0.2095,-0.568,9.4589,0.0167,-0.0241,9.8065,-0.1257,0.0758,0.0482,-14.25,-23.06,38.31,344.51,-79.54,-173.44,10.374666666666668,1.0,52.408287288888886,-1.5299828666666666
52.408284877777774,-1.5299956333333333,144.02,,4,277.85,25 / 27,261222,2019-09-08 10:12:07:846,-0.0472,-0.9584,9.4373,0.0009,-0.0008,9.8066,0.0353,0.0826,-0.0005,-15.31,-23.69,37.88,343.14,-79.59,-173.29,10.345333333333334,1.0,52.408284877777774,-1.5299956333333333
52.40828246666667,-1.5300083999999998,144.02,,4,277.85,25 / 27,261322,2019-09-08 10:12:07:946,-0.1046,-0.6744,9.9986,0.0038,0.0027,9.8066,0.0188,0.0043,0.0696,-15.31,-24.0,38.63,343.3,-79.6,-173.7,10.316,1.0,52.40828246666667,-1.5300083999999998
52.40828005555556,-1.5300211666666665,144.02,,4,277.85,25 / 27,261421,2019-09-08 10:12:08:045,0.4484,0.1961,9.914,0.0007,0.0012,9.8066,0.0074,-0.0184,0.0853,-15.44,-24.25,39.19,343.69,-79.57,-173.34,10.286666666666667,1.0,52.40828005555556,-1.5300211666666665
52.408277644444446,-1.5300339333333333,144.02,,4,277.85,25 / 27,261521,2019-09-08 10:12:08:145,0.4487,-1.7251,10.1954,-0.0025,-0.011,9.8066,-0.0179,0.0109,-0.0053,-15.44,-24.0,39.38,343.96,-79.48,-173.08,10.257333333333333,1.0,52.408277644444446,-1.5300339333333333
52.408275233333335,-1.5300467,144.02,,4,277.85,25 / 27,261621,2019-09-08 10:12:08:245,-0.4602,-0.5337,10.4172,-0.0002,0.018,9.8065,0.0725,-0.0374,0.0346,-14.75,-24.19,39.38,343.77,-79.4,-173.24,10.228,1.0,52.408275233333335,-1.5300467
52.40827282222222,-1.5300594666666665,144.02,,4,277.85,25 / 27,261721,2019-09-08 10:12:08:345,-0.1608,0.7123,9.9871,-0.0062,0.0234,9.8066,0.1159,0.033,0.0127,-15.25,-23.5,39.38,343.28,-79.52,-173.76,10.198666666666668,1.0,52.40827282222222,-1.5300594666666665
52.40827041111111,-1.5300722333333332,144.02,,4,277.85,27 / 28,261821,2019-09-08 10:12:08:445,-0.3216,-0.4779,9.9832,0.0128,-0.0062,9.8065,-0.004,-0.0092,0.0175,-14.5,-23.06,39.56,345.21,-79.42,-173.8,10.169333333333334,1.0,52.40827041111111,-1.5300722333333332
52.408268,-1.530085,145.28,10.14,4,201.06,27 / 28,261921,2019-09-08 10:12:08:545,-0.5178,0.0737,9.6977,0.0152,0.0003,9.8065,-0.0061,0.1001,-0.0086,-15.75,-23.31,39.44,340.93,-79.34,-174.56,10.14,1.0,52.408268,-1.530085
52.40825791111111,-1.530092511111111,145.28,,4,201.06,27 / 28,262021,2019-09-08 10:12:08:645,-0.1002,0.5895,9.7231,-0.0115,0.0098,9.8066,0.0831,0.0394,0.0579999999999999,-15.12,-23.75,38.44,341.09,-79.35,-175.04,10.175111111111113,1.0,52.40825791111111,-1.530092511111111
52.40824782222222,-1.530100022222222,145.28,,4,201.06,27 / 28,262121,2019-09-08 10:12:08:745,-0.2358,-0.6615,10.0682,-0.0105,0.0152,9.8066,0.1363,0.0151,0.0433,-16.12,-23.25,38.13,340.28,-79.49,-174.61,10.210222222222223,1.0,52.40824782222222,-1.530100022222222
52.40823773333333,-1.5301075333333332,145.28,,4,201.06,27 / 28,262222,2019-09-08 10:12:08:846,-0.2,-0.777,10.6511,0.0051,-0.0121,9.8066,0.033,-0.0108,-0.0157,-16.31,-23.37,39.38,340.98,-79.32,-174.51,10.245333333333335,1.0,52.40823773333333,-1.5301075333333332
52.408227644444445,-1.5301150444444445,145.28,,4,201.06,27 / 28,262321,2019-09-08 10:12:08:945,0.9558,1.1449,10.3912,0.0088,-0.015,9.8065,0.049,0.065,0.0032,-16.94,-23.69,39.75,339.98,-79.16,-174.62,10.280444444444445,1.0,52.408227644444445,-1.5301150444444445
52.40821755555555,-1.5301225555555555,145.28,,4,201.06,27 / 28,262423,2019-09-08 10:12:09:047,-0.435,-1.6004,9.2042,-0.0004,-0.0169,9.8066,-0.0787,0.0143,0.0066,-16.62,-22.81,39.81,340.37,-79.01,-174.33,10.315555555555557,1.0,52.40821755555555,-1.5301225555555555
52.40820746666667,-1.5301300666666666,145.28,,4,201.06,27 / 28,262522,2019-09-08 10:12:09:146,-3.0512,-0.0437,10.3801,-0.0009,0.0386,9.8065,0.1914,-0.2212,0.2358,-16.37,-22.56,39.81,341.5,-79.04,-174.53,10.350666666666667,1.0,52.40820746666667,-1.5301300666666666
52.408197377777775,-1.5301375777777777,145.28,,4,201.06,27 / 28,262622,2019-09-08 10:12:09:246,-1.1962,0.4132,9.9197,0.01,-0.0354,9.8065,-0.1343,-0.0024,-0.1585,-16.12,-22.56,39.81,341.45,-79.11,-174.59,10.385777777777779,1.0,52.408197377777775,-1.5301375777777777
52.40818728888889,-1.5301450888888888,145.28,,4,201.06,27 / 28,262721,2019-09-08 10:12:09:345,2.0039,0.0385,10.0005,0.0183,-0.0356,9.8065,-0.2622,0.1537,-0.1366,-16.37,-22.19,40.19,341.13,-78.84,-174.9,10.42088888888889,1.0,52.40818728888889,-1.5301450888888888
52.4081772,-1.5301525999999999,145.28,,4,201.06,27 / 28,262821,2019-09-08 10:12:09:445,-3.6026,1.5395,9.3553,-0.0309,0.0413,9.8064,0.2106,0.0968,0.0461,-16.56,-23.19,39.88,337.91,-78.95,-176.5,10.456000000000001,1.0,52.4081772,-1.5301525999999999
52.40816711111111,-1.530160111111111,145.28,,4,201.06,24 / 26,262921,2019-09-08 10:12:09:545,0.2353,-2.7277,10.3392,-0.0133,0.0584,9.8064,0.2946,-0.0297,0.0193,-15.31,-23.69,39.44,339.83,-79.33,-176.71,10.491111111111111,1.0,52.40816711111111,-1.530160111111111
52.40815702222222,-1.5301676222222222,145.28,,4,201.06,24 / 26,263021,2019-09-08 10:12:09:645,-0.5492,-1.2389,10.4862,0.0072,-0.0046,9.8066,-0.1279,-0.0261,-0.0048,-15.25,-23.25,39.63,340.31,-79.31,-176.88,10.526222222222223,1.0,52.40815702222222,-1.5301676222222222
52.408146933333335,-1.5301751333333333,145.28,,4,201.06,24 / 26,263121,2019-09-08 10:12:09:745,-0.7443,1.3155,9.505,-0.0035,0.0108,9.8066,-0.083,0.0243,-0.0231,-15.44,-24.06,39.81,339.74,-79.35,-177.32,10.561333333333334,1.0,52.408146933333335,-1.5301751333333333
52.40813684444444,-1.5301826444444444,145.28,,4,201.06,24 / 26,263222,2019-09-08 10:12:09:846,0.1976,-0.9236,10.7249,0.0041,-0.0231,9.8065,0.1349,-0.0305,0.0326,-14.87,-23.25,40.0,339.65,-79.24,-177.46,10.596444444444446,1.0,52.40813684444444,-1.5301826444444444
52.40812675555556,-1.5301901555555555,145.28,,4,201.06,24 / 26,263321,2019-09-08 10:12:09:945,-1.6547,-2.1325,10.3557,0.0099,-0.0014,9.8066,0.1253,-0.0882,0.0913,-14.44,-23.75,39.31,340.18,-79.24,-177.65,10.631555555555556,1.0,52.40812675555556,-1.5301901555555555
52.408116666666665,-1.5301976666666666,145.28,,4,201.06,24 / 26,263421,2019-09-08 10:12:10:045,-0.4969,-1.8258,10.1392,-0.0114,0.0231,9.8066,-0.0315,0.0209,-0.0058,-14.87,-23.69,39.94,339.26,-79.19,-177.71,10.666666666666668,1.0,52.408116666666665,-1.5301976666666666
52.40810657777778,-1.5302051777777776,145.28,,4,201.06,24 / 26,263522,2019-09-08 10:12:10:146,-0.6462,-0.7165,9.7844,-0.0036,0.024,9.8066,-0.0846,-0.0056,-0.0212,-14.31,-23.75,39.75,340.47,-79.32,-177.91,10.701777777777778,1.0,52.40810657777778,-1.5302051777777776
52.40809648888889,-1.5302126888888887,145.28,,4,201.06,24 / 26,263621,2019-09-08 10:12:10:245,-0.4543,-1.7222,10.0465,0.0055,-0.0016,9.8066,0.1305,-0.0541,-0.0108,-14.94,-23.81,39.56,338.33,-79.3,-178.56,10.73688888888889,1.0,52.40809648888889,-1.5302126888888887
52.4080864,-1.5302202,145.28,,4,201.06,24 / 26,263721,2019-09-08 10:12:10:345,-2.3082,-0.335,10.2242,0.005,-0.0057,9.8066,0.0785,-0.0519,-0.0001,-13.69,-23.44,39.75,339.34,-79.23,-178.98,10.772,1.0,52.4080864,-1.5302202
52.40807631111111,-1.530227711111111,145.28,,4,201.06,24 / 26,263821,2019-09-08 10:12:10:445,-0.7373,1.7797,8.8891,0.0178,0.0496,9.8064,-0.0637,-0.0501,-0.0092,-13.12,-22.75,39.06,338.16,-79.46,179.12,10.807111111111112,1.0,52.40807631111111,-1.530227711111111
52.408066222222224,-1.5302352222222222,145.28,,4,201.06,24 / 27,263922,2019-09-08 10:12:10:546,-1.6266,-0.7298,9.5007,-0.0263,0.0539,9.8064,0.0958,-0.1048,-0.0191,-14.0,-23.62,39.06,336.39,-79.59,178.89,10.842222222222222,1.0,52.408066222222224,-1.5302352222222222
52.40805613333333,-1.5302427333333333,145.28,,4,201.06,24 / 27,264021,2019-09-08 10:12:10:645,1.6654,-0.9649,10.9975,0.0321,-0.0257,9.8065,-0.3423,-0.2071,0.005,-12.69,-24.12,39.38,336.27,-79.76,177.44,10.877333333333334,1.0,52.40805613333333,-1.5302427333333333
52.40804604444445,-1.5302502444444444,145.28,,4,201.06,24 / 27,264122,2019-09-08 10:12:10:746,-0.5494,-2.469,8.9051,-0.0139999999999999,-0.0576,9.8064,-0.1312,-0.0681,-0.1157,-13.5,-24.19,39.06,336.44,-79.59,177.65,10.912444444444445,1.0,52.40804604444445,-1.5302502444444444
52.408035955555555,-1.5302577555555554,145.28,,4,201.06,24 / 27,264222,2019-09-08 10:12:10:846,3.6671,-0.4621,10.3437,0.0558,-0.05,9.8063,0.1743,-0.2787,0.3491,-13.75,-23.62,39.5,335.47,-79.36,177.63,10.947555555555557,1.0,52.408035955555555,-1.5302577555555554
52.40802586666666,-1.5302652666666665,145.28,,4,201.06,24 / 27,264322,2019-09-08 10:12:10:946,-1.7039,-3.743,9.573,0.0133,-0.0405,9.8065,-0.0398,0.0243,0.1336,-13.75,-23.87,39.63,335.46,-78.66,177.84,10.982666666666667,1.0,52.40802586666666,-1.5302652666666665
52.40801577777778,-1.5302727777777778,145.28,,4,201.06,24 / 27,264422,2019-09-08 10:12:11:046,1.3121,-0.1261,8.2402,-0.0565,0.038,9.8063,-0.0529,-0.0462,0.0673,-14.12,-24.12,39.75,337.6,-79.09,179.6,11.017777777777779,1.0,52.40801577777778,-1.5302727777777778
52.408005688888885,-1.530280288888889,145.28,,4,201.06,24 / 27,264522,2019-09-08 10:12:11:146,-2.1199,-0.5409,8.7046,-0.0324,0.0611,9.8064,-0.0698,0.0165,0.0213,-14.06,-24.94,39.13,339.08,-79.46,-178.59,11.052888888888889,1.0,52.408005688888885,-1.530280288888889
52.4079956,-1.5302878,145.28,,4,201.06,24 / 27,264621,2019-09-08 10:12:11:245,-2.1180000000000003,-1.182,8.7694,-0.0487,0.0122,9.8065,0.2028,0.1007,-0.0144,-13.56,-24.12,39.25,339.61,-79.68,-178.26,11.088000000000001,1.0,52.4079956,-1.5302878
52.40798551111111,-1.530295311111111,145.28,,4,201.06,24 / 27,264722,2019-09-08 10:12:11:346,-0.5046,-0.8608,11.1529,-0.0287,0.0134,9.8065,0.1534,0.0017,0.0432,-14.94,-23.87,39.19,341.18,-79.65,-175.58,11.123111111111111,1.0,52.40798551111111,-1.530295311111111
52.40797542222222,-1.5303028222222221,145.28,,4,201.06,24 / 27,264822,2019-09-08 10:12:11:446,0.0529,-2.3766,8.5453,-0.0233,-0.0461,9.8065,-0.0573,-0.0543,0.1188,-15.31,-24.19,39.56,342.3,-79.35,-175.05,11.158222222222223,1.0,52.40797542222222,-1.5303028222222221
52.40796533333333,-1.5303103333333332,145.28,,4,201.06,26 / 29,264921,2019-09-08 10:12:11:545,-0.6055,3.0626,10.6845,-0.0517,0.0719,9.8061,0.2386,-0.1031,0.0366,-14.37,-23.19,40.25,347.27,-79.13,-171.93,11.193333333333333,1.0,52.40796533333333,-1.5303103333333332
52.407955244444445,-1.5303178444444443,145.28,,4,201.06,26 / 29,265021,2019-09-08 10:12:11:645,-0.3118,2.3034,10.0281,0.0351,-0.0954,9.806,-0.2882,0.1643,-0.0803,-15.06,-23.56,39.0,345.09,-78.4,-171.87,11.228444444444445,1.0,52.407955244444445,-1.5303178444444443
52.40794515555555,-1.5303253555555556,145.28,,4,201.06,26 / 29,265121,2019-09-08 10:12:11:745,-2.3752,-0.3501,10.1489,0.0205,-0.0255,9.8066,-0.1478,-0.2073,0.1872,-14.69,-23.56,38.75,345.12,-78.53,-171.87,11.263555555555556,1.0,52.40794515555555,-1.5303253555555556
52.40793506666667,-1.5303328666666667,145.28,,4,201.06,26 / 29,265221,2019-09-08 10:12:11:845,-2.3406,-2.0833,8.6053,-0.0022,0.0263,9.8065,-0.0085,0.0004,-0.0944,-15.37,-23.87,40.0,346.99,-78.51,-170.75,11.298666666666668,1.0,52.40793506666667,-1.5303328666666667
52.407924977777775,-1.5303403777777778,145.28,,4,201.06,26 / 29,265322,2019-09-08 10:12:11:946,-0.4096,-1.4347,9.5218,-0.0002,0.0378,9.8065,0.0356,-0.0139,-0.0533,-14.12,-23.75,39.5,348.1,-78.9,-171.1,11.333777777777778,1.0,52.407924977777775,-1.5303403777777778
52.40791488888889,-1.5303478888888888,145.28,,4,201.06,26 / 29,265422,2019-09-08 10:12:12:046,-0.4442,1.5209,9.3256,0.0086,0.0275,9.8065,0.0409,-0.1182,0.0065,-13.69,-24.56,39.38,346.48,-79.13,-172.01,11.36888888888889,1.0,52.40791488888889,-1.5303478888888888
52.4079048,-1.5303554,145.28,,4,201.06,26 / 29,265521,2019-09-08 10:12:12:145,-1.5707,0.0786,10.3017,0.0096,0.0318,9.8066,0.1744,-0.048,0.0179,-14.19,-23.44,38.75,345.38,-79.3,-173.14,11.404,1.0,52.4079048,-1.5303554
52.40789471111111,-1.530362911111111,145.28,,4,201.06,26 / 29,265622,2019-09-08 10:12:12:246,-0.8193,0.5941,12.3301,0.0283,-0.0685,9.8063,0.0733,-0.089,-0.0281,-14.75,-23.31,39.13,343.09,-78.52,-173.73,11.439111111111112,1.0,52.40789471111111,-1.530362911111111
52.40788462222222,-1.530370422222222,145.28,,4,201.06,26 / 29,265722,2019-09-08 10:12:12:346,-1.0717,0.4942,10.1835,0.0658,-0.017,9.8063,0.0441,-0.0426,-0.0024,-15.25,-23.12,38.88,340.86,-78.3,-175.63,11.474222222222222,1.0,52.40788462222222,-1.530370422222222
52.407874533333334,-1.5303779333333334,145.28,,4,201.06,25 / 27,265822,2019-09-08 10:12:12:446,1.4039,-1.0307,10.3608,0.0103,-0.0269,9.8066,-0.1329,-0.0224,0.1444,-15.19,-22.69,40.94,340.15,-78.25,-177.27,11.509333333333334,1.0,52.407874533333334,-1.5303779333333334
52.40786444444444,-1.5303854444444445,145.28,,4,201.06,25 / 27,265922,2019-09-08 10:12:12:546,-2.8425,0.2398,10.2149,-0.0013,0.0047,9.8066,-0.1028,-0.154,0.1007,-14.12,-22.62,41.25,342.85,-78.61,-176.2,11.544444444444444,1.0,52.40786444444444,-1.5303854444444445
52.40785435555556,-1.5303929555555555,145.28,,4,201.06,25 / 27,266021,2019-09-08 10:12:12:645,-0.9302,0.9328,9.6296,-0.0332,0.0094,9.8065,0.0265,-0.0575,-0.0567,-13.06,-23.62,40.06,345.15,-79.21,-175.03,11.579555555555556,1.0,52.40785435555556,-1.5303929555555555
52.407844266666665,-1.5304004666666666,145.28,,4,201.06,25 / 27,266121,2019-09-08 10:12:12:745,-1.3655,-0.9514,9.5853,0.0124,-0.01,9.8065,-0.0364,-0.0002,-0.0151,-13.56,-23.81,39.06,343.78,-79.27,-174.48,11.614666666666666,1.0,52.407844266666665,-1.5304004666666666
52.40783417777778,-1.5304079777777777,145.28,,4,201.06,25 / 27,266222,2019-09-08 10:12:12:846,0.3034,-1.3293,9.8485,-0.0082,-0.0226,9.8065,0.0557,0.0059,0.0945,-13.44,-23.62,38.69,345.09,-79.33,-174.63,11.649777777777778,1.0,52.40783417777778,-1.5304079777777777
52.40782408888889,-1.5304154888888888,145.28,,4,201.06,25 / 27,266321,2019-09-08 10:12:12:945,-1.2424,-1.1813,10.2896,0.0038,-0.0449,9.8065,-0.0377,-0.071,-0.0395,-14.0,-23.75,39.44,344.87,-78.93,-173.45,11.68488888888889,1.0,52.40782408888889,-1.5304154888888888
52.407813999999995,-1.5304229999999999,145.28,,4,201.06,25 / 27,266422,2019-09-08 10:12:13:046,-1.5161,-0.532,10.8528,0.0108,0.024,9.8066,0.0805,0.0517,-0.0454,-13.44,-23.5,39.88,345.18,-78.89,-175.01,11.72,1.0,52.407813999999995,-1.5304229999999999
52.40780391111111,-1.5304305111111112,145.28,,4,201.06,25 / 27,266522,2019-09-08 10:12:13:146,-2.3833,-0.1874,10.6764,0.0091,-0.0127,9.8065,0.141,-0.0985,0.0003,-13.19,-23.37,39.06,343.63,-78.99,-175.92,11.755111111111113,1.0,52.40780391111111,-1.5304305111111112
52.40779382222222,-1.5304380222222222,145.28,,4,201.06,25 / 27,266622,2019-09-08 10:12:13:246,0.4833,0.8973,8.7962,0.0082,0.0275,9.8065,-0.0135,-0.0176,0.0343,-13.56,-22.94,38.81,340.56,-79.06,-177.35,11.790222222222223,1.0,52.40779382222222,-1.5304380222222222
52.40778373333333,-1.5304455333333333,145.28,,4,201.06,25 / 27,266722,2019-09-08 10:12:13:346,-2.8423,-1.0947,10.4245,-0.0316,-0.0225,9.8065,0.0719,0.0819999999999999,0.0375,-14.0,-22.69,39.0,342.16,-78.93,-175.91,11.825333333333335,1.0,52.40778373333333,-1.5304455333333333
52.40777364444444,-1.5304530444444444,145.28,,4,201.06,25 / 28,266821,2019-09-08 10:12:13:445,-1.2264,0.6576,9.9866,-0.0205,-0.0003,9.8066,0.0254,-0.0228,0.0219,-13.37,-22.62,39.19,344.16,-79.01,-175.46,11.860444444444445,1.0,52.40777364444444,-1.5304530444444444
52.407763555555555,-1.5304605555555555,145.28,,4,201.06,25 / 28,266921,2019-09-08 10:12:13:545,-1.0219,-0.1287,11.8576,0.0139,-0.0474,9.8065,0.2533,-0.0901,-0.0124,-14.31,-21.87,39.44,343.8,-78.56,-174.46,11.895555555555557,1.0,52.407763555555555,-1.5304605555555555
52.40775346666666,-1.5304680666666666,145.28,,4,201.06,25 / 28,267022,2019-09-08 10:12:13:646,1.2834,-1.6615,10.5417,0.0191,-0.0555,9.8065,-0.2157,-0.0891,0.0843,-13.5,-19.5,41.5,346.53,-78.32,-174.83,11.930666666666667,1.0,52.40775346666666,-1.5304680666666666
52.40774337777778,-1.5304755777777779,145.28,,4,201.06,25 / 28,267121,2019-09-08 10:12:13:745,-2.0691,0.6582,10.2696,-0.0152,0.0182,9.8066,-0.0796,-0.0752,0.1361,-10.19,-18.37,40.5,350.68,-78.2,-174.61,11.96577777777778,1.0,52.40774337777778,-1.5304755777777779
52.407733288888885,-1.530483088888889,145.28,,4,201.06,25 / 28,267221,2019-09-08 10:12:13:845,-1.4593,0.2016,9.2481,0.0096,0.0139,9.8066,-0.1001,0.0068,-0.106,-10.87,-18.5,35.56,346.41,-78.5,-175.05,12.00088888888889,1.0,52.407733288888885,-1.530483088888889
52.4077232,-1.5304906,145.28,,4,201.06,25 / 28,267321,2019-09-08 10:12:13:945,-1.7238,-0.4188,8.9263,-0.0249,0.0355,9.8065,-0.1442,-0.0176,0.0359,-13.31,-20.31,36.19,342.93,-78.58,-175.15,12.036000000000001,1.0,52.4077232,-1.5304906
52.40771311111111,-1.5304981111111111,145.28,,4,201.06,25 / 28,267421,2019-09-08 10:12:14:045,-0.415,-1.1877,9.5051,-0.0085,0.0133,9.8066,-0.0684,-0.0219,0.0082,-14.62,-21.37,36.75,341.23,-78.8,-174.48,12.071111111111112,1.0,52.40771311111111,-1.5304981111111111
52.40770302222222,-1.5305056222222222,145.28,,4,201.06,25 / 28,267521,2019-09-08 10:12:14:145,-0.0102,1.8453,8.6328,0.0,0.0277,9.8066,-0.0981,0.0484,-0.0961,-15.37,-22.06,37.38,340.63,-79.03,-174.98,12.106222222222224,1.0,52.40770302222222,-1.5305056222222222
52.40769293333333,-1.5305131333333333,145.28,,4,201.06,25 / 28,267621,2019-09-08 10:12:14:245,-1.6694,0.2313,10.0482,-0.0065,0.0208,9.8066,-0.0029,-0.0001,-0.0317,-15.62,-22.31,37.63,339.95,-79.02,-174.88,12.141333333333334,1.0,52.40769293333333,-1.5305131333333333
52.407682844444444,-1.5305206444444444,145.28,,4,201.06,25 / 28,267722,2019-09-08 10:12:14:346,-1.8225,1.5065,9.8764,0.0095,0.0194,9.8066,-0.1194,-0.0402,-0.0091,-15.06,-22.31,39.06,341.33,-78.88,-175.43,12.176444444444446,1.0,52.407682844444444,-1.5305206444444444
52.40767275555555,-1.5305281555555557,145.28,,4,201.06,25 / 28,267821,2019-09-08 10:12:14:445,0.1068,-0.5208,10.469,-0.0094,0.0257,9.8066,-0.1139,-0.0315,-0.057,-14.62,-23.19,38.69,339.87,-78.79,-176.62,12.211555555555556,1.0,52.40767275555555,-1.5305281555555557
52.40766266666667,-1.5305356666666667,145.28,,4,201.06,24 / 27,267922,2019-09-08 10:12:14:546,-1.4316,0.2702,9.4684,0.0202,-0.0392,9.8065,-0.1758,-0.0216,-0.026,-14.69,-24.06,38.94,339.66,-78.74,-176.71,12.246666666666668,1.0,52.40766266666667,-1.5305356666666667
52.407652577777775,-1.5305431777777778,145.28,,4,201.06,24 / 27,268021,2019-09-08 10:12:14:645,-1.2482,-0.6563,9.3309,-0.0055,0.0254,9.8065,0.0256,-0.1159,0.0584,-14.5,-24.06,40.19,341.87,-78.86,-176.57,12.281777777777778,1.0,52.407652577777775,-1.5305431777777778
52.40764248888889,-1.530550688888889,145.28,,4,201.06,24 / 27,268122,2019-09-08 10:12:14:746,-1.2975,-0.6755,9.7369,-0.0148,-0.0131,9.8066,-0.0132,-0.0188,-0.0144,-12.56,-24.12,39.94,343.93,-79.01,-176.06,12.31688888888889,1.0,52.40764248888889,-1.530550688888889
52.4076324,-1.5305582,145.28,,4,201.06,24 / 27,268221,2019-09-08 10:12:14:845,0.2543,-0.3195,9.289,-0.0015,0.0178,9.8065,0.0055,-0.0449,0.0409,-12.37,-24.0,39.31,345.21,-79.08,-175.8,12.352,1.0,52.4076324,-1.5305582
52.40762231111111,-1.530565711111111,145.28,,4,201.06,24 / 27,268322,2019-09-08 10:12:14:946,-2.0986,-0.7393,10.0574,-0.0109,0.0205,9.8066,0.0932,-0.0896,0.0762,-12.5,-24.0,39.19,345.3,-79.22,-175.75,12.387111111111112,1.0,52.40762231111111,-1.530565711111111
52.40761222222222,-1.5305732222222221,145.28,,4,201.06,24 / 27,268422,2019-09-08 10:12:15:046,-1.0109,-0.7368,10.3793,0.0084,-0.0162,9.8066,-0.0292,-0.0822,-0.0114,-12.25,-23.81,38.63,345.6,-79.05,-175.45,12.422222222222222,1.0,52.40761222222222,-1.5305732222222221
52.407602133333334,-1.5305807333333334,145.28,,4,201.06,24 / 27,268521,2019-09-08 10:12:15:145,-1.9964,0.5212,10.2036,0.0114,-0.0009,9.8065,0.0198,-0.1692,0.0853,-12.94,-24.19,38.81,343.81,-79.03,-175.69,12.457333333333334,1.0,52.407602133333334,-1.5305807333333334
52.40759204444444,-1.5305882444444445,145.28,,4,201.06,24 / 27,268621,2019-09-08 10:12:15:245,-0.9821,-1.1583,10.5061,0.0252,-0.0451,9.8065,-0.1104,-0.0545,0.0303,-12.31,-24.37,39.0,345.49,-79.0,-175.54,12.492444444444445,1.0,52.40759204444444,-1.5305882444444445
52.40758195555555,-1.5305957555555556,145.28,,4,201.06,24 / 27,268721,2019-09-08 10:12:15:345,-1.6515,-0.8427,9.8141,0.0112,-0.0378,9.8065,-0.0209,-0.0893,0.0589,-11.69,-23.87,38.81,344.85,-78.7,-176.04,12.527555555555557,1.0,52.40758195555555,-1.5305957555555556
52.407571866666665,-1.5306032666666667,145.28,,4,201.06,24 / 27,268822,2019-09-08 10:12:15:446,-1.8234,-0.6828,10.3151,-0.0037,0.0079,9.8066,-0.0113,-0.0619,0.0949,-12.31,-23.56,38.06,344.45,-78.67,-175.91,12.562666666666667,1.0,52.407571866666665,-1.5306032666666667
52.40756177777777,-1.5306107777777778,145.28,,4,201.06,23 / 25,268921,2019-09-08 10:12:15:545,-3.0595,-0.4909,10.5184,0.0015,-0.0147,9.8066,-0.0407,-0.1688,0.1086,-12.56,-23.87,38.25,343.33,-78.72,-175.56,12.597777777777779,1.0,52.40756177777777,-1.5306107777777778
52.40755168888889,-1.5306182888888888,145.28,,4,201.06,23 / 25,269022,2019-09-08 10:12:15:646,-1.0041,1.4373,10.4437,0.0139,-0.0104,9.8066,-0.0376,-0.0835,0.0222,-11.75,-23.81,38.19,345.44,-78.84,-175.09,12.632888888888889,1.0,52.40755168888889,-1.5306182888888888
52.407541599999995,-1.5306258,145.28,,4,201.06,23 / 25,269121,2019-09-08 10:12:15:745,-0.7024,-1.9349,9.7063,0.0104,-0.0285,9.8066,-0.1087,-0.0876,-0.0137,-12.06,-23.62,38.19,345.3,-78.8,-175.2,12.668000000000001,1.0,52.407541599999995,-1.5306258
52.40753151111111,-1.5306333111111112,145.28,,4,201.06,23 / 25,269222,2019-09-08 10:12:15:846,-0.583,-0.6743,9.8241,0.0101,-0.009,9.8066,-0.0641,0.0015,-0.0456,-12.31,-23.75,37.44,344.66,-78.93,-175.3,12.703111111111111,1.0,52.40753151111111,-1.5306333111111112
52.40752142222222,-1.5306408222222223,145.28,,4,201.06,23 / 25,269321,2019-09-08 10:12:15:945,-1.0051,0.1607,9.5814,-0.0025,-0.004,9.8066,-0.0108,-0.0654,0.0189,-12.37,-24.12,38.06,345.18,-78.99,-175.34,12.738222222222223,1.0,52.40752142222222,-1.5306408222222223
52.40751133333333,-1.5306483333333334,145.28,,4,201.06,23 / 25,269421,2019-09-08 10:12:16:045,-4.0831,-0.4484,9.7427,-0.0239,-0.0253,9.8066,0.0117,0.1717,-0.1715,-12.06,-24.37,38.31,345.5,-79.11,-175.09,12.773333333333333,1.0,52.40751133333333,-1.5306483333333334
52.40750124444444,-1.5306558444444445,145.28,,4,201.06,23 / 25,269521,2019-09-08 10:12:16:145,-0.3924,-1.0611,10.7093,0.0044,-0.0099,9.8066,0.0319,-0.0026,-0.0136,-11.87,-24.31,38.25,345.8,-78.98,-174.8,12.808444444444445,1.0,52.40750124444444,-1.5306558444444445
52.407491155555554,-1.5306633555555555,145.28,,4,201.06,23 / 25,269621,2019-09-08 10:12:16:245,-2.4995,1.0059,10.136,-0.0356,0.0201,9.8065,0.1206,0.0508,-0.0896,-12.31,-24.75,38.25,347.15,-79.05,-173.58,12.843555555555556,1.0,52.407491155555554,-1.5306633555555555
52.40748106666666,-1.5306708666666666,145.28,,4,201.06,23 / 25,269721,2019-09-08 10:12:16:345,-2.0256,-1.7556,9.7172,0.0101,0.0005,9.8066,-0.0456,-0.2496,0.1168,-11.37,-24.5,38.63,349.23,-78.91,-173.6,12.878666666666668,1.0,52.40748106666666,-1.5306708666666666
52.40747097777778,-1.5306783777777777,145.28,,4,201.06,23 / 25,269821,2019-09-08 10:12:16:445,-1.1107,2.1244,9.3631,0.0112,0.0378,9.8065,0.1211,-0.1252,0.0136,-11.25,-24.5,37.63,348.62,-79.05,-173.73,12.913777777777778,1.0,52.40747097777778,-1.5306783777777777
52.407460888888885,-1.530685888888889,145.28,,4,201.06,23 / 25,269922,2019-09-08 10:12:16:546,-2.9029,1.1242,10.5621,-0.0093,0.0248,9.8066,0.0013,-0.0269,0.0262,-11.62,-23.87,37.19,345.95,-79.28,-174.24,12.94888888888889,1.0,52.407460888888885,-1.530685888888889
52.4074508,-1.5306934,145.28,,4,201.06,23 / 25,270022,2019-09-08 10:12:16:646,-0.2179,-0.1079,9.4015,-0.0008,-0.0165,9.8066,-0.0204,-0.1385,0.1034,-11.94,-24.19,36.81,345.59,-79.41,-174.59,12.984,1.0,52.4074508,-1.5306934
52.40744071111111,-1.5307009111111112,145.28,,4,201.06,23 / 25,270122,2019-09-08 10:12:16:746,-1.9732,0.0834,9.9371,-0.0207,0.0022,9.8066,0.0262,-0.1043,-0.0011,-12.19,-23.44,36.75,347.27,-79.36,-173.17,13.019111111111112,1.0,52.40744071111111,-1.5307009111111112
52.40743062222222,-1.5307084222222223,145.28,,4,201.06,23 / 25,270222,2019-09-08 10:12:16:846,-0.3923,0.1603,9.5456,-0.0105,-0.0111,9.8066,0.0055,-0.1573,0.1132,-13.06,-23.06,37.75,347.59,-79.29,-172.01,13.054222222222222,1.0,52.40743062222222,-1.5307084222222223
52.40742053333333,-1.5307159333333333,145.28,,4,201.06,23 / 25,270321,2019-09-08 10:12:16:945,-2.7905,0.3224,9.7332,-0.0051,0.0206,9.8066,-0.0024,-0.0038,0.0432,-12.19,-23.44,37.44,349.45,-79.3,-171.25,13.089333333333334,1.0,52.40742053333333,-1.5307159333333333
52.407410444444444,-1.5307234444444444,145.28,,4,201.06,23 / 25,270421,2019-09-08 10:12:17:045,-2.832,0.6427,10.9329,-0.0074,-0.0032,9.8066,0.1159999999999999,-0.1058,0.0835,-11.5,-24.19,37.5,352.32,-79.21,-170.53,13.124444444444444,1.0,52.407410444444444,-1.5307234444444444
52.40740035555555,-1.5307309555555555,145.28,,4,201.06,23 / 25,270522,2019-09-08 10:12:17:146,-1.8231,-0.5301,10.0563,-0.0067,0.0526,9.8064,0.1767,-0.1353,0.0673,-12.12,-23.5,37.19,350.31,-79.27,-170.5,13.159555555555556,1.0,52.40740035555555,-1.5307309555555555
52.40739026666667,-1.5307384666666668,145.28,,4,201.06,23 / 25,270621,2019-09-08 10:12:17:245,-0.1907,-0.7427,10.1195,0.0075,-0.0062,9.8066,-0.0337,-0.1782,0.0811,-11.69,-24.37,37.38,350.48,-79.13,-170.28,13.194666666666668,1.0,52.40739026666667,-1.5307384666666668
52.407380177777775,-1.5307459777777779,145.28,,4,201.06,23 / 25,270721,2019-09-08 10:12:17:345,-1.9175,-1.5795,10.3421,-0.0112,0.0039,9.8066,0.013,-0.134,0.0291,-12.44,-24.12,37.56,351.39,-79.12,-169.96,13.229777777777779,1.0,52.407380177777775,-1.5307459777777779
52.40737008888889,-1.530753488888889,145.28,,4,201.06,23 / 25,270821,2019-09-08 10:12:17:445,-1.0222,-0.7302,10.1671,0.0091,-0.0526,9.8064,-0.1289,-0.098,0.0027,-12.06,-23.87,37.63,351.65,-79.15,-169.27,13.26488888888889,1.0,52.40737008888889,-1.530753488888889
52.40736,-1.530761,146.74,13.3,2,215.45,24 / 25,270922,2019-09-08 10:12:17:546,-1.8225,0.3506,9.6007,0.0091,-0.0526,9.8064,-0.1289,-0.098,0.0027,-12.0,-24.25,37.63,352.1,-78.84,-169.31,13.3,1.0,52.40736,-1.530761
52.4073503,-1.5307732777777778,146.74,,2,215.45,24 / 25,271021,2019-09-08 10:12:17:645,-1.3792,-0.0444,10.5386,-0.0081,-0.0249,9.8066,-0.0533,0.0047,-0.0036,-11.19,-23.75,37.5,355.07,-79.03,-168.13,13.301333333333334,1.0,52.4073503,-1.5307732777777778
52.4073406,-1.5307855555555556,146.74,,2,215.45,24 / 25,271121,2019-09-08 10:12:17:745,-0.7162,0.332,10.6598,0.0151,-0.031,9.8065,-0.0207,-0.1471,0.1037,-10.19,-24.0,37.06,356.76,-78.9,-167.67,13.302666666666667,1.0,52.4073406,-1.5307855555555556
52.4073309,-1.5307978333333334,146.74,,2,215.45,24 / 25,271222,2019-09-08 10:12:17:846,-0.7547,1.197,10.3143,-0.008,0.0174,9.8065,0.1426,-0.1412,0.0224,-10.31,-24.37,37.0,357.12,-78.81,-167.35,13.304,1.0,52.4073309,-1.5307978333333334
52.4073212,-1.5308101111111112,146.74,,2,215.45,24 / 25,271321,2019-09-08 10:12:17:945,-3.1151,-1.5079,10.3894,-0.0068,0.0152,9.8066,0.2179,-0.1952,0.1156,-10.5,-23.56,36.81,357.57,-78.84,-166.97,13.305333333333333,1.0,52.4073212,-1.5308101111111112
52.4073115,-1.530822388888889,146.74,,2,215.45,24 / 25,271422,2019-09-08 10:12:18:046,-1.136,-0.3389999999999999,9.8855,-0.0008,-0.0211,9.8066,-0.0913,-0.049,0.0164,-11.0,-24.5,36.25,355.3,-78.68,-167.03,13.306666666666667,1.0,52.4073115,-1.530822388888889
52.4073018,-1.5308346666666668,146.74,,2,215.45,24 / 25,271522,2019-09-08 10:12:18:146,-0.8098,-0.4941,9.6356,-0.0189,-0.0178,9.8065,0.0041,0.0101,-0.0409,-10.87,-23.81,36.88,357.13,-78.63,-165.9,13.308,1.0,52.4073018,-1.5308346666666668
52.4072921,-1.5308469444444446,146.74,,2,215.45,24 / 25,271622,2019-09-08 10:12:18:246,0.6841,-0.2343,9.0607,0.0017,-0.0092,9.8066,-0.1153,-0.0703,0.0698,-10.06,-23.69,37.94,359.31,-78.67,-165.85,13.309333333333335,1.0,52.4072921,-1.5308469444444446
52.4072824,-1.5308592222222221,146.74,,2,215.45,24 / 25,271721,2019-09-08 10:12:18:345,-0.4293,0.7147,9.6224,-0.0022,0.0248,9.8066,0.0225,-0.126,0.1343,-9.75,-24.0,36.63,359.33,-78.76,-165.45,13.310666666666668,1.0,52.4072824,-1.5308592222222221
52.4072727,-1.5308715,146.74,,2,215.45,22 / 25,271822,2019-09-08 10:12:18:446,-0.1959,0.9856,9.6415,0.0023,0.018,9.8066,0.0808,-0.0616,0.0753,-10.87,-24.12,35.56,357.64,-78.78,-165.03,13.312000000000001,1.0,52.4072727,-1.5308715
52.407263,-1.5308837777777777,146.74,,2,215.45,22 / 25,271921,2019-09-08 10:12:18:545,-1.0584,-0.3525,9.6524,-0.0038,0.0069,9.8066,0.088,-0.0963,0.0334,-11.69,-24.37,35.94,356.16,-78.83,-164.86,13.313333333333334,1.0,52.407263,-1.5308837777777777
52.4072533,-1.5308960555555555,146.74,,2,215.45,22 / 25,272021,2019-09-08 10:12:18:645,-0.1285,1.2002,9.7362,-0.0025,0.0189,9.8065,0.1175,-0.0328,0.0125,-11.75,-24.62,36.5,357.02,-78.85,-164.59,13.314666666666668,1.0,52.4072533,-1.5308960555555555
52.407243599999994,-1.5309083333333333,146.74,,2,215.45,22 / 25,272121,2019-09-08 10:12:18:745,0.1936,0.0057,10.1549,-0.0083,0.025,9.8065,0.1066,0.0227,-0.0251,-11.5,-24.69,36.94,358.47,-78.81,-164.75,13.316,1.0,52.407243599999994,-1.5309083333333333
52.407233899999994,-1.530920611111111,146.74,,2,215.45,22 / 25,272222,2019-09-08 10:12:18:846,-0.4099,-1.2355,9.9841,0.0005,-0.0263,9.8065,-0.1767,0.0183,-0.023,-11.87,-24.37,36.81,356.83,-78.79,-164.76,13.317333333333334,1.0,52.407233899999994,-1.530920611111111
52.407224199999995,-1.530932888888889,146.74,,2,215.45,22 / 25,272321,2019-09-08 10:12:18:945,-0.542,0.3255,9.4035,-0.0046,0.0216,9.8065,0.0149,-0.0647,0.0033,-11.87,-25.06,36.5,357.33,-78.89,-164.32,13.318666666666667,1.0,52.407224199999995,-1.530932888888889
52.407214499999995,-1.5309451666666667,146.74,,2,215.45,22 / 25,272421,2019-09-08 10:12:19:045,-0.9223,-1.0266,10.8813,0.0031,-0.0205,9.8066,-0.0139999999999999,-0.0058,-0.052,-11.75,-25.25,35.75,357.4,-78.92,-163.79,13.32,1.0,52.407214499999995,-1.5309451666666667
52.407204799999995,-1.5309574444444445,146.74,,2,215.45,22 / 25,272521,2019-09-08 10:12:19:145,-2.2331,0.1749,10.2183,0.0396,-0.0153,9.8065,-0.1545,-0.1102,0.1645,-11.81,-24.69,36.56,356.55,-78.78,-164.98,13.321333333333333,1.0,52.407204799999995,-1.5309574444444445
52.407195099999996,-1.5309697222222223,146.74,,2,215.45,22 / 25,272622,2019-09-08 10:12:19:246,0.2693,-1.9846,10.3091,-0.0063,0.0014,9.8066,0.0158,-0.1102,0.0002,-11.31,-24.0,38.19,359.67,-78.82,-164.14,13.322666666666667,1.0,52.407195099999996,-1.5309697222222223
52.407185399999996,-1.530982,146.74,,2,215.45,22 / 25,272721,2019-09-08 10:12:19:345,1.0471,2.0505,10.2855,-0.0122,-0.0206,9.8066,-0.0659,0.0728,-0.1695,-10.12,-23.69,38.38,1.84,-78.84,-163.67,13.324,1.0,52.407185399999996,-1.530982
52.407175699999996,-1.5309942777777779,146.74,,2,215.45,25 / 26,272822,2019-09-08 10:12:19:446,-0.1588,0.8462,9.2234,0.0154,0.0064,9.8065,-0.0542,0.0703,-0.0052,-9.44,-23.87,37.13,2.64,-78.98,-164.06,13.325333333333333,1.0,52.407175699999996,-1.5309942777777779
52.407166,-1.5310065555555556,146.74,,2,215.45,25 / 26,272921,2019-09-08 10:12:19:545,-0.1184,0.8926,10.2089,-0.0081,-0.0069,9.8066,0.0521,0.0073,0.0237,-10.06,-23.87,36.31,0.81,-78.96,-163.78,13.326666666666668,1.0,52.407166,-1.5310065555555556
52.4071563,-1.5310188333333334,146.74,,2,215.45,25 / 26,273022,2019-09-08 10:12:19:646,0.0538,1.3514,10.2489,0.0176,-0.011,9.8066,-0.092,0.0429,-0.057,-12.12,-24.19,36.44,357.1,-78.94,-164.06,13.328000000000001,1.0,52.4071563,-1.5310188333333334
52.4071466,-1.5310311111111112,146.74,,2,215.45,25 / 26,273121,2019-09-08 10:12:19:745,0.2524,-0.4085,10.2403,0.0051,-0.0347,9.8065,-0.0923,-0.0378,0.0376,-12.37,-24.12,36.19,357.16,-78.94,-164.01,13.329333333333334,1.0,52.4071466,-1.5310311111111112
52.4071369,-1.5310433888888888,146.74,,2,215.45,25 / 26,273222,2019-09-08 10:12:19:846,-0.0205,0.3402,8.9725,0.0054,0.0104,9.8066,-0.0004,-0.0528,0.0686,-11.75,-24.69,35.0,356.61,-78.94,-163.97,13.330666666666668,1.0,52.4071369,-1.5310433888888888
52.4071272,-1.5310556666666666,146.74,,2,215.45,25 / 26,273322,2019-09-08 10:12:19:946,-1.1101,0.7567,9.9531,0.0018,-0.008,9.8066,-0.0919,0.0234,0.0192,-9.56,-24.87,35.69,1.57,-78.95,-163.14,13.332,1.0,52.4071272,-1.5310556666666666
52.4071175,-1.5310679444444444,146.74,,2,215.45,25 / 26,273422,2019-09-08 10:12:20:046,-0.4421,-0.0561,10.1317,-0.0056,-0.0117,9.8066,0.0307,-0.0123,0.0431,-9.87,-25.69,36.44,1.76,-78.9,-162.99,13.333333333333334,1.0,52.4071175,-1.5310679444444444
52.4071078,-1.5310802222222222,146.74,,2,215.45,25 / 26,273522,2019-09-08 10:12:20:146,0.3112,0.401,9.649,-0.0038,0.0003,9.8066,0.0162,-0.0201,0.0268,-10.5,-24.75,37.19,2.69,-78.78,-162.58,13.334666666666667,1.0,52.4071078,-1.5310802222222222
52.4070981,-1.5310925,146.74,,2,215.45,25 / 26,273622,2019-09-08 10:12:20:246,-0.6183,-0.3159,10.9565,-0.0133,0.0139,9.8066,0.0221,-0.024,0.0498,-10.69,-25.12,36.56,1.89,-78.81,-161.83,13.336,1.0,52.4070981,-1.5310925
52.4070884,-1.5311047777777778,146.74,,2,215.45,25 / 26,273722,2019-09-08 10:12:20:346,-0.2879,0.7933,10.324000000000002,-0.0049,-0.0151,9.8066,-0.008,-0.0734,0.0521,-10.94,-25.0,36.94,2.4,-78.93,-161.39,13.337333333333333,1.0,52.4070884,-1.5311047777777778
52.4070787,-1.5311170555555556,146.74,,2,215.45,22 / 26,273821,2019-09-08 10:12:20:445,0.1308,-0.273,10.217,-0.0013,-0.0068,9.8066,0.0576,-0.0116,-0.0294,-10.87,-24.69,36.5,2.96,-78.89,-160.91,13.338666666666667,1.0,52.4070787,-1.5311170555555556
52.407069,-1.5311293333333333,146.74,,2,215.45,22 / 26,273921,2019-09-08 10:12:20:545,-0.7937,-0.8123,10.3673,0.0028,-0.0406,9.8065,-0.144,-0.0056,-0.0553,-10.81,-24.5,36.81,3.35,-78.66,-160.57,13.34,1.0,52.407069,-1.5311293333333333
52.4070593,-1.5311416111111111,146.74,,2,215.45,22 / 26,274022,2019-09-08 10:12:20:646,-1.3236,1.1946,10.9269,0.003,-0.0335,9.8066,-0.0762,-0.0152,-0.0255,-11.06,-25.31,36.19,2.82,-78.62,-160.62,13.341333333333333,1.0,52.4070593,-1.5311416111111111
52.4070496,-1.531153888888889,146.74,,2,215.45,22 / 26,274122,2019-09-08 10:12:20:746,-0.2238,-0.6015,10.0766,0.0008,0.0017,9.8065,0.0005,-0.0122,-0.0019,-11.12,-25.37,36.69,3.13,-78.62,-160.78,13.342666666666666,1.0,52.4070496,-1.531153888888889
52.4070399,-1.5311661666666667,146.74,,2,215.45,22 / 26,274221,2019-09-08 10:12:20:845,0.3088,0.3889,8.6608,0.0066,-0.0234,9.8065,-0.0844,0.0562,-0.048,-10.56,-25.19,36.06,2.63,-78.54,-160.78,13.344000000000001,1.0,52.4070399,-1.5311661666666667
52.407030199999994,-1.5311784444444445,146.74,,2,215.45,22 / 26,274321,2019-09-08 10:12:20:945,-0.0047,0.5399,9.4105,-0.0098,0.0289,9.8065,0.0647,0.0419,0.0415,-11.0,-25.0,35.44,1.93,-78.63,-160.92,13.345333333333334,1.0,52.407030199999994,-1.5311784444444445
52.407020499999994,-1.5311907222222223,146.74,,2,215.45,22 / 26,274422,2019-09-08 10:12:21:046,-0.4307,0.597,9.8114,-0.0145,-0.0051,9.8066,-0.0307,-0.0305,0.0552,-11.5,-25.12,36.0,3.66,-78.72,-159.9,13.346666666666668,1.0,52.407020499999994,-1.5311907222222223
52.407010799999995,-1.531203,146.74,,2,215.45,22 / 26,274522,2019-09-08 10:12:21:146,-0.682,0.7162,10.1149,0.0001,0.0086,9.8066,0.1268,-0.0467,0.0506,-11.44,-24.69,36.31,3.93,-78.84,-159.66,13.348,1.0,52.407010799999995,-1.531203
52.407001099999995,-1.5312152777777779,146.74,,2,215.45,22 / 26,274621,2019-09-08 10:12:21:245,0.5449,-0.0688,9.4791,0.0032,-0.0065,9.8066,0.0266,0.0585,-0.0204,-11.56,-25.19,36.44,1.96,-78.69,-159.89,13.349333333333334,1.0,52.407001099999995,-1.5312152777777779
52.406991399999995,-1.5312275555555555,146.74,,2,215.45,22 / 26,274721,2019-09-08 10:12:21:345,-0.8668,0.5446,9.9021,-0.0142,0.0088,9.8066,0.2903,-0.0174,0.0023,-12.0,-24.81,36.63,2.15,-78.52,-160.2,13.350666666666667,1.0,52.406991399999995,-1.5312275555555555
52.406981699999996,-1.5312398333333332,146.74,,2,215.45,23 / 26,274823,2019-09-08 10:12:21:447,-1.1129,-0.6434,10.7341,-0.0039,0.0046,9.8066,0.2696,-0.081,0.0085,-11.06,-24.25,36.88,3.71,-78.33,-160.28,13.352,1.0,52.406981699999996,-1.5312398333333332
52.406971999999996,-1.531252111111111,146.74,,2,215.45,23 / 26,274921,2019-09-08 10:12:21:545,2.1619,-0.8851,9.8322,0.0103,-0.0271,9.8065,-0.0691,-0.1338,0.1356,-11.44,-24.06,37.38,3.29,-78.25,-160.64,13.353333333333333,1.0,52.406971999999996,-1.531252111111111
52.406962299999996,-1.5312643888888888,146.74,,2,215.45,23 / 26,275022,2019-09-08 10:12:21:646,-2.8805,-0.9744,8.9635,0.0057,-0.0011,9.8066,-0.1955,0.0209,0.1259,-11.19,-24.81,37.44,3.79,-78.19,-160.24,13.354666666666667,1.0,52.406962299999996,-1.5312643888888888
52.4069526,-1.5312766666666666,146.74,,2,215.45,23 / 26,275122,2019-09-08 10:12:21:746,-2.6202,2.232,10.267,-0.0258,0.0034,9.8065,-0.0082,-0.1733,0.0572,-11.5,-24.5,36.88,5.16,-78.38,-159.04,13.356,1.0,52.4069526,-1.5312766666666666
52.4069429,-1.5312889444444444,146.74,,2,215.45,23 / 26,275222,2019-09-08 10:12:21:846,0.9407,-0.6327,9.6606,-0.036,0.044,9.8064,0.3468,0.0223,-0.1521,-11.56,-24.75,36.75,5.86,-78.65,-157.03,13.357333333333333,1.0,52.4069429,-1.5312889444444444
52.4069332,-1.5313012222222222,146.74,,2,215.45,23 / 26,275322,2019-09-08 10:12:21:946,-0.2529,-1.1588,9.55,-0.0048,-0.038,9.8065,-0.0804,0.0695,-0.032,-12.0,-24.81,36.56,5.79,-78.51,-157.1,13.358666666666666,1.0,52.4069332,-1.5313012222222222
52.4069235,-1.5313135,146.74,,2,215.45,23 / 26,275422,2019-09-08 10:12:22:046,-0.3101,-0.593,9.5134,0.0045,-0.0136,9.8065,0.008,0.0471,0.0044,-11.75,-24.5,36.56,5.02,-78.22,-157.74,13.36,1.0,52.4069235,-1.5313135
52.4069138,-1.5313257777777778,146.74,,2,215.45,23 / 26,275522,2019-09-08 10:12:22:146,-0.9173,1.2998,9.6359,-0.0124,0.0275,9.8066,0.0645,0.0623,-0.0018,-11.5,-24.37,36.81,5.84,-78.15,-158.47,13.361333333333334,1.0,52.4069138,-1.5313257777777778
52.4069041,-1.5313380555555556,146.74,,2,215.45,23 / 26,275621,2019-09-08 10:12:22:245,0.4283,0.4839,9.3371,0.0114,0.0266,9.8065,0.1,-0.0703,0.1094,-11.5,-24.75,37.06,5.72,-78.4,-158.58,13.362666666666668,1.0,52.4069041,-1.5313380555555556
52.4068944,-1.5313503333333334,146.74,,2,215.45,23 / 26,275722,2019-09-08 10:12:22:346,-0.4181,0.2784,9.8321,0.0091,0.0025,9.8066,0.104,-0.0451,-0.0125,-11.31,-24.25,37.13,5.16,-78.35,-159.04,13.364,1.0,52.4068944,-1.5313503333333334
52.4068847,-1.5313626111111112,146.74,,2,215.45,23 / 26,275822,2019-09-08 10:12:22:446,-1.2055,-0.0718,10.7982,-0.0003,-0.0033,9.8066,0.1892,0.013,-0.0893,-10.81,-24.75,36.94,4.47,-78.41,-159.64,13.365333333333334,1.0,52.4068847,-1.5313626111111112
52.406875,-1.531374888888889,146.74,,2,215.45,21 / 23,275922,2019-09-08 10:12:22:546,0.1436,1.3619,9.9167,0.0098,0.0209,9.8066,0.0379,-0.011,-0.0489,-11.19,-25.19,37.5,3.91,-78.47,-160.52,13.366666666666667,1.0,52.406875,-1.531374888888889
52.4068653,-1.5313871666666667,146.74,,2,215.45,21 / 23,276022,2019-09-08 10:12:22:646,0.5251,0.4755,9.1126,-0.0019,-0.0103,9.8066,-0.0338,0.0168,-0.1079,-10.94,-24.69,37.25,3.25,-78.32,-160.69,13.368,1.0,52.4068653,-1.5313871666666667
52.4068556,-1.5313994444444445,146.74,,2,215.45,21 / 23,276121,2019-09-08 10:12:22:745,-0.223,0.8385,9.4997,0.0031,-0.0074,9.8066,-0.0415,-0.0029,0.0289999999999999,-11.31,-24.81,37.06,3.15,-78.36,-160.77,13.369333333333334,1.0,52.4068556,-1.5313994444444445
52.4068459,-1.531411722222222,146.74,,2,215.45,21 / 23,276222,2019-09-08 10:12:22:846,0.1115,1.5442,10.7221,0.0145,-0.0285,9.8065,-0.0107,0.0685,-0.0517,-10.62,-25.0,36.94,2.64,-78.28,-161.21,13.370666666666667,1.0,52.4068459,-1.531411722222222
52.4068362,-1.531424,146.74,,2,215.45,21 / 23,276322,2019-09-08 10:12:22:946,-1.008,0.3277,8.6153,-0.0313,0.0349,9.8065,-0.0172,0.2723,-0.2995,-10.94,-23.87,37.06,2.63,-78.07,-161.21,13.372,1.0,52.4068362,-1.531424
52.4068265,-1.5314362777777777,146.74,,2,215.45,21 / 23,276422,2019-09-08 10:12:23:046,-1.8113,0.1629,9.1263,0.0238,0.0554,9.8064,-0.0278,-0.1852,0.1592,-11.12,-24.37,36.88,1.42,-78.27,-162.23,13.373333333333333,1.0,52.4068265,-1.5314362777777777
52.4068168,-1.5314485555555555,146.74,,2,215.45,21 / 23,276521,2019-09-08 10:12:23:145,1.4036,0.8038,9.5079,0.0166,0.0269,9.8065,0.0643,-0.1145,0.2044,-9.37,-23.5,36.69,4.6,-78.35,-162.38,13.374666666666666,1.0,52.4068168,-1.5314485555555555
52.406807099999995,-1.5314608333333333,146.74,,2,215.45,21 / 23,276622,2019-09-08 10:12:23:246,-2.1209,-0.7281,12.1684,-0.0614,-0.0083,9.8064,0.2602,-0.1045,0.2703,-10.19,-23.31,36.44,5.66,-78.51,-159.62,13.376,1.0,52.406807099999995,-1.5314608333333333
52.406797399999995,-1.531473111111111,146.74,,2,215.45,21 / 23,276722,2019-09-08 10:12:23:346,0.0296,-0.2908,10.332,0.0309,-0.0567,9.8064,-0.6035,0.0665,-0.1835,-11.37,-24.19,36.94,7.36,-78.39,-157.15,13.377333333333334,1.0,52.406797399999995,-1.531473111111111
52.406787699999995,-1.5314853888888889,146.74,,2,215.45,24 / 28,276821,2019-09-08 10:12:23:445,-3.642,-1.5131,15.8043,0.0314,-0.1904,9.8047,-0.011,-0.0013,-0.0849,-11.87,-23.5,37.69,4.13,-77.31,-158.97,13.378666666666668,1.0,52.406787699999995,-1.5314853888888889
52.406777999999996,-1.5314976666666666,146.74,,2,215.45,24 / 28,276921,2019-09-08 10:12:23:545,4.853,-0.3166,6.8669,0.0139,0.1721,9.8051,0.1565,-0.0557,-0.0134,-11.06,-23.94,37.94,4.36,-76.58,-160.22,13.38,1.0,52.406777999999996,-1.5314976666666666
52.406768299999996,-1.5315099444444444,146.74,,2,215.45,24 / 28,277022,2019-09-08 10:12:23:646,0.3558,2.6932,9.5359,-0.0565,0.1395,9.8054,-0.2184,0.2214,-0.1329,-11.56,-23.62,38.06,1.18,-77.32,-161.48,13.381333333333334,1.0,52.406768299999996,-1.5315099444444444
52.406758599999996,-1.5315222222222222,146.74,,2,215.45,24 / 28,277122,2019-09-08 10:12:23:746,-1.2159,-1.904,9.0225,-0.0225,-0.0804,9.8062,-0.3535,0.0238,-0.1048,-11.94,-24.12,37.5,2.66,-77.83,-160.21,13.382666666666667,1.0,52.406758599999996,-1.5315222222222222
52.4067489,-1.5315345,146.74,,2,215.45,24 / 28,277222,2019-09-08 10:12:23:846,-1.3273,0.02,9.9171,0.0277,-0.0708,9.8063,-0.1608,-0.0074,-0.0482,-12.0,-24.37,37.44,3.86,-77.57,-158.77,13.384,1.0,52.4067489,-1.5315345
52.4067392,-1.5315467777777778,146.74,,2,215.45,24 / 28,277322,2019-09-08 10:12:23:946,-1.5252,-0.2071,8.4721,-0.0097,0.0074,9.8066,-0.05,-0.1297,0.0999,-11.37,-23.94,38.13,6.58,-77.43,-158.3,13.385333333333334,1.0,52.4067392,-1.5315467777777778
52.4067295,-1.5315590555555556,146.74,,2,215.45,24 / 28,277421,2019-09-08 10:12:24:045,-0.0969999999999999,1.178,10.3037,-0.0111,-0.0056,9.8066,-0.0442,0.0573,-0.0616,-11.5,-24.19,37.75,6.99,-77.07,-157.99,13.386666666666667,1.0,52.4067295,-1.5315590555555556
52.4067198,-1.5315713333333334,146.74,,2,215.45,24 / 28,277521,2019-09-08 10:12:24:145,-0.6601,0.4654,10.3392,0.0061,-0.0253,9.8065,0.0085,0.0474,0.03,-11.56,-24.69,37.81,5.08,-76.89,-158.25,13.388,1.0,52.4067198,-1.5315713333333334
52.4067101,-1.5315836111111112,146.74,,2,215.45,24 / 28,277622,2019-09-08 10:12:24:246,-0.3648,1.118,9.503,-0.0131,-0.0294,9.8065,-0.098,-0.022,0.0555,-11.44,-24.75,37.63,7.27,-76.75,-157.83,13.389333333333333,1.0,52.4067101,-1.5315836111111112
52.4067004,-1.5315958888888888,146.74,,2,215.45,24 / 28,277721,2019-09-08 10:12:24:345,-0.5081,1.1763,9.0335,-0.0213,0.0729,9.8063,0.0895,-0.0115,0.0071,-11.25,-25.06,38.13,8.61,-76.87,-156.7,13.390666666666666,1.0,52.4067004,-1.5315958888888888
52.4066907,-1.5316081666666665,146.74,,2,215.45,24 / 28,277821,2019-09-08 10:12:24:445,-0.479,2.3081,9.0673,-0.0312,0.0594,9.8064,0.1894,-0.0121,0.0899,-11.75,-24.94,37.25,8.19,-77.3,-155.2,13.392,1.0,52.4066907,-1.5316081666666665
52.406681,-1.5316204444444443,146.74,,2,215.45,24 / 25,277922,2019-09-08 10:12:24:546,-1.2408,2.025,10.4267,0.0133,0.0184,9.8065,0.153,-0.1751,0.0864,-11.69,-24.69,37.69,9.1,-77.09,-154.88,13.393333333333333,1.0,52.406681,-1.5316204444444443
52.4066713,-1.5316327222222221,146.74,,2,215.45,24 / 25,278022,2019-09-08 10:12:24:646,-0.2958,-2.4424,9.7834,-0.0114,0.0206,9.8065,0.3527,0.0109,-0.0413,-11.5,-24.56,38.0,10.4,-77.04,-155.18,13.394666666666668,1.0,52.4066713,-1.5316327222222221
52.4066616,-1.531645,146.74,,2,215.45,24 / 25,278121,2019-09-08 10:12:24:745,0.0399,0.5332,9.4855,-0.0008,0.0139999999999999,9.8066,0.0844,-0.0134,-0.0399,-11.12,-24.5,37.31,9.07,-76.91,-155.87,13.396,1.0,52.4066616,-1.531645
52.4066519,-1.5316572777777777,146.74,,2,215.45,24 / 25,278222,2019-09-08 10:12:24:846,-0.7929,-0.5964,9.3138,-0.0004,0.0149,9.8066,0.0949,-0.0247,-0.0709,-11.0,-24.81,38.38,9.18,-77.03,-156.21,13.397333333333334,1.0,52.4066519,-1.5316572777777777
52.4066422,-1.5316695555555555,146.74,,2,215.45,24 / 25,278322,2019-09-08 10:12:24:946,-0.3347,1.2855,9.9701,0.0047,0.0162,9.8066,0.0992,-0.0494,0.0045,-11.56,-24.56,38.0,6.96,-77.14,-156.65,13.398666666666667,1.0,52.4066422,-1.5316695555555555
52.4066325,-1.5316818333333333,146.74,,2,215.45,24 / 25,278421,2019-09-08 10:12:25:045,-1.3508,0.9478,9.5268,0.0058,0.0264,9.8065,0.0857,0.0178,0.0041,-10.94,-24.75,38.0,8.05,-77.28,-157.12,13.4,1.0,52.4066325,-1.5316818333333333
52.4066228,-1.531694111111111,146.74,,2,215.45,24 / 25,278521,2019-09-08 10:12:25:145,-0.9157,-0.1783,9.6165,0.0093,-0.0064,9.8066,-0.0543,-0.0565,0.0176,-10.94,-24.81,37.19,6.71,-77.19,-157.86,13.401333333333334,1.0,52.4066228,-1.531694111111111
52.4066131,-1.5317063888888889,146.74,,2,215.45,24 / 25,278622,2019-09-08 10:12:25:246,-0.8184,0.1654,9.534,-0.0052,0.0429,9.8065,0.0925,-0.0966,0.0373,-10.87,-24.94,37.38,6.8,-77.38,-157.76,13.402666666666667,1.0,52.4066131,-1.5317063888888889
52.4066034,-1.5317186666666667,146.74,,2,215.45,24 / 25,278722,2019-09-08 10:12:25:346,-1.3194,0.2678,10.1356,0.0004,-0.0077,9.8066,-0.0113,-0.0652,-0.0121,-10.94,-24.69,37.13,6.71,-77.42,-157.84,13.404,1.0,52.4066034,-1.5317186666666667
52.406593699999995,-1.5317309444444445,146.74,,2,215.45,24 / 25,278821,2019-09-08 10:12:25:445,-0.6326,1.1136,10.2621,0.0003,-0.023,9.8065,0.0253,-0.0287,-0.0926,-10.0,-24.69,37.0,8.42,-77.47,-157.84,13.405333333333333,1.0,52.406593699999995,-1.5317309444444445
52.406583999999995,-1.5317432222222223,146.74,,2,215.45,22 / 25,278921,2019-09-08 10:12:25:545,-1.1318,1.137,10.0044,0.0079,-0.006,9.8066,0.0258,0.0238,-0.0683,-10.0,-25.0,36.94,7.53,-77.36,-158.6,13.406666666666666,1.0,52.406583999999995,-1.5317432222222223
52.406574299999996,-1.5317555,146.74,,2,215.45,22 / 25,279021,2019-09-08 10:12:25:645,-1.0195,0.5976,10.377,0.0124,-0.0076,9.8066,-0.0318,-0.0289,-0.027,-10.25,-24.44,37.19,6.47,-77.18,-159.46,13.408,1.0,52.406574299999996,-1.5317555
52.406564599999996,-1.5317677777777778,146.74,,2,215.45,22 / 25,279121,2019-09-08 10:12:25:745,-0.2452,-1.4547,9.5971,0.0339,-0.0382,9.8064,-0.3115,-0.2197,0.2309,-10.37,-24.94,37.06,4.85,-77.02,-160.86,13.409333333333333,1.0,52.406564599999996,-1.5317677777777778
52.406554899999996,-1.5317800555555554,146.74,,2,215.45,22 / 25,279221,2019-09-08 10:12:25:845,-0.0366,2.6244,9.8089,0.0031,-0.0898,9.8062,-0.4387,0.1624,-0.0137,-10.25,-25.19,37.0,5.72,-76.81,-160.15,13.410666666666666,1.0,52.406554899999996,-1.5317800555555554
52.4065452,-1.5317923333333332,146.74,,2,215.45,22 / 25,279322,2019-09-08 10:12:25:946,-0.1326,-0.1181,8.6569,-0.0263,0.0793,9.8062,0.2596,0.0131,-0.0205,-10.12,-24.94,36.5,5.55,-76.56,-160.32,13.412,1.0,52.4065452,-1.5317923333333332
52.4065355,-1.531804611111111,146.74,,2,215.45,22 / 25,279422,2019-09-08 10:12:26:046,-2.4715,0.2735,9.6789,-0.0086,0.0647,9.8064,0.1749,-0.1405,0.1403,-10.56,-25.37,37.06,4.15,-76.9,-160.01,13.413333333333334,1.0,52.4065355,-1.531804611111111
52.4065258,-1.5318168888888888,146.74,,2,215.45,22 / 25,279521,2019-09-08 10:12:26:145,1.1818,1.7676,10.2262,0.025,0.0247,9.8066,0.0682,-0.2637,0.1455,-10.12,-24.62,37.63,6.26,-76.78,-160.07,13.414666666666667,1.0,52.4065258,-1.5318168888888888
52.4065161,-1.5318291666666666,146.74,,2,215.45,22 / 25,279622,2019-09-08 10:12:26:246,-3.2885,1.1204,9.9585,0.0089,0.0254,9.8065,0.1467,-0.0319,-0.0559999999999999,-9.75,-24.62,37.13,4.52,-77.04,-161.13,13.416,1.0,52.4065161,-1.5318291666666666
52.4065064,-1.5318414444444444,146.74,,2,215.45,22 / 25,279721,2019-09-08 10:12:26:345,-2.3506,0.5495,11.1197,0.0178,-0.0037,9.8066,0.2789,-0.176,0.0105,-9.25,-24.25,37.38,3.78,-76.99,-163.18,13.417333333333334,1.0,52.4065064,-1.5318414444444444
52.4064967,-1.5318537222222222,146.74,,2,215.45,22 / 25,279822,2019-09-08 10:12:26:446,-0.211,-0.6461,10.5834,0.009,0.0196,9.8065,0.1419,0.1003,-0.1352,-9.44,-24.37,36.69,2.8,-77.0,-164.0,13.418666666666667,1.0,52.4064967,-1.5318537222222222
52.406487,-1.531866,148.81,13.42,2,221.1,25 / 27,279922,2019-09-08 10:12:26:546,-0.4477,-2.1172,10.3573,-0.0514,0.0542,9.8063,-0.366,0.0447,0.2156,-10.19,-24.5,36.56,1.43,-77.31,-163.68,13.42,1.0,52.406487,-1.531866
52.40647775555556,-1.5318787333333332,148.81,,2,221.1,25 / 27,280021,2019-09-08 10:12:26:645,1.7849,-0.3475,8.4861,0.0314,0.1102,9.8059,-0.3973,0.0957,-0.0951,-9.81,-25.44,36.75,3.66,-77.91,-161.8,13.421555555555555,1.0,52.40647775555556,-1.5318787333333332
52.40646851111111,-1.5318914666666665,148.81,,2,221.1,25 / 27,280121,2019-09-08 10:12:26:745,2.3676,1.0125,8.5099,0.0008,0.0505,9.8065,0.1276,-0.0583,-0.0396,-9.31,-24.12,36.75,3.82,-77.99,-163.09,13.423111111111112,1.0,52.40646851111111,-1.5318914666666665
52.406459266666666,-1.5319042,148.81,,2,221.1,25 / 27,280222,2019-09-08 10:12:26:846,-4.1613,-0.0037,10.3203,-0.0074,0.0046,9.8065,-0.0263,-0.2378,0.1268,-9.06,-25.5,36.44,1.13,-77.86,-165.02,13.424666666666667,1.0,52.406459266666666,-1.5319042
52.406450022222224,-1.5319169333333333,148.81,,2,221.1,25 / 27,280321,2019-09-08 10:12:26:945,2.541,0.1991,9.3173,0.0129,0.0554,9.8064,-0.0559999999999999,-0.1158,0.0711,-9.75,-24.81,35.94,357.28,-77.99,-166.76,13.426222222222222,1.0,52.406450022222224,-1.5319169333333333
52.406440777777775,-1.5319296666666666,148.81,,2,221.1,25 / 27,280421,2019-09-08 10:12:27:045,0.0196,1.2471,10.058,0.0158,-0.0024,9.8066,-0.0128,-0.0096,-0.0311,-9.62,-25.12,36.88,356.86,-78.09,-167.53,13.427777777777777,1.0,52.406440777777775,-1.5319296666666666
52.40643153333333,-1.5319424,148.81,,2,221.1,25 / 27,280522,2019-09-08 10:12:27:146,1.3314,2.5897,8.1348,-0.0021,0.0104,9.8066,0.085,-0.0176,0.0413,-9.25,-24.94,36.44,357.7,-78.26,-167.9,13.429333333333334,1.0,52.40643153333333,-1.5319424
52.40642228888889,-1.5319551333333332,148.81,,2,221.1,25 / 27,280622,2019-09-08 10:12:27:246,-0.8987,1.0753,9.7787,-0.0307,0.027,9.8065,0.0734,-0.0488,0.0926,-9.25,-24.56,35.81,0.81,-78.42,-165.28,13.430888888888889,1.0,52.40642228888889,-1.5319551333333332
52.40641304444444,-1.5319678666666667,148.81,,2,221.1,25 / 27,280722,2019-09-08 10:12:27:346,0.9497,0.2906,10.5005,-0.0141,0.0036,9.8066,-0.0347,-0.1669,0.2873,-9.31,-24.56,36.81,1.88,-78.36,-164.74,13.432444444444444,1.0,52.40641304444444,-1.5319678666666667
52.4064038,-1.5319806,148.81,,2,221.1,25 / 27,280821,2019-09-08 10:12:27:445,0.154,-0.9071,9.5041,-0.0083,-0.0117,9.8066,0.0978,0.0078,0.0197,-9.44,-24.12,36.81,2.63,-77.94,-164.1,13.434,1.0,52.4064038,-1.5319806
52.40639455555556,-1.5319933333333333,148.81,,2,221.1,25 / 27,280921,2019-09-08 10:12:27:545,2.1146,-0.2163,10.8513,0.0053,-0.0846,9.8062,-0.1515,-0.0789,0.0419,-9.62,-25.19,36.56,1.45,-77.47,-163.67,13.435555555555556,1.0,52.40639455555556,-1.5319933333333333
52.40638531111111,-1.5320060666666666,148.81,,2,221.1,25 / 27,281022,2019-09-08 10:12:27:646,-0.8044,2.3393,8.4435,-0.0275,0.073,9.8063,-0.0816,-0.0311,0.084,-10.06,-24.44,36.75,3.09,-77.84,-162.26,13.437111111111111,1.0,52.40638531111111,-1.5320060666666666
52.40637606666667,-1.5320188,148.81,,2,221.1,25 / 27,281121,2019-09-08 10:12:27:745,-1.3866,-0.6388,8.8498,-0.0043,0.0554,9.8065,0.0852,0.0286,-0.0404,-9.94,-24.87,36.38,2.18,-77.77,-162.66,13.438666666666666,1.0,52.40637606666667,-1.5320188
52.406366822222225,-1.5320315333333332,148.81,,2,221.1,25 / 27,281221,2019-09-08 10:12:27:845,0.5324,-0.0794,10.0576,0.0085,0.0021,9.8065,0.0341,0.2226,-0.146,-9.87,-24.62,36.44,3.44,-77.75,-161.6,13.440222222222221,1.0,52.406366822222225,-1.5320315333333332
52.406357577777776,-1.5320442666666667,148.81,,2,221.1,25 / 27,281322,2019-09-08 10:12:27:946,-0.2062,2.5069999999999997,9.4442,0.0075,-0.0187,9.8065,0.0707,0.22,-0.0912,-9.81,-24.0,35.75,3.74,-77.75,-161.33,13.441777777777778,1.0,52.406357577777776,-1.5320442666666667
52.406348333333334,-1.532057,148.81,,2,221.1,25 / 27,281422,2019-09-08 10:12:28:046,0.7798,0.4275,9.403,0.0017,0.0238,9.8065,-0.0851,-0.0165,0.0668,-10.0,-25.0,35.94,4.67,-77.74,-160.58,13.443333333333333,1.0,52.406348333333334,-1.532057
52.406339088888885,-1.5320697333333333,148.81,,2,221.1,25 / 27,281522,2019-09-08 10:12:28:146,-1.2809,0.1014,9.9126,-0.0086,0.046,9.8065,0.0922,0.1034,-0.0488,-9.75,-24.0,36.38,4.61,-77.9,-160.59,13.444888888888888,1.0,52.406339088888885,-1.5320697333333333
52.40632984444444,-1.5320824666666666,148.81,,2,221.1,25 / 27,281621,2019-09-08 10:12:28:245,0.0523,-0.7421,10.1559,0.0144,-0.0315,9.8065,0.0201,-0.0212,-0.0049,-9.56,-24.44,36.63,4.41,-77.65,-161.16,13.446444444444445,1.0,52.40632984444444,-1.5320824666666666
52.4063206,-1.5320951999999999,148.81,,2,221.1,25 / 27,281722,2019-09-08 10:12:28:346,-0.0364,-0.7062,10.2756,0.0161,-0.0211,9.8066,-0.084,-0.0496,-0.0255,-9.75,-24.31,36.19,3.32,-77.7,-161.68,13.448,1.0,52.4063206,-1.5320951999999999
52.40631135555555,-1.5321079333333334,148.81,,2,221.1,25 / 27,281822,2019-09-08 10:12:28:446,-0.2955,1.3945,10.0949,0.0007,0.0046,9.8066,0.0328,-0.0187,-0.0744,-9.5,-24.56,36.63,3.83,-77.84,-163.11,13.449555555555555,1.0,52.40631135555555,-1.5321079333333334
52.40630211111111,-1.5321206666666667,148.81,,2,221.1,25 / 27,281921,2019-09-08 10:12:28:545,0.5929,0.0617,10.2472,-0.0098,-0.0009,9.8065,-0.0722,0.0209,0.0409,-10.19,-24.19,37.0,1.88,-77.84,-163.29,13.45111111111111,1.0,52.40630211111111,-1.5321206666666667
52.40629286666667,-1.5321334,148.81,,2,221.1,25 / 27,282021,2019-09-08 10:12:28:645,-0.1402,0.3968,9.9026,0.0095,-0.0084,9.8066,-0.0659,-0.0015,0.0099,-9.37,-23.75,36.19,2.75,-77.79,-163.65,13.452666666666667,1.0,52.40629286666667,-1.5321334
52.40628362222222,-1.5321461333333333,148.81,,2,221.1,25 / 27,282121,2019-09-08 10:12:28:745,0.0245,0.5945,9.606,-0.0148,0.0071,9.8066,0.0483,-0.0155,-0.0075,-9.87,-24.25,36.69,1.18,-77.71,-163.88,13.454222222222223,1.0,52.40628362222222,-1.5321461333333333
52.40627437777778,-1.5321588666666666,148.81,,2,221.1,25 / 27,282222,2019-09-08 10:12:28:846,0.3985,0.8216,9.6269,-0.0182,-0.0009,9.8066,-0.0106,0.0126,0.0234,-9.12,-23.69,36.31,3.31,-77.68,-163.18,13.455777777777778,1.0,52.40627437777778,-1.5321588666666666
52.406265133333335,-1.5321716,148.81,,2,221.1,25 / 27,282322,2019-09-08 10:12:28:946,0.2008,0.2797,9.7909,0.0,0.0332,9.8066,0.0068,0.009,0.0092,-10.44,-23.31,36.38,1.83,-77.85,-162.92,13.457333333333333,1.0,52.406265133333335,-1.5321716
52.406255888888886,-1.5321843333333334,148.81,,2,221.1,25 / 27,282422,2019-09-08 10:12:29:046,0.179,-1.0032,9.8256,0.0063,-0.0057,9.8066,-0.0339,0.1048,-0.0307,-10.5,-23.0,35.88,1.71,-77.98,-163.02,13.45888888888889,1.0,52.406255888888886,-1.5321843333333334
52.406246644444444,-1.5321970666666667,148.81,,2,221.1,25 / 27,282522,2019-09-08 10:12:29:146,3.71,-1.4765,10.0362,0.0049,0.0201,9.8066,0.0326,-0.0723,-0.0048,-9.69,-22.19,36.13,1.51,-78.12,-163.18,13.460444444444445,1.0,52.406246644444444,-1.5321970666666667
52.4062374,-1.5322098,148.81,,2,221.1,25 / 27,282622,2019-09-08 10:12:29:246,-1.433,0.6005,10.602,-0.0119,-0.0192,9.8066,-0.2282,-0.1268,0.0887,-9.75,-22.06,35.69,0.52,-78.08,-164.03,13.462,1.0,52.4062374,-1.5322098
52.40622815555555,-1.5322225333333332,148.81,,2,221.1,25 / 27,282721,2019-09-08 10:12:29:345,2.5619,0.0861,10.5716,0.0031,0.0236,9.8066,-0.0384,-0.0491,0.0787,-11.31,-20.37,34.88,358.25,-78.02,-164.07,13.463555555555555,1.0,52.40622815555555,-1.5322225333333332
52.40621891111111,-1.5322352666666665,148.81,,2,221.1,22 / 26,282821,2019-09-08 10:12:29:445,-1.4880000000000002,1.1769,11.1297,-0.003,0.0158,9.8065,-0.1182,-0.0338,0.0165,-12.62,-19.5,37.38,356.25,-77.98,-163.93,13.465111111111112,1.0,52.40621891111111,-1.5322352666666665
52.40620966666667,-1.532248,148.81,,2,221.1,22 / 26,282922,2019-09-08 10:12:29:546,0.4597,-0.5545,10.2982,-0.0226,0.006,9.8066,-0.198,-0.0118,-0.0856,-11.19,-20.75,38.75,0.36,-77.96,-163.93,13.466666666666667,1.0,52.40620966666667,-1.532248
52.40620042222222,-1.5322607333333333,148.81,,2,221.1,22 / 26,283021,2019-09-08 10:12:29:645,-1.1218,0.1899,10.7026,-0.0132,0.0066,9.8066,-0.1796,-0.0102,-0.0073,-9.25,-21.69,38.19,3.06,-77.94,-164.04,13.468222222222222,1.0,52.40620042222222,-1.5322607333333333
52.40619117777778,-1.5322734666666666,148.81,,2,221.1,22 / 26,283122,2019-09-08 10:12:29:746,0.9259,1.3874,9.4139,-0.0062,0.0073,9.8066,0.1302,0.037,0.0902,-8.94,-23.12,37.75,3.55,-77.95,-163.64,13.469777777777779,1.0,52.40619117777778,-1.5322734666666666
52.406181933333336,-1.5322862,148.81,,2,221.1,22 / 26,283221,2019-09-08 10:12:29:845,0.2495,-0.2291,9.4208,-0.0037,-0.015,9.8066,0.0343,0.0595,0.057,-9.25,-23.75,36.94,4.14,-77.86,-162.83,13.471333333333334,1.0,52.406181933333336,-1.5322862
52.40617268888889,-1.5322989333333332,148.81,,2,221.1,22 / 26,283322,2019-09-08 10:12:29:946,-0.5314,0.3189,9.9778,-0.009,-0.0018,9.8066,0.0931,0.0539,0.0364,-9.75,-23.62,36.94,3.37,-77.8,-162.03,13.472888888888889,1.0,52.40617268888889,-1.5322989333333332
52.406163444444445,-1.5323116666666667,148.81,,2,221.1,22 / 26,283422,2019-09-08 10:12:30:046,-0.3788,1.0761,10.0967,-0.0045,-0.0035,9.8066,-0.0315,-0.0007,0.0127,-10.31,-23.75,36.88,4.2,-77.79,-161.32,13.474444444444444,1.0,52.406163444444445,-1.5323116666666667
52.4061542,-1.5323244,148.81,,2,221.1,22 / 26,283522,2019-09-08 10:12:30:146,-0.0284,0.5012,9.683,-0.0125,0.0015,9.8066,-0.0027,-0.0358,-0.0058,-9.56,-24.06,37.56,5.26,-77.78,-160.8,13.476,1.0,52.4061542,-1.5323244
52.406144955555554,-1.5323371333333333,148.81,,2,221.1,22 / 26,283623,2019-09-08 10:12:30:247,0.4078,0.0397,8.786,0.0068,0.0452,9.8065,-0.2374,0.0919,-0.1109,-10.0,-24.31,37.0,4.22,-77.8,-161.31,13.477555555555556,1.0,52.406144955555554,-1.5323371333333333
52.40613571111111,-1.5323498666666666,148.81,,2,221.1,22 / 26,283722,2019-09-08 10:12:30:346,-0.887,0.2424,9.7713,0.005,0.085,9.8062,0.1399,0.0027,0.0107,-10.69,-23.87,36.88,2.04,-78.23,-161.71,13.479111111111111,1.0,52.40613571111111,-1.5323498666666666
52.40612646666667,-1.5323626,148.81,,2,221.1,23 / 25,283822,2019-09-08 10:12:30:446,0.3871,0.4591,10.0929,0.0079,-0.0155,9.8066,0.1281,-0.122,0.0597,-9.06,-24.06,36.94,5.04,-78.17,-162.04,13.480666666666666,1.0,52.40612646666667,-1.5323626
52.40611722222222,-1.5323753333333334,148.81,,2,221.1,23 / 25,283921,2019-09-08 10:12:30:545,-1.9491,-0.6357,10.0326,0.0013,-0.0022,9.8066,0.0438,-0.0058,-0.0522,-9.37,-24.19,36.88,4.62,-78.06,-162.41,13.482222222222223,1.0,52.40611722222222,-1.5323753333333334
52.40610797777778,-1.5323880666666667,148.81,,2,221.1,23 / 25,284022,2019-09-08 10:12:30:646,-0.5724,-0.7253,9.1753,-0.0008,-0.0114,9.8066,0.1732,-0.0805,-0.0371,-9.94,-24.69,37.06,2.05,-77.88,-163.15,13.483777777777778,1.0,52.40610797777778,-1.5323880666666667
52.40609873333334,-1.5324008,148.81,,2,221.1,23 / 25,284121,2019-09-08 10:12:30:745,0.1128,0.4227,9.5271,-0.0066,-0.0193,9.8066,0.0939,-0.0484,0.001,-9.69,-24.12,37.19,2.41,-77.92,-162.83,13.485333333333333,1.0,52.40609873333334,-1.5324008
52.40608948888889,-1.5324135333333333,148.81,,2,221.1,23 / 25,284222,2019-09-08 10:12:30:846,-0.1798,0.4869,10.075,0.0057,-0.0168,9.8066,0.1652,0.095,-0.0273,-9.5,-23.81,37.44,4.38,-78.07,-162.61,13.486888888888888,1.0,52.40608948888889,-1.5324135333333333
52.406080244444446,-1.5324262666666666,148.81,,2,221.1,23 / 25,284322,2019-09-08 10:12:30:946,0.6957,4.6791,9.4386,0.0083,-0.0366,9.8065,0.1639999999999999,0.0483,0.0693,-10.06,-23.75,37.5,3.33,-77.89,-162.43,13.488444444444445,1.0,52.406080244444446,-1.5324262666666666
52.406071,-1.5324389999999999,148.81,,2,221.1,23 / 25,284422,2019-09-08 10:12:31:046,0.3464,-0.493,9.7118,0.0164,-0.022,9.8066,0.0421,-0.1142,0.0646,-9.37,-23.87,36.81,5.14,-77.92,-161.98,13.49,1.0,52.406071,-1.5324389999999999
52.406061755555555,-1.5324517333333334,148.81,,2,221.1,23 / 25,284522,2019-09-08 10:12:31:146,0.3823,2.7392,8.6954,-0.0148,0.0116,9.8065,0.1312,-0.0381,0.0659,-9.5,-23.94,37.56,5.28,-77.88,-162.2,13.491555555555555,1.0,52.406061755555555,-1.5324517333333334
52.40605251111111,-1.5324644666666667,148.81,,2,221.1,23 / 25,284622,2019-09-08 10:12:31:246,-0.4011,-2.3399,9.3513,-0.0108,-0.0156,9.8066,0.1622,0.0076,0.2065,-9.56,-23.62,37.38,4.68,-77.58,-160.94,13.493111111111112,1.0,52.40605251111111,-1.5324644666666667
52.406043266666664,-1.5324772,148.81,,2,221.1,23 / 25,284722,2019-09-08 10:12:31:346,0.3367,1.6477,10.5027,0.0029,-0.0177,9.8066,0.0449,-0.0206,0.0624,-9.56,-23.12,36.5,4.95,-77.66,-160.68,13.494666666666667,1.0,52.406043266666664,-1.5324772
52.40603402222222,-1.5324899333333333,148.81,,2,221.1,24 / 26,284822,2019-09-08 10:12:31:446,0.3328,0.7329,9.6059,-0.0198,0.0136,9.8066,0.0262,0.0595,-0.045,-9.62,-23.25,36.13,5.34,-77.88,-159.94,13.496222222222222,1.0,52.40603402222222,-1.5324899333333333
52.40602477777778,-1.5325026666666666,148.81,,2,221.1,24 / 26,284921,2019-09-08 10:12:31:545,-0.3629,-1.0315,9.6965,-0.0091,-0.0132,9.8066,-0.0709,0.0659,0.0431,-10.87,-22.69,36.13,3.76,-77.85,-159.82,13.497777777777777,1.0,52.40602477777778,-1.5325026666666666
52.40601553333333,-1.5325154,148.81,,2,221.1,24 / 26,285021,2019-09-08 10:12:31:645,-0.0422,-0.1089,10.6747,-0.013,-0.0007,9.8065,0.0413,-0.0128,0.0498,-12.37,-22.31,36.0,2.85,-77.79,-159.13,13.499333333333334,1.0,52.40601553333333,-1.5325154
52.40600628888889,-1.5325281333333334,148.81,,2,221.1,24 / 26,285121,2019-09-08 10:12:31:745,-1.4099,-1.0313,10.8908,-0.0046,-0.0036,9.8066,-0.026,-0.072,-0.0465,-11.75,-23.12,36.75,4.04,-77.75,-158.59,13.50088888888889,1.0,52.40600628888889,-1.5325281333333334
52.40599704444445,-1.5325408666666667,148.81,,2,221.1,24 / 26,285221,2019-09-08 10:12:31:845,0.8311,0.4653,9.2635,0.002,-0.0044,9.8066,-0.0185,0.0342,-0.1699,-10.69,-23.19,36.88,5.99,-77.68,-158.35,13.502444444444444,1.0,52.40599704444445,-1.5325408666666667
52.4059878,-1.5325536,148.81,,2,221.1,24 / 26,285321,2019-09-08 10:12:31:945,-0.4255,-0.0952,9.4655,0.0065,0.0121,9.8065,-0.0122,-0.076,0.0187,-10.5,-23.87,37.5,7.67,-77.68,-158.76,13.504,1.0,52.4059878,-1.5325536
52.405978555555556,-1.5325663333333333,148.81,,2,221.1,24 / 26,285422,2019-09-08 10:12:32:046,0.8764,0.9113,8.9711,0.0088,0.0397,9.8065,0.0352,0.0342,-0.0667,-10.25,-23.81,37.31,6.05,-77.97,-159.75,13.505555555555556,1.0,52.405978555555556,-1.5325663333333333
52.405969311111114,-1.5325790666666668,148.81,,2,221.1,24 / 26,285522,2019-09-08 10:12:32:146,-1.161,-1.0,9.8561,-0.0018,-0.0232,9.8066,-0.0185,0.1087,-0.1369999999999999,-10.25,-24.37,37.06,5.39,-77.91,-160.31,13.507111111111112,1.0,52.405969311111114,-1.5325790666666668
52.405960066666665,-1.5325918,148.81,,2,221.1,24 / 26,285621,2019-09-08 10:12:32:245,0.074,0.2597,10.5331,0.0128,-0.0292,9.8066,-0.0968,-0.1125,0.0483,-10.12,-24.44,37.25,4.56,-77.74,-161.03,13.508666666666667,1.0,52.405960066666665,-1.5325918
52.40595082222222,-1.5326045333333334,148.81,,2,221.1,24 / 26,285722,2019-09-08 10:12:32:346,-0.8665,0.5334,10.4229,-0.0157,-0.0331,9.8065,-0.1003,-0.0552,-0.0023,-10.12,-24.56,37.5,6.33,-77.53,-159.94,13.510222222222222,1.0,52.40595082222222,-1.5326045333333334
52.40594157777778,-1.5326172666666666,148.81,,2,221.1,25 / 28,285822,2019-09-08 10:12:32:446,0.3813,1.2667,9.3153,0.0083,-0.0118,9.8066,-0.1108,0.0195,-0.0526,-10.62,-24.87,36.56,4.59,-77.64,-159.6,13.511777777777779,1.0,52.40594157777778,-1.5326172666666666
52.40593233333333,-1.53263,148.81,,2,221.1,25 / 28,285921,2019-09-08 10:12:32:545,-0.7819,1.1296,9.6486,-0.0087,-0.0009,9.8065,-0.0471,0.0102,0.0097,-10.44,-24.69,37.06,6.37,-77.67,-159.54,13.513333333333334,1.0,52.40593233333333,-1.53263
52.40592308888889,-1.5326427333333335,148.81,,2,221.1,25 / 28,286021,2019-09-08 10:12:32:645,0.2522,-2.3813,12.0185,0.0097,-0.0326,9.8066,0.2309,-0.1059,0.0942,-10.19,-24.62,37.19,6.77,-77.6,-159.21,13.514888888888889,1.0,52.40592308888889,-1.5326427333333335
52.40591384444445,-1.5326554666666667,148.81,,2,221.1,25 / 28,286122,2019-09-08 10:12:32:746,0.7819,1.3749,7.5405,-0.0332,0.0832,9.8062,-0.1373,-0.2275,0.1407,-10.06,-24.37,37.0,6.88,-77.52,-159.08,13.516444444444446,1.0,52.40591384444445,-1.5326554666666667
52.4059046,-1.5326682,148.81,,2,221.1,25 / 28,286222,2019-09-08 10:12:32:846,-1.1958,0.2537,8.7263,-0.0304,0.0664,9.8064,-0.0838,-0.0545,0.0183,-10.12,-24.81,36.06,9.42,-77.7,-156.6,13.518,1.0,52.4059046,-1.5326682
52.40589535555556,-1.5326809333333333,148.81,,2,221.1,25 / 28,286322,2019-09-08 10:12:32:946,-0.2649,-0.6918,10.4125,-0.0049,-0.0466,9.8065,-0.0608,-0.0069999999999999,0.039,-10.44,-24.44,36.13,9.8,-77.36,-156.28,13.519555555555556,1.0,52.40589535555556,-1.5326809333333333
52.405886111111116,-1.5326936666666666,148.81,,2,221.1,25 / 28,286422,2019-09-08 10:12:33:046,-2.9783,0.0645,10.3611,0.0253,-0.0153,9.8065,-0.1504,-0.1783,0.0687,-10.12,-25.0,36.25,9.37,-77.48,-156.68,13.52111111111111,1.0,52.405886111111116,-1.5326936666666666
52.40587686666667,-1.5327064,148.81,,2,221.1,25 / 28,286521,2019-09-08 10:12:33:145,1.547,0.9543,8.9655,0.0156,0.0109,9.8065,0.1384,-0.1222,-0.0287,-10.12,-25.06,36.38,7.88,-77.83,-157.88,13.522666666666668,1.0,52.40587686666667,-1.5327064
52.405867622222225,-1.5327191333333334,148.81,,2,221.1,25 / 28,286621,2019-09-08 10:12:33:245,-1.2222,-0.9392,10.7544,0.0025,0.0157,9.8066,0.259,-0.0394,-0.1456,-9.75,-25.31,36.25,8.0,-78.07,-157.75,13.524222222222223,1.0,52.405867622222225,-1.5327191333333334
52.40585837777778,-1.5327318666666667,148.81,,2,221.1,25 / 28,286721,2019-09-08 10:12:33:345,1.404,0.2091,11.2083,0.0158,0.0128,9.8066,-0.2043,-0.0329,0.0797,-9.81,-25.94,35.5,8.01,-78.27,-157.76,13.525777777777778,1.0,52.40585837777778,-1.5327318666666667
52.405849133333334,-1.5327446,148.81,,2,221.1,25 / 28,286821,2019-09-08 10:12:33:445,-1.7979,1.4188,10.9967,0.0168,0.0064,9.8066,-0.0181,-0.1544,0.1681,-9.75,-24.25,35.31,6.66,-78.42,-158.41,13.527333333333333,1.0,52.405849133333334,-1.5327446
52.40583988888889,-1.5327573333333333,148.81,,2,221.1,26 / 27,286921,2019-09-08 10:12:33:545,-0.6225,-0.5302,9.954,0.0041,-0.001,9.8066,0.0139999999999999,-0.108,0.1529,-9.56,-25.12,35.69,6.89,-78.32,-158.66,13.52888888888889,1.0,52.40583988888889,-1.5327573333333333
52.40583064444445,-1.5327700666666666,148.81,,2,221.1,26 / 27,287022,2019-09-08 10:12:33:646,-0.032,0.8992,10.1495,-0.0129,-0.0001,9.8066,0.0329,0.0242,0.0075,-9.81,-24.87,36.63,8.36,-78.11,-157.81,13.530444444444445,1.0,52.40583064444445,-1.5327700666666666
52.4058214,-1.5327828000000001,148.81,,2,221.1,26 / 27,287121,2019-09-08 10:12:33:745,0.3916,0.3452,8.998,0.0027,0.0043,9.8066,-0.1318,-0.0944,0.0045,-10.25,-24.44,36.44,7.6,-78.17,-158.03,13.532,1.0,52.4058214,-1.5327828000000001
52.40581215555556,-1.5327955333333334,148.81,,2,221.1,26 / 27,287221,2019-09-08 10:12:33:845,0.7301,0.6746,8.0469,0.0007,0.0504,9.8064,-0.2265,-0.0003,-0.0955,-10.0,-24.87,36.31,8.04,-78.31,-157.69,13.533555555555555,1.0,52.40581215555556,-1.5327955333333334
52.40580291111112,-1.5328082666666667,148.81,,2,221.1,26 / 27,287321,2019-09-08 10:12:33:945,-0.4349,-1.619,9.8077,0.0122,-0.0238,9.8066,0.0053,-0.1153,0.039,-9.75,-24.31,36.5,8.36,-78.33,-157.74,13.535111111111112,1.0,52.40580291111112,-1.5328082666666667
52.40579366666667,-1.532821,148.81,,2,221.1,26 / 27,287421,2019-09-08 10:12:34:045,-0.4179,0.8,10.5356,0.0035,0.0241,9.8065,0.1216,-0.1637,0.0346,-9.62,-24.75,35.63,7.59,-78.37,-158.06,13.536666666666667,1.0,52.40579366666667,-1.532821
52.405784422222226,-1.5328337333333333,148.81,,2,221.1,26 / 27,287521,2019-09-08 10:12:34:145,0.4127,-0.0553,9.7992,0.0088,-0.0243,9.8066,-0.0238,-0.1239,0.0123,-9.31,-24.5,35.75,9.36,-78.08,-158.05,13.538222222222222,1.0,52.405784422222226,-1.5328337333333333
52.40577517777778,-1.5328464666666668,148.81,,2,221.1,26 / 27,287627,2019-09-08 10:12:34:251,-1.0673,-0.511,10.072,0.0031,-0.0078,9.8066,0.0819999999999999,-0.0719,0.0521,-9.19,-24.37,36.56,9.47,-77.99,-158.3,13.539777777777779,1.0,52.40577517777778,-1.5328464666666668
52.405765933333335,-1.5328592,148.81,,2,221.1,26 / 27,287721,2019-09-08 10:12:34:345,-1.7424,0.2086,10.142,-0.004,0.0111,9.8066,-0.0104,-0.0233,-0.0583,-8.62,-24.19,35.88,8.92,-77.98,-158.44,13.541333333333334,1.0,52.405765933333335,-1.5328592
52.40575668888889,-1.5328719333333334,148.81,,2,221.1,26 / 27,287821,2019-09-08 10:12:34:445,-0.9594,-0.017,9.8021,0.0073,-0.0005,9.8066,-0.0794,-0.0265,-0.07,-9.12,-24.56,35.69,8.7,-78.15,-158.64,13.54288888888889,1.0,52.40575668888889,-1.5328719333333334
52.405747444444444,-1.5328846666666667,148.81,,2,221.1,24 / 27,287922,2019-09-08 10:12:34:546,-0.0819999999999999,-0.8424,9.0156,-0.0163,0.0014,9.8066,-0.1073,0.0076,-0.0039,-9.37,-24.31,36.25,8.49,-78.34,-158.75,13.544444444444444,1.0,52.405747444444444,-1.5328846666666667
52.4057382,-1.5328974,148.81,,2,221.1,24 / 27,288022,2019-09-08 10:12:34:646,-0.3642,0.8118,8.8955,-0.0038,-0.0061,9.8066,-0.1807,-0.0382,0.0642,-8.87,-24.19,35.19,9.38,-78.38,-157.64,13.546000000000001,1.0,52.4057382,-1.5328974
52.40572895555556,-1.5329101333333333,148.81,,2,221.1,24 / 27,288121,2019-09-08 10:12:34:745,-2.3828,-0.9681,10.4317,-0.0191,-0.0092,9.8065,-0.1064,0.0507,-0.0069999999999999,-8.56,-23.87,35.13,11.51,-78.27,-155.85,13.547555555555556,1.0,52.40572895555556,-1.5329101333333333
52.40571971111111,-1.5329228666666668,148.81,,2,221.1,24 / 27,288222,2019-09-08 10:12:34:846,-1.1756,0.6502,10.9411,0.0012,-0.0021,9.8066,0.0437,-0.0534,-0.0006,-8.44,-24.37,35.31,13.93,-78.36,-155.34,13.549111111111111,1.0,52.40571971111111,-1.5329228666666668
52.40571046666667,-1.5329356,148.81,,2,221.1,24 / 27,288321,2019-09-08 10:12:34:945,1.3434,0.3339999999999999,9.7715,0.0474,0.0042,9.8064,0.0345,-0.1479,0.0656,-8.69,-23.56,35.44,10.8,-78.15,-156.47,13.550666666666666,1.0,52.40571046666667,-1.5329356
52.40570122222223,-1.5329483333333334,148.81,,2,221.1,24 / 27,288421,2019-09-08 10:12:35:045,-0.4483,0.0279,10.3138,0.0214,-0.016,9.8066,0.109,-0.0368,-0.0915,-9.12,-23.56,35.88,8.25,-78.02,-159.0,13.552222222222223,1.0,52.40570122222223,-1.5329483333333334
52.40569197777778,-1.5329610666666666,148.81,,2,221.1,24 / 27,288522,2019-09-08 10:12:35:146,-0.7096,-0.6890000000000001,10.1952,0.0092,-0.0027,9.8065,-0.0523,0.0173,-0.1401,-8.37,-24.31,36.0,8.75,-78.07,-160.08,13.553777777777778,1.0,52.40569197777778,-1.5329610666666666
52.405682733333336,-1.5329738,148.81,,2,221.1,24 / 27,288622,2019-09-08 10:12:35:246,-0.53,1.8117,8.126,0.0154,-0.0387,9.8065,-0.3828,-0.0948,0.0116,-7.94,-24.31,35.0,7.22,-77.97,-161.06,13.555333333333333,1.0,52.405682733333336,-1.5329738
52.405673488888894,-1.5329865333333335,148.81,,2,221.1,24 / 27,288722,2019-09-08 10:12:35:346,-1.7894,-0.3692,8.551,-0.0101,0.1032,9.806,0.1934,-0.0985,0.0929,-7.69,-25.19,35.69,8.82,-78.55,-160.0,13.556888888888889,1.0,52.405673488888894,-1.5329865333333335
52.405664244444445,-1.5329992666666667,148.81,,2,221.1,25 / 26,288822,2019-09-08 10:12:35:446,-3.4133,3.0046,10.5391,-0.0095,0.089,9.8062,0.0369,-0.2202,0.2102,-8.44,-24.94,34.94,9.09,-78.77,-159.44,13.558444444444445,1.0,52.405664244444445,-1.5329992666666667
52.405655,-1.533012,152.44,13.56,2,226.98,25 / 26,288921,2019-09-08 10:12:35:545,-0.5284,0.7205,9.6185,-0.0087,0.0134,9.8066,-0.0579999999999999,-0.0875,0.0021,-8.06,-25.19,34.94,9.44,-78.84,-159.12,13.56,1.0,52.405655,-1.533012
52.40564944444445,-1.5330269111111112,152.44,,2,226.98,25 / 26,289021,2019-09-08 10:12:35:645,-1.3612,-0.0801,10.1049,0.0048,-0.0129,9.8066,0.0027,-0.1116,-0.0624,-8.62,-25.44,34.5,7.0,-78.68,-159.66,13.512555555555556,1.0,52.40564944444445,-1.5330269111111112
52.40564388888889,-1.5330418222222222,152.44,,2,226.98,25 / 26,289122,2019-09-08 10:12:35:746,-2.0565,0.7120000000000001,10.8104,-0.01,-0.0045,9.8066,0.1105,-0.1445,0.0687,-8.37,-25.37,34.88,9.12,-78.77,-159.41,13.465111111111112,1.0,52.40564388888889,-1.5330418222222222
52.405638333333336,-1.5330567333333334,152.44,,2,226.98,25 / 26,289221,2019-09-08 10:12:35:845,-1.0702,-0.3864,9.7031,-0.0168,-0.0092,9.8065,0.0367,-0.1144,0.0996,-7.75,-25.25,34.19,9.83,-78.57,-158.51,13.417666666666667,1.0,52.405638333333336,-1.5330567333333334
52.40563277777778,-1.5330716444444445,152.44,,2,226.98,25 / 26,289321,2019-09-08 10:12:35:945,-2.8959,-0.4262,11.0252,-0.0206,-0.0065,9.8065,-0.075,-0.063,0.0034,-8.25,-25.5,34.19,11.62,-78.4,-157.03,13.370222222222223,1.0,52.40563277777778,-1.5330716444444445
52.40562722222222,-1.5330865555555555,152.44,,2,226.98,25 / 26,289421,2019-09-08 10:12:36:045,-1.8423,-1.0397,9.4085,-0.0131,-0.0254,9.8065,0.0038,-0.1406,0.1205,-8.31,-26.19,34.56,12.05,-78.63,-157.02,13.322777777777778,1.0,52.40562722222222,-1.5330865555555555
52.40562166666667,-1.5331014666666667,152.44,,2,226.98,25 / 26,289521,2019-09-08 10:12:36:145,-1.6641,-0.8984,9.9519,-0.0027,-0.0212,9.8066,-0.11,-0.1324,0.034,-8.31,-26.37,34.44,12.56,-78.46,-156.3,13.275333333333334,1.0,52.40562166666667,-1.5331014666666667
52.405616111111115,-1.5331163777777779,152.44,,2,226.98,25 / 26,289622,2019-09-08 10:12:36:246,-0.8735,2.3976,10.3581,0.0032,0.0111,9.8066,0.2197,-0.0945,0.0319,-8.06,-25.44,34.44,12.11,-78.71,-156.56,13.22788888888889,1.0,52.405616111111115,-1.5331163777777779
52.40561055555556,-1.5331312888888888,152.44,,2,226.98,25 / 26,289722,2019-09-08 10:12:36:346,-1.4024,-0.4209,10.1068,0.0058,-0.0165,9.8065,0.0253,-0.1432,0.0052,-7.62,-25.94,34.19,11.81,-78.69,-156.89,13.180444444444445,1.0,52.40561055555556,-1.5331312888888888
52.405605,-1.5331462,152.44,,2,226.98,23 / 25,289824,2019-09-08 10:12:36:448,-1.6768,-0.7918,10.7641,0.0047,-0.0369,9.8066,0.1472,-0.1081,-0.0361,-7.5,-25.0,33.94,13.42,-78.74,-157.06,13.133000000000001,1.0,52.405605,-1.5331462
52.40559944444445,-1.5331611111111112,152.44,,2,226.98,23 / 25,289921,2019-09-08 10:12:36:545,-1.9583,0.3947,10.5921,0.0123,-0.023,9.8065,0.054,-0.0638,-0.0342,-7.31,-25.12,33.38,12.07,-78.53,-157.96,13.085555555555556,1.0,52.40559944444445,-1.5331611111111112
52.405593888888895,-1.5331760222222222,152.44,,2,226.98,23 / 25,290022,2019-09-08 10:12:36:646,-0.4421,-1.6862,8.4363,-0.0044,-0.0507,9.8065,0.0118,-0.0892,0.0158,-7.56,-25.25,33.25,9.48,-78.62,-158.45,13.038111111111112,1.0,52.405593888888895,-1.5331760222222222
52.405588333333334,-1.5331909333333333,152.44,,2,226.98,23 / 25,290121,2019-09-08 10:12:36:745,-1.6184,-1.8885,8.3339,-0.0178,0.0269,9.8065,0.1502,-0.0944,0.0969,-7.81,-24.69,32.94,10.85,-78.56,-157.31,12.990666666666668,1.0,52.405588333333334,-1.5331909333333333
52.40558277777778,-1.5332058444444445,152.44,,2,226.98,23 / 25,290221,2019-09-08 10:12:36:845,-0.6211,0.1092,8.4519,0.0112,-0.0041,9.8065,0.1187,-0.0239,0.0734,-7.37,-25.75,33.31,14.11,-78.66,-156.3,12.943222222222223,1.0,52.40558277777778,-1.5332058444444445
52.40557722222223,-1.5332207555555555,152.44,,2,226.98,23 / 25,290321,2019-09-08 10:12:36:945,-1.3832,-1.6998,10.6896,0.0066,0.0072,9.8066,0.0783,-0.0915,-0.0213,-7.44,-24.56,33.13,14.29,-78.73,-156.05,12.895777777777779,1.0,52.40557722222223,-1.5332207555555555
52.40557166666667,-1.5332356666666667,152.44,,2,226.98,23 / 25,290421,2019-09-08 10:12:37:045,-0.5092,-1.0562,9.953,0.0114,-0.0452,9.8065,0.242,0.0087,-0.05,-6.87,-24.69,32.38,13.45,-78.81,-156.44,12.848333333333333,1.0,52.40557166666667,-1.5332356666666667
52.40556611111111,-1.5332505777777778,152.44,,2,226.98,23 / 25,290522,2019-09-08 10:12:37:146,-0.5389,-0.9209,10.2341,0.017,-0.0542,9.8064,0.0014,-0.0919,0.0802,-6.75,-25.81,32.38,12.1,-78.52,-157.7,12.800888888888888,1.0,52.40556611111111,-1.5332505777777778
52.40556055555556,-1.533265488888889,152.44,,2,226.98,23 / 25,290622,2019-09-08 10:12:37:246,-0.0126,-0.6832,9.4135,0.0088,0.0279,9.8065,0.0606,-0.0228,-0.0226,-6.37,-25.12,33.0,13.43,-78.46,-158.52,12.753444444444444,1.0,52.40556055555556,-1.533265488888889
52.405555,-1.5332804,152.44,,2,226.98,23 / 25,290722,2019-09-08 10:12:37:346,-1.2464,0.8501,10.102,-0.0007,0.022,9.8065,0.0774,-0.0552,0.0009,-6.87,-25.44,31.75,10.9,-78.7,-158.59,12.706,1.0,52.405555,-1.5332804
52.405549444444446,-1.5332953111111112,152.44,,2,226.98,26 / 28,290822,2019-09-08 10:12:37:446,-0.9581,0.7123,9.7053,-0.0066,-0.0146,9.8066,0.0056,-0.0584,0.037,-7.37,-25.5,32.19,12.13,-78.79,-157.54,12.658555555555555,1.0,52.405549444444446,-1.5332953111111112
52.40554388888889,-1.5333102222222224,152.44,,2,226.98,26 / 28,290922,2019-09-08 10:12:37:546,-1.9301,0.4864,9.7691,-0.0019,-0.0192,9.8065,0.0547,-0.0347,-0.062,-7.0,-25.62,32.5,13.45,-78.72,-156.83,12.61111111111111,1.0,52.40554388888889,-1.5333102222222224
52.40553833333333,-1.5333251333333333,152.44,,2,226.98,26 / 28,291021,2019-09-08 10:12:37:645,-0.497,-0.5988,10.0158,0.0037,-0.0112,9.8066,0.0737,-0.0627,-0.0659,-7.69,-24.75,32.38,11.06,-78.73,-156.74,12.563666666666666,1.0,52.40553833333333,-1.5333251333333333
52.40553277777778,-1.5333400444444445,152.44,,2,226.98,26 / 28,291121,2019-09-08 10:12:37:745,1.3152,0.3056,9.447,0.0037,-0.0158,9.8066,0.0852,-0.1409,0.1113,-6.44,-25.19,32.31,14.9,-78.57,-157.01,12.516222222222222,1.0,52.40553277777778,-1.5333400444444445
52.405527222222226,-1.5333549555555557,152.44,,2,226.98,26 / 28,291221,2019-09-08 10:12:37:845,-1.7756,1.4188,10.4149,-0.0019,-0.0202,9.8066,0.1785,-0.0826,0.0913,-6.56,-25.81,31.88,13.09,-78.36,-156.91,12.468777777777778,1.0,52.405527222222226,-1.5333549555555557
52.40552166666667,-1.5333698666666666,152.44,,2,226.98,26 / 28,291322,2019-09-08 10:12:37:946,-0.8598,0.0065,10.0838,0.0166,-0.0202,9.8066,-0.1337,0.0602,-0.1399,-6.56,-25.81,32.44,12.16,-78.41,-157.67,12.421333333333333,1.0,52.40552166666667,-1.5333698666666666
52.40551611111111,-1.5333847777777778,152.44,,2,226.98,26 / 28,291421,2019-09-08 10:12:38:045,-0.6437,1.0735,9.6341,-0.005,0.0293,9.8066,-0.1749,-0.0239,-0.0106,-6.06,-25.87,32.0,14.97,-78.43,-157.07,12.373888888888889,1.0,52.40551611111111,-1.5333847777777778
52.40551055555556,-1.533399688888889,152.44,,2,226.98,26 / 28,291521,2019-09-08 10:12:38:145,-1.9244,0.8177,10.5437,-0.0073,0.0179,9.8066,-0.0346,0.0024,-0.0496,-6.5,-26.19,31.56,15.61,-78.59,-156.5,12.326444444444444,1.0,52.40551055555556,-1.533399688888889
52.405505000000005,-1.5334146,152.44,,2,226.98,26 / 28,291621,2019-09-08 10:12:38:245,1.4585,1.2724,9.4337,0.0161,0.0487,9.8064,-0.2452,0.1109,-0.1231,-6.81,-26.37,31.25,12.7,-78.39,-156.9,12.279,1.0,52.405505000000005,-1.5334146
52.405499444444445,-1.5334295111111111,152.44,,2,226.98,26 / 28,291721,2019-09-08 10:12:38:345,-1.1469,-0.4978,9.7167,-0.0012,0.0515,9.8065,-0.0116,0.0347,0.0704,-6.37,-26.44,32.13,14.85,-78.58,-157.13,12.231555555555556,1.0,52.405499444444445,-1.5334295111111111
52.40549388888889,-1.5334444222222223,152.44,,2,226.98,26 / 28,291822,2019-09-08 10:12:38:446,1.3776,1.2568,8.9559,0.0176,0.0265,9.8065,-0.0816,0.0005,0.0893,-6.12,-25.62,31.81,14.88,-78.51,-157.13,12.184111111111111,1.0,52.40549388888889,-1.5334444222222223
52.40548833333334,-1.5334593333333333,152.44,,2,226.98,26 / 28,291922,2019-09-08 10:12:38:546,-0.7512,-0.3612,9.3214,-0.0111,0.0341,9.8065,-0.1193,0.0669,-0.031,-5.81,-25.75,31.56,15.34,-78.64,-156.71,12.136666666666667,1.0,52.40548833333334,-1.5334593333333333
52.40548277777778,-1.5334742444444445,152.44,,2,226.98,26 / 28,292022,2019-09-08 10:12:38:646,-1.1367,0.765,9.9378,-0.009,0.012,9.8066,-0.0892,-0.0786,0.0592,-6.37,-25.5,31.25,15.82,-78.53,-155.99,12.089222222222222,1.0,52.40548277777778,-1.5334742444444445
52.405477222222224,-1.5334891555555556,152.44,,2,226.98,26 / 28,292121,2019-09-08 10:12:38:745,-1.2963,0.9,10.6387,-0.0213,-0.0093,9.8066,-0.0231,-0.0778,0.0328,-6.69,-25.87,31.31,14.93,-78.47,-155.05,12.041777777777778,1.0,52.405477222222224,-1.5334891555555556
52.40547166666667,-1.5335040666666666,152.44,,2,226.98,26 / 28,292221,2019-09-08 10:12:38:845,0.1954,0.6546,9.3028,-0.0101,-0.0004,9.8066,-0.0861,0.0073,-0.0461,-5.81,-26.19,30.69,17.39,-78.44,-154.82,11.994333333333334,1.0,52.40547166666667,-1.5335040666666666
52.40546611111111,-1.5335189777777778,152.44,,2,226.98,26 / 28,292322,2019-09-08 10:12:38:946,-1.6286,0.5107,9.817,0.0009,-0.0019,9.8066,-0.0685,-0.0442,-0.0167,-6.87,-27.0,30.94,16.19,-78.35,-154.15,11.94688888888889,1.0,52.40546611111111,-1.5335189777777778
52.40546055555556,-1.533533888888889,152.44,,2,226.98,26 / 28,292422,2019-09-08 10:12:39:046,0.1969999999999999,2.1139,9.9804,0.0149,0.0076,9.8066,0.0924,0.0157,-0.0456,-6.0,-27.0,30.81,17.89,-78.5,-154.5,11.899444444444445,1.0,52.40546055555556,-1.533533888888889
52.405455,-1.5335488,152.44,,2,226.98,26 / 28,292521,2019-09-08 10:12:39:145,0.0566,0.8734,9.7276,0.0182,-0.0047,9.8065,-0.0759,-0.0126,-0.0427,-5.94,-26.0,30.88,16.92,-78.57,-155.17,11.852,1.0,52.405455,-1.5335488
52.40544944444444,-1.5335637111111111,152.44,,2,226.98,26 / 28,292621,2019-09-08 10:12:39:245,-0.5726,1.5132,10.035,0.0046,0.0055,9.8066,-0.0681,-0.1097,-0.0184,-6.5,-25.62,31.0,15.62,-78.5,-156.26,11.804555555555556,1.0,52.40544944444444,-1.5335637111111111
52.40544388888889,-1.5335786222222223,152.44,,2,226.98,26 / 28,292722,2019-09-08 10:12:39:346,-0.5676,0.3409,9.4456,-0.0161,0.0209,9.8066,-0.0061,-0.0479,0.0694,-5.31,-26.25,30.63,17.99,-78.55,-156.1,11.757111111111112,1.0,52.40544388888889,-1.5335786222222223
52.405438333333336,-1.5335935333333333,152.44,,2,226.98,26 / 28,292821,2019-09-08 10:12:39:445,-0.1193,0.6155,9.556,-0.0165,0.0071,9.8066,-0.0173,-0.013,0.0384,-6.19,-26.44,30.69,16.4,-78.46,-155.63,11.709666666666667,1.0,52.405438333333336,-1.5335935333333333
52.40543277777778,-1.5336084444444444,152.44,,2,226.98,23 / 25,292921,2019-09-08 10:12:39:545,-0.8288,1.5074,9.6298,-0.0076,-0.0108,9.8066,0.0133,0.0106,-0.0116,-6.56,-26.56,30.88,15.96,-78.48,-154.3,11.662222222222223,1.0,52.40543277777778,-1.5336084444444444
52.40542722222222,-1.5336233555555556,152.44,,2,226.98,23 / 25,293021,2019-09-08 10:12:39:645,-0.0382,1.1652,9.6845,-0.0105,-0.0011,9.8065,0.0003,-0.0363,0.0326,-6.12,-26.06,30.88,19.43,-78.47,-153.13,11.614777777777778,1.0,52.40542722222222,-1.5336233555555556
52.40542166666667,-1.5336382666666666,152.44,,2,226.98,23 / 25,293121,2019-09-08 10:12:39:745,-0.8561,0.8827,9.4676,-0.0013,0.0083,9.8066,0.0448,-0.0113,-0.0275,-6.31,-26.0,30.38,19.53,-78.39,-152.82,11.567333333333334,1.0,52.40542166666667,-1.5336382666666666
52.405416111111116,-1.5336531777777778,152.44,,2,226.98,23 / 25,293222,2019-09-08 10:12:39:846,-0.2684,0.7248,9.8745,0.0047,-0.0084,9.8066,0.0256,-0.0376,-0.0045,-6.31,-26.31,30.31,19.29,-78.35,-153.02,11.519888888888888,1.0,52.405416111111116,-1.5336531777777778
52.405410555555555,-1.533668088888889,152.44,,2,226.98,23 / 25,293322,2019-09-08 10:12:39:946,-0.0508,1.8285,9.7392,0.0033,-0.0149,9.8066,0.0538,-0.0069,0.0002,-6.06,-26.19,30.38,18.76,-78.29,-153.48,11.472444444444443,1.0,52.405410555555555,-1.533668088888889
52.405405,-1.5336830000000001,152.44,,2,226.98,23 / 25,293422,2019-09-08 10:12:40:046,1.079,0.7603,9.1373,0.0028,-0.0014,9.8066,0.0665,-0.0535,0.0332,-5.69,-25.5,29.94,18.32,-78.33,-153.71,11.424999999999999,1.0,52.405405,-1.5336830000000001
52.40539944444445,-1.533697911111111,152.44,,2,226.98,23 / 25,293522,2019-09-08 10:12:40:146,1.0258,-0.5361,8.9008,-0.0018,0.0163,9.8066,-0.0985,-0.078,0.0327,-5.56,-26.12,30.06,18.61,-78.44,-153.55,11.377555555555555,1.0,52.40539944444445,-1.533697911111111
52.40539388888889,-1.5337128222222223,152.44,,2,226.98,23 / 25,293622,2019-09-08 10:12:40:246,0.6888,2.4729,10.1283,-0.0039,0.0158,9.8065,-0.1966,0.0214,-0.0737,-6.37,-26.12,30.0,18.29,-78.62,-153.76,11.33011111111111,1.0,52.40539388888889,-1.5337128222222223
52.405388333333335,-1.5337277333333335,152.44,,2,226.98,23 / 25,293722,2019-09-08 10:12:40:346,0.4593,1.2176,9.5811,0.0273,0.0344,9.8064,0.1125,-0.0441,-0.0139999999999999,-5.94,-26.12,30.0,17.63,-78.79,-154.25,11.282666666666666,1.0,52.405388333333335,-1.5337277333333335
52.40538277777778,-1.5337426444444444,152.44,,2,226.98,23 / 25,293823,2019-09-08 10:12:40:447,1.4377,0.5293,9.1292,0.024,0.0304,9.8065,0.1764,0.0796,0.0057,-5.75,-26.94,29.5,16.43,-78.78,-155.35,11.235222222222221,1.0,52.40538277777778,-1.5337426444444444
52.40537722222222,-1.5337575555555556,152.44,,2,226.98,26 / 28,293921,2019-09-08 10:12:40:545,0.2875,1.1503,8.9884,0.0134,-0.0193,9.8066,0.0735,0.0345,0.0582,-6.31,-26.5,30.19,16.33,-78.46,-155.42,11.187777777777777,1.0,52.40537722222222,-1.5337575555555556
52.40537166666667,-1.5337724666666668,152.44,,2,226.98,26 / 28,294022,2019-09-08 10:12:40:646,0.7357,1.7008,8.6743,0.0211,0.0481,9.8064,0.0357,-0.0076,0.0133,-6.12,-26.56,29.81,18.47,-78.54,-153.75,11.140333333333333,1.0,52.40537166666667,-1.5337724666666668
52.405366111111114,-1.5337873777777777,152.44,,2,226.98,26 / 28,294122,2019-09-08 10:12:40:746,0.3367,2.0613,8.302,-0.0272,0.0016,9.8066,-0.1896,-0.0317,0.2103,-7.0,-26.37,30.13,16.72,-78.56,-153.23,11.092888888888888,1.0,52.405366111111114,-1.5337873777777777
52.40536055555556,-1.533802288888889,152.44,,2,226.98,26 / 28,294222,2019-09-08 10:12:40:846,-1.1072,0.737,8.9403,-0.0359,0.0347,9.8064,-0.2271,0.0729,0.0382,-6.81,-26.37,29.25,20.16,-78.62,-150.04,11.045444444444444,1.0,52.40536055555556,-1.533802288888889
52.405355,-1.5338172,152.44,,2,226.98,26 / 28,294321,2019-09-08 10:12:40:945,-1.2851,1.6449,10.2506,-0.0162,0.0438,9.8064,0.0465,0.0725,0.0093,-6.44,-26.81,29.38,25.74,-78.91,-147.37,10.998,1.0,52.405355,-1.5338172
52.40534944444445,-1.533832111111111,152.44,,2,226.98,26 / 28,294421,2019-09-08 10:12:41:045,0.3005,2.286,9.9051,-0.0191,-0.0485,9.8065,0.1029,-0.0496,0.1159999999999999,-7.19,-26.87,29.56,24.48,-78.91,-146.81,10.950555555555555,1.0,52.40534944444445,-1.533832111111111
52.40534388888889,-1.5338470222222222,152.44,,2,226.98,26 / 28,294522,2019-09-08 10:12:41:146,-0.1787,0.0887,10.9939,-0.013,-0.0269,9.8065,-0.0105,-0.065,0.0565,-7.5,-26.25,29.06,24.67,-78.28,-146.47,10.90311111111111,1.0,52.40534388888889,-1.5338470222222222
52.40533833333333,-1.5338619333333334,152.44,,2,226.98,26 / 28,294622,2019-09-08 10:12:41:246,0.4855,2.0628,10.1778,0.0185,0.0094,9.8066,0.0635,0.009,-0.0542,-7.81,-26.0,29.31,20.78,-78.18,-147.82,10.855666666666666,1.0,52.40533833333333,-1.5338619333333334
52.40533277777778,-1.5338768444444444,152.44,,2,226.98,26 / 28,294722,2019-09-08 10:12:41:346,0.4257,-0.1539,9.0414,-0.0109,-0.0321,9.8065,-0.0524,-0.0679,-0.0131,-7.56,-26.5,29.5,21.0,-78.01,-148.07,10.808222222222222,1.0,52.40533277777778,-1.5338768444444444
52.405327222222226,-1.5338917555555556,152.44,,2,226.98,26 / 28,294821,2019-09-08 10:12:41:445,0.979,1.3067,9.3994,-0.0032,0.0138,9.8066,-0.0374,0.025,-0.122,-7.44,-26.06,29.38,23.04,-78.27,-147.81,10.760777777777777,1.0,52.405327222222226,-1.5338917555555556
52.405321666666666,-1.5339066666666668,152.44,,2,226.98,27 / 28,294921,2019-09-08 10:12:41:545,-0.8247,1.0005,10.0162,-0.0044,0.0187,9.8065,-0.04,0.0371,-0.0678,-7.06,-26.62,29.5,24.97,-78.44,-146.61,10.713333333333333,1.0,52.405321666666666,-1.5339066666666668
52.40531611111111,-1.5339215777777777,152.44,,2,226.98,27 / 28,295021,2019-09-08 10:12:41:645,-1.0551,0.3587,9.8699,-0.0037,-0.0112,9.8066,-0.002,-0.0742,-0.0135,-7.12,-25.75,29.5,25.52,-78.49,-145.98,10.665888888888889,1.0,52.40531611111111,-1.5339215777777777
52.40531055555556,-1.533936488888889,152.44,,2,226.98,27 / 28,295121,2019-09-08 10:12:41:745,0.2333,0.4235,9.6492,-0.0012,-0.0091,9.8066,-0.035,-0.08,-0.0079,-6.87,-26.56,29.19,25.35,-78.44,-146.0,10.618444444444444,1.0,52.40531055555556,-1.533936488888889
52.405305,-1.5339514,152.44,,2,226.98,27 / 28,295221,2019-09-08 10:12:41:845,-1.0364,1.4147,10.4248,-0.004,-0.0098,9.8065,0.0119,-0.0183,-0.0356,-6.37,-26.37,29.31,27.3,-78.39,-146.16,10.571,1.0,52.405305,-1.5339514
52.405299444444445,-1.533966311111111,152.44,,2,226.98,27 / 28,295321,2019-09-08 10:12:41:945,-0.3199,0.713,9.9007,0.0176,-0.0136,9.8066,-0.001,0.0266,-0.0774,-6.0,-26.87,29.25,26.8,-78.4,-146.75,10.523555555555555,1.0,52.405299444444445,-1.533966311111111
52.40529388888889,-1.5339812222222222,152.44,,2,226.98,27 / 28,295422,2019-09-08 10:12:42:046,0.3443,0.9299,9.8442,0.0196,0.0034,9.8066,0.0459,-0.0245,-0.0747,-6.12,-26.37,29.25,26.03,-78.39,-147.21,10.476111111111111,1.0,52.40529388888889,-1.5339812222222222
52.40528833333333,-1.5339961333333334,152.44,,2,226.98,27 / 28,295522,2019-09-08 10:12:42:146,1.0409,1.7231,9.9174,0.03,0.0102,9.8065,0.1394,-0.1384,0.0219,-6.25,-26.37,29.19,23.79,-78.58,-148.98,10.428666666666667,1.0,52.40528833333333,-1.5339961333333334
52.40528277777778,-1.5340110444444444,152.44,,2,226.98,27 / 28,295622,2019-09-08 10:12:42:246,2.7914,-0.0455,9.4787,0.022,-0.0331,9.8065,0.1692,0.1235,-0.1231,-6.31,-26.75,29.88,21.74,-78.63,-151.04,10.381222222222222,1.0,52.40528277777778,-1.5340110444444444
52.405277222222225,-1.5340259555555555,152.44,,2,226.98,27 / 28,295722,2019-09-08 10:12:42:346,0.8254,1.5,9.9536,0.0389,-0.0731,9.8063,-0.139,0.027,-0.032,-5.62,-26.75,29.88,18.5,-78.29,-153.81,10.333777777777778,1.0,52.405277222222225,-1.5340259555555555
52.40527166666667,-1.5340408666666667,152.44,,2,226.98,27 / 28,295821,2019-09-08 10:12:42:445,0.5417,0.8203,8.8041,-0.0174,0.0606,9.8064,-0.1363,-0.1388,0.1369,-5.25,-26.5,30.0,22.66,-78.5,-152.06,10.286333333333333,1.0,52.40527166666667,-1.5340408666666667
52.40526611111111,-1.5340557777777777,152.44,,2,226.98,28 / 29,295921,2019-09-08 10:12:42:545,2.6009,1.1499,10.087,-0.0207,0.0668,9.8064,0.118,0.0705,0.0133,-6.25,-26.25,29.69,20.72,-78.65,-151.74,10.238888888888889,1.0,52.40526611111111,-1.5340557777777777
52.40526055555556,-1.5340706888888889,152.44,,2,226.98,28 / 29,296021,2019-09-08 10:12:42:645,0.37,0.6592,11.3011,-0.0482,-0.0507,9.8063,0.0441,0.0201,0.0603,-5.5,-26.25,29.25,24.87,-78.93,-149.86,10.191444444444445,1.0,52.40526055555556,-1.5340706888888889
52.405255000000004,-1.5340856,152.44,,2,226.98,28 / 29,296121,2019-09-08 10:12:42:745,-1.9246,-0.4746,10.2812,-0.01,-0.0647,9.8064,-0.1991,0.1323,-0.0419,-6.25,-26.94,29.13,25.88,-78.48,-147.46,10.143999999999998,1.0,52.405255000000004,-1.5340856
52.40524944444444,-1.534100511111111,152.44,,2,226.98,28 / 29,296221,2019-09-08 10:12:42:845,-0.8427,4.9574,9.6011,-0.0005,0.0649,9.8063,-0.2282,-0.0279999999999999,-0.0034,-6.19,-26.56,29.25,26.12,-78.46,-147.27,10.096555555555554,1.0,52.40524944444444,-1.534100511111111
52.40524388888889,-1.5341154222222222,152.44,,2,226.98,28 / 29,296321,2019-09-08 10:12:42:945,1.0326,0.605,9.9571,-0.0186,0.1058,9.806,0.1773,-0.1587,0.0996,-6.25,-26.75,29.13,27.5,-78.86,-145.94,10.04911111111111,1.0,52.40524388888889,-1.5341154222222222
52.40523833333334,-1.5341303333333334,152.44,,2,226.98,28 / 29,296421,2019-09-08 10:12:43:045,-0.8602,0.4237,10.1268,-0.0064,-0.0522,9.8064,0.13,-0.0667,0.0124,-5.75,-26.37,29.5,27.08,-78.46,-146.54,10.001666666666665,1.0,52.40523833333334,-1.5341303333333334
52.405232777777776,-1.5341452444444446,152.44,,2,226.98,28 / 29,296521,2019-09-08 10:12:43:145,0.2371,0.8865,10.1108,0.0204,-0.0113,9.8066,-0.1541,-0.0163,-0.0299,-5.81,-27.19,28.81,26.43,-78.67,-146.92,9.95422222222222,1.0,52.405232777777776,-1.5341452444444446
52.40522722222222,-1.5341601555555555,152.44,,2,226.98,28 / 29,296621,2019-09-08 10:12:43:245,-0.2487,1.6868,10.0489,0.0108,0.0457,9.8064,-0.1437,0.0334,-0.0247,-6.12,-26.5,29.31,25.93,-78.72,-147.14,9.906777777777776,1.0,52.40522722222222,-1.5341601555555555
52.40522166666667,-1.5341750666666667,152.44,,2,226.98,28 / 29,296722,2019-09-08 10:12:43:346,0.4264,1.4378,10.0594,0.0074,0.025,9.8066,-0.0267,0.0464,0.0179,-5.62,-26.37,29.44,25.06,-79.05,-147.72,9.859333333333332,1.0,52.40522166666667,-1.5341750666666667
52.40521611111111,-1.5341899777777779,152.44,,2,226.98,26 / 27,296822,2019-09-08 10:12:43:446,-0.7967,0.7906,9.6094,0.0089,-0.0081,9.8066,-0.0338,0.0367,-0.0253,-6.06,-26.31,29.13,24.07,-78.82,-148.64,9.811888888888888,1.0,52.40521611111111,-1.5341899777777779
52.405210555555556,-1.5342048888888888,152.44,,2,226.98,26 / 27,296921,2019-09-08 10:12:43:545,1.3675,1.1439,9.5003,0.0187,0.0017,9.8065,-0.0159,-0.0016,0.0323,-5.44,-26.56,29.81,24.8,-78.95,-150.25,9.764444444444443,1.0,52.405210555555556,-1.5342048888888888
52.405205,-1.5342198,152.44,,2,226.98,26 / 27,297021,2019-09-08 10:12:43:645,0.6049,2.3831,9.6301,-0.0039,0.0371,9.8065,-0.1215,0.0796,0.0313,-5.5,-27.12,29.31,25.1,-78.99,-149.8,9.716999999999999,1.0,52.405205,-1.5342198
52.40519944444444,-1.5342347111111112,152.44,,2,226.98,26 / 27,297121,2019-09-08 10:12:43:745,0.4848,1.6171,9.8078,-0.0084,0.0461,9.8065,0.0209,-0.0182,0.0751,-6.25,-26.56,29.44,24.53,-79.37,-148.17,9.669555555555554,1.0,52.40519944444444,-1.5342347111111112
52.40519388888889,-1.5342496222222222,152.44,,2,226.98,26 / 27,297221,2019-09-08 10:12:43:845,0.2111,-0.0213,9.6386,-0.0081,-0.0096,9.8066,-0.0238,0.0338,-0.0187,-5.75,-27.31,28.69,24.84,-79.35,-147.92,9.62211111111111,1.0,52.40519388888889,-1.5342496222222222
52.405188333333335,-1.5342645333333333,152.44,,2,226.98,26 / 27,297321,2019-09-08 10:12:43:945,0.4094,0.8556,9.6041,-0.0097,0.0129,9.8065,0.0639,-0.0046,-0.0196,-5.62,-27.44,28.75,25.86,-79.27,-147.11,9.574666666666666,1.0,52.405188333333335,-1.5342645333333333
52.40518277777778,-1.5342794444444445,152.44,,2,226.98,26 / 27,297421,2019-09-08 10:12:44:045,-0.3799,0.6446,10.7459,-0.0186,-0.01,9.8065,0.0163,-0.0001,0.0184,-6.06,-28.12,29.06,27.14,-79.08,-146.3,9.527222222222221,1.0,52.40518277777778,-1.5342794444444445
52.40517722222222,-1.5342943555555555,152.44,,2,226.98,26 / 27,297521,2019-09-08 10:12:44:145,0.8008,2.5797,10.5859,-0.0016,-0.0188,9.8066,0.0532,0.0376,-0.0196,-6.0,-27.94,29.63,27.54,-79.01,-146.22,9.479777777777777,1.0,52.40517722222222,-1.5342943555555555
52.40517166666667,-1.5343092666666667,152.44,,2,226.98,26 / 27,297621,2019-09-08 10:12:44:245,0.0114,0.6119,9.7765,0.0074,0.0016,9.8066,0.0247,-0.0579,0.0564,-5.94,-27.62,30.13,27.77,-78.96,-146.07,9.432333333333332,1.0,52.40517166666667,-1.5343092666666667
52.405166111111114,-1.5343241777777779,152.44,,2,226.98,26 / 27,297721,2019-09-08 10:12:44:345,1.1036,0.7262,8.7185,-0.0007,-0.0229,9.8066,-0.0355,-0.0763,0.0806,-6.12,-26.69,29.56,26.85,-78.85,-146.71,9.384888888888888,1.0,52.405166111111114,-1.5343241777777779
52.405160555555554,-1.5343390888888888,152.44,,2,226.98,26 / 28,297821,2019-09-08 10:12:44:445,1.1353,1.4933,8.0535,0.015,0.0287,9.8065,0.1034,-0.0184,-0.0607,-5.62,-27.0,30.0,26.66,-78.88,-146.86,9.337444444444444,1.0,52.405160555555554,-1.5343390888888888
52.405155,-1.534354,156.51,9.29,2,244.12,26 / 28,297921,2019-09-08 10:12:44:545,0.4903,0.1802,9.2134,0.0167,0.0698,9.8063,0.0454,0.0811,0.0134,-5.94,-27.06,29.81,27.0,-79.34,-146.36,9.29,1.0,52.405155,-1.534354
52.40515202247191,-1.5343631123595505,156.51,,2,244.12,26 / 28,298021,2019-09-08 10:12:44:645,-0.7226,1.4209,10.9417,-0.0115,0.0204,9.8065,-0.1264,0.0711,0.0221,-5.87,-27.5,28.94,28.41,-79.74,-144.73,9.270786516853931,1.0,52.40515202247191,-1.5343631123595505
52.40514904494382,-1.5343722247191012,156.51,,2,244.12,26 / 28,298122,2019-09-08 10:12:44:746,0.9755,1.9454,10.7761,-0.0135,-0.0198,9.8065,0.0885,0.0213,-0.022,-5.81,-27.12,28.63,29.94,-80.13,-143.23,9.251573033707864,1.0,52.40514904494382,-1.5343722247191012
52.40514606741573,-1.5343813370786517,156.51,,2,244.12,26 / 28,298222,2019-09-08 10:12:44:846,-0.0905,1.2526,10.4137,0.0181,-0.0182,9.8065,0.1159999999999999,0.0587,-0.0835,-6.37,-27.81,28.81,28.38,-79.98,-144.79,9.232359550561798,1.0,52.40514606741573,-1.5343813370786517
52.40514308988764,-1.5343904494382021,156.51,,2,244.12,26 / 28,298321,2019-09-08 10:12:44:945,1.7180000000000002,1.2976,9.0065,-0.0307,-0.0768,9.8063,0.0289,0.1094,-0.0598,-5.12,-27.0,29.56,29.58,-79.33,-146.06,9.21314606741573,1.0,52.40514308988764,-1.5343904494382021
52.405140112359554,-1.5343995617977528,156.51,,2,244.12,26 / 28,298422,2019-09-08 10:12:45:046,-2.2229,0.4524,10.9402,-0.002,-0.0067,9.8066,0.0912,0.0901,-0.1287,-5.81,-27.19,29.88,26.29,-78.93,-147.15,9.193932584269662,1.0,52.405140112359554,-1.5343995617977528
52.40513713483146,-1.5344086741573033,156.51,,2,244.12,26 / 28,298521,2019-09-08 10:12:45:145,1.523,0.479,9.06,0.0317,0.01,9.8066,-0.0168,0.0044,-0.0537,-4.81,-26.37,29.88,26.3,-79.15,-148.75,9.174719101123594,1.0,52.40513713483146,-1.5344086741573033
52.40513415730337,-1.534417786516854,156.51,,2,244.12,26 / 28,298621,2019-09-08 10:12:45:245,-0.025,1.5152,8.8837,0.0071,0.07,9.8063,0.0222,-0.0559999999999999,0.0661,-4.87,-27.12,29.38,26.91,-79.25,-148.17,9.155505617977527,1.0,52.40513415730337,-1.534417786516854
52.40513117977528,-1.5344268988764045,156.51,,2,244.12,26 / 28,298721,2019-09-08 10:12:45:345,0.1033,1.3003,10.3425,-0.0057,0.0461,9.8065,0.017,0.0139999999999999,-0.0026,-4.31,-26.19,28.94,30.33,-79.8,-146.79,9.13629213483146,1.0,52.40513117977528,-1.5344268988764045
52.40512820224719,-1.534436011235955,156.51,,2,244.12,24 / 27,298822,2019-09-08 10:12:45:446,0.451,1.6882,10.829,0.0021,-0.0207,9.8066,0.0796,-0.026,-0.0025,-4.75,-26.12,29.38,27.58,-79.8,-147.18,9.117078651685393,1.0,52.40512820224719,-1.534436011235955
52.4051252247191,-1.5344451235955057,156.51,,2,244.12,24 / 27,298922,2019-09-08 10:12:45:546,0.8552,0.434,8.96,0.0219,-0.0114,9.8065,0.0627,0.0174,-0.0807,-5.0,-26.0,28.94,26.11,-79.63,-148.5,9.097865168539325,1.0,52.4051252247191,-1.5344451235955057
52.40512224719101,-1.5344542359550561,156.51,,2,244.12,24 / 27,299021,2019-09-08 10:12:45:645,-0.1119999999999999,1.1252,9.2546,-0.0015,-0.0192,9.8066,0.0498,0.0529,-0.0315,-5.5,-25.12,28.69,23.63,-79.32,-150.58,9.078651685393258,1.0,52.40512224719101,-1.5344542359550561
52.40511926966292,-1.5344633483146066,156.51,,2,244.12,24 / 27,299121,2019-09-08 10:12:45:745,0.2805,0.4641,9.6196,-0.0043,0.0088,9.8066,-0.0423,-0.0592,0.0426,-5.5,-25.31,29.13,23.33,-79.14,-150.9,9.05943820224719,1.0,52.40511926966292,-1.5344633483146066
52.405116292134835,-1.5344724606741573,156.51,,2,244.12,24 / 27,299221,2019-09-08 10:12:45:845,-0.6129,1.3413,10.2731,-0.0046,0.0388,9.8066,0.0017,0.0527,-0.0155,-5.75,-25.94,29.06,21.72,-79.41,-150.36,9.040224719101122,1.0,52.405116292134835,-1.5344724606741573
52.405113314606744,-1.5344815730337078,156.51,,2,244.12,24 / 27,299321,2019-09-08 10:12:45:945,0.8682,0.9204,9.7441,0.0047,0.0275,9.8066,-0.0131,0.0487,-0.043,-6.25,-26.75,28.75,22.64,-79.91,-149.52,9.021011235955056,1.0,52.405113314606744,-1.5344815730337078
52.40511033707865,-1.5344906853932585,156.51,,2,244.12,24 / 27,299421,2019-09-08 10:12:46:045,0.4515,1.0846,9.1074,-0.0063,0.0375,9.8065,0.1839,-0.0076,0.0315,-5.5,-26.06,29.31,24.56,-80.2,-149.57,9.001797752808988,1.0,52.40511033707865,-1.5344906853932585
52.40510735955056,-1.534499797752809,156.51,,2,244.12,24 / 27,299521,2019-09-08 10:12:46:145,-1.0236,0.465,10.565,0.0085,0.0348,9.8065,0.1662,-0.1044,0.1264,-5.75,-26.37,29.25,21.45,-80.11,-150.32,8.98258426966292,1.0,52.40510735955056,-1.534499797752809
52.40510438202247,-1.5345089101123595,156.51,,2,244.12,24 / 27,299621,2019-09-08 10:12:46:245,0.2019999999999999,0.7453,9.5048,-0.0089,-0.0043,9.8066,-0.0498,0.0286,0.002,-5.69,-25.87,29.75,21.61,-79.91,-150.53,8.963370786516853,1.0,52.40510438202247,-1.5345089101123595
52.40510140449438,-1.5345180224719102,156.51,,2,244.12,24 / 27,299721,2019-09-08 10:12:46:345,0.1919,-0.0627,10.384,-0.0117,-0.0102,9.8065,-0.0379,-0.0375,-0.0056,-5.81,-26.75,29.44,22.48,-79.78,-149.7,8.944157303370785,1.0,52.40510140449438,-1.5345180224719102
52.40509842696629,-1.5345271348314606,156.51,,2,244.12,24 / 27,299822,2019-09-08 10:12:46:446,-0.2551,2.6825,10.7173,0.0168,0.0088,9.8065,0.0944,-0.0779,-0.0217,-5.44,-26.75,29.5,25.38,-79.86,-149.36,8.924943820224719,1.0,52.40509842696629,-1.5345271348314606
52.4050954494382,-1.5345362471910111,156.51,,2,244.12,24 / 27,299922,2019-09-08 10:12:46:546,0.3355,1.1704,9.5158,0.0009,-0.0087,9.8066,0.159,-0.0639,0.0238,-5.12,-26.37,30.13,24.76,-79.95,-149.71,8.905730337078651,1.0,52.4050954494382,-1.5345362471910111
52.405092471910116,-1.5345453595505618,156.51,,2,244.12,24 / 27,300022,2019-09-08 10:12:46:646,-0.0888,1.0413,9.5174,0.0047,-0.0026,9.8066,-0.0016,-0.0264,-0.017,-5.81,-26.62,29.38,21.92,-79.87,-150.15,8.886516853932584,1.0,52.405092471910116,-1.5345453595505618
52.405089494382025,-1.5345544719101123,156.51,,2,244.12,24 / 27,300122,2019-09-08 10:12:46:746,0.2776,0.6612,9.1943,-0.0015,0.0027,9.8066,-0.0367,-0.01,-0.0286,-5.19,-26.19,29.81,24.43,-79.81,-150.04,8.867303370786516,1.0,52.405089494382025,-1.5345544719101123
52.405086516853935,-1.534563584269663,156.51,,2,244.12,24 / 27,300221,2019-09-08 10:12:46:845,0.7489,1.7203,9.1046,0.0147,0.0255,9.8065,0.1041,-0.0057,-0.0226,-5.06,-26.75,30.0,24.04,-79.92,-150.47,8.848089887640448,1.0,52.405086516853935,-1.534563584269663
52.405083539325844,-1.5345726966292135,156.51,,2,244.12,24 / 27,300321,2019-09-08 10:12:46:945,0.5747,1.4299,9.8287,-0.0056,0.0001,9.8066,0.0257,0.0139,0.0169,-5.44,-27.0,29.56,23.98,-79.99,-150.49,8.828876404494382,1.0,52.405083539325844,-1.5345726966292135
52.40508056179775,-1.534581808988764,156.51,,2,244.12,24 / 27,300421,2019-09-08 10:12:47:045,-0.3887,0.9933,10.1116,-0.0099,0.0128,9.8066,-0.0122,-0.0369,0.0611,-5.62,-25.69,29.31,22.61,-80.07,-149.35,8.809662921348314,1.0,52.40508056179775,-1.534581808988764
52.40507758426966,-1.5345909213483147,156.51,,2,244.12,24 / 27,300521,2019-09-08 10:12:47:145,-0.6451,0.6517,10.0562,-0.0013,0.0001,9.8066,0.0514,-0.0368,0.0417,-5.44,-26.81,28.88,26.21,-80.13,-148.34,8.790449438202247,1.0,52.40507758426966,-1.5345909213483147
52.40507460674157,-1.5346000337078651,156.51,,2,244.12,24 / 27,300622,2019-09-08 10:12:47:246,0.0162,0.3719,10.0402,0.0015,-0.0001,9.8066,-0.0658,-0.001,0.0024,-5.0,-27.81,28.63,26.37,-80.32,-148.26,8.771235955056179,1.0,52.40507460674157,-1.5346000337078651
52.40507162921348,-1.5346091460674156,156.51,,2,244.12,24 / 27,300722,2019-09-08 10:12:47:346,0.5675,0.9001,9.7351,-0.0127,0.0096,9.8065,-0.0443,0.0027,0.0157,-5.5,-29.0,28.56,27.98,-80.4,-147.01,8.752022471910111,1.0,52.40507162921348,-1.5346091460674156
52.4050686516854,-1.5346182584269663,156.51,,2,244.12,24 / 27,300822,2019-09-08 10:12:47:446,-0.2972,0.522,9.9916,-0.0077,0.0136,9.8066,0.0773,0.0309,-0.0007,-5.19,-29.75,28.31,29.13,-80.44,-146.0,8.732808988764045,1.0,52.4050686516854,-1.5346182584269663
52.405065674157306,-1.5346273707865168,156.51,,2,244.12,25 / 27,300921,2019-09-08 10:12:47:545,0.0804,0.6528,9.6418,0.0057,-0.01,9.8066,0.0892,0.0691,-0.0172,-5.19,-28.87,29.94,29.96,-80.47,-145.46,8.713595505617977,1.0,52.405065674157306,-1.5346273707865168
52.405062696629216,-1.5346364831460673,156.51,,2,244.12,25 / 27,301021,2019-09-08 10:12:47:645,0.5476,0.3594,9.6134,0.0002,-0.0194,9.8066,-0.072,-0.0188,0.0469,-5.69,-28.75,30.38,27.59,-80.46,-145.61,8.69438202247191,1.0,52.405062696629216,-1.5346364831460673
52.405059719101125,-1.534645595505618,156.51,,2,244.12,25 / 27,301121,2019-09-08 10:12:47:745,0.3751,0.4636,9.9269,-0.011,0.0272,9.8065,-0.0469,0.0188,0.0374,-5.25,-27.75,29.75,29.87,-80.6,-145.32,8.675168539325842,1.0,52.405059719101125,-1.534645595505618
52.405056741573034,-1.5346547078651684,156.51,,2,244.12,25 / 27,301222,2019-09-08 10:12:47:846,0.6999,0.9311,10.2795,-0.003,0.0108,9.8066,0.0049,0.005,0.0484,-5.87,-27.12,30.19,28.74,-80.71,-144.21,8.655955056179774,1.0,52.405056741573034,-1.5346547078651684
52.40505376404494,-1.5346638202247191,156.51,,2,244.12,25 / 27,301322,2019-09-08 10:12:47:946,0.6202,1.0174,9.7623,-0.0002,0.0083,9.8066,-0.0142,0.0406,0.0072,-6.12,-27.31,29.94,29.06,-80.63,-143.97,8.636741573033708,1.0,52.40505376404494,-1.5346638202247191
52.40505078651685,-1.5346729325842696,156.51,,2,244.12,25 / 27,301421,2019-09-08 10:12:48:045,0.0104,1.695,9.9572,0.0027,-0.0209,9.8066,0.0249,0.0401,0.0245,-5.5,-27.06,30.13,31.06,-80.51,-144.18,8.61752808988764,1.0,52.40505078651685,-1.5346729325842696
52.40504780898876,-1.53468204494382,156.51,,2,244.12,25 / 27,301521,2019-09-08 10:12:48:145,0.442,1.1859,9.6778,-0.0054,-0.0093,9.8066,0.0701,0.0043,0.0386,-5.44,-26.5,29.44,30.36,-80.31,-144.55,8.598314606741573,1.0,52.40504780898876,-1.53468204494382
52.40504483146068,-1.5346911573033708,156.51,,2,244.12,25 / 27,301621,2019-09-08 10:12:48:245,0.1874,0.4555,10.0554,-0.0082,-0.013,9.8066,-0.01,0.0017,0.0523,-5.81,-27.12,29.63,28.83,-80.07,-144.45,8.579101123595505,1.0,52.40504483146068,-1.5346911573033708
52.40504185393259,-1.5347002696629213,156.51,,2,244.12,25 / 27,301722,2019-09-08 10:12:48:346,0.3848,1.359,9.9011,-0.0059,0.0206,9.8066,-0.027,0.0324,0.0179,-6.25,-27.44,29.5,28.96,-79.96,-144.39,8.559887640449437,1.0,52.40504185393259,-1.5347002696629213
52.4050388764045,-1.5347093820224718,156.51,,2,244.12,26 / 27,301821,2019-09-08 10:12:48:445,-0.0436,1.4231,9.8825,-0.0061,0.0121,9.8066,0.0153,0.0118,0.0046,-5.56,-26.69,29.63,30.12,-80.01,-143.37,8.54067415730337,1.0,52.4050388764045,-1.5347093820224718
52.405035898876406,-1.5347184943820225,156.51,,2,244.12,26 / 27,301921,2019-09-08 10:12:48:545,0.4298,0.9118,9.8085,0.0018,-0.0024,9.8066,0.0012,0.0069,-0.0139,-6.5,-27.0,30.25,30.36,-80.05,-143.14,8.521460674157304,1.0,52.405035898876406,-1.5347184943820225
52.405032921348315,-1.534727606741573,156.51,,2,244.12,26 / 27,302021,2019-09-08 10:12:48:645,0.2217,1.5937,10.2456,-0.0011,-0.0029,9.8066,-0.0106,-0.0187,-0.0102,-6.12,-26.75,30.0,30.43,-80.09,-143.06,8.502247191011236,1.0,52.405032921348315,-1.534727606741573
52.405029943820225,-1.5347367191011236,156.51,,2,244.12,26 / 27,302122,2019-09-08 10:12:48:746,0.2505,0.7615,9.8505,0.0049,0.0038,9.8066,-0.0189,0.0014,-0.0112,-5.94,-25.94,29.5,29.91,-80.17,-143.31,8.483033707865168,1.0,52.405029943820225,-1.5347367191011236
52.405026966292134,-1.5347458314606741,156.51,,2,244.12,26 / 27,302221,2019-09-08 10:12:48:845,0.0151,0.2388,9.8753,-0.0006,0.0001,9.8066,0.0275,-0.0022,-0.0344,-6.81,-26.44,30.0,27.58,-80.2,-143.46,8.4638202247191,1.0,52.405026966292134,-1.5347458314606741
52.40502398876404,-1.5347549438202246,156.51,,2,244.12,26 / 27,302321,2019-09-08 10:12:48:945,0.1732,0.6154,9.5656,0.0044,0.0016,9.8066,-0.0164,-0.0273,-0.0173,-6.56,-25.69,30.0,26.98,-80.24,-143.96,8.444606741573033,1.0,52.40502398876404,-1.5347549438202246
52.40502101123596,-1.5347640561797753,156.51,,2,244.12,26 / 27,302422,2019-09-08 10:12:49:046,0.5142,0.0071,9.8792,0.0,-0.0006,9.8066,0.0129,-0.0084,-0.0226,-5.62,-25.56,29.69,28.87,-80.24,-144.18,8.425393258426967,1.0,52.40502101123596,-1.5347640561797753
52.40501803370787,-1.5347731685393258,156.51,,2,244.12,26 / 27,302521,2019-09-08 10:12:49:145,0.3072,0.1685,9.8658,0.0034,0.0049,9.8066,-0.0335,0.0052,-0.0383,-6.12,-25.06,30.25,28.55,-80.3,-144.27,8.406179775280899,1.0,52.40501803370787,-1.5347731685393258
52.40501505617978,-1.5347822808988762,156.51,,2,244.12,26 / 27,302622,2019-09-08 10:12:49:246,0.209,-0.1199,9.8097,0.0046,0.0056,9.8066,0.0339,0.0095,-0.0219,-6.44,-25.56,29.81,28.53,-80.43,-144.38,8.386966292134831,1.0,52.40501505617978,-1.5347822808988762
52.40501207865169,-1.534791393258427,156.51,,2,244.12,26 / 27,302721,2019-09-08 10:12:49:345,0.3159,0.3502,9.6223,0.004,0.0064,9.8066,-0.0037,-0.0026,0.004,-6.12,-24.81,29.69,28.03,-80.5,-144.63,8.367752808988763,1.0,52.40501207865169,-1.534791393258427
52.405009101123596,-1.5348005056179774,156.51,,2,244.12,25 / 26,302821,2019-09-08 10:12:49:445,0.5397,0.3262,9.92,0.0017,0.0035,9.8066,0.0105,0.0125,0.0128,-5.5,-24.06,30.44,29.85,-80.59,-144.72,8.348539325842696,1.0,52.405009101123596,-1.5348005056179774
