gnss_lat,gnss_lon,GPS ALTITUDE (m),true_velocity_kmh,GPS ACCURACY (m),GPS ORIENTATION (Â°),GPS SATELLITES IN RANGE,timestamp,DATE (YYYY-MO-DD HH-MI-SS_SSS),acc_x,acc_y,acc_z,grav_x,grav_y,grav_z,gyro_y,gyro_x,gyro_y,MAGNETIC FIELD X (Î¼T),MAGNETIC FIELD Y (Î¼T),MAGNETIC FIELD Z (Î¼T),ORIENTATION (Yaw) (Â°),ORIENTATION (Pitch) (Â°),ORIENTATION (Roll ) (Â°),gyro_z,true_velocity,gnss_status,true_lat,true_lon
52.55706,-1.45779,148.16,7.37,2,204.25,27 / 27,100020,2019-11-06 10:43:27:363,-2.5978,0.5276,9.5071,-0.0458,0.0029,9.8065,0.049,0.3346,-0.1385,-11.69,-35.5,33.63,359.98,-88.41,-160.58,0.0,7.37,1.0,52.55706,-1.45779
52.557054,-1.4577939,148.16,,2,204.25,27 / 27,100120,2019-11-06 10:43:27:463,0.1353,1.7722,9.0939,0.028,0.0414,9.8064,0.2183,-0.1809,0.0487,-11.75,-35.19,34.0,9.89,-88.4,-150.94,0.0,7.334,1.0,52.557054,-1.4577939
52.557048,-1.4577978,148.16,,2,204.25,27 / 27,100220,2019-11-06 10:43:27:563,1.1784,1.9004,9.0405,0.0202,0.0065,9.8066,-0.1021,-0.0424,0.0582,-11.56,-35.87,34.31,4.6,-88.66,-156.07,0.0,7.298,1.0,52.557048,-1.4577978
52.557042,-1.4578016999999999,148.16,,2,204.25,27 / 27,100320,2019-11-06 10:43:27:663,0.1459,-0.5274,9.1698,0.0385,-0.0132,9.8065,0.0206,0.1649,-0.1094,-11.31,-35.19,34.0,356.55,-88.58,-165.44,0.0,7.2620000000000005,1.0,52.557042,-1.4578016999999999
52.557036000000004,-1.4578056,148.16,,2,204.25,27 / 27,100420,2019-11-06 10:43:27:763,-1.4528,-0.1167,9.2507,0.0209,-0.0007,9.8065,0.0572,0.2368,-0.201,-11.25,-35.06,34.31,356.55,-88.58,-165.44,0.0,7.226,1.0,52.557036000000004,-1.4578056
52.55703,-1.4578095,148.16,,2,204.25,27 / 27,100520,2019-11-06 10:43:27:863,-1.2196,0.2347,10.2096,0.007,0.0225,9.8065,0.0172,-0.1403,0.1136,-11.81,-35.12,34.13,349.99,-88.57,-170.32,0.0,7.1899999999999995,1.0,52.55703,-1.4578095
52.557024,-1.4578134,148.16,,2,204.25,27 / 27,100620,2019-11-06 10:43:27:963,1.483,0.2705,10.1877,0.0257,0.023,9.8065,0.0391,-0.1236,0.0087,-11.19,-34.94,33.5,349.0,-88.83,-172.85,0.0,7.154,1.0,52.557024,-1.4578134
52.557018,-1.4578173,148.16,,2,204.25,27 / 27,100720,2019-11-06 10:43:28:063,0.9132,1.4068,9.6214,0.0133,0.0104,9.8066,-0.0223,0.0517,0.0449,-11.25,-34.87,32.94,349.0,-88.83,-172.85,0.0,7.118,1.0,52.557018,-1.4578173
52.557012,-1.4578212,148.16,,2,204.25,27 / 27,100820,2019-11-06 10:43:28:163,0.1047,0.5031,9.8931,0.0209,-0.0265,9.8065,0.0253,0.1707,-0.1995,-11.44,-35.12,34.38,344.46,-88.87,-177.31,0.0,7.082,1.0,52.557012,-1.4578212
52.557006,-1.4578251,148.16,,2,204.25,27 / 27,100920,2019-11-06 10:43:28:263,-1.5972,-0.7529,9.9804,-0.0035,0.0012,9.8066,-0.0149,-0.0125,-0.0452,-11.44,-35.31,34.56,344.32,-88.64,-177.88,0.0,7.045999999999999,1.0,52.557006,-1.4578251
52.557,-1.457829,148.16,7.01,2,203.11,27 / 27,101020,2019-11-06 10:43:28:363,2.1223,0.3345,9.0831,0.0045,-0.0053,9.8066,0.096,-0.2008,0.1377,-11.5,-35.06,34.56,339.72,-88.62,177.63,0.0,7.01,1.0,52.557,-1.457829
52.556994,-1.457833,148.16,,2,203.11,27 / 27,101120,2019-11-06 10:43:28:463,3.0823,-0.8638,10.0634,0.0332,-0.0024,9.8065,0.0137,0.1291,0.0374,-10.87,-35.06,34.63,339.72,-88.62,177.63,0.0,7.053,1.0,52.556994,-1.457833
52.556988000000004,-1.457837,148.16,,2,203.11,27 / 27,101220,2019-11-06 10:43:28:563,1.5503,-0.7737,9.6239,-0.0077,-0.0399,9.8065,0.0716,0.1878,-0.184,-11.25,-35.31,34.19,333.98,-88.41,172.6,0.0,7.096,1.0,52.556988000000004,-1.457837
52.556982,-1.4578410000000002,148.16,,2,203.11,27 / 27,101320,2019-11-06 10:43:28:663,-1.9035,-1.9711,9.7986,-0.0117,-0.0726,9.8064,0.1476,0.1447,-0.043,-11.37,-34.87,34.44,340.81,-87.9,179.43,0.0,7.139,1.0,52.556982,-1.4578410000000002
52.556976,-1.457845,148.16,,2,203.11,27 / 27,101420,2019-11-06 10:43:28:763,-2.4548,-0.1536,10.422,-0.0079,-0.118,9.8059,0.0352,-0.4375,0.1877,-11.0,-35.25,34.81,340.81,-87.9,179.43,0.0,7.182,1.0,52.556976,-1.457845
52.55697,-1.457849,148.16,,2,203.11,27 / 27,101520,2019-11-06 10:43:28:863,0.6803,1.206,9.9153,0.0172,0.0447,9.8065,-0.0395,-0.1961,0.1589,-11.12,-35.12,35.13,347.02,-87.25,-174.93,0.0,7.225,1.0,52.55697,-1.457849
52.556964,-1.457853,148.16,,2,203.11,27 / 27,101620,2019-11-06 10:43:28:963,1.5333,0.5828,9.6485,-0.002,0.005,9.8066,0.0001,0.1188,-0.1366,-11.37,-34.87,35.19,343.73,-87.66,-178.19,0.0,7.268,1.0,52.556964,-1.457853
52.556958,-1.4578570000000002,148.16,,2,203.11,27 / 27,101719,2019-11-06 10:43:29:062,-0.1376,0.5856,10.4936,-0.0072,0.007,9.8065,-0.0684,0.2677,-0.1351,-11.12,-35.12,34.88,344.5,-87.71,-177.46,0.0,7.311,1.0,52.556958,-1.4578570000000002
52.556951999999995,-1.457861,148.16,,2,203.11,27 / 27,101820,2019-11-06 10:43:29:163,-0.4165,-2.1412,9.9388,-0.0385,-0.0155,9.8065,0.1209,-0.0759,-0.0783,-12.0,-35.06,34.44,344.5,-87.71,-177.46,0.0,7.354,1.0,52.556951999999995,-1.457861
52.556945999999996,-1.457865,148.16,,2,203.11,27 / 27,101920,2019-11-06 10:43:29:263,0.383,-0.7667,10.1753,-0.0487,-0.0042,9.8065,-0.0048,-0.1787,0.1617,-11.19,-34.62,35.19,350.66,-87.67,-171.53,0.0,7.397,1.0,52.556945999999996,-1.457865
52.55694,-1.457869,148.16,7.44,2,204.37,25 / 25,102020,2019-11-06 10:43:29:363,2.1883,-1.0199,9.6547,-0.0345,0.0002,9.8065,0.0168,-0.1989,0.1198,-11.75,-35.37,34.38,353.72,-87.69,-166.59,0.0,7.44,1.0,52.55694,-1.457869
52.556933699999995,-1.4578739,148.16,,2,204.37,25 / 25,102120,2019-11-06 10:43:29:463,2.7418,0.329,8.7574,-0.0069,0.0176,9.8066,-0.0883,0.088,-0.007,-11.5,-34.62,34.5,353.72,-87.69,-166.59,0.0,7.541,1.0,52.556933699999995,-1.4578739
52.5569274,-1.4578788,148.16,,2,204.37,25 / 25,102220,2019-11-06 10:43:29:563,-1.4923,-1.2243,9.3372,-0.0282,-0.0162,9.8066,-0.0158,0.389,-0.2132,-10.75,-34.81,34.19,356.59,-87.8,-165.83,0.0,7.642,1.0,52.5569274,-1.4578788
52.5569211,-1.4578837,148.16,,2,204.37,25 / 25,102320,2019-11-06 10:43:29:663,-2.3992,-1.9379,9.8501,-0.0137,-0.0022,9.8066,-0.0443,0.0468,-0.1029,-11.12,-34.62,34.44,0.52,-87.71,-161.57,0.0,7.743,1.0,52.5569211,-1.4578837
52.5569148,-1.4578886,148.16,,2,204.37,25 / 25,102420,2019-11-06 10:43:29:763,0.0839,-1.1003,9.4134,-0.028,0.066,9.8063,-0.0616,-0.4177,0.3406,-11.62,-33.94,34.06,4.14,-88.08,-156.56,0.0,7.844,1.0,52.5569148,-1.4578886
52.5569085,-1.4578935,148.16,,2,204.37,25 / 25,102520,2019-11-06 10:43:29:863,3.531,0.5145,9.4573,0.0441,0.0778,9.8062,-0.1055,-0.3189,0.1796,-11.69,-33.0,34.31,4.14,-88.08,-156.56,0.0,7.945,1.0,52.5569085,-1.4578935
52.556902199999996,-1.4578984000000001,148.16,,2,204.37,25 / 25,102620,2019-11-06 10:43:29:963,0.2424,-0.7364,8.8125,-0.0044,0.0268,9.8066,-0.1343,0.0967,-0.1457,-11.06,-31.81,33.44,355.07,-88.54,-165.38,0.0,8.046,1.0,52.556902199999996,-1.4578984000000001
52.5568959,-1.4579033000000001,148.16,,2,204.37,25 / 25,102720,2019-11-06 10:43:30:063,-0.4244,-0.4647,8.6947,-0.0027,0.0157,9.8066,0.0813,0.2188,-0.0933,-11.75,-31.37,33.44,354.01,-88.85,-165.9,0.0,8.147,1.0,52.5568959,-1.4579033000000001
52.5568896,-1.4579082,148.16,,2,204.37,25 / 25,102820,2019-11-06 10:43:30:163,-0.5181,-0.871,9.2963,0.0015,0.045,9.8065,-0.1205,0.0449,-0.0774,-11.25,-32.0,33.0,354.01,-88.85,-165.9,0.0,8.248,1.0,52.5568896,-1.4579082
52.5568833,-1.4579131,148.16,,2,204.37,25 / 25,102920,2019-11-06 10:43:30:263,0.7607,-0.8955,9.1621,0.0058,0.0409,9.8066,-0.0633,-0.0661,0.0979,-11.69,-33.81,31.75,353.22,-89.11,-168.25,0.0,8.349,1.0,52.5568833,-1.4579131
52.556877,-1.457918,148.13,8.45,2,204.47,27 / 27,103020,2019-11-06 10:43:30:363,3.5173,0.6468,8.3757,0.0156,0.0737,9.8063,-0.0536,-0.104,0.021,-11.62,-34.06,31.06,322.28,-89.6,163.69,0.0,8.45,1.0,52.556877,-1.457918
52.5568693,-1.4579234,148.13,,2,204.47,27 / 27,103120,2019-11-06 10:43:30:463,4.1417,0.6409,8.69,-0.0218,0.0421,9.8065,-0.1179,-0.0538,0.1142,-11.62,-36.0,30.44,210.21,-89.47,52.31,0.0,8.574,1.0,52.5568693,-1.4579234
52.5568616,-1.4579288000000001,148.13,,2,204.47,27 / 27,103220,2019-11-06 10:43:30:563,-3.4769,-2.6221,9.9846,-0.07,0.0624,9.8062,0.0435,-0.3905,0.1556,-11.56,-36.5,30.06,210.21,-89.47,52.31,0.0,8.697999999999999,1.0,52.5568616,-1.4579288000000001
52.5568539,-1.4579342,148.13,,2,204.47,27 / 27,103320,2019-11-06 10:43:30:663,-3.1648,-2.9901,9.8368,-0.0168,0.053,9.8065,0.0036,-0.4623,0.3096,-12.06,-37.0,30.5,160.62,-88.94,0.35,0.0,8.822,1.0,52.5568539,-1.4579342
52.5568462,-1.4579396,148.13,,2,204.47,27 / 27,103420,2019-11-06 10:43:30:763,4.6309,0.2678,8.8427,0.0224,0.0713,9.8063,-0.1044,-0.0866,0.1385,-11.44,-36.87,30.5,166.76,-88.3,5.87,0.0,8.946,1.0,52.5568462,-1.4579396
52.556838500000005,-1.457945,148.13,,2,204.47,27 / 27,103520,2019-11-06 10:43:30:863,6.1876,-0.2513,8.5374,0.0247,0.1279,9.8058,-0.1092,0.7916,-0.4013,-11.87,-36.56,30.5,166.76,-88.3,5.87,0.0,9.07,1.0,52.556838500000005,-1.457945
52.5568308,-1.4579504,148.13,,2,204.47,27 / 27,103620,2019-11-06 10:43:30:963,1.3451,-1.4916,9.0908,-0.0613,0.0389,9.8063,-0.1596,0.3029,-0.1772,-12.06,-37.06,30.63,171.86,-87.58,13.27,0.0,9.193999999999999,1.0,52.5568308,-1.4579504
52.5568231,-1.4579558000000001,148.13,,2,204.47,27 / 27,103720,2019-11-06 10:43:31:063,-5.257,-4.627,9.7875,-0.0479,0.0333,9.8064,-0.0589,-0.4815,0.3174,-11.75,-37.94,30.25,157.18,-87.14,-2.3,0.0,9.318,1.0,52.5568231,-1.4579558000000001
52.556815400000005,-1.4579612,148.13,,2,204.47,27 / 27,103820,2019-11-06 10:43:31:163,-0.1204,-2.0226,9.2899,-0.0799,0.067,9.806,0.0831,-0.8725,0.487,-11.87,-37.5,30.0,152.95,-86.59,-6.98,0.0,9.442,1.0,52.556815400000005,-1.4579612
52.5568077,-1.4579666,148.13,,2,204.47,27 / 27,103920,2019-11-06 10:43:31:263,4.4632,-0.2009,8.2421,0.0318,0.1259,9.8058,-0.0464,0.5099,-0.4457,-12.06,-37.19,29.19,152.95,-86.59,-6.98,0.0,9.565999999999999,1.0,52.5568077,-1.4579666
52.5568,-1.457972,148.02,9.69,2,202.19,27 / 27,104020,2019-11-06 10:43:31:363,4.8136,-0.1802,9.3166,0.0189,0.0665,9.8064,-0.1013,0.4947,-0.2686,-11.62,-37.25,28.5,158.71,-85.99,0.18,0.0,9.69,1.0,52.5568,-1.457972
52.556791700000005,-1.4579777,148.02,,2,202.19,27 / 27,104120,2019-11-06 10:43:31:463,3.139,1.1503,9.3776,0.0123,0.077,9.8063,-0.0963,0.1049,-0.0266,-12.12,-38.31,27.88,161.66,-85.59,3.18,0.0,9.801,1.0,52.556791700000005,-1.4579777
52.5567834,-1.4579834,148.02,,2,202.19,27 / 27,104220,2019-11-06 10:43:31:563,-2.2819,-2.1284,10.963,-0.0013,-0.0117,9.8066,0.0366,-0.1785,-0.0272,-12.25,-37.81,27.75,161.66,-85.59,3.18,0.0,9.911999999999999,1.0,52.5567834,-1.4579834
52.5567751,-1.4579891,148.02,,2,202.19,27 / 27,104320,2019-11-06 10:43:31:663,-2.2146,-0.8085,10.6906,0.0597,-0.0066,9.8064,0.1094,-0.2336,0.1233,-12.12,-37.5,28.44,161.29,-85.65,2.8,0.0,10.023,1.0,52.5567751,-1.4579891
52.5567668,-1.4579948,148.02,,2,202.19,27 / 27,104420,2019-11-06 10:43:31:763,0.1424,-0.1566,10.4356,0.0389,-0.0093,9.8065,-0.0623,0.1541,-0.0929,-11.87,-36.56,28.81,165.83,-85.79,7.13,0.0,10.134,1.0,52.5567668,-1.4579948
52.5567585,-1.4580005,148.02,,2,202.19,27 / 27,104520,2019-11-06 10:43:31:863,2.157,0.6697,10.0757,0.0437,-0.0309,9.8065,-0.062,0.3283,-0.134,-12.5,-36.44,28.44,167.83,-86.02,10.06,0.0,10.245000000000001,1.0,52.5567585,-1.4580005
52.5567502,-1.4580062,148.02,,2,202.19,27 / 27,104620,2019-11-06 10:43:31:963,-0.2439,-0.9364,10.7549,0.0009,-0.026,9.8066,0.0491,0.1805,-0.1871,-12.19,-37.31,28.5,167.83,-86.02,10.06,0.0,10.356,1.0,52.5567502,-1.4580062
52.5567419,-1.4580119,148.02,,2,202.19,27 / 27,104720,2019-11-06 10:43:32:063,-0.427,-1.568,10.4827,0.0109,-0.0153,9.8065,0.0676,-0.2555,0.1455,-11.94,-37.31,28.38,168.09,-86.17,9.66,0.0,10.467,1.0,52.5567419,-1.4580119
52.5567336,-1.4580176,148.02,,2,202.19,27 / 27,104819,2019-11-06 10:43:32:162,0.3867,-0.6144,9.7675,0.024,0.0051,9.8066,0.0789,-0.3862,0.1705,-12.31,-37.25,28.94,168.6,-86.3,10.24,0.0,10.578000000000001,1.0,52.5567336,-1.4580176
52.5567253,-1.4580233,148.02,,2,202.19,27 / 27,104920,2019-11-06 10:43:32:263,3.4261,0.7064,8.4642,-0.0212,0.0374,9.8065,-0.0422,-0.1682,0.165,-12.56,-36.94,28.75,168.6,-86.3,10.24,0.0,10.689,1.0,52.5567253,-1.4580233
52.556717,-1.458029,147.89,10.8,2,202.43,26 / 26,105020,2019-11-06 10:43:32:363,0.433,-0.0694,9.8698,-0.0492,-0.0002,9.8064,-0.0764,0.0692,-0.0368,-12.5,-38.12,28.06,166.96,-86.06,9.11,0.0,10.8,1.0,52.556717,-1.458029
52.5567078,-1.4580352,147.89,,2,202.43,26 / 26,105120,2019-11-06 10:43:32:463,0.5439,-1.5294,10.0418,-0.0187,0.0022,9.8065,-0.111,0.1028,-0.0807,-12.75,-38.25,28.25,160.74,-85.85,4.0,0.0,10.84,1.0,52.5567078,-1.4580352
52.5566986,-1.4580414,147.89,,2,202.43,26 / 26,105220,2019-11-06 10:43:32:563,-1.4388,-1.3725,9.9819,-0.0368,0.0035,9.8066,0.0538,-0.1109,0.0799,-12.69,-37.75,28.56,158.97,-85.76,1.35,0.0,10.88,1.0,52.5566986,-1.4580414
52.556689399999996,-1.4580476,147.89,,2,202.43,26 / 26,105320,2019-11-06 10:43:32:663,1.9642,-2.291,9.0301,0.0223,0.0136,9.8066,0.0245,-0.1324,0.0106,-13.0,-36.5,28.63,158.97,-85.76,1.35,0.0,10.92,1.0,52.556689399999996,-1.4580476
52.556680199999995,-1.4580538,147.89,,2,202.43,26 / 26,105420,2019-11-06 10:43:32:763,0.4993,-0.5814,9.6976,0.0496,-0.0375,9.8064,0.0486,-0.0813,0.0052,-12.75,-36.94,28.69,160.11,-85.73,3.37,0.0,10.96,1.0,52.556680199999995,-1.4580538
52.556670999999994,-1.4580600000000001,147.89,,2,202.43,26 / 26,105520,2019-11-06 10:43:32:863,1.7659,-0.0988,9.7214,0.0827,-0.054,9.8061,0.0614,-0.0893,-0.0181,-12.56,-36.25,28.88,165.49,-86.18,8.58,0.0,11.0,1.0,52.556670999999994,-1.4580600000000001
52.5566618,-1.4580662,147.89,,2,202.43,26 / 26,105620,2019-11-06 10:43:32:963,2.6671,0.1458,9.14,0.04,-0.0312,9.8065,0.065,-0.1411,0.1408,-12.69,-36.81,28.63,165.49,-86.18,8.58,0.0,11.04,1.0,52.5566618,-1.4580662
52.5566526,-1.4580724,147.89,,2,202.43,26 / 26,105720,2019-11-06 10:43:33:063,-0.5182,-0.3623,9.8124,-0.03,-0.022,9.8065,-0.0027,-0.1669,0.0185,-12.87,-36.75,28.88,168.16,-86.41,11.47,0.0,11.08,1.0,52.5566526,-1.4580724
52.5566434,-1.4580786000000001,147.89,,2,202.43,26 / 26,105820,2019-11-06 10:43:33:163,-0.9725,-0.5754,9.5716,-0.0005,0.0026,9.8066,-0.0332,0.127,0.0251,-13.37,-37.0,28.88,165.11,-86.49,8.24,0.0,11.12,1.0,52.5566434,-1.4580786000000001
52.5566342,-1.4580848,147.89,,2,202.43,26 / 26,105920,2019-11-06 10:43:33:263,-1.3714,-0.71,9.7605,0.008,0.0263,9.8065,0.0146,0.1457,-0.0287,-13.87,-37.0,29.19,164.86,-86.35,9.57,0.0,11.16,1.0,52.5566342,-1.4580848
52.556625,-1.458091,147.79,11.2,2,202.08,26 / 26,106020,2019-11-06 10:43:33:363,2.9039,1.2142,9.9559,0.0284,0.0132,9.8065,0.019,0.3379,-0.1815,-14.25,-35.81,30.06,167.04,-86.22,11.17,0.0,11.2,1.0,52.556625,-1.458091
52.5566159,-1.4580973,147.79,,2,202.08,26 / 26,106120,2019-11-06 10:43:33:463,0.9624,0.9389,11.9333,0.0533,0.0197,9.8065,0.0359,-0.2231,0.1933,-14.44,-34.81,31.13,167.04,-86.22,11.17,0.0,11.195,1.0,52.5566159,-1.4580973
52.5566068,-1.4581036,147.79,,2,202.08,26 / 26,106220,2019-11-06 10:43:33:563,0.9013,-1.5778,12.2125,0.0333,-0.1079,9.806,0.1596,-0.2676,0.0537,-13.56,-33.25,30.75,172.29,-86.17,16.1,0.0,11.19,1.0,52.5566068,-1.4581036
52.5565977,-1.4581099,147.79,,2,202.08,26 / 26,106320,2019-11-06 10:43:33:663,-0.6887,-0.4585,12.4831,0.0239,-0.1337,9.8057,0.2517,0.1708,-0.2063,-13.5,-32.19,30.13,176.64,-87.4,19.93,0.0,11.184999999999999,1.0,52.5565977,-1.4581099
52.5565886,-1.4581162,147.79,,2,202.08,26 / 26,106420,2019-11-06 10:43:33:763,-0.8335,-1.9629,12.1706,0.0475,-0.2659,9.8028,0.1883,-0.0162,0.1237,-14.19,-31.87,28.44,183.47,-88.95,30.1,0.0,11.18,1.0,52.5565886,-1.4581162
52.5565795,-1.4581225,147.79,,2,202.08,26 / 26,106520,2019-11-06 10:43:33:863,-1.0341,0.1536,12.5163,0.1114,-0.2153,9.8036,0.3358,-0.5778,0.1341,-13.37,-32.5,28.94,183.47,-88.95,30.1,0.0,11.175,1.0,52.5565795,-1.4581225
52.5565704,-1.4581288,147.79,,2,202.08,26 / 26,106620,2019-11-06 10:43:33:963,3.4877,0.6063,10.7992,0.0468,-0.0929,9.806,0.1349,-0.4272,0.3962,-12.94,-32.31,30.94,290.16,-89.26,132.68,0.0,11.17,1.0,52.5565704,-1.4581288
52.5565613,-1.4581351,147.79,,2,202.08,26 / 26,106720,2019-11-06 10:43:34:063,-0.1157,0.4011,9.9196,0.0471,-0.1253,9.8057,0.0598,0.5102,-0.1526,-12.5,-32.0,31.88,316.5,-88.61,157.96,0.0,11.165,1.0,52.5565613,-1.4581351
52.5565522,-1.4581414,147.79,,2,202.08,26 / 26,106820,2019-11-06 10:43:34:163,-4.7538,-0.9101,12.0615,-0.0382,-0.1134,9.8058,-0.0592,0.4106,-0.4525,-13.06,-31.56,32.44,316.5,-88.61,157.96,0.0,11.16,1.0,52.5565522,-1.4581414
52.5565431,-1.4581477,147.79,,2,202.08,26 / 26,106920,2019-11-06 10:43:34:263,1.1594,0.8376,10.1829,0.0804,-0.018,9.8063,-0.0303,0.3047,0.1275,-12.31,-29.5,33.63,337.18,-88.18,177.78,0.0,11.155000000000001,1.0,52.5565431,-1.4581477
52.556534,-1.458154,147.64,11.15,2,201.92,23 / 23,107020,2019-11-06 10:43:34:363,1.7174,2.342,10.4908,0.0389,-0.0548,9.8063,0.1199,0.0733,-0.1789,-12.19,-28.5,34.88,327.39,-87.86,167.21,0.0,11.15,1.0,52.556534,-1.458154
52.5565246,-1.4581606999999999,147.64,,2,201.92,23 / 23,107120,2019-11-06 10:43:34:463,-3.4529,1.5147,10.5208,0.0705,-0.1885,9.8046,0.0206,0.2927,-0.2505,-12.06,-27.25,35.88,331.92,-86.7,171.49,0.0,11.143,1.0,52.5565246,-1.4581606999999999
52.5565152,-1.4581674,147.64,,2,201.92,23 / 23,107220,2019-11-06 10:43:34:563,-0.356,1.1445,10.9411,0.0537,-0.0945,9.806,0.0737,0.098,0.0125,-11.87,-27.44,37.06,331.92,-86.7,171.49,0.0,11.136000000000001,1.0,52.5565152,-1.4581674
52.5565058,-1.4581741,147.64,,2,201.92,23 / 23,107320,2019-11-06 10:43:34:663,2.4841,0.0728,10.7297,0.0284,-0.037,9.8065,0.111,-0.2739,0.0727,-12.06,-25.12,37.63,331.99,-86.07,171.25,0.0,11.129,1.0,52.5565058,-1.4581741
52.5564964,-1.4581808,147.64,,2,201.92,23 / 23,107420,2019-11-06 10:43:34:763,3.0012,2.2294,11.3201,0.0255,-0.0454,9.8064,0.0034,-0.3354,0.2761,-12.87,-25.56,36.94,330.08,-85.58,170.98,0.0,11.122,1.0,52.5564964,-1.4581808
52.556487000000004,-1.4581875,147.64,,2,201.92,23 / 23,107520,2019-11-06 10:43:34:863,-2.8006,-0.8211,11.5405,0.0928,-0.2079,9.804,0.0524,0.1753,-0.0919,-12.75,-25.75,36.75,330.08,-85.58,170.98,0.0,11.115,1.0,52.556487000000004,-1.4581875
52.5564776,-1.4581941999999999,147.64,,2,201.92,23 / 23,107620,2019-11-06 10:43:34:963,-1.7126,1.3909,11.2263,0.0509,-0.0506,9.8063,0.0542,0.2434,-0.1363,-13.62,-24.06,37.56,331.01,-84.25,172.34,0.0,11.108,1.0,52.5564776,-1.4581941999999999
52.5564682,-1.4582009,147.64,,2,201.92,23 / 23,107720,2019-11-06 10:43:35:063,-0.921,1.8218,10.8028,0.0198,-0.058,9.8064,0.0596,0.0323,-0.0013,-12.69,-21.94,37.06,329.92,-83.45,171.28,0.0,11.101,1.0,52.5564682,-1.4582009
52.5564588,-1.4582076,147.64,,2,201.92,23 / 23,107820,2019-11-06 10:43:35:163,3.1683,2.0354,9.8573,0.027,-0.0405,9.8065,0.149,-0.3969,0.1359,-12.37,-20.87,34.69,331.05,-82.74,172.16,0.0,11.094,1.0,52.5564588,-1.4582076
52.556449400000005,-1.4582143,147.64,,2,201.92,23 / 23,107920,2019-11-06 10:43:35:263,1.9315,2.2467,10.769,0.0388,-0.1204,9.8057,0.0826,0.2315,-0.1381,-11.44,-21.94,33.19,331.05,-82.74,172.16,0.0,11.087,1.0,52.556449400000005,-1.4582143
52.55644,-1.458221,147.61,11.08,4,201.79,23 / 24,108021,2019-11-06 10:43:35:364,1.0384,-0.2624,10.7285,0.0658,-0.1468,9.8053,0.1113,0.1535,-0.1137,-11.56,-23.19,32.75,329.8,-82.02,173.18,0.0,11.08,1.0,52.55644,-1.458221
52.55643181818182,-1.4582263636363637,147.61,,4,201.79,23 / 24,108122,2019-11-06 10:43:35:465,0.3056,-2.2825,10.754,-0.002,-0.0167,9.8066,-0.0755,0.0162,0.0649,-11.87,-23.44,33.0,330.68,-81.08,173.82,0.0,11.033636363636363,1.0,52.55643181818182,-1.4582263636363637
52.55642363636364,-1.4582317272727272,147.61,,4,201.79,23 / 24,108220,2019-11-06 10:43:35:563,1.2883,1.989,8.7333,-0.0368,0.0367,9.8064,-0.0555,0.0049,-0.1355,-11.0,-22.87,32.75,330.68,-81.08,173.82,0.0,10.987272727272728,1.0,52.55642363636364,-1.4582317272727272
52.55641545454546,-1.458237090909091,147.61,,4,201.79,23 / 24,108320,2019-11-06 10:43:35:663,-0.7791,1.8398,9.2539,0.0187,0.008,9.8066,-0.0871,0.0846,-0.0783,-10.19,-22.44,32.69,333.1,-81.37,174.37,0.0,10.940909090909091,1.0,52.55641545454546,-1.458237090909091
52.55640727272728,-1.4582424545454546,147.61,,4,201.79,23 / 24,108420,2019-11-06 10:43:35:763,-0.5897,0.8023,8.4383,0.0034,-0.0006,9.8066,-0.0471,-0.1015,0.1116,-9.56,-22.5,33.13,333.4,-81.51,172.93,0.0,10.894545454545455,1.0,52.55640727272728,-1.4582424545454546
52.556399090909096,-1.4582478181818181,147.61,,4,201.79,23 / 24,108520,2019-11-06 10:43:35:863,1.4822,2.304,9.6842,-0.0066,-0.0097,9.8066,0.102,-0.2047,0.0856,-9.19,-24.87,34.44,334.82,-81.49,172.46,0.0,10.848181818181818,1.0,52.556399090909096,-1.4582478181818181
52.55639090909091,-1.4582531818181819,147.61,,4,201.79,23 / 24,108620,2019-11-06 10:43:35:963,0.8455,3.7832,10.7585,-0.0337,0.039,9.8065,0.0025,0.248,-0.2748,-9.75,-25.69,35.81,334.82,-81.49,172.46,0.0,10.801818181818183,1.0,52.55639090909091,-1.4582531818181819
52.55638272727273,-1.4582585454545454,147.61,,4,201.79,23 / 24,108720,2019-11-06 10:43:36:063,2.0547,2.6485,11.1911,-0.0279,-0.0138,9.8065,-0.1352,-0.3434,0.3409,-12.12,-27.37,40.69,334.99,-82.03,173.64,0.0,10.755454545454546,1.0,52.55638272727273,-1.4582585454545454
52.556374545454545,-1.458263909090909,147.61,,4,201.79,23 / 24,108819,2019-11-06 10:43:36:162,1.6099,-2.368,11.364,0.0058,-0.0333,9.8065,0.2492,-0.1178,0.0415,-12.75,-27.87,41.88,336.78,-81.97,176.2,0.0,10.709090909090909,1.0,52.556374545454545,-1.458263909090909
52.556366363636364,-1.4582692727272728,147.61,,4,201.79,23 / 24,108920,2019-11-06 10:43:36:263,1.717,-0.2753,10.4616,0.043,-0.089,9.8061,0.1437,-0.0507,-0.0673,-12.81,-28.5,42.06,336.78,-81.97,176.2,0.0,10.662727272727272,1.0,52.556366363636364,-1.4582692727272728
52.55635818181818,-1.4582746363636363,147.61,,4,201.79,25 / 26,109020,2019-11-06 10:43:36:363,1.6579,-0.7219,10.5006,0.0165,-0.0426,9.8065,-0.0714,-0.0315,0.1738,-11.81,-29.94,42.88,338.05,-81.39,176.03,0.0,10.616363636363637,1.0,52.55635818181818,-1.4582746363636363
52.55635,-1.45828,147.61,10.57,4,202.06,25 / 26,109120,2019-11-06 10:43:36:463,2.0792,0.9984,10.1855,-0.0124,-0.0581,9.8065,0.0529,0.1801,-0.2624,-11.25,-30.81,42.31,340.24,-81.1,177.28,0.0,10.57,1.0,52.55635,-1.45828
52.55634077777778,-1.458287111111111,147.61,,4,202.06,25 / 26,109220,2019-11-06 10:43:36:563,2.9383,1.1883,10.1236,0.0971,0.0035,9.8061,-0.0005,-0.1131,-0.045,-10.81,-31.44,41.38,335.86,-80.91,173.86,0.0,10.526666666666667,1.0,52.55634077777778,-1.458287111111111
52.55633155555556,-1.4582942222222222,147.61,,4,202.06,25 / 26,109320,2019-11-06 10:43:36:663,-0.2318,-1.283,10.5469,-0.033,0.023,9.8066,0.1164,0.2528,-0.1289,-10.69,-31.75,40.75,335.86,-80.91,173.86,0.0,10.483333333333334,1.0,52.55633155555556,-1.4582942222222222
52.556322333333334,-1.4583013333333334,147.61,,4,202.06,25 / 26,109420,2019-11-06 10:43:36:763,-1.0334,1.4879,10.5331,0.0035,0.0044,9.8066,-0.1384,0.2608,-0.1197,-10.0,-31.81,40.19,336.25,-81.11,174.64,0.0,10.44,1.0,52.556322333333334,-1.4583013333333334
52.55631311111111,-1.4583084444444445,147.61,,4,202.06,25 / 26,109520,2019-11-06 10:43:36:863,1.4452,0.633,9.8057,0.0125,0.0292,9.8065,-0.0964,0.2846,-0.1276,-10.31,-32.31,39.25,335.99,-81.21,173.46,0.0,10.396666666666667,1.0,52.55631311111111,-1.4583084444444445
52.55630388888889,-1.4583155555555556,147.61,,4,202.06,25 / 26,109620,2019-11-06 10:43:36:963,1.3582,0.9966,9.2674,0.0395,0.0076,9.8065,0.076,-0.1444,0.1415,-10.56,-32.06,39.5,335.99,-81.21,173.46,0.0,10.353333333333333,1.0,52.55630388888889,-1.4583155555555556
52.556294666666666,-1.4583226666666667,147.61,,4,202.06,25 / 26,109719,2019-11-06 10:43:37:062,1.0723,2.2636,9.9028,-0.002,-0.0104,9.8066,0.003,0.115,-0.0313,-10.31,-31.87,39.0,334.28,-81.16,171.97,0.0,10.31,1.0,52.556294666666666,-1.4583226666666667
52.55628544444444,-1.458329777777778,147.61,,4,202.06,25 / 26,109820,2019-11-06 10:43:37:163,3.2597,-0.4086,9.3196,0.0019,0.031,9.8066,-0.138,0.2512,-0.2284,-10.19,-31.81,39.56,334.85,-81.29,172.01,0.0,10.266666666666666,1.0,52.55628544444444,-1.458329777777778
52.55627622222222,-1.458336888888889,147.61,,4,202.06,25 / 26,109920,2019-11-06 10:43:37:263,-0.7052,1.7017,9.8458,-0.0038,-0.0168,9.8066,0.0411,0.0713,0.0474,-9.94,-31.44,38.38,333.89,-81.39,171.87,0.0,10.223333333333333,1.0,52.55627622222222,-1.458336888888889
52.556267,-1.458344,147.63,10.18,4,203.9,27 / 27,110021,2019-11-06 10:43:37:364,-0.5608,0.1684,10.58,-0.0217,0.0055,9.8066,-0.0752,0.0841,-0.0387,-9.87,-32.25,38.31,333.89,-81.39,171.87,0.0,10.18,1.0,52.556267,-1.458344
52.556259,-1.4583501,147.63,,4,203.9,27 / 27,110120,2019-11-06 10:43:37:463,1.4739,-1.1302,9.3292,0.0059,0.0036,9.8066,0.2281,0.0159,-0.0783,-10.44,-33.25,38.44,334.27,-81.6,172.31,0.0,10.105,1.0,52.556259,-1.4583501
52.556250999999996,-1.4583562,147.63,,4,203.9,27 / 27,110220,2019-11-06 10:43:37:563,-0.2068,-0.0393,10.442,0.0142,-0.0283,9.8066,0.0431,-0.0326,0.0042,-9.94,-33.31,39.38,334.58,-81.36,172.25,0.0,10.03,1.0,52.556250999999996,-1.4583562
52.556243,-1.4583623000000001,147.63,,4,203.9,27 / 27,110320,2019-11-06 10:43:37:663,1.0365,3.2221,10.643,0.036,-0.0327,9.8065,-0.1539,-0.2379,0.1387,-9.37,-31.81,41.69,334.58,-81.36,172.25,0.0,9.955,1.0,52.556243,-1.4583623000000001
52.556235,-1.4583684000000001,147.63,,4,203.9,27 / 27,110420,2019-11-06 10:43:37:763,1.0565,2.4805,10.2161,0.0164,0.0778,9.8063,-0.0627,0.0111,0.004,-13.25,-32.87,63.25,338.05,-81.1,171.55,0.0,9.879999999999999,1.0,52.556235,-1.4583684000000001
52.556227,-1.4583745000000001,147.63,,4,203.9,27 / 27,110520,2019-11-06 10:43:37:863,0.303,2.4792,10.7879,-0.0236,0.0452,9.8064,-0.1507,-0.0182,0.0015,-30.44,-37.5,55.38,316.74,-81.83,168.96,0.0,9.805,1.0,52.556227,-1.4583745000000001
52.556219,-1.4583806,147.63,,4,203.9,27 / 27,110620,2019-11-06 10:43:37:963,-1.184,1.4846,10.0253,-0.0538,0.0655,9.8062,-0.0473,-0.2044,0.2017,-13.31,-33.81,37.31,325.32,-82.32,168.71,0.0,9.73,1.0,52.556219,-1.4583806
52.556211,-1.4583867,147.63,,4,203.9,27 / 27,110720,2019-11-06 10:43:38:063,-1.6958,0.6117,9.9543,0.0053,0.0164,9.8066,0.0141,-0.0044,-0.0615,-12.44,-33.5,38.13,325.32,-82.32,168.71,0.0,9.655,1.0,52.556211,-1.4583867
52.556203000000004,-1.4583928,147.63,,4,203.9,27 / 27,110820,2019-11-06 10:43:38:163,-2.7295,0.3548,10.4275,0.0047,-0.0162,9.8066,-0.0397,0.2964,-0.1364,-12.12,-32.62,36.69,326.9,-82.38,168.1,0.0,9.58,1.0,52.556203000000004,-1.4583928
52.556195,-1.4583989,147.63,,4,203.9,27 / 27,110920,2019-11-06 10:43:38:263,-1.3515,1.99,9.9327,0.0044,0.0204,9.8065,-0.0279,-0.2728,0.1281,-12.81,-33.75,36.63,324.01,-82.47,167.44,0.0,9.504999999999999,1.0,52.556195,-1.4583989
52.556187,-1.458405,147.52,9.43,4,203.76,26 / 27,111020,2019-11-06 10:43:38:363,-0.238,2.7078,9.3895,-0.0103,0.1049,9.806,-0.0767,-0.0876,0.1095,-16.69,-34.69,37.5,324.01,-82.47,167.44,0.0,9.43,1.0,52.556187,-1.458405
52.556179300000004,-1.4584116999999999,147.52,,4,203.76,26 / 27,111120,2019-11-06 10:43:38:463,-2.6961,1.022,9.73,-0.0401,0.0459,9.8064,0.0204,0.1314,-0.1357,-15.25,-32.19,66.75,313.36,-82.99,164.89,0.0,9.379999999999999,1.0,52.556179300000004,-1.4584116999999999
52.5561716,-1.4584184,147.52,,4,203.76,26 / 27,111220,2019-11-06 10:43:38:563,2.3648,2.2107,9.1319,0.0233,0.0654,9.8063,-0.059,-0.2579,0.0654,-9.62,-30.5,45.88,327.92,-83.64,162.49,0.0,9.33,1.0,52.5561716,-1.4584184
52.5561639,-1.4584251,147.52,,4,203.76,26 / 27,111320,2019-11-06 10:43:38:663,4.44,2.586,8.8292,-0.0103,0.0523,9.8065,-0.0769,-0.3379,0.3069,-8.69,-32.87,38.06,320.78,-84.08,157.41,0.0,9.28,1.0,52.5561639,-1.4584251
52.5561562,-1.4584318,147.52,,4,203.76,26 / 27,111420,2019-11-06 10:43:38:763,0.386,1.3364,9.1468,-0.0267,0.1116,9.8059,-0.1958,0.5818,-0.2653,-9.37,-34.19,36.81,320.78,-84.08,157.41,0.0,9.23,1.0,52.5561562,-1.4584318
52.5561485,-1.4584385,147.52,,4,203.76,26 / 27,111520,2019-11-06 10:43:38:863,-3.5544,0.8186,8.8991,-0.0592,0.0451,9.8063,-0.0886,0.5039,-0.3069,-9.62,-34.19,35.56,318.15,-85.03,155.34,0.0,9.18,1.0,52.5561485,-1.4584385
52.5561408,-1.4584451999999999,147.52,,4,203.76,26 / 27,111619,2019-11-06 10:43:38:962,-4.6301,-0.5627,9.4322,-0.033,0.0437,9.8064,-0.1369,-0.0804,0.1091,-10.31,-34.44,35.44,318.06,-85.7,156.77,0.0,9.129999999999999,1.0,52.5561408,-1.4584451999999999
52.5561331,-1.4584519,147.52,,4,203.76,26 / 27,111720,2019-11-06 10:43:39:063,0.2136,1.6482,8.8858,-0.042,0.0968,9.806,-0.0575,-0.4031,0.2883,-10.19,-34.25,35.44,318.06,-85.7,156.77,0.0,9.08,1.0,52.5561331,-1.4584519
52.5561254,-1.4584586,147.52,,4,203.76,26 / 27,111820,2019-11-06 10:43:39:163,1.6282,1.6567,8.3503,-0.0204,0.0776,9.8062,-0.0613,0.0309,-0.1247,-10.19,-34.62,35.63,315.81,-86.28,153.75,0.0,9.03,1.0,52.5561254,-1.4584586
52.556117699999994,-1.4584653,147.52,,4,203.76,26 / 27,111920,2019-11-06 10:43:39:263,-0.6567,1.1313,9.3105,-0.0269,0.0268,9.8066,-0.0827,0.0012,0.0954,-10.5,-34.06,35.69,312.6,-86.9,150.25,0.0,8.98,1.0,52.556117699999994,-1.4584653
52.55611,-1.458472,147.41,8.93,3,203.46,26 / 27,112021,2019-11-06 10:43:39:364,0.0022,1.5928,8.2844,-0.0337,0.0889,9.8061,0.0884,-0.2024,0.0272,-10.94,-34.44,34.88,305.32,-87.39,144.77,0.0,8.93,1.0,52.55611,-1.458472
52.556103,-1.4584767,147.41,,3,203.46,26 / 27,112120,2019-11-06 10:43:39:463,-0.0951,1.4541,7.9584,-0.0146,0.0701,9.8063,0.0042,-0.1406,0.0234,-10.5,-34.81,34.94,305.32,-87.39,144.77,0.0,8.895999999999999,1.0,52.556103,-1.4584767
52.556096,-1.4584814,147.41,,3,203.46,26 / 27,112220,2019-11-06 10:43:39:563,-4.8763,-0.7676,8.1334,-0.0636,0.0309,9.8063,-0.1329,0.6217,-0.2762,-11.37,-35.12,34.63,298.31,-87.68,137.73,0.0,8.862,1.0,52.556096,-1.4584814
52.556089,-1.4584861,147.41,,3,203.46,26 / 27,112320,2019-11-06 10:43:39:663,2.205,3.2016,8.2388,-0.1154,0.0882,9.8055,-0.3007,0.6539,-0.2863,-10.56,-35.37,34.69,293.83,-88.51,132.59,0.0,8.828,1.0,52.556089,-1.4584861
52.556081999999996,-1.4584907999999999,147.41,,3,203.46,26 / 27,112420,2019-11-06 10:43:39:763,1.7904,2.9619,10.5341,-0.0154,0.1173,9.8059,-0.1973,0.5205,-0.1168,-10.62,-35.69,34.31,293.83,-88.51,132.59,0.0,8.794,1.0,52.556081999999996,-1.4584907999999999
52.556075,-1.4584955,147.41,,3,203.46,26 / 27,112520,2019-11-06 10:43:39:863,-3.9143,-0.3408,9.783,-0.0092,-0.0036,9.8066,-0.07,0.0062,-0.1892,-10.75,-35.06,33.81,265.87,-88.72,105.04,0.0,8.76,1.0,52.556075,-1.4584955
52.556068,-1.4585002,147.41,,3,203.46,26 / 27,112623,2019-11-06 10:43:39:966,-1.463,1.5592,9.0303,0.0017,-0.077,9.8063,-0.0397,-0.554,0.1993,-10.56,-34.69,33.88,266.73,-88.78,105.85,0.0,8.725999999999999,1.0,52.556068,-1.4585002
52.556061,-1.4585048999999999,147.41,,3,203.46,26 / 27,112720,2019-11-06 10:43:40:063,2.5407,1.0233,10.1012,0.0259,-0.1015,9.8061,-0.0553,-0.372,0.2705,-10.94,-35.5,34.44,290.75,-88.53,130.02,0.0,8.692,1.0,52.556061,-1.4585048999999999
52.556054,-1.4585096,147.41,,3,203.46,26 / 27,112820,2019-11-06 10:43:40:163,1.3365,1.7369,9.5787,-0.0447,0.1289,9.8057,-0.0621,-0.0107,-0.0587,-10.87,-34.94,34.69,290.75,-88.53,130.02,0.0,8.658,1.0,52.556054,-1.4585096
52.556047,-1.4585142999999998,147.41,,3,203.46,26 / 27,112920,2019-11-06 10:43:40:263,-1.4199,1.1013,9.9682,-0.0241,0.0638,9.8063,-0.1199,0.4026,-0.1965,-10.94,-34.25,33.69,258.41,-88.86,97.42,0.0,8.624,1.0,52.556047,-1.4585142999999998
52.55604,-1.458519,147.55,8.59,3,203.48,26 / 26,113020,2019-11-06 10:43:40:363,-4.2297,0.2069,10.1755,-0.0202,0.0071,9.8065,0.0616,-0.104,0.0686,-11.12,-35.0,33.56,222.21,-88.67,61.0,0.0,8.59,1.0,52.55604,-1.458519
52.5560333,-1.4585219999999999,147.55,,3,203.48,26 / 26,113120,2019-11-06 10:43:40:463,-1.4364,-0.2746,10.0526,-0.0392,-0.0203,9.8065,0.0942,-0.3502,0.1885,-11.31,-34.75,33.5,222.21,-88.67,61.0,0.0,8.462,1.0,52.5560333,-1.4585219999999999
52.5560266,-1.4585249999999998,147.55,,3,203.48,26 / 26,113220,2019-11-06 10:43:40:563,3.8452,1.9094,9.0489,0.0119,-0.0742,9.8063,0.1058,-0.3114,0.1358,-10.87,-34.87,34.19,217.7,-88.91,56.28,0.0,8.334,1.0,52.5560266,-1.4585249999999998
52.5560199,-1.458528,147.55,,3,203.48,26 / 26,113320,2019-11-06 10:43:40:663,1.0468,0.6817,9.6132,0.0096,0.0143,9.8066,0.0348,-0.176,0.0988,-10.56,-34.94,33.88,245.17,-89.02,83.97,0.0,8.206,1.0,52.5560199,-1.458528
52.5560132,-1.458531,147.55,,3,203.48,26 / 26,113420,2019-11-06 10:43:40:763,-1.7158,-0.4018,10.5199,0.0105,0.029,9.8065,-0.1321,0.2752,-0.1063,-10.94,-35.56,33.75,238.51,-88.88,77.39,0.0,8.078,1.0,52.5560132,-1.458531
52.5560065,-1.458534,147.55,,3,203.48,26 / 26,113520,2019-11-06 10:43:40:863,-1.5141,1.4682,9.7416,-0.0311,0.03,9.8065,-0.0836,0.044,-0.0144,-10.62,-34.69,33.63,238.51,-88.88,77.39,0.0,7.949999999999999,1.0,52.5560065,-1.458534
52.5559998,-1.458537,147.55,,3,203.48,26 / 26,113620,2019-11-06 10:43:40:963,-0.0005,0.5337,9.6841,-0.0388,0.0268,9.8065,0.0615,-0.2027,0.1268,-10.94,-34.94,33.56,225.17,-88.92,64.37,0.0,7.822,1.0,52.5559998,-1.458537
52.5559931,-1.45854,147.55,,3,203.48,26 / 26,113721,2019-11-06 10:43:41:064,1.0833,1.0865,10.0424,-0.0576,0.0107,9.8064,-0.0101,-0.1128,0.1025,-10.94,-34.56,33.75,208.42,-89.07,46.78,0.0,7.694,1.0,52.5559931,-1.45854
52.5559864,-1.4585430000000001,147.55,,3,203.48,26 / 26,113820,2019-11-06 10:43:41:163,0.0252,1.6657,10.6511,0.0146,-0.0114,9.8065,0.0233,0.1058,-0.0999,-10.62,-35.37,34.13,208.42,-89.07,46.78,0.0,7.566,1.0,52.5559864,-1.4585430000000001
52.5559797,-1.4585460000000001,147.55,,3,203.48,26 / 26,113920,2019-11-06 10:43:41:263,-0.6363,1.6288,10.6312,0.0208,0.0121,9.8066,-0.082,0.0712,-0.0124,-11.06,-34.69,34.0,214.99,-89.08,53.44,0.0,7.438,1.0,52.5559797,-1.4585460000000001
52.555973,-1.458549,147.72,7.31,3,202.51,27 / 27,114020,2019-11-06 10:43:41:363,-0.5002,1.2083,9.906,-0.009,-0.0031,9.8066,-0.0348,0.0344,0.002,-10.94,-35.19,34.19,218.11,-88.95,56.66,0.0,7.31,1.0,52.555973,-1.458549
52.5559673,-1.4585529000000002,147.72,,3,202.51,27 / 27,114120,2019-11-06 10:43:41:463,-0.7077,0.6102,9.9611,-0.0152,0.01,9.8066,0.0192,0.0294,0.0282,-11.44,-34.94,33.44,211.88,-88.95,50.87,0.0,7.225,1.0,52.5559673,-1.4585529000000002
52.5559616,-1.4585568,147.72,,3,202.51,27 / 27,114220,2019-11-06 10:43:41:563,-0.9297,0.618,10.1376,0.0,0.0095,9.8066,-0.0094,0.1244,-0.0204,-10.94,-35.06,33.88,211.88,-88.95,50.87,0.0,7.14,1.0,52.5559616,-1.4585568
52.5559559,-1.4585607,147.72,,3,202.51,27 / 27,114319,2019-11-06 10:43:41:662,1.7572,-0.6609,9.5271,0.0051,0.0001,9.8066,0.0514,0.0384,-0.0616,-10.69,-34.75,33.5,212.37,-88.91,49.33,0.0,7.055,1.0,52.5559559,-1.4585607
52.555950200000005,-1.4585646,147.72,,3,202.51,27 / 27,114420,2019-11-06 10:43:41:763,0.2112,-0.1051,10.0701,0.018,-0.0158,9.8065,0.0674,-0.0635,0.0707,-11.0,-34.44,33.63,219.07,-88.91,57.64,0.0,6.97,1.0,52.555950200000005,-1.4585646
52.5559445,-1.4585685000000002,147.72,,3,202.51,27 / 27,114520,2019-11-06 10:43:41:863,-0.5856,-0.6584,9.9985,0.037,-0.0361,9.8065,0.0181,-0.1062,0.0599,-10.94,-34.94,33.94,219.07,-88.91,57.64,0.0,6.885,1.0,52.5559445,-1.4585685000000002
52.5559388,-1.4585724,147.72,,3,202.51,27 / 27,114620,2019-11-06 10:43:41:963,1.6779,0.5692,9.6767,-0.0128,-0.0031,9.8066,0.0513,-0.2269,0.0655,-10.81,-34.62,33.44,234.68,-88.9,73.49,0.0,6.8,1.0,52.5559388,-1.4585724
52.555933100000004,-1.4585763,147.72,,3,202.51,27 / 27,114720,2019-11-06 10:43:42:063,1.3217,1.0493,9.6047,0.0073,0.0228,9.8066,-0.0223,-0.083,0.1485,-11.0,-34.69,33.81,232.91,-88.88,71.71,0.0,6.715,1.0,52.555933100000004,-1.4585763
52.5559274,-1.4585802,147.72,,3,202.51,27 / 27,114820,2019-11-06 10:43:42:163,-1.1834,0.9693,10.2022,0.0025,0.0112,9.8066,-0.0221,0.1875,-0.106,-10.62,-35.12,33.88,226.32,-88.64,65.21,0.0,6.63,1.0,52.5559274,-1.4585802
52.555921700000006,-1.4585841,147.72,,3,202.51,27 / 27,114920,2019-11-06 10:43:42:263,-1.3907,0.7284,9.9556,-0.0043,0.022,9.8065,-0.0452,0.2954,-0.145,-11.0,-35.19,33.19,226.32,-88.64,65.21,0.0,6.545,1.0,52.555921700000006,-1.4585841
52.555916,-1.458588,147.97,6.46,3,201.8,26 / 27,115019,2019-11-06 10:43:42:362,-0.1813,0.1283,9.9645,-0.0017,-0.0044,9.8066,0.0089,0.3002,-0.1411,-10.87,-34.94,34.06,220.74,-88.61,59.52,0.0,6.46,1.0,52.555916,-1.458588
52.555910600000004,-1.4585923,147.97,,3,201.8,26 / 27,115119,2019-11-06 10:43:42:462,1.1886,-0.0658,9.6373,0.0211,-0.0075,9.8066,0.0205,-0.0095,0.0878,-11.0,-34.81,34.38,225.44,-88.55,64.37,0.0,6.498,1.0,52.555910600000004,-1.4585923
52.555905200000005,-1.4585966,147.97,,3,201.8,26 / 27,115219,2019-11-06 10:43:42:562,0.0072,0.1866,9.4257,0.0207,0.0216,9.8066,-0.0324,-0.039,-0.0266,-11.31,-34.87,33.56,225.44,-88.55,64.37,0.0,6.536,1.0,52.555905200000005,-1.4585966
52.5558998,-1.4586009,147.97,,3,201.8,26 / 27,115320,2019-11-06 10:43:42:663,0.2881,0.2376,10.0396,-0.0018,-0.0217,9.8066,0.0778,-0.0627,0.09,-10.62,-35.0,34.38,225.15,-88.38,64.19,0.0,6.574,1.0,52.5558998,-1.4586009
52.5558944,-1.4586052,147.97,,3,201.8,26 / 27,115419,2019-11-06 10:43:42:762,0.7166,-0.9355,9.8228,-0.0086,0.0002,9.8066,-0.0224,0.0676,-0.0222,-10.5,-35.06,33.44,229.26,-88.47,67.28,0.0,6.612,1.0,52.5558944,-1.4586052
52.555889,-1.4586095000000001,147.97,,3,201.8,26 / 27,115519,2019-11-06 10:43:42:862,1.259,-1.513,9.5232,-0.008,0.0121,9.8066,-0.0272,0.063,-0.0138,-11.19,-34.19,34.25,225.19,-88.46,64.14,0.0,6.65,1.0,52.555889,-1.4586095000000001
52.5558836,-1.4586138,147.97,,3,201.8,26 / 27,115620,2019-11-06 10:43:42:963,1.5718,-3.5545,9.4998,-0.011,0.0231,9.8066,-0.0453,0.0179,-0.0523,-11.25,-34.56,33.56,225.19,-88.46,64.14,0.0,6.688,1.0,52.5558836,-1.4586138
52.5558782,-1.4586181,147.97,,3,201.8,26 / 27,115720,2019-11-06 10:43:43:063,1.9714,-4.1957,9.3384,-0.0154,0.0114,9.8066,-0.0158,0.0006,0.0144,-11.62,-34.56,33.81,220.15,-88.4,59.08,0.0,6.726,1.0,52.5558782,-1.4586181
52.555872799999996,-1.4586224,147.97,,3,201.8,26 / 27,115820,2019-11-06 10:43:43:163,2.2841,-3.9759,9.2323,-0.0285,0.0208,9.8066,0.0101,-0.1834,0.0975,-11.5,-34.69,33.88,212.53,-88.34,51.32,0.0,6.764,1.0,52.555872799999996,-1.4586224
52.5558674,-1.4586267,147.97,,3,201.8,26 / 27,115928,2019-11-06 10:43:43:271,-0.3694,-5.5478,9.6044,-0.0867,0.076,9.8059,-0.0137,-0.3343,0.1803,-10.87,-34.87,35.31,192.76,-88.12,30.6,0.0,6.802,1.0,52.5558674,-1.4586267
52.555862,-1.458631,148.25,6.84,3,200.65,25 / 27,116020,2019-11-06 10:43:43:363,0.6851,-5.0759,9.3476,-0.0179,0.0459,9.8064,-0.0608,-0.109,0.0875,-10.94,-34.5,34.44,188.04,-87.87,26.25,0.0,6.84,1.0,52.555862,-1.458631
52.555855799999996,-1.4586348,148.25,,3,200.65,25 / 27,116120,2019-11-06 10:43:43:463,2.1017,-3.2245,9.7767,-0.0463,0.0774,9.8062,-0.0972,0.1338,-0.023,-11.44,-34.94,34.19,188.04,-87.87,26.25,0.0,6.9559999999999995,1.0,52.555855799999996,-1.4586348
52.555849599999995,-1.4586386,148.25,,3,200.65,25 / 27,116220,2019-11-06 10:43:43:563,0.514,1.4436,9.9947,-0.022,-0.0114,9.8065,-0.062,0.1578,-0.0892,-11.12,-34.87,34.63,178.65,-87.28,16.04,0.0,7.072,1.0,52.555849599999995,-1.4586386
52.5558434,-1.4586424,148.25,,3,200.65,25 / 27,116320,2019-11-06 10:43:43:663,0.2025,-0.352,10.3408,-0.0199,-0.0465,9.8065,0.0691,-0.0749,0.1011,-11.62,-34.44,34.69,174.45,-87.55,13.17,0.0,7.188,1.0,52.5558434,-1.4586424
52.5558372,-1.4586462,148.25,,3,200.65,25 / 27,116420,2019-11-06 10:43:43:763,-0.061,-4.1462,10.083,-0.0054,-0.0184,9.8066,0.0354,-0.222,0.0885,-11.44,-34.19,34.38,174.45,-87.55,13.17,0.0,7.304,1.0,52.5558372,-1.4586462
52.555831,-1.45865,148.25,,3,200.65,25 / 27,116520,2019-11-06 10:43:43:863,0.4449,-0.2504,10.6188,0.0038,0.0136,9.8066,-0.0381,-0.1193,0.0903,-11.5,-34.37,34.0,174.44,-87.65,12.15,0.0,7.42,1.0,52.555831,-1.45865
52.555824799999996,-1.4586538,148.25,,3,200.65,25 / 27,116620,2019-11-06 10:43:43:963,3.0194,-1.7065,9.8166,0.0068,0.006,9.8066,0.0425,0.1713,-0.1355,-11.62,-34.94,34.13,173.98,-87.62,13.18,0.0,7.536,1.0,52.555824799999996,-1.4586538
52.555818599999995,-1.4586576,148.25,,3,200.65,25 / 27,116720,2019-11-06 10:43:44:063,0.7657,-1.0492,9.7771,-0.0368,-0.0285,9.8064,-0.0049,0.1471,-0.0575,-11.87,-34.69,34.25,168.28,-87.75,7.28,0.0,7.652,1.0,52.555818599999995,-1.4586576
52.5558124,-1.4586614,148.25,,3,200.65,25 / 27,116820,2019-11-06 10:43:44:163,0.1229,-1.687,10.5586,-0.0033,-0.0099,9.8066,-0.0546,0.1534,-0.031,-11.94,-34.56,34.69,168.28,-87.75,7.28,0.0,7.768,1.0,52.5558124,-1.4586614
52.5558062,-1.4586652,148.25,,3,200.65,25 / 27,116920,2019-11-06 10:43:44:263,0.5542,-1.2362,9.6536,0.0006,0.0063,9.8066,0.0131,0.0162,0.0042,-11.37,-34.37,34.94,169.4,-87.8,6.48,0.0,7.884,1.0,52.5558062,-1.4586652
52.5558,-1.458669,148.52,8.0,3,200.11,26 / 27,117020,2019-11-06 10:43:44:363,0.825,0.8476,9.9276,-0.0019,0.0205,9.8066,0.0781,-0.1235,0.1105,-11.94,-34.56,34.44,167.78,-87.68,6.75,0.0,8.0,1.0,52.5558,-1.458669
52.555793699999995,-1.4586729,148.52,,3,200.11,26 / 27,117120,2019-11-06 10:43:44:463,0.6228,-0.4212,10.0888,-0.0209,-0.0113,9.8065,0.0518,-0.0011,-0.055,-11.87,-34.75,34.25,167.78,-87.68,6.75,0.0,7.995,1.0,52.555793699999995,-1.4586729
52.5557874,-1.4586767999999999,148.52,,3,200.11,26 / 27,117220,2019-11-06 10:43:44:563,0.2208,-0.9465,10.1448,-0.0026,0.0178,9.8066,-0.1291,0.2198,-0.0649,-12.06,-34.69,34.44,165.97,-87.6,4.86,0.0,7.99,1.0,52.5557874,-1.4586767999999999
52.5557811,-1.4586807,148.52,,3,200.11,26 / 27,117320,2019-11-06 10:43:44:663,1.8716,0.2749,11.1925,0.0167,0.0537,9.8065,-0.0321,0.3275,-0.1533,-12.19,-34.37,34.0,169.52,-87.32,8.51,0.0,7.985,1.0,52.5557811,-1.4586807
52.5557748,-1.4586846,148.52,,3,200.11,26 / 27,117420,2019-11-06 10:43:44:763,-0.1795,0.5955,10.6186,-0.0388,0.0012,9.8065,0.0714,0.1597,0.0698,-11.62,-34.81,33.88,169.52,-87.32,8.51,0.0,7.98,1.0,52.5557748,-1.4586846
52.5557685,-1.4586885,148.52,,3,200.11,26 / 27,117520,2019-11-06 10:43:44:863,-0.795,-0.5316,10.7117,0.0199,-0.0351,9.8065,-0.0163,0.0914,-0.0968,-12.19,-34.25,34.0,165.57,-87.26,3.87,0.0,7.9750000000000005,1.0,52.5557685,-1.4586885
52.5557622,-1.4586924,148.52,,3,200.11,26 / 27,117620,2019-11-06 10:43:44:963,3.7218,-1.0742,10.4498,0.0105,-0.0786,9.8062,0.1823,0.3588,-0.0804,-12.25,-34.56,34.63,164.14,-87.72,2.48,0.0,7.97,1.0,52.5557622,-1.4586924
52.5557559,-1.4586963,148.52,,3,200.11,26 / 27,117719,2019-11-06 10:43:45:062,-0.5206,-2.2811,9.3623,-0.0033,-0.0492,9.8065,-0.0623,0.1826,-0.1259,-11.75,-34.25,34.94,161.37,-87.99,-0.28,0.0,7.965,1.0,52.5557559,-1.4586963
52.5557496,-1.4587002,148.52,,3,200.11,26 / 27,117820,2019-11-06 10:43:45:163,-1.1945,-2.3292,9.8235,-0.0113,0.0998,9.8061,-0.0727,-0.1091,0.0785,-11.5,-34.69,33.69,161.37,-87.99,-0.28,0.0,7.96,1.0,52.5557496,-1.4587002
52.5557433,-1.4587040999999998,148.52,,3,200.11,26 / 27,117920,2019-11-06 10:43:45:263,1.0415,0.8315,9.8358,-0.0256,0.0212,9.8065,0.0089,-0.3437,0.1937,-11.81,-34.62,34.31,163.71,-87.41,2.46,0.0,7.955,1.0,52.5557433,-1.4587040999999998
52.555737,-1.458708,148.8,7.95,3,200.13,25 / 27,118020,2019-11-06 10:43:45:363,2.02,0.7381,9.89,-0.0051,0.0176,9.8066,0.0958,-0.1135,0.0924,-11.62,-34.69,34.38,163.74,-87.31,2.46,0.0,7.95,1.0,52.555737,-1.458708
52.5557301,-1.4587119,148.8,,3,200.13,25 / 27,118120,2019-11-06 10:43:45:463,0.9248,0.0664,9.6818,0.017,-0.0654,9.8064,0.0828,0.1861,-0.1678,-11.94,-35.06,33.81,163.74,-87.31,2.46,0.0,7.987,1.0,52.5557301,-1.4587119
52.5557232,-1.4587158,148.8,,3,200.13,25 / 27,118220,2019-11-06 10:43:45:563,1.9101,-0.1489,9.3876,-0.0019,-0.0351,9.8066,-0.0534,0.0738,-0.0345,-12.0,-34.62,34.5,163.34,-87.7,2.17,0.0,8.024000000000001,1.0,52.5557232,-1.4587158
52.5557163,-1.4587196999999998,148.8,,3,200.13,25 / 27,118320,2019-11-06 10:43:45:663,0.5968,-2.0346,9.6532,-0.0191,-0.0385,9.8065,-0.0315,-0.0945,0.0485,-11.94,-34.81,34.56,159.31,-87.88,-2.46,0.0,8.061,1.0,52.5557163,-1.4587196999999998
52.5557094,-1.4587236,148.8,,3,200.13,25 / 27,118420,2019-11-06 10:43:45:763,0.2076,-3.793,10.3316,-0.024,0.0594,9.8064,0.0209,-0.1817,0.0633,-12.25,-34.75,34.19,158.76,-87.5,-2.66,0.0,8.098,1.0,52.5557094,-1.4587236
52.555702499999995,-1.4587275,148.8,,3,200.13,25 / 27,118520,2019-11-06 10:43:45:863,2.1929,-2.3326,9.4247,-0.0208,0.0658,9.8063,0.0178,-0.1919,0.1153,-12.06,-34.62,34.63,158.76,-87.5,-2.66,0.0,8.135,1.0,52.555702499999995,-1.4587275
52.5556956,-1.4587314,148.8,,3,200.13,25 / 27,118619,2019-11-06 10:43:45:962,2.2599,-2.0397,9.8724,-0.0172,0.0077,9.8066,0.0446,0.1449,-0.0913,-12.5,-34.94,34.44,159.39,-87.1,-2.14,0.0,8.172,1.0,52.5556956,-1.4587314
52.5556887,-1.4587353,148.8,,3,200.13,25 / 27,118720,2019-11-06 10:43:46:063,0.8877,-1.2743,10.0991,-0.0465,-0.0009,9.8064,0.0067,0.0441,-0.0213,-11.75,-34.25,34.19,154.7,-87.0,-7.04,0.0,8.209,1.0,52.5556887,-1.4587353
52.555681799999995,-1.4587392,148.8,,3,200.13,25 / 27,118820,2019-11-06 10:43:46:163,0.1499,-0.2021,10.4375,-0.006,-0.0215,9.8066,-0.0336,-0.0725,0.0776,-12.25,-34.31,34.19,154.7,-87.0,-7.04,0.0,8.246,1.0,52.555681799999995,-1.4587392
52.5556749,-1.4587431,148.8,,3,200.13,25 / 27,118920,2019-11-06 10:43:46:263,0.2627,-0.3616,10.2041,-0.0027,-0.0168,9.8066,0.0342,0.0198,0.0258,-12.0,-34.62,34.38,153.09,-87.1,-8.72,0.0,8.283,1.0,52.5556749,-1.4587431
52.555668,-1.458747,149.06,8.32,3,200.13,26 / 27,119020,2019-11-06 10:43:46:363,0.3435,-1.9851,9.3919,0.0184,-0.0147,9.8065,0.0668,0.1221,-0.147,-12.37,-34.87,34.5,150.41,-87.32,-11.89,0.0,8.32,1.0,52.555668,-1.458747
52.55566136363636,-1.4587508181818183,149.06,,3,200.13,26 / 27,119120,2019-11-06 10:43:46:463,1.3952,-0.3556,9.2131,0.016,-0.0241,9.8066,-0.0808,-0.076,0.1072,-12.19,-34.37,34.25,150.41,-87.32,-11.89,0.0,8.36909090909091,1.0,52.55566136363636,-1.4587508181818183
52.555654727272724,-1.4587546363636363,149.06,,3,200.13,26 / 27,119220,2019-11-06 10:43:46:563,0.8092,-0.1757,9.1954,-0.023,0.002,9.8066,0.0783,-0.1597,0.1253,-12.5,-34.87,34.19,150.56,-87.48,-11.62,0.0,8.418181818181818,1.0,52.555654727272724,-1.4587546363636363
52.55564809090909,-1.4587584545454546,149.06,,3,200.13,26 / 27,119319,2019-11-06 10:43:46:662,-1.5652,-1.8535,10.2314,-0.0185,-0.033,9.8066,0.1156,-0.3629,0.2135,-12.75,-34.94,34.5,145.12,-87.32,-15.91,0.0,8.467272727272727,1.0,52.55564809090909,-1.4587584545454546
52.55564145454545,-1.4587622727272727,149.06,,3,200.13,26 / 27,119420,2019-11-06 10:43:46:763,-2.1473,-1.2135,9.7152,-0.0057,-0.0047,9.8066,-0.0413,0.249,-0.1163,-12.62,-34.69,34.25,140.92,-87.44,-19.68,0.0,8.516363636363636,1.0,52.55564145454545,-1.4587622727272727
52.555634818181815,-1.458766090909091,149.06,,3,200.13,26 / 27,119520,2019-11-06 10:43:46:863,1.1255,-0.5621,9.3799,-0.01,0.0042,9.8066,-0.1445,0.3101,-0.1563,-12.31,-34.75,34.63,140.92,-87.44,-19.68,0.0,8.565454545454545,1.0,52.555634818181815,-1.458766090909091
52.55562818181818,-1.458769909090909,149.06,,3,200.13,26 / 27,119620,2019-11-06 10:43:46:963,1.7632,0.1707,9.4386,0.0085,0.0414,9.8065,-0.0473,0.1059,-0.1088,-13.06,-35.12,34.31,142.76,-87.29,-17.87,0.0,8.614545454545455,1.0,52.55562818181818,-1.458769909090909
52.55562154545454,-1.4587737272727272,149.06,,3,200.13,26 / 27,119720,2019-11-06 10:43:47:063,0.5665,0.0138,9.6352,-0.0349,0.0226,9.8065,-0.056,-0.2415,0.0653,-11.94,-34.81,33.31,150.35,-86.81,-11.21,0.0,8.663636363636364,1.0,52.55562154545454,-1.4587737272727272
52.555614909090906,-1.4587775454545453,149.06,,3,200.13,26 / 27,119820,2019-11-06 10:43:47:163,-3.8881,-1.1745,10.8832,-0.0792,0.0026,9.8062,0.0365,-0.3135,0.149,-12.69,-34.94,34.06,150.35,-86.81,-11.21,0.0,8.712727272727273,1.0,52.555614909090906,-1.4587775454545453
52.55560827272727,-1.4587813636363636,149.06,,3,200.13,26 / 27,119920,2019-11-06 10:43:47:263,-2.092,-1.1062,10.2833,-0.0187,-0.0479,9.8064,0.062,0.0496,-0.026,-12.44,-34.69,33.81,143.25,-86.54,-17.76,0.0,8.761818181818182,1.0,52.55560827272727,-1.4587813636363636
52.55560163636363,-1.4587851818181816,149.06,,3,200.13,25 / 27,120019,2019-11-06 10:43:47:362,2.669,0.1474,9.0753,0.0214,-0.0059,9.8065,-0.0319,0.2725,-0.1824,-12.5,-35.0,33.63,140.72,-86.91,-21.7,0.0,8.81090909090909,1.0,52.55560163636363,-1.4587851818181816
52.555595,-1.458789,149.34,8.86,3,200.47,25 / 27,120120,2019-11-06 10:43:47:463,-0.3095,-0.4503,9.2427,-0.0103,-0.0173,9.8066,0.0099,-0.0142,-0.0267,-11.75,-35.37,34.06,140.6,-87.02,-20.26,0.0,8.86,1.0,52.555595,-1.458789
52.555586999999996,-1.4587941111111111,149.34,,3,200.47,25 / 27,120219,2019-11-06 10:43:47:562,-2.0718,-0.9096,9.2731,0.0019,0.0035,9.8066,0.0243,-0.256,0.0973,-11.87,-35.37,34.13,137.91,-87.09,-24.5,0.0,8.792222222222222,1.0,52.555586999999996,-1.4587941111111111
52.555578999999994,-1.4587992222222221,149.34,,3,200.47,25 / 27,120320,2019-11-06 10:43:47:663,-2.3956,-0.2563,9.7526,0.0154,0.0408,9.8065,-0.0082,-0.3682,0.1557,-12.19,-35.25,34.38,137.91,-87.09,-24.5,0.0,8.724444444444444,1.0,52.555578999999994,-1.4587992222222221
52.555571,-1.4588043333333334,149.34,,3,200.47,25 / 27,120420,2019-11-06 10:43:47:763,0.2113,1.3542,10.1153,-0.0039,0.0309,9.8066,-0.0263,-0.1534,0.0997,-11.81,-35.25,33.88,143.63,-86.97,-20.22,0.0,8.656666666666666,1.0,52.555571,-1.4588043333333334
52.555563,-1.4588094444444444,149.34,,3,200.47,25 / 27,120520,2019-11-06 10:43:47:863,2.6622,1.8193,9.8869,0.0197,0.001,9.8066,-0.0033,0.2354,-0.173,-12.37,-34.87,32.94,144.21,-86.71,-17.68,0.0,8.588888888888889,1.0,52.555563,-1.4588094444444444
52.555555,-1.4588145555555556,149.34,,3,200.47,25 / 27,120620,2019-11-06 10:43:47:963,-1.1426,0.0977,10.044,-0.0236,-0.0681,9.8064,0.0655,0.1378,-0.1301,-11.81,-35.0,33.81,141.83,-87.04,-20.47,0.0,8.52111111111111,1.0,52.555555,-1.4588145555555556
52.555547,-1.4588196666666666,149.34,,3,200.47,25 / 27,120720,2019-11-06 10:43:48:063,-3.9293,-2.0755,10.0658,-0.0215,-0.1327,9.8057,0.1022,-0.2566,0.0433,-11.81,-34.44,34.5,141.83,-87.04,-20.47,0.0,8.453333333333333,1.0,52.555547,-1.4588196666666666
52.555539,-1.4588247777777779,149.34,,3,200.47,25 / 27,120820,2019-11-06 10:43:48:163,-1.227,-0.6025,9.7518,0.0351,0.008,9.8065,0.0072,-0.4252,0.1715,-11.56,-34.87,34.38,126.4,-87.63,-37.52,0.0,8.385555555555555,1.0,52.555539,-1.4588247777777779
52.555531,-1.4588298888888889,149.34,,3,200.47,25 / 27,120919,2019-11-06 10:43:48:262,1.0986,1.5404,9.3805,0.0069,0.0381,9.8065,-0.0118,-0.5039,0.1858,-11.44,-34.75,34.44,137.02,-87.73,-26.55,0.0,8.317777777777778,1.0,52.555531,-1.4588298888888889
52.555523,-1.458835,149.62,8.25,3,204.42,25 / 26,121020,2019-11-06 10:43:48:363,-0.3386,-0.2424,9.6047,0.024,0.0564,9.8064,0.0565,-0.2854,-0.022,-11.25,-34.87,33.88,137.02,-87.73,-26.55,0.0,8.25,1.0,52.555523,-1.458835
52.5555167,-1.4588400000000001,149.62,,3,204.42,25 / 26,121120,2019-11-06 10:43:48:463,-2.1959,-0.1816,9.574,0.0481,0.0129,9.8065,0.0485,0.1154,-0.1179,-10.69,-35.31,33.81,144.59,-87.56,-18.84,0.0,8.182,1.0,52.5555167,-1.4588400000000001
52.5555104,-1.4588450000000002,149.62,,3,204.42,25 / 26,121220,2019-11-06 10:43:48:563,-1.0048,0.5765,9.5113,0.0177,-0.0136,9.8066,-0.0124,-0.1303,0.0899,-10.56,-35.25,33.75,155.81,-87.75,-7.15,0.0,8.114,1.0,52.5555104,-1.4588450000000002
52.5555041,-1.45885,149.62,,3,204.42,25 / 26,121320,2019-11-06 10:43:48:663,-1.315,0.56,9.779,0.0321,-0.0175,9.8065,0.0183,-0.0726,0.0116,-10.81,-35.12,33.13,158.73,-87.92,-3.59,0.0,8.046,1.0,52.5555041,-1.45885
52.5554978,-1.458855,149.62,,3,204.42,25 / 26,121420,2019-11-06 10:43:48:763,0.7534,0.9732,9.8894,0.0177,-0.004,9.8066,0.0253,0.1069,-0.0692,-10.81,-34.69,33.69,158.73,-87.92,-3.59,0.0,7.978,1.0,52.5554978,-1.458855
52.555491499999995,-1.45886,149.62,,3,204.42,25 / 26,121520,2019-11-06 10:43:48:863,0.2711,0.6941,9.4451,-0.0319,-0.0558,9.8064,0.0524,0.0735,-0.0041,-9.81,-35.44,33.25,163.08,-87.97,-1.11,0.0,7.91,1.0,52.555491499999995,-1.45886
52.5554852,-1.458865,149.62,,3,204.42,25 / 26,121619,2019-11-06 10:43:48:962,-1.5599,-0.3317,9.7562,-0.0538,-0.0956,9.806,0.0039,0.0656,-0.0114,-10.5,-35.12,33.63,147.07,-88.35,-17.41,0.0,7.8420000000000005,1.0,52.5554852,-1.458865
52.5554789,-1.4588700000000001,149.62,,3,204.42,25 / 26,121719,2019-11-06 10:43:49:062,-1.0414,0.3745,9.7285,0.0016,-0.0033,9.8066,-0.0596,-0.0885,0.0089,-9.62,-34.75,33.63,147.07,-88.35,-17.41,0.0,7.774,1.0,52.5554789,-1.4588700000000001
52.555472599999995,-1.458875,149.62,,3,204.42,25 / 26,121820,2019-11-06 10:43:49:163,0.8509,2.4709,8.9409,0.0121,0.0425,9.8065,-0.0291,-0.3006,0.1447,-10.06,-34.94,33.81,145.47,-88.37,-17.5,0.0,7.706,1.0,52.555472599999995,-1.458875
52.5554663,-1.45888,149.62,,3,204.42,25 / 26,121920,2019-11-06 10:43:49:263,0.2647,1.0311,9.4149,-0.0063,-0.0099,9.8066,-0.0215,0.1449,-0.1548,-9.81,-34.94,33.81,153.23,-88.2,-11.17,0.0,7.638,1.0,52.5554663,-1.45888
52.55546,-1.458885,149.87,7.57,3,207.49,26 / 27,122020,2019-11-06 10:43:49:363,0.3112,0.4244,9.8163,0.0097,-0.0078,9.8066,-0.0542,0.0623,-0.0213,-9.94,-34.94,33.63,150.6,-88.21,-13.86,0.0,7.57,1.0,52.55546,-1.458885
52.555454499999996,-1.4588891,149.87,,3,207.49,26 / 27,122120,2019-11-06 10:43:49:463,-0.6146,0.8023,10.414,0.0077,-0.0115,9.8066,-0.0027,-0.0812,0.0196,-9.87,-35.0,33.75,150.6,-88.21,-13.86,0.0,7.386,1.0,52.555454499999996,-1.4588891
52.555448999999996,-1.4588932,149.87,,3,207.49,26 / 27,122220,2019-11-06 10:43:49:563,-0.2071,1.7488,10.3638,0.0187,0.0071,9.8066,0.0399,-0.0021,-0.0576,-9.44,-35.19,32.81,149.36,-88.29,-14.65,0.0,7.202,1.0,52.555448999999996,-1.4588932
52.555443499999996,-1.4588973,149.87,,3,207.49,26 / 27,122320,2019-11-06 10:43:49:663,-0.9182,1.2494,9.5939,-0.0074,-0.0106,9.8066,-0.0031,0.0244,-0.0312,-9.37,-35.25,32.44,155.93,-88.29,-9.09,0.0,7.018000000000001,1.0,52.555443499999996,-1.4588973
52.555437999999995,-1.4589014,149.87,,3,207.49,26 / 27,122420,2019-11-06 10:43:49:763,-1.2797,1.4777,9.6347,-0.0002,-0.0237,9.8065,-0.0171,-0.1258,0.0796,-9.87,-35.0,33.0,155.93,-88.29,-9.09,0.0,6.8340000000000005,1.0,52.555437999999995,-1.4589014
52.5554325,-1.4589055,149.87,,3,207.49,26 / 27,122520,2019-11-06 10:43:49:863,-1.3538,1.3484,9.9219,-0.0144,-0.0106,9.8066,0.0018,-0.0839,0.008,-9.56,-35.19,33.0,154.28,-88.41,-11.16,0.0,6.65,1.0,52.5554325,-1.4589055
52.555427,-1.4589096,149.87,,3,207.49,26 / 27,122620,2019-11-06 10:43:49:963,-0.8031,1.6003,10.2431,-0.0124,0.0038,9.8066,0.0023,-0.0805,0.0363,-9.12,-35.37,33.19,153.63,-88.44,-11.81,0.0,6.466,1.0,52.555427,-1.4589096
52.5554215,-1.4589136999999999,149.87,,3,207.49,26 / 27,122719,2019-11-06 10:43:50:062,0.3647,1.8758,10.0428,-0.0101,-0.0037,9.8066,-0.0199,-0.0132,-0.0026,-8.94,-34.5,33.56,151.8,-88.43,-14.09,0.0,6.282,1.0,52.5554215,-1.4589136999999999
52.555416,-1.4589178,149.87,,3,207.49,26 / 27,122820,2019-11-06 10:43:50:163,-0.0819,2.2926,9.9811,-0.0196,-0.0166,9.8065,-0.0355,-0.0591,0.0647,-9.25,-35.12,33.31,151.8,-88.43,-14.09,0.0,6.098000000000001,1.0,52.555416,-1.4589178
52.5554105,-1.4589219,149.87,,3,207.49,26 / 27,122920,2019-11-06 10:43:50:263,-0.8495,2.3356,10.0615,-0.0151,0.0158,9.8066,0.004,-0.0139,-0.0295,-9.62,-34.81,32.75,146.08,-88.45,-19.54,0.0,5.914000000000001,1.0,52.5554105,-1.4589219
52.555405,-1.458926,150.12,5.73,3,208.7,25 / 26,123021,2019-11-06 10:43:50:364,-2.1364,2.6993,10.2594,-0.0053,0.0182,9.8066,0.0132,0.0771,-0.0535,-8.87,-34.87,33.06,147.28,-88.35,-18.37,0.0,5.73,1.0,52.555405,-1.458926
52.5554015,-1.4589287,150.12,,3,208.7,25 / 26,123120,2019-11-06 10:43:50:463,-0.8746,1.981,10.2809,0.0048,-0.0053,9.8066,-0.0614,0.058,-0.0605,-8.06,-35.19,33.5,147.28,-88.35,-18.37,0.0,5.417000000000001,1.0,52.5554015,-1.4589287
52.555398000000004,-1.4589314,150.12,,3,208.7,25 / 26,123220,2019-11-06 10:43:50:563,-0.3426,2.494,9.7105,0.0142,0.0098,9.8066,0.0155,0.0215,-0.046,-8.75,-34.94,32.63,147.49,-88.39,-18.13,0.0,5.104,1.0,52.555398000000004,-1.4589314
52.5553945,-1.4589341,150.12,,3,208.7,25 / 26,123320,2019-11-06 10:43:50:663,0.3483,3.0211,9.9288,-0.005,0.0067,9.8066,-0.0135,-0.115,0.0539,-9.31,-34.94,32.69,150.98,-88.38,-14.56,0.0,4.791,1.0,52.5553945,-1.4589341
52.555391,-1.4589368,150.12,,3,208.7,25 / 26,123420,2019-11-06 10:43:50:763,-0.1265,2.9942,10.2735,-0.0106,-0.0052,9.8066,0.0088,0.0391,-0.0036,-9.0,-35.25,32.75,148.6,-88.38,-17.0,0.0,4.478,1.0,52.555391,-1.4589368
52.5553875,-1.4589394999999998,150.12,,3,208.7,25 / 26,123519,2019-11-06 10:43:50:862,-0.2326,3.6168,9.7899,-0.0018,-0.0023,9.8066,-0.033,0.0488,-0.0545,-9.19,-35.25,33.06,148.6,-88.38,-17.0,0.0,4.165,1.0,52.5553875,-1.4589394999999998
52.555384000000004,-1.4589421999999999,150.12,,3,208.7,25 / 26,123620,2019-11-06 10:43:50:963,-1.2724,2.3569,9.8845,-0.0211,-0.0116,9.8066,0.0014,0.0952,-0.082,-9.06,-36.0,32.69,148.05,-88.38,-17.57,0.0,3.8520000000000003,1.0,52.555384000000004,-1.4589421999999999
52.555380500000005,-1.4589448999999999,150.12,,3,208.7,25 / 26,123720,2019-11-06 10:43:51:063,-0.9465,1.3576,9.7246,-0.0024,-0.0069,9.8066,-0.0008,-0.0289,0.0197,-9.25,-35.69,32.63,144.39,-88.37,-21.34,0.0,3.539,1.0,52.555380500000005,-1.4589448999999999
52.555377,-1.4589476,150.12,,3,208.7,25 / 26,123820,2019-11-06 10:43:51:163,0.3874,1.4377,9.6958,0.0087,-0.0131,9.8066,0.072,-0.1005,0.0443,-9.0,-35.81,32.81,144.39,-88.37,-21.34,0.0,3.226,1.0,52.555377,-1.4589476
52.5553735,-1.4589503,150.12,,3,208.7,25 / 26,123920,2019-11-06 10:43:51:263,0.9586,-0.0414,9.8184,0.0027,-0.0128,9.8066,0.0362,0.0303,-0.019,-9.19,-34.94,32.44,144.2,-88.47,-21.46,0.0,2.913,1.0,52.5553735,-1.4589503
52.55537,-1.458953,150.14,2.6,2,209.94,25 / 26,124020,2019-11-06 10:43:51:363,0.353,0.6556,9.6584,0.0019,-0.0128,9.8066,-0.0111,0.0774,-0.0735,-9.19,-35.0,33.19,139.77,-88.67,-25.85,0.0,2.6,1.0,52.55537,-1.458953
52.555369000000006,-1.458956,150.14,,2,209.94,25 / 26,124120,2019-11-06 10:43:51:463,0.0592,0.2343,9.7063,0.0094,-0.0272,9.8065,0.0194,0.0656,-0.0253,-9.06,-35.31,32.75,136.75,-88.82,-28.82,0.0,2.517,1.0,52.555369000000006,-1.458956
52.555368,-1.458959,150.14,,2,209.94,25 / 26,124220,2019-11-06 10:43:51:563,-1.1786,0.5105,10.0061,-0.0216,-0.0023,9.8065,-0.0098,-0.1004,0.0617,-9.12,-35.19,33.06,136.75,-88.82,-28.82,0.0,2.434,1.0,52.555368,-1.458959
52.555367000000004,-1.4589619999999999,150.14,,2,209.94,25 / 26,124320,2019-11-06 10:43:51:663,0.0366,0.9827,9.8423,-0.0065,0.0178,9.8065,0.0053,-0.1197,0.0437,-8.94,-35.31,32.81,132.27,-88.74,-33.42,0.0,2.351,1.0,52.555367000000004,-1.4589619999999999
52.555366,-1.4589649999999998,150.14,,2,209.94,25 / 26,124420,2019-11-06 10:43:51:763,0.7024,0.9667,9.6215,-0.0127,0.026,9.8066,0.0252,-0.036,0.0252,-9.0,-35.12,32.5,134.86,-88.58,-30.9,0.0,2.2680000000000002,1.0,52.555366,-1.4589649999999998
52.555365,-1.458968,150.14,,2,209.94,25 / 26,124520,2019-11-06 10:43:51:863,0.4565,0.6611,9.6627,-0.005,0.013,9.8066,-0.0505,0.0345,-0.043,-8.81,-35.0,32.69,136.15,-88.51,-29.64,0.0,2.185,1.0,52.555365,-1.458968
52.555364000000004,-1.458971,150.14,,2,209.94,25 / 26,124620,2019-11-06 10:43:51:963,-0.4767,0.8885,9.7957,-0.0022,0.0074,9.8066,0.0256,-0.0239,0.0345,-9.5,-35.56,32.94,136.15,-88.51,-29.64,0.0,2.102,1.0,52.555364000000004,-1.458971
52.555363,-1.458974,150.14,,2,209.94,25 / 26,124719,2019-11-06 10:43:52:062,-0.6207,0.347,9.6188,-0.0108,-0.0025,9.8066,-0.0268,-0.0991,0.0532,-9.19,-35.44,32.88,136.94,-88.47,-28.86,0.0,2.019,1.0,52.555363,-1.458974
52.555362,-1.458977,150.14,,2,209.94,25 / 26,124820,2019-11-06 10:43:52:163,-0.3687,0.5517,9.6408,-0.0238,-0.0014,9.8066,-0.0175,-0.0709,0.0486,-8.87,-35.5,32.5,133.3,-88.38,-32.64,0.0,1.936,1.0,52.555362,-1.458977
52.555361,-1.45898,150.14,,2,209.94,25 / 26,124920,2019-11-06 10:43:52:263,0.384,1.1581,9.6867,-0.0076,0.0201,9.8066,0.0135,-0.0031,-0.0205,-8.94,-34.69,33.19,133.3,-88.38,-32.64,0.0,1.853,1.0,52.555361,-1.45898
52.55536,-1.458983,150.17,1.77,2,212.88,24 / 25,125021,2019-11-06 10:43:52:364,0.3394,1.0641,9.5775,-0.0011,0.0064,9.8066,-0.0095,0.0478,-0.0126,-8.56,-35.37,32.81,135.15,-88.26,-30.83,0.0,1.77,1.0,52.55536,-1.458983
52.555358818181816,-1.4589838181818182,150.17,,2,212.88,24 / 25,125120,2019-11-06 10:43:52:463,-0.1776,0.8167,9.8001,-0.0195,0.0102,9.8066,-0.0267,-0.0224,0.0086,-8.87,-35.19,32.94,134.36,-88.18,-31.7,0.0,1.6754545454545455,1.0,52.555358818181816,-1.4589838181818182
52.55535763636364,-1.4589846363636363,150.17,,2,212.88,24 / 25,125220,2019-11-06 10:43:52:563,-0.4352,0.471,10.0929,-0.0248,0.0211,9.8066,-0.0003,-0.0271,0.023,-8.56,-35.56,32.31,133.76,-87.99,-32.08,0.0,1.580909090909091,1.0,52.55535763636364,-1.4589846363636363
52.55535645454545,-1.4589854545454546,150.17,,2,212.88,24 / 25,125320,2019-11-06 10:43:52:663,0.2382,0.4748,9.9094,0.0026,0.0102,9.8066,-0.0099,-0.0418,-0.0087,-9.12,-35.44,32.63,133.76,-87.99,-32.08,0.0,1.4863636363636363,1.0,52.55535645454545,-1.4589854545454546
52.55535527272727,-1.4589862727272727,150.17,,2,212.88,24 / 25,125420,2019-11-06 10:43:52:763,0.6647,0.5062,9.6967,0.0102,0.0008,9.8066,-0.0012,-0.0349,0.0064,-9.0,-35.62,33.06,136.07,-87.97,-30.14,0.0,1.3918181818181818,1.0,52.55535527272727,-1.4589862727272727
52.55535409090909,-1.458987090909091,150.17,,2,212.88,24 / 25,125520,2019-11-06 10:43:52:863,0.4061,0.4982,9.8487,0.0151,0.0031,9.8066,0.0117,-0.0502,-0.0087,-9.19,-35.0,31.88,137.74,-88.02,-27.94,0.0,1.2972727272727274,1.0,52.55535409090909,-1.458987090909091
52.55535290909091,-1.458987909090909,150.17,,2,212.88,24 / 25,125620,2019-11-06 10:43:52:963,-0.2281,0.6918,10.1989,0.0149,0.0147,9.8066,0.0171,-0.0169,-0.0001,-8.75,-34.75,32.25,137.74,-88.02,-27.94,0.0,1.2027272727272726,1.0,52.55535290909091,-1.458987909090909
52.55535172727273,-1.4589887272727273,150.17,,2,212.88,24 / 25,125719,2019-11-06 10:43:53:062,0.6957,1.5444,10.3796,-0.0155,-0.0093,9.8066,0.0139,-0.0269,0.0269,-8.75,-34.75,32.63,141.17,-88.01,-24.42,0.0,1.1081818181818182,1.0,52.55535172727273,-1.4589887272727273
52.555350545454544,-1.4589895454545454,150.17,,2,212.88,24 / 25,125819,2019-11-06 10:43:53:162,0.8912,1.5283,10.3266,-0.0342,-0.0336,9.8065,0.0458,-0.0219,0.0582,-8.87,-34.62,32.44,133.29,-88.02,-32.5,0.0,1.0136363636363637,1.0,52.555350545454544,-1.4589895454545454
52.55534936363636,-1.4589903636363637,150.17,,2,212.88,24 / 25,125920,2019-11-06 10:43:53:263,-0.8546,-0.1078,9.94,-0.0693,-0.0754,9.806,0.0246,0.0994,0.0405,-9.56,-34.94,32.44,115.23,-87.94,-49.35,0.0,0.9190909090909092,1.0,52.55534936363636,-1.4589903636363637
52.55534818181818,-1.4589911818181818,150.17,,2,212.88,24 / 25,126020,2019-11-06 10:43:53:363,-0.4138,-0.7239,9.2181,-0.0409,-0.0649,9.8063,0.0337,0.0631,0.0002,-9.75,-34.44,33.19,115.23,-87.94,-49.35,0.0,0.8245454545454546,1.0,52.55534818181818,-1.4589911818181818
52.555347,-1.458992,150.2,0.73,2,212.89,25 / 27,126120,2019-11-06 10:43:53:463,-0.0896,-0.8541,9.2576,-0.0176,-0.0251,9.8065,0.0018,0.0768,-0.0081,-10.25,-34.12,33.75,104.41,-87.83,-61.21,0.0,0.73,1.0,52.555347,-1.458992
52.55534622222222,-1.4589927777777778,150.2,,2,212.89,25 / 27,126220,2019-11-06 10:43:53:563,0.4113,-1.3321,9.5147,0.0001,-0.019,9.8066,-0.0051,-0.0661,-0.0151,-9.62,-34.19,33.81,101.54,-87.86,-64.08,0.0,0.7866666666666666,1.0,52.55534622222222,-1.4589927777777778
52.55534544444444,-1.4589935555555555,150.2,,2,212.89,25 / 27,126320,2019-11-06 10:43:53:663,0.2187,-1.4345,10.0054,0.0757,0.0591,9.8061,-0.0296,0.0028,-0.1056,-9.5,-34.5,33.69,101.54,-87.86,-64.08,0.0,0.8433333333333333,1.0,52.55534544444444,-1.4589935555555555
52.55534466666666,-1.4589943333333333,150.2,,2,212.89,25 / 27,126420,2019-11-06 10:43:53:763,0.2369,-1.46,10.0878,0.0494,0.0393,9.8064,-0.0487,0.078,-0.0882,-8.87,-33.56,33.44,115.8,-88.17,-50.57,0.0,0.9,1.0,52.55534466666666,-1.4589943333333333
52.555343888888885,-1.458995111111111,150.2,,2,212.89,25 / 27,126524,2019-11-06 10:43:53:867,1.3312,-0.0982,10.3223,0.0186,0.0273,9.8066,-0.0667,0.1124,-0.1085,-8.69,-34.25,33.88,136.65,-88.31,-29.63,0.0,0.9566666666666667,1.0,52.555343888888885,-1.458995111111111
52.555343111111114,-1.458995888888889,150.2,,2,212.89,25 / 27,126620,2019-11-06 10:43:53:963,1.3716,-0.4748,10.1008,0.0018,0.0451,9.8065,-0.0111,0.0189,0.0048,-8.44,-33.94,32.94,136.65,-88.31,-29.63,0.0,1.0133333333333334,1.0,52.555343111111114,-1.458995888888889
52.555342333333336,-1.4589966666666667,150.2,,2,212.89,25 / 27,126720,2019-11-06 10:43:54:063,1.0137,-1.014,9.925,-0.022,-0.0068,9.8065,0.005,-0.0781,0.099,-8.69,-34.56,32.88,142.02,-88.12,-23.86,0.0,1.07,1.0,52.555342333333336,-1.4589966666666667
52.55534155555556,-1.4589974444444445,150.2,,2,212.89,25 / 27,126820,2019-11-06 10:43:54:163,-0.3155,-1.111,9.7582,-0.0206,-0.0123,9.8066,0.035,-0.0057,0.0006,-8.75,-34.69,32.81,133.83,-88.02,-32.36,0.0,1.1266666666666667,1.0,52.55534155555556,-1.4589974444444445
52.55534077777778,-1.4589982222222222,150.2,,2,212.89,25 / 27,126920,2019-11-06 10:43:54:263,-0.3094,-1.0541,9.8795,0.0013,0.0048,9.8066,-0.0116,0.0937,-0.0363,-8.94,-34.56,32.75,128.54,-87.96,-37.82,0.0,1.1833333333333333,1.0,52.55534077777778,-1.4589982222222222
52.55534,-1.458999,150.22,1.24,2,213.07,24 / 25,127021,2019-11-06 10:43:54:364,0.4832,-1.1612,9.8448,0.0084,0.0099,9.8066,-0.0135,0.0954,-0.0563,-9.0,-35.06,33.06,128.54,-87.96,-37.82,0.0,1.24,1.0,52.55534,-1.458999
52.555339000000004,-1.4589998,150.22,,2,213.07,24 / 25,127120,2019-11-06 10:43:54:463,1.0826,-0.1971,9.71,0.0088,0.0003,9.8066,-0.0124,0.026,-0.0494,-9.19,-34.62,32.94,131.64,-88.0,-34.61,0.0,1.207,1.0,52.555339000000004,-1.4589998
52.555338,-1.4590006,150.22,,2,213.07,24 / 25,127220,2019-11-06 10:43:54:563,0.6721,-0.639,9.6093,0.0043,0.0075,9.8066,0.0095,-0.0225,0.0168,-8.94,-34.37,32.5,133.23,-88.03,-32.93,0.0,1.174,1.0,52.555338,-1.4590006
52.555337,-1.4590014,150.22,,2,213.07,24 / 25,127320,2019-11-06 10:43:54:663,0.198,-0.5325,9.7143,0.004,0.0141,9.8066,0.0011,-0.0542,0.0206,-9.06,-34.37,32.44,133.23,-88.03,-32.93,0.0,1.141,1.0,52.555337,-1.4590014
52.555336,-1.4590022,150.22,,2,213.07,24 / 25,127420,2019-11-06 10:43:54:763,-0.1754,-0.2244,9.9368,-0.0064,0.0076,9.8066,-0.0056,0.0251,-0.007,-9.25,-34.06,33.0,135.46,-87.93,-30.71,0.0,1.108,1.0,52.555336,-1.4590022
52.555335,-1.459003,150.22,,2,213.07,24 / 25,127520,2019-11-06 10:43:54:863,0.2428,-0.403,10.0494,-0.0069,0.0021,9.8066,-0.0062,0.0364,-0.0163,-9.12,-34.0,33.13,134.81,-87.83,-31.44,0.0,1.075,1.0,52.555335,-1.459003
52.555334,-1.4590037999999999,150.22,,2,213.07,24 / 25,127620,2019-11-06 10:43:54:963,0.3643,0.413,9.957,-0.003,0.0065,9.8066,0.0006,0.0314,-0.0396,-9.12,-34.56,33.13,135.24,-87.79,-31.07,0.0,1.042,1.0,52.555334,-1.4590037999999999
52.555333,-1.4590045999999999,150.22,,2,213.07,24 / 25,127719,2019-11-06 10:43:55:062,0.1465,0.5106,9.9256,0.0113,0.0224,9.8066,-0.0112,-0.0158,-0.0108,-9.06,-34.0,32.63,135.24,-87.79,-31.07,0.0,1.0090000000000001,1.0,52.555333,-1.4590045999999999
52.555332,-1.4590054,150.22,,2,213.07,24 / 25,127820,2019-11-06 10:43:55:163,-0.0305,0.7369,9.8562,0.0035,0.0068,9.8066,-0.0175,-0.0242,0.0159,-9.25,-33.87,33.0,140.92,-87.71,-25.24,0.0,0.976,1.0,52.555332,-1.4590054
52.555330999999995,-1.4590062,150.22,,2,213.07,24 / 25,127920,2019-11-06 10:43:55:263,-0.0883,0.6512,9.7853,0.0071,0.0126,9.8066,0.0169,0.0364,-0.0023,-9.19,-34.06,32.94,142.82,-87.68,-23.3,0.0,0.9430000000000001,1.0,52.555330999999995,-1.4590062
52.55533,-1.459007,150.25,0.91,2,212.93,24 / 27,128020,2019-11-06 10:43:55:363,0.1388,1.1047,9.8593,-0.0018,0.0146,9.8066,-0.0043,0.0413,-0.0578,-9.62,-33.19,32.44,142.82,-87.68,-23.3,0.0,0.91,1.0,52.55533,-1.459007
52.555329888888885,-1.4590071,150.25,,2,212.93,24 / 27,128120,2019-11-06 10:43:55:463,0.4141,0.7712,9.8028,-0.009,0.0191,9.8065,-0.0204,0.0185,0.0001,-10.37,-33.19,33.25,142.26,-87.6,-22.26,0.0,0.9193333333333333,1.0,52.555329888888885,-1.4590071
52.55532977777778,-1.4590071999999998,150.25,,2,212.93,24 / 27,128220,2019-11-06 10:43:55:563,0.2076,0.9861,9.9045,-0.0075,0.0271,9.8066,0.0171,-0.0319,-0.0054,-10.19,-32.75,33.5,144.11,-87.45,-20.86,0.0,0.9286666666666668,1.0,52.55532977777778,-1.4590071999999998
52.555329666666665,-1.4590073,150.25,,2,212.93,24 / 27,128320,2019-11-06 10:43:55:663,-0.1182,1.2257,10.0236,-0.0159,0.0351,9.8065,-0.0383,-0.026,0.0355,-10.19,-33.56,32.25,144.33,-87.23,-19.93,0.0,0.9380000000000001,1.0,52.555329666666665,-1.4590073
52.55532955555555,-1.4590074,150.25,,2,212.93,24 / 27,128419,2019-11-06 10:43:55:762,-0.0989,1.4864,9.796,-0.026,0.0388,9.8065,-0.0259,-0.0112,0.0276,-10.31,-33.25,32.5,144.33,-87.23,-19.93,0.0,0.9473333333333334,1.0,52.55532955555555,-1.4590074
52.555329444444446,-1.4590075,150.25,,2,212.93,24 / 27,128520,2019-11-06 10:43:55:863,-0.0314,1.0307,9.7629,-0.0147,0.0107,9.8065,-0.0182,-0.0048,-0.0066,-10.37,-33.06,32.5,145.01,-86.96,-19.76,0.0,0.9566666666666667,1.0,52.555329444444446,-1.4590075
52.55532933333333,-1.4590075999999998,150.25,,2,212.93,24 / 27,128620,2019-11-06 10:43:55:963,0.1309,0.0821,9.7934,-0.0273,0.0043,9.8065,0.0197,0.0109,0.0106,-10.25,-33.31,33.06,143.04,-86.84,-21.87,0.0,0.966,1.0,52.55532933333333,-1.4590075999999998
52.55532922222222,-1.4590077,150.25,,2,212.93,24 / 27,128720,2019-11-06 10:43:56:063,0.4968,-0.7568,9.8523,0.0108,-0.0259,9.8066,0.0497,-0.0245,-0.0037,-9.81,-33.31,32.75,143.04,-86.84,-21.87,0.0,0.9753333333333334,1.0,52.55532922222222,-1.4590077
52.55532911111111,-1.4590078,150.25,,2,212.93,24 / 27,128820,2019-11-06 10:43:56:163,0.5,-0.6061,9.834,0.0078,-0.0102,9.8065,0.0235,0.006,-0.025,-9.81,-33.31,32.69,142.22,-87.0,-22.65,0.0,0.9846666666666667,1.0,52.55532911111111,-1.4590078
52.555329,-1.4590079,150.25,,2,212.93,24 / 27,128920,2019-11-06 10:43:56:263,0.4298,-0.7493,9.952,0.0046,0.0006,9.8066,-0.0006,0.0218,-0.0038,-9.94,-33.12,32.94,142.8,-87.12,-21.98,0.0,0.994,1.0,52.555329,-1.4590079
52.55532888888889,-1.4590079999999999,150.25,,2,212.93,24 / 25,129020,2019-11-06 10:43:56:363,0.52,-0.844,9.9205,0.0074,0.0054,9.8066,0.0045,-0.0219,-0.0073,-9.06,-33.81,33.19,145.43,-87.12,-20.91,0.0,1.0033333333333334,1.0,52.55532888888889,-1.4590079999999999
52.555328777777774,-1.4590081,150.25,,2,212.93,24 / 25,129120,2019-11-06 10:43:56:463,0.2251,-0.8713,9.7592,0.0007,-0.0001,9.8066,0.008,-0.0165,0.023,-8.56,-34.44,33.0,145.43,-87.12,-20.91,0.0,1.0126666666666666,1.0,52.555328777777774,-1.4590081
52.55532866666667,-1.4590082,150.25,,2,212.93,24 / 25,129220,2019-11-06 10:43:56:563,0.4392,-0.8079,9.7897,0.0,0.0022,9.8066,0.0025,0.0009,-0.0054,-8.5,-34.06,32.94,147.1,-87.12,-20.8,0.0,1.022,1.0,52.55532866666667,-1.4590082
52.555328555555555,-1.4590083,150.25,,2,212.93,24 / 25,129320,2019-11-06 10:43:56:663,0.6428,-0.6766,9.8099,-0.0023,0.0065,9.8065,-0.0009,0.0268,-0.0052,-8.19,-34.69,32.75,147.34,-87.09,-20.61,0.0,1.0313333333333334,1.0,52.555328555555555,-1.4590083
52.55532844444444,-1.4590083999999999,150.25,,2,212.93,24 / 25,129420,2019-11-06 10:43:56:763,0.4696,-0.1799,9.8717,-0.0026,0.0107,9.8066,-0.0005,-0.0115,0.015,-8.69,-34.62,33.0,147.34,-87.09,-20.61,0.0,1.0406666666666666,1.0,52.55532844444444,-1.4590083999999999
52.555328333333335,-1.4590085,150.25,,2,212.93,24 / 25,129520,2019-11-06 10:43:56:863,0.1921,-0.6242,9.9763,0.0038,0.0035,9.8065,-0.007,-0.0597,0.0177,-8.25,-34.56,33.81,148.28,-87.02,-19.63,0.0,1.05,1.0,52.555328333333335,-1.4590085
52.55532822222222,-1.4590086,150.25,,2,212.93,24 / 25,129620,2019-11-06 10:43:56:963,0.0917,-0.5991,9.887,-0.0013,0.0045,9.8065,0.0189,-0.0119,0.0116,-7.94,-34.06,33.75,149.59,-86.99,-18.62,0.0,1.0593333333333335,1.0,52.55532822222222,-1.4590086
52.55532811111111,-1.4590087,150.25,,2,212.93,24 / 25,129720,2019-11-06 10:43:57:063,0.2444,-0.6076,9.8895,-0.0029,0.0062,9.8066,-0.0014,0.0288,-0.0227,-8.12,-34.19,32.88,149.34,-86.95,-18.55,0.0,1.0686666666666667,1.0,52.55532811111111,-1.4590087
52.555327999999996,-1.4590087999999999,150.25,,2,212.93,24 / 25,129821,2019-11-06 10:43:57:164,0.5236,-0.3875,9.815,-0.0051,0.0056,9.8066,-0.002,0.0067,-0.0269,-8.31,-34.06,32.81,149.34,-86.95,-18.55,0.0,1.078,1.0,52.555327999999996,-1.4590087999999999
52.55532788888889,-1.4590089,150.25,,2,212.93,24 / 25,129920,2019-11-06 10:43:57:263,0.5588,-0.5744,9.7632,0.0048,0.0064,9.8066,0.0055,-0.0101,-0.0022,-8.25,-34.31,33.0,149.73,-86.9,-18.18,0.0,1.0873333333333333,1.0,52.55532788888889,-1.4590089
52.55532777777778,-1.459009,150.25,,2,212.93,24 / 26,130020,2019-11-06 10:43:57:363,0.3755,-0.6061,9.8014,0.0072,0.0095,9.8066,0.0027,-0.0184,0.0282,-8.62,-34.5,33.56,149.66,-86.87,-17.0,0.0,1.0966666666666667,1.0,52.55532777777778,-1.459009
52.55532766666666,-1.4590091,150.25,,2,212.93,24 / 26,130120,2019-11-06 10:43:57:463,0.4195,-0.4197,9.7565,-0.0033,0.0036,9.8066,0.011,-0.0176,0.0198,-7.81,-34.12,33.31,149.66,-86.87,-17.0,0.0,1.106,1.0,52.55532766666666,-1.4590091
52.55532755555556,-1.4590092,150.25,,2,212.93,24 / 26,130219,2019-11-06 10:43:57:562,0.4263,-0.5358,9.7522,-0.0011,0.004,9.8066,-0.0188,-0.0048,-0.0005,-8.44,-34.62,33.06,150.77,-86.84,-17.11,0.0,1.1153333333333333,1.0,52.55532755555556,-1.4590092
52.555327444444444,-1.4590093,150.25,,2,212.93,24 / 26,130319,2019-11-06 10:43:57:662,0.2525,-0.4892,9.8134,0.0007,0.0077,9.8066,0.003,0.0089,-0.0134,-8.25,-34.25,33.38,151.22,-86.8,-16.65,0.0,1.1246666666666667,1.0,52.555327444444444,-1.4590093
52.55532733333333,-1.4590094,150.25,,2,212.93,24 / 26,130420,2019-11-06 10:43:57:763,0.1796,-0.4491,9.8489,0.0045,0.0049,9.8066,0.0016,0.0202,-0.0102,-8.62,-34.37,32.88,150.29,-86.79,-16.0,0.0,1.134,1.0,52.55532733333333,-1.4590094
52.555327222222225,-1.4590095,150.25,,2,212.93,24 / 26,130520,2019-11-06 10:43:57:863,0.3191,-0.516,9.7725,0.0009,0.0038,9.8066,-0.0023,0.0089,0.0151,-8.31,-34.25,33.19,150.29,-86.79,-16.0,0.0,1.1433333333333333,1.0,52.555327222222225,-1.4590095
52.55532711111111,-1.4590096,150.25,,2,212.93,24 / 26,130620,2019-11-06 10:43:57:963,0.3288,-0.3497,9.7655,-0.0008,0.0024,9.8066,0.0076,-0.0112,-0.0034,-8.56,-34.56,33.0,150.61,-86.77,-15.72,0.0,1.1526666666666667,1.0,52.55532711111111,-1.4590096
52.555327,-1.4590097,150.25,,2,212.93,24 / 26,130720,2019-11-06 10:43:58:063,0.4213,-0.6119,9.7805,0.0033,0.0044,9.8066,-0.0049,0.0024,-0.0052,-8.62,-34.19,32.63,151.07,-86.76,-15.19,0.0,1.162,1.0,52.555327,-1.4590097
52.555326888888885,-1.4590098,150.25,,2,212.93,24 / 26,130820,2019-11-06 10:43:58:163,0.3143,-0.3658,9.7875,0.0024,0.0017,9.8066,0.0055,0.0058,0.0077,-8.75,-34.5,32.38,151.07,-86.76,-15.19,0.0,1.1713333333333333,1.0,52.555326888888885,-1.4590098
52.55532677777778,-1.4590099,150.25,,2,212.93,24 / 26,130923,2019-11-06 10:43:58:266,0.2762,-0.6036,9.8081,0.0027,0.0013,9.8066,0.0051,0.0164,-0.0012,-7.94,-34.62,33.0,152.92,-86.76,-14.89,0.0,1.1806666666666668,1.0,52.55532677777778,-1.4590099
52.555326666666666,-1.45901,150.25,,2,212.93,25 / 26,131020,2019-11-06 10:43:58:363,0.2684,-0.6261,9.8025,0.0021,0.0007,9.8065,-0.0048,-0.0348,0.0052,-7.94,-34.31,32.63,153.5,-86.77,-14.28,0.0,1.19,1.0,52.555326666666666,-1.45901
52.55532655555555,-1.4590101,150.25,,2,212.93,25 / 26,131120,2019-11-06 10:43:58:463,0.3384,-0.4852,9.8608,0.0041,0.0009,9.8066,0.0003,-0.0162,-0.0008,-8.62,-34.5,33.31,152.34,-86.78,-13.85,0.0,1.1993333333333334,1.0,52.55532655555555,-1.4590101
52.55532644444445,-1.4590102,150.25,,2,212.93,25 / 26,131220,2019-11-06 10:43:58:563,0.4705,-0.6606,9.82,0.0045,-0.0038,9.8066,0.0052,0.0126,-0.0084,-8.81,-34.12,32.5,152.34,-86.78,-13.85,0.0,1.2086666666666668,1.0,52.55532644444445,-1.4590102
52.55532633333333,-1.4590103,150.25,,2,212.93,25 / 26,131320,2019-11-06 10:43:58:663,0.281,-0.6044,9.8593,0.0034,-0.0027,9.8066,-0.0067,0.0257,-0.0062,-9.19,-34.19,32.94,152.58,-86.82,-13.59,0.0,1.218,1.0,52.55532633333333,-1.4590103
52.55532622222222,-1.4590104,150.25,,2,212.93,25 / 26,131420,2019-11-06 10:43:58:763,0.4009,-0.7658,9.849,0.009,-0.0041,9.8066,0.0104,-0.0069,-0.0212,-8.87,-34.44,32.94,153.18,-86.86,-12.93,0.0,1.2273333333333334,1.0,52.55532622222222,-1.4590104
52.555326111111114,-1.4590105,150.25,,2,212.93,25 / 26,131520,2019-11-06 10:43:58:863,0.4925,-0.5119,9.8163,0.0062,-0.0032,9.8066,-0.0105,-0.0207,0.0172,-9.25,-34.69,32.81,153.18,-86.86,-12.93,0.0,1.2366666666666666,1.0,52.555326111111114,-1.4590105
52.555326,-1.4590106,150.25,,2,212.93,25 / 26,131620,2019-11-06 10:43:58:963,0.3906,-0.5346,9.8502,0.0042,-0.0086,9.8066,0.0003,-0.0174,0.0058,-8.69,-34.0,32.88,153.59,-86.9,-12.5,0.0,1.246,1.0,52.555326,-1.4590106
52.55532588888889,-1.4590107,150.25,,2,212.93,25 / 26,131719,2019-11-06 10:43:59:062,0.3694,-0.8223,9.9251,0.0061,-0.0127,9.8066,0.0177,0.0126,-0.0028,-8.87,-34.62,33.19,153.57,-86.98,-12.51,0.0,1.2553333333333334,1.0,52.55532588888889,-1.4590107
52.555325777777774,-1.4590108,150.25,,2,212.93,25 / 26,131820,2019-11-06 10:43:59:163,0.3039,-0.53,9.8837,0.0056,-0.0068,9.8066,0.0006,0.0089,0.0066,-8.44,-34.56,33.44,155.33,-87.03,-12.29,0.0,1.2646666666666666,1.0,52.555325777777774,-1.4590108
52.55532566666667,-1.4590109,150.25,,2,212.93,25 / 26,131920,2019-11-06 10:43:59:263,0.3763,-0.4569,9.8896,0.0072,-0.0058,9.8066,0.0102,-0.0139,-0.0238,-8.0,-34.62,33.13,155.33,-87.03,-12.29,0.0,1.274,1.0,52.55532566666667,-1.4590109
52.555325555555555,-1.459011,150.25,,2,212.93,26 / 27,132021,2019-11-06 10:43:59:364,0.5031,-0.6742,9.8977,0.0025,-0.0045,9.8066,-0.0082,-0.0188,0.0167,-8.5,-34.37,33.13,155.73,-87.08,-11.82,0.0,1.2833333333333332,1.0,52.555325555555555,-1.459011
52.55532544444444,-1.4590111000000001,150.25,,2,212.93,26 / 27,132120,2019-11-06 10:43:59:463,0.4369,-0.461,9.95,0.0063,-0.0136,9.8066,-0.0062,-0.0003,0.014,-8.12,-34.69,32.5,155.75,-87.16,-11.8,0.0,1.2926666666666666,1.0,52.55532544444444,-1.4590111000000001
52.555325333333336,-1.4590112,150.25,,2,212.93,26 / 27,132220,2019-11-06 10:43:59:563,0.3219,-0.6209,9.8832,0.0052,-0.0069,9.8066,-0.0007,0.0177,0.0085,-8.37,-34.75,32.88,155.75,-87.16,-11.8,0.0,1.302,1.0,52.555325333333336,-1.4590112
52.55532522222222,-1.4590113,150.25,,2,212.93,26 / 27,132320,2019-11-06 10:43:59:663,0.1011,-0.4082,9.8869,0.0001,-0.0044,9.8066,-0.0053,-0.008,-0.0123,-8.31,-34.56,32.63,155.95,-87.21,-11.57,0.0,1.3113333333333332,1.0,52.55532522222222,-1.4590113
52.55532511111111,-1.4590114,150.25,,2,212.93,26 / 27,132420,2019-11-06 10:43:59:763,0.3817,-0.6019,9.9555,0.0036,-0.0052,9.8066,0.014,-0.0099,-0.006,-7.94,-34.19,32.88,155.67,-87.27,-11.81,0.0,1.3206666666666667,1.0,52.55532511111111,-1.4590114
52.555325,-1.4590115,150.25,,2,212.93,26 / 27,132520,2019-11-06 10:43:59:863,0.5014,-0.6015,9.8636,0.0077,-0.0097,9.8066,-0.0086,-0.0019,0.0041,-8.44,-33.87,33.19,155.67,-87.27,-11.81,0.0,1.33,1.0,52.555325,-1.4590115
52.55532488888889,-1.4590116,150.25,,2,212.93,26 / 27,132620,2019-11-06 10:43:59:963,0.2832,-0.4125,9.8519,0.0013,-0.0036,9.8066,0.0096,-0.0047,0.004,-8.25,-34.44,33.06,156.0,-87.34,-11.43,0.0,1.3393333333333333,1.0,52.55532488888889,-1.4590116
52.55532477777778,-1.4590117,150.25,,2,212.93,26 / 27,132719,2019-11-06 10:44:00:062,0.2467,-0.7283,9.9554,0.0025,-0.004,9.8066,0.0074,0.0023,-0.0077,-8.0,-34.12,33.0,155.92,-87.39,-11.5,0.0,1.3486666666666667,1.0,52.55532477777778,-1.4590117
52.555324666666664,-1.4590118,150.25,,2,212.93,26 / 27,132820,2019-11-06 10:44:00:163,0.2513,-0.4816,9.8808,0.0018,-0.0034,9.8066,-0.0114,-0.0089,-0.0047,-8.37,-34.25,32.81,156.19,-87.45,-11.2,0.0,1.358,1.0,52.555324666666664,-1.4590118
52.55532455555556,-1.4590119,150.25,,2,212.93,26 / 27,132920,2019-11-06 10:44:00:263,0.2349,-0.4568,9.8281,0.0023,-0.007,9.8066,-0.0074,-0.0164,0.0045,-8.0,-34.31,33.19,156.19,-87.45,-11.2,0.0,1.3673333333333333,1.0,52.55532455555556,-1.4590119
52.555324444444445,-1.459012,150.25,,2,212.93,24 / 26,133020,2019-11-06 10:44:00:363,0.309,-0.5976,9.8647,0.0072,-0.0105,9.8066,-0.0107,0.0105,0.01,-8.44,-34.37,33.25,154.5,-87.49,-11.29,0.0,1.3766666666666667,1.0,52.555324444444445,-1.459012
52.55532433333333,-1.4590121,150.25,,2,212.93,24 / 26,133119,2019-11-06 10:44:00:462,0.2527,-0.3755,9.8559,0.0017,-0.0048,9.8065,-0.0028,0.0197,0.0103,-8.62,-34.44,32.56,154.74,-87.56,-11.02,0.0,1.386,1.0,52.55532433333333,-1.4590121
52.555324222222225,-1.4590122,150.25,,2,212.93,24 / 26,133220,2019-11-06 10:44:00:563,0.2489,-0.4827,9.819,0.0071,-0.0125,9.8066,0.0127,0.0115,-0.0227,-8.69,-34.12,33.19,154.74,-87.56,-11.02,0.0,1.3953333333333333,1.0,52.555324222222225,-1.4590122
52.55532411111111,-1.4590123,150.25,,2,212.93,24 / 26,133320,2019-11-06 10:44:00:663,0.1361,-0.5696,9.8597,0.0034,-0.0046,9.8066,-0.0001,-0.0048,-0.0002,-8.12,-33.69,32.94,156.43,-87.65,-10.87,0.0,1.4046666666666667,1.0,52.55532411111111,-1.4590123
52.555324,-1.4590124,150.25,,2,212.93,24 / 26,133420,2019-11-06 10:44:00:763,0.2203,-0.4065,9.8253,0.0021,-0.005,9.8066,0.0056,-0.0235,-0.0021,-8.37,-33.87,32.88,156.7,-87.71,-10.56,0.0,1.414,1.0,52.555324,-1.4590124
52.55532388888889,-1.4590125,150.25,,2,212.93,24 / 26,133520,2019-11-06 10:44:00:863,0.3153,-0.4225,9.7822,0.0017,-0.0033,9.8066,0.0009,-0.0016,0.0076,-8.19,-34.06,32.88,156.39,-87.78,-10.86,0.0,1.4233333333333333,1.0,52.55532388888889,-1.4590125
52.55532377777778,-1.4590126,150.25,,2,212.93,24 / 26,133620,2019-11-06 10:44:00:963,0.1415,-0.4884,9.7989,0.0038,-0.0066,9.8066,-0.0068,-0.0022,0.0075,-8.87,-34.31,33.38,156.39,-87.78,-10.86,0.0,1.4326666666666665,1.0,52.55532377777778,-1.4590126
52.555323666666666,-1.4590127,150.25,,2,212.93,24 / 26,133719,2019-11-06 10:44:01:062,0.0456,-0.3139,9.8218,0.0026,-0.0055,9.8066,0.0079,0.0101,0.0111,-8.19,-34.37,32.88,156.72,-87.85,-10.49,0.0,1.442,1.0,52.555323666666666,-1.4590127
52.55532355555555,-1.4590128,150.25,,2,212.93,24 / 26,133820,2019-11-06 10:44:01:163,0.2315,-0.455,9.8105,0.0026,-0.004,9.8066,0.0091,-0.0214,-0.0011,-8.56,-34.25,33.25,154.98,-87.92,-10.62,0.0,1.4513333333333334,1.0,52.55532355555555,-1.4590128
52.55532344444445,-1.4590129,150.25,,2,212.93,24 / 26,133920,2019-11-06 10:44:01:263,0.2476,-0.4595,9.8054,0.0061,-0.0113,9.8066,-0.0105,-0.0209,0.0065,-8.44,-33.87,33.06,154.98,-87.92,-10.62,0.0,1.4606666666666666,1.0,52.55532344444445,-1.4590129
52.555323333333334,-1.4590130000000001,150.25,,2,212.93,23 / 24,134020,2019-11-06 10:44:01:363,0.2472,-0.2512,9.8267,0.0046,-0.0117,9.8066,0.0081,-0.016,-0.005,-8.75,-34.12,33.31,155.07,-88.0,-10.5,0.0,1.47,1.0,52.555323333333334,-1.4590130000000001
52.55532322222222,-1.4590131,150.25,,2,212.93,23 / 24,134120,2019-11-06 10:44:01:463,0.3404,-0.4484,9.8493,0.0004,-0.0029,9.8066,-0.0026,0.018,-0.0038,-8.5,-34.37,33.69,156.64,-88.09,-10.85,0.0,1.4793333333333334,1.0,52.55532322222222,-1.4590131
52.555323111111115,-1.4590132,150.25,,2,212.93,23 / 24,134220,2019-11-06 10:44:01:563,0.2236,-0.4901,9.8884,0.0021,-0.0085,9.8066,0.0107,0.0158,-0.0012,-8.12,-34.37,33.0,156.01,-88.14,-11.11,0.0,1.4886666666666666,1.0,52.555323111111115,-1.4590132
52.555323,-1.4590133,150.25,,2,212.93,23 / 24,134319,2019-11-06 10:44:01:662,0.2798,-0.2995,9.8877,0.0029,-0.0084,9.8066,0.0083,0.0186,-0.0037,-8.75,-34.56,33.06,156.01,-88.14,-11.11,0.0,1.498,1.0,52.555323,-1.4590133
52.55532288888889,-1.4590134000000001,150.25,,2,212.93,23 / 24,134419,2019-11-06 10:44:01:762,0.3873,-0.5039,9.8661,0.0022,-0.0062,9.8066,-0.0031,-0.0089,-0.0025,-8.5,-34.19,33.25,155.86,-88.2,-11.24,0.0,1.5073333333333334,1.0,52.55532288888889,-1.4590134000000001
52.55532277777778,-1.4590135,150.25,,2,212.93,23 / 24,134520,2019-11-06 10:44:01:863,0.264,-0.0957,9.9856,0.0054,-0.0085,9.8066,-0.0039,-0.0115,0.002,-8.44,-34.44,32.94,156.11,-88.25,-10.96,0.0,1.5166666666666666,1.0,52.55532277777778,-1.4590135
52.55532266666667,-1.4590136,150.25,,2,212.93,23 / 24,134620,2019-11-06 10:44:01:963,0.0511,0.0155,9.8296,0.0029,-0.006,9.8066,-0.0019,0.009,-0.0002,-7.94,-34.25,32.94,156.11,-88.25,-10.96,0.0,1.526,1.0,52.55532266666667,-1.4590136
52.555322555555556,-1.4590137,150.25,,2,212.93,23 / 24,134719,2019-11-06 10:44:02:062,0.2662,-0.4073,9.9461,0.002,-0.0035,9.8066,-0.0222,0.0097,0.0157,-8.56,-34.19,33.06,156.14,-88.29,-10.91,0.0,1.5353333333333332,1.0,52.555322555555556,-1.4590137
52.55532244444444,-1.4590138000000001,150.25,,2,212.93,23 / 24,134820,2019-11-06 10:44:02:163,0.039,-0.2758,9.947,0.003,-0.0028,9.8066,0.0196,0.0036,0.0064,-8.31,-33.94,33.44,156.22,-88.32,-10.82,0.0,1.5446666666666666,1.0,52.55532244444444,-1.4590138000000001
52.555322333333336,-1.4590139,150.25,,2,212.93,23 / 24,134920,2019-11-06 10:44:02:263,0.1846,-0.4721,9.957,0.0093,-0.0142,9.8065,-0.0005,0.0072,-0.0139,-8.37,-34.31,32.94,156.76,-88.41,-10.23,0.0,1.554,1.0,52.555322333333336,-1.4590139
52.55532222222222,-1.459014,150.25,,2,212.93,24 / 25,135020,2019-11-06 10:44:02:363,0.4068,-0.5462,9.8698,0.0078,-0.012,9.8066,0.0138,0.0055,-0.0116,-8.44,-34.37,33.5,156.76,-88.41,-10.23,0.0,1.5633333333333332,1.0,52.55532222222222,-1.459014
52.55532211111111,-1.4590141,150.25,,2,212.93,24 / 25,135120,2019-11-06 10:44:02:463,0.3685,-0.6761,9.8198,0.0026,-0.0095,9.8066,0.0081,0.0176,-0.0002,-8.31,-34.25,32.75,157.26,-88.5,-9.69,0.0,1.5726666666666667,1.0,52.55532211111111,-1.4590141
52.555322000000004,-1.4590142000000001,150.25,,2,212.93,24 / 25,135220,2019-11-06 10:44:02:563,0.2483,-0.7526,9.8791,0.0013,-0.0057,9.8065,-0.0035,-0.0047,0.0078,-8.31,-34.12,33.38,156.84,-88.59,-10.08,0.0,1.5819999999999999,1.0,52.555322000000004,-1.4590142000000001
52.55532188888889,-1.4590143,150.25,,2,212.93,24 / 25,135320,2019-11-06 10:44:02:663,0.196,-0.835,9.8824,0.0022,-0.0109,9.8066,0.0019,-0.0256,0.0068,-8.5,-34.19,33.56,156.84,-88.59,-10.08,0.0,1.5913333333333333,1.0,52.55532188888889,-1.4590143
52.55532177777778,-1.4590144,150.25,,2,212.93,24 / 25,135420,2019-11-06 10:44:02:763,0.1902,-0.259,9.8019,-0.0024,-0.0006,9.8066,-0.0045,-0.0175,0.0025,-9.12,-34.5,34.38,156.64,-88.65,-10.64,0.0,1.6006666666666667,1.0,52.55532177777778,-1.4590144
52.55532166666667,-1.4590145,150.25,,2,212.93,24 / 25,135520,2019-11-06 10:44:02:863,0.2068,-0.4573,9.7821,-0.0012,-0.0005,9.8066,-0.0048,0.0089,0.0054,-9.37,-34.62,35.0,154.6,-88.65,-11.53,0.0,1.6099999999999999,1.0,52.55532166666667,-1.4590145
52.55532155555556,-1.4590146000000002,150.25,,2,212.93,24 / 25,135620,2019-11-06 10:44:02:963,0.1521,-0.4931,9.8573,-0.0006,-0.0015,9.8066,-0.0194,-0.0095,-0.0057,-9.44,-34.81,35.0,154.17,-88.66,-11.97,0.0,1.6193333333333333,1.0,52.55532155555556,-1.4590146000000002
52.555321444444445,-1.4590147,150.25,,2,212.93,24 / 25,135719,2019-11-06 10:44:03:062,-0.0168,-0.3225,9.8782,-0.0022,-0.0028,9.8066,-0.0008,-0.0247,0.012,-9.31,-34.56,34.69,154.17,-88.66,-11.97,0.0,1.6286666666666667,1.0,52.555321444444445,-1.4590147
52.55532133333333,-1.4590148,150.25,,2,212.93,24 / 25,135819,2019-11-06 10:44:03:162,0.3033,-0.7983,9.7227,-0.0023,-0.0032,9.8066,-0.012,-0.0437,-0.0013,-8.81,-34.56,34.44,153.26,-88.68,-12.87,0.0,1.638,1.0,52.55532133333333,-1.4590148
52.555321222222226,-1.4590149000000001,150.25,,2,212.93,24 / 25,135919,2019-11-06 10:44:03:262,0.2125,-0.3302,9.6833,-0.0057,0.0,9.8066,0.0063,0.0032,0.0078,-8.75,-34.5,34.31,151.28,-88.68,-14.5,0.0,1.6473333333333333,1.0,52.555321222222226,-1.4590149000000001
52.55532111111111,-1.4590150000000002,150.25,,2,212.93,25 / 26,136020,2019-11-06 10:44:03:363,0.2006,-0.6043,9.7943,-0.0118,0.0038,9.8066,-0.0304,-0.0041,0.0162,-9.25,-34.44,33.63,151.28,-88.68,-14.5,0.0,1.6566666666666667,1.0,52.55532111111111,-1.4590150000000002
52.555321,-1.4590151,150.25,,2,212.93,25 / 26,136120,2019-11-06 10:44:03:463,0.2297,-1.2728,9.7624,-0.0294,0.0041,9.8066,0.0051,-0.0301,0.0101,-9.12,-34.44,33.88,149.28,-88.63,-16.58,0.0,1.666,1.0,52.555321,-1.4590151
52.55532088888889,-1.4590152,150.25,,2,212.93,25 / 26,136220,2019-11-06 10:44:03:563,-0.1831,-0.7356,9.9005,-0.011,0.0056,9.8066,-0.0228,-0.0506,0.0054,-9.19,-34.44,33.38,143.79,-88.51,-21.81,0.0,1.6753333333333333,1.0,52.55532088888889,-1.4590152
52.55532077777778,-1.4590153000000001,150.25,,2,212.93,25 / 26,136320,2019-11-06 10:44:03:663,-0.0024,-0.9864,9.6372,-0.0233,0.0226,9.8065,-0.0067,-0.0442,0.0004,-9.25,-34.62,33.25,142.87,-88.33,-22.89,0.0,1.6846666666666665,1.0,52.55532077777778,-1.4590153000000001
52.55532066666667,-1.4590154000000002,150.25,,2,212.93,25 / 26,136420,2019-11-06 10:44:03:763,0.4708,-2.2454,9.4746,-0.0013,-0.011,9.8066,0.0091,-0.0676,0.0079,-8.69,-34.94,32.94,142.87,-88.33,-22.89,0.0,1.694,1.0,52.55532066666667,-1.4590154000000002
52.55532055555556,-1.4590155,150.25,,2,212.93,25 / 26,136520,2019-11-06 10:44:03:863,0.3287,-1.4534,9.4468,0.0022,-0.0043,9.8066,0.0087,-0.0431,-0.0137,-8.69,-34.44,32.19,142.9,-88.37,-24.48,0.0,1.7033333333333334,1.0,52.55532055555556,-1.4590155
52.55532044444445,-1.4590156,150.25,,2,212.93,25 / 26,136620,2019-11-06 10:44:03:963,-0.1943,-3.0557,9.8406,0.0081,-0.0648,9.8064,0.0605,-0.0691,-0.0401,-8.56,-34.56,32.25,136.32,-88.62,-28.97,0.0,1.7126666666666666,1.0,52.55532044444445,-1.4590156
52.555320333333334,-1.4590157000000001,150.25,,2,212.93,25 / 26,136720,2019-11-06 10:44:04:063,-0.1035,-3.6981,10.0324,0.07,-0.1374,9.8054,0.0873,-0.1341,-0.0414,-8.25,-34.0,32.75,136.32,-88.62,-28.97,0.0,1.722,1.0,52.555320333333334,-1.4590157000000001
52.55532022222222,-1.4590158000000002,150.25,,2,212.93,25 / 26,136820,2019-11-06 10:44:04:163,1.0414,-2.1458,10.0776,0.0524,-0.0275,9.8064,0.0685,-0.1887,-0.0083,-7.69,-34.19,32.88,111.32,-89.42,-55.6,0.0,1.7313333333333332,1.0,52.55532022222222,-1.4590158000000002
52.555320111111115,-1.4590159,150.25,,2,212.93,25 / 26,136920,2019-11-06 10:44:04:263,1.6234,-1.2444,10.4314,0.0154,-0.0005,9.8066,-0.0026,-0.1764,-0.0043,-7.25,-34.25,32.81,358.95,-89.97,-169.08,0.0,1.7406666666666666,1.0,52.555320111111115,-1.4590159
52.55532,-1.459016,150.42,1.75,2,216.88,24 / 27,137020,2019-11-06 10:44:04:363,0.7616,-2.6036,9.7015,0.0154,0.0152,9.8066,-0.0778,0.0122,-0.0376,-7.31,-34.0,32.25,238.23,-89.89,70.67,0.0,1.75,1.0,52.55532,-1.459016
52.5553185,-1.4590180000000001,150.42,,2,216.88,24 / 27,137120,2019-11-06 10:44:04:463,0.2245,-2.8486,9.5884,-0.0305,0.0745,9.8062,-0.0536,-0.0076,-0.0022,-7.0,-33.87,32.44,238.23,-89.89,70.67,0.0,1.865,1.0,52.5553185,-1.4590180000000001
52.555317,-1.45902,150.42,,2,216.88,24 / 27,137220,2019-11-06 10:44:04:563,0.6532,-3.3442,9.3489,-0.0256,0.0131,9.8065,-0.019,-0.0785,0.019,-7.25,-33.75,32.5,170.03,-89.5,2.28,0.0,1.98,1.0,52.555317,-1.45902
52.5553155,-1.459022,150.42,,2,216.88,24 / 27,137320,2019-11-06 10:44:04:663,1.5396,-3.0451,9.3303,-0.0015,0.0192,9.8066,-0.0254,-0.1003,0.0396,-6.81,-33.37,32.94,153.49,-89.31,-14.83,0.0,2.0949999999999998,1.0,52.5553155,-1.459022
52.555314,-1.459024,150.42,,2,216.88,24 / 27,137420,2019-11-06 10:44:04:763,1.0915,-1.7139,9.7659,0.0174,0.0669,9.8063,0.0123,-0.0387,-0.0108,-6.56,-33.81,32.63,153.49,-89.31,-14.83,0.0,2.21,1.0,52.555314,-1.459024
52.5553125,-1.4590260000000002,150.42,,2,216.88,24 / 27,137520,2019-11-06 10:44:04:863,-0.3218,-0.2179,10.3523,0.0248,-0.0178,9.8066,0.0614,0.0817,-0.0851,-5.87,-34.0,31.88,169.76,-88.98,0.2,0.0,2.325,1.0,52.5553125,-1.4590260000000002
52.555310999999996,-1.459028,150.42,,2,216.88,24 / 27,137620,2019-11-06 10:44:04:963,0.2029,-2.3137,9.4967,0.0043,0.0007,9.8066,-0.0272,0.1111,-0.0655,-6.19,-34.19,31.63,187.8,-89.28,18.52,0.0,2.44,1.0,52.555310999999996,-1.459028
52.5553095,-1.45903,150.42,,2,216.88,24 / 27,137720,2019-11-06 10:44:05:063,0.9417,-1.0472,9.6519,-0.0113,-0.0171,9.8066,0.0068,0.055,-0.0083,-6.37,-34.19,31.06,186.56,-89.21,17.61,0.0,2.5549999999999997,1.0,52.5553095,-1.45903
52.555308,-1.459032,150.42,,2,216.88,24 / 27,137820,2019-11-06 10:44:05:163,1.3792,-1.1978,9.6508,-0.018,-0.0157,9.8066,0.0241,-0.1311,0.1012,-6.19,-33.75,31.13,186.56,-89.21,17.61,0.0,2.67,1.0,52.555308,-1.459032
52.5553065,-1.459034,150.42,,2,216.88,24 / 27,137920,2019-11-06 10:44:05:263,-0.1112,-1.5575,9.8046,0.0129,-0.0029,9.8066,-0.0155,-0.0531,0.0268,-6.75,-33.94,30.63,179.21,-89.31,10.15,0.0,2.785,1.0,52.5553065,-1.459034
52.555305,-1.459036,150.48,2.9,2,217.9,24 / 25,138020,2019-11-06 10:44:05:363,-0.3129,-1.8,9.6597,0.0311,-0.0025,9.8066,-0.04,0.0876,-0.055,-6.75,-34.31,30.5,192.33,-89.3,25.22,0.0,2.9,1.0,52.555305,-1.459036
52.555302499999996,-1.4590391,150.48,,2,217.9,24 / 25,138120,2019-11-06 10:44:05:463,-0.0409,-1.7377,9.8013,0.0139,0.0297,9.8065,-0.0151,-0.07,0.0377,-6.31,-34.25,30.5,192.33,-89.3,25.22,0.0,2.9979999999999998,1.0,52.555302499999996,-1.4590391
52.555299999999995,-1.4590422,150.48,,2,217.9,24 / 25,138220,2019-11-06 10:44:05:563,1.3231,-1.361,9.6968,0.0165,-0.0008,9.8066,0.0031,-0.0168,0.0198,-7.0,-34.0,30.31,194.99,-89.11,27.97,0.0,3.096,1.0,52.555299999999995,-1.4590422
52.5552975,-1.4590452999999999,150.48,,2,217.9,24 / 25,138320,2019-11-06 10:44:05:663,1.225,-0.8467,9.9084,0.0061,-0.0021,9.8066,-0.0409,-0.0824,0.0818,-7.31,-34.19,30.19,205.51,-89.1,39.07,0.0,3.194,1.0,52.5552975,-1.4590452999999999
52.555295,-1.4590484,150.48,,2,217.9,24 / 25,138420,2019-11-06 10:44:05:763,0.9997,-0.9462,10.0917,0.0029,0.0044,9.8066,0.0069,-0.0349,0.0219,-7.56,-33.94,30.69,208.63,-89.0,43.6,0.0,3.292,1.0,52.555295,-1.4590484
52.5552925,-1.4590515,150.48,,2,217.9,24 / 25,138520,2019-11-06 10:44:05:863,-0.0472,-1.0732,10.3569,0.0026,0.0029,9.8066,0.0236,0.0747,-0.0583,-7.75,-34.31,30.69,208.63,-89.0,43.6,0.0,3.39,1.0,52.5552925,-1.4590515
52.55529,-1.4590546,150.48,,2,217.9,24 / 25,138620,2019-11-06 10:44:05:963,0.4207,-1.2665,10.4129,0.0083,-0.0008,9.8066,0.0065,0.0975,-0.0264,-8.56,-34.56,31.13,208.84,-88.96,43.84,0.0,3.488,1.0,52.55529,-1.4590546
52.5552875,-1.4590577,150.48,,2,217.9,24 / 25,138720,2019-11-06 10:44:06:063,1.0879,-0.8881,9.7998,0.0059,-0.0023,9.8066,0.0477,0.0142,-0.0138,-8.56,-35.12,31.31,212.49,-88.94,49.29,0.0,3.586,1.0,52.5552875,-1.4590577
52.555285000000005,-1.4590607999999998,150.48,,2,217.9,24 / 25,138820,2019-11-06 10:44:06:163,1.2916,-1.1025,10.1461,0.0019,-0.0032,9.8066,-0.0348,-0.0668,0.0789,-8.81,-34.75,31.19,212.49,-88.94,49.29,0.0,3.684,1.0,52.555285000000005,-1.4590607999999998
52.555282500000004,-1.4590638999999999,150.48,,2,217.9,24 / 25,138920,2019-11-06 10:44:06:263,1.1034,-1.2904,9.7394,0.0035,0.0037,9.8066,0.026,-0.0238,0.0344,-8.94,-33.94,32.81,214.04,-88.95,50.35,0.0,3.782,1.0,52.555282500000004,-1.4590638999999999
52.55528,-1.459067,150.53,3.88,2,215.65,25 / 26,139020,2019-11-06 10:44:06:363,-0.1475,-2.0298,9.8772,0.01,-0.0106,9.8066,0.0006,0.1666,-0.0758,-8.19,-34.31,32.38,219.61,-89.0,54.3,0.0,3.88,1.0,52.55528,-1.459067
52.555277000000004,-1.4590708,150.53,,2,215.65,25 / 26,139119,2019-11-06 10:44:06:462,-0.0253,-1.2103,10.1224,0.0355,-0.0211,9.8065,-0.0171,0.0929,-0.0619,-8.06,-34.62,32.88,232.69,-88.93,67.19,0.0,3.983,1.0,52.555277000000004,-1.4590708
52.555274000000004,-1.4590745999999999,150.53,,2,215.65,25 / 26,139220,2019-11-06 10:44:06:563,0.3964,-1.3792,10.137,0.0075,-0.0237,9.8065,0.0169,-0.0207,0.0224,-8.37,-34.75,32.63,232.69,-88.93,67.19,0.0,4.086,1.0,52.555274000000004,-1.4590745999999999
52.555271000000005,-1.4590783999999999,150.53,,2,215.65,25 / 26,139323,2019-11-06 10:44:06:666,2.1728,-1.4325,9.4428,0.0019,0.0205,9.8066,-0.0263,-0.0833,0.0414,-8.56,-34.06,33.56,238.69,-88.97,74.82,0.0,4.189,1.0,52.555271000000005,-1.4590783999999999
52.555268000000005,-1.4590821999999999,150.53,,2,215.65,25 / 26,139420,2019-11-06 10:44:06:763,1.275,-2.102,9.353,-0.0176,0.0297,9.8065,-0.0609,0.0284,0.0596,-7.5,-34.31,33.19,231.0,-88.83,63.88,0.0,4.292,1.0,52.555268000000005,-1.4590821999999999
52.555265,-1.459086,150.53,,2,215.65,25 / 26,139520,2019-11-06 10:44:06:863,-0.3765,-1.1893,9.9335,-0.0554,0.075,9.8061,-0.0516,0.1011,-0.0135,-7.75,-34.5,33.06,231.0,-88.83,63.88,0.0,4.395,1.0,52.555265,-1.459086
52.555262,-1.4590898,150.53,,2,215.65,25 / 26,139620,2019-11-06 10:44:06:963,-0.786,0.4534,10.1268,-0.0047,-0.01,9.8066,0.0221,0.1049,-0.0457,-8.37,-34.75,32.75,205.1,-88.69,39.29,0.0,4.498,1.0,52.555262,-1.4590898
52.555259,-1.4590936,150.53,,2,215.65,25 / 26,139720,2019-11-06 10:44:07:063,-0.2838,-1.1984,9.6847,0.0067,-0.0241,9.8065,0.0435,-0.0416,0.0589,-7.44,-34.37,32.56,217.17,-88.89,49.81,0.0,4.601,1.0,52.555259,-1.4590936
52.555256,-1.4590974,150.53,,2,215.65,25 / 26,139820,2019-11-06 10:44:07:163,1.3866,-1.0872,9.4261,0.0124,-0.0011,9.8066,0.037,-0.0413,0.0348,-7.69,-34.37,32.88,226.16,-89.03,60.49,0.0,4.704,1.0,52.555256,-1.4590974
52.555253,-1.4591012,150.53,,2,215.65,25 / 26,139920,2019-11-06 10:44:07:263,1.7057,-1.3481,9.8988,0.0209,0.0065,9.8066,-0.0027,0.1014,-0.084,-8.19,-34.19,32.69,226.16,-89.03,60.49,0.0,4.807,1.0,52.555253,-1.4591012
52.55525,-1.459105,150.95,4.91,2,214.01,25 / 27,140020,2019-11-06 10:44:07:363,0.7755,-1.4564,10.1991,0.002,-0.0032,9.8066,-0.0364,0.2438,-0.0962,-8.37,-34.37,32.13,226.57,-88.89,61.43,0.0,4.91,1.0,52.55525,-1.459105
52.5552456,-1.4591093000000002,150.95,,2,214.01,25 / 27,140120,2019-11-06 10:44:07:463,-0.4438,-0.9881,9.8228,-0.0308,-0.0149,9.8065,-0.0196,0.2113,-0.0805,-8.37,-33.94,33.0,227.67,-88.89,62.54,0.0,4.992,1.0,52.5552456,-1.4591093000000002
52.5552412,-1.4591136,150.95,,2,214.01,25 / 27,140220,2019-11-06 10:44:07:563,-1.2698,-0.7032,9.1018,-0.0147,-0.0122,9.8066,0.0363,0.2313,-0.1026,-8.19,-34.44,32.69,224.73,-89.08,59.0,0.0,5.074,1.0,52.5552412,-1.4591136
52.5552368,-1.4591179,150.95,,2,214.01,25 / 27,140320,2019-11-06 10:44:07:663,-0.6841,-0.9948,9.3772,0.0151,-0.0027,9.8066,0.0704,-0.0317,0.0146,-8.25,-33.75,32.88,224.73,-89.08,59.0,0.0,5.156000000000001,1.0,52.5552368,-1.4591179
52.5552324,-1.4591222,150.95,,2,214.01,25 / 27,140420,2019-11-06 10:44:07:763,2.7388,-0.4926,9.3318,-0.0038,-0.0117,9.8066,-0.028,0.2651,-0.1612,-8.06,-33.56,33.06,228.99,-89.01,64.98,0.0,5.238,1.0,52.5552324,-1.4591222
52.555228,-1.4591265,150.95,,2,214.01,25 / 27,140520,2019-11-06 10:44:07:863,0.5454,-0.9717,9.8063,-0.019,-0.0017,9.8065,-0.062,0.2764,-0.0931,-8.25,-34.06,33.06,231.02,-89.16,65.3,0.0,5.32,1.0,52.555228,-1.4591265
52.5552236,-1.4591308,150.95,,2,214.01,25 / 27,140620,2019-11-06 10:44:07:963,-0.5931,-1.0194,9.9735,-0.0231,0.0,9.8066,0.0676,-0.1828,0.0824,-8.44,-33.94,32.13,224.17,-89.26,58.74,0.0,5.402,1.0,52.5552236,-1.4591308
52.555219199999996,-1.4591351,150.95,,2,214.01,25 / 27,140720,2019-11-06 10:44:08:063,-0.8988,-1.2809,9.8829,0.0128,0.0093,9.8066,-0.0265,-0.119,0.0746,-8.19,-34.19,32.81,224.17,-89.26,58.74,0.0,5.484,1.0,52.555219199999996,-1.4591351
52.5552148,-1.4591394,150.95,,2,214.01,25 / 27,140820,2019-11-06 10:44:08:163,0.3569,-0.9082,9.7334,0.017,-0.0048,9.8066,0.0108,0.0595,-0.0324,-8.31,-34.19,32.94,228.34,-89.1,62.64,0.0,5.566000000000001,1.0,52.5552148,-1.4591394
52.5552104,-1.4591436999999998,150.95,,2,214.01,25 / 27,140920,2019-11-06 10:44:08:263,1.4287,-0.7898,9.5605,0.0239,-0.0095,9.8066,0.0342,0.1608,-0.1341,-8.69,-34.19,32.31,234.0,-89.02,70.52,0.0,5.648000000000001,1.0,52.5552104,-1.4591436999999998
52.555206,-1.459148,151.31,5.73,2,213.51,25 / 26,141020,2019-11-06 10:44:08:363,0.7836,-1.1424,10.2271,-0.0003,-0.0178,9.8065,-0.0787,0.1497,-0.0462,-8.37,-34.06,33.19,234.0,-89.02,70.52,0.0,5.73,1.0,52.555206,-1.459148
52.5552014,-1.4591528999999999,151.31,,2,213.51,25 / 26,141120,2019-11-06 10:44:08:463,0.1899,-0.68,9.7147,0.0027,0.019,9.8065,-0.0608,0.0277,-0.019,-8.75,-34.19,32.69,241.27,-89.08,75.7,0.0,5.751,1.0,52.5552014,-1.4591528999999999
52.5551968,-1.4591577999999998,151.31,,2,213.51,25 / 26,141220,2019-11-06 10:44:08:563,0.1531,-0.8372,9.5917,-0.0039,-0.0033,9.8066,0.0172,0.0629,0.0135,-9.37,-33.94,32.13,233.4,-89.01,69.91,0.0,5.772,1.0,52.5551968,-1.4591577999999998
52.5551922,-1.4591627,151.31,,2,213.51,25 / 26,141320,2019-11-06 10:44:08:663,1.1427,-0.3829,9.7446,0.0081,-0.0088,9.8066,0.065,0.0988,-0.0977,-8.19,-34.12,32.63,239.42,-89.0,73.9,0.0,5.793,1.0,52.5551922,-1.4591627
52.5551876,-1.4591676,151.31,,2,213.51,25 / 26,141420,2019-11-06 10:44:08:763,0.6865,-0.94,9.513,0.0039,-0.0023,9.8066,-0.048,0.1356,-0.0109,-8.31,-34.75,32.44,239.42,-89.0,73.9,0.0,5.814,1.0,52.5551876,-1.4591676
52.555183,-1.4591725,151.31,,2,213.51,25 / 26,141520,2019-11-06 10:44:08:863,-0.5108,-0.702,9.6589,-0.0058,-0.0049,9.8066,-0.0426,-0.0115,0.0321,-8.5,-34.44,31.75,243.14,-89.03,78.06,0.0,5.835000000000001,1.0,52.555183,-1.4591725
52.5551784,-1.4591774,151.31,,2,213.51,25 / 26,141620,2019-11-06 10:44:08:963,-0.8063,-0.346,9.9117,-0.0036,0.0068,9.8065,-0.0246,-0.1388,0.0809,-8.56,-34.12,32.38,237.78,-89.05,74.31,0.0,5.856000000000001,1.0,52.5551784,-1.4591774
52.5551738,-1.4591823,151.31,,2,213.51,25 / 26,141720,2019-11-06 10:44:09:063,1.5086,0.2985,9.0783,0.0049,0.0314,9.8066,0.0042,-0.046,0.0294,-8.5,-34.5,32.38,237.78,-89.05,74.31,0.0,5.877000000000001,1.0,52.5551738,-1.4591823
52.5551692,-1.4591872000000001,151.31,,2,213.51,25 / 26,141820,2019-11-06 10:44:09:163,1.3444,0.6913,9.6798,-0.0185,0.0026,9.8066,-0.0172,0.1057,-0.0342,-8.75,-34.37,31.19,224.53,-88.86,61.56,0.0,5.898000000000001,1.0,52.5551692,-1.4591872000000001
52.5551646,-1.4591921,151.31,,2,213.51,25 / 26,141920,2019-11-06 10:44:09:263,0.9183,-0.657,9.4566,-0.0245,-0.0155,9.8066,0.0269,-0.0299,0.0552,-9.0,-34.69,31.56,212.06,-88.99,48.33,0.0,5.9190000000000005,1.0,52.5551646,-1.4591921
52.55516,-1.459197,151.7,5.94,2,212.37,25 / 26,142020,2019-11-06 10:44:09:363,0.4724,-0.631,9.8176,-0.036,-0.0426,9.8064,0.0207,-0.0951,0.0913,-9.0,-35.62,32.06,212.06,-88.99,48.33,0.0,5.94,1.0,52.55516,-1.459197
52.555155,-1.4592022,151.7,,2,212.37,25 / 26,142120,2019-11-06 10:44:09:463,0.1817,0.0387,9.8416,-0.0227,-0.0294,9.8066,-0.0095,0.0329,0.0225,-9.37,-34.81,31.44,208.43,-89.31,44.48,0.0,5.974,1.0,52.555155,-1.4592022
52.55515,-1.4592074000000002,151.7,,2,212.37,25 / 26,142219,2019-11-06 10:44:09:562,-1.2763,-0.2689,9.9222,-0.0008,-0.0182,9.8066,0.0308,0.1998,-0.089,-8.94,-34.62,31.75,205.23,-89.63,41.11,0.0,6.008,1.0,52.55515,-1.4592074000000002
52.555145,-1.4592126,151.7,,2,212.37,25 / 26,142320,2019-11-06 10:44:09:663,-0.8182,-0.1521,9.9379,0.0014,-0.0424,9.8065,0.0284,0.0202,0.0468,-8.94,-35.19,32.0,242.11,-89.81,77.99,0.0,6.042000000000001,1.0,52.555145,-1.4592126
52.55514,-1.4592178,151.7,,2,212.37,25 / 26,142420,2019-11-06 10:44:09:763,1.2865,0.9614,9.3067,-0.0132,-0.0406,9.8066,0.0326,-0.2002,0.1061,-9.19,-34.44,32.06,242.11,-89.81,77.99,0.0,6.0760000000000005,1.0,52.55514,-1.4592178
52.555135,-1.459223,151.7,,2,212.37,25 / 26,142520,2019-11-06 10:44:09:863,1.3259,0.3482,9.446,-0.0283,-0.0293,9.8065,0.0873,-0.2172,0.1611,-9.75,-35.06,32.19,329.18,-89.83,164.98,0.0,6.11,1.0,52.555135,-1.459223
52.55513,-1.4592282,151.7,,2,212.37,25 / 26,142620,2019-11-06 10:44:09:963,-0.4514,-0.2453,9.9151,-0.0416,-0.0505,9.8064,0.0125,-0.0297,0.0228,-10.12,-34.44,31.56,17.73,-89.53,-145.07,0.0,6.144,1.0,52.55513,-1.4592282
52.555125,-1.4592334,151.7,,2,212.37,25 / 26,142720,2019-11-06 10:44:10:063,-1.5354,-0.6278,9.9154,0.0026,0.0196,9.8066,-0.0235,0.2452,-0.1505,-10.62,-34.44,31.75,17.73,-89.53,-145.07,0.0,6.178,1.0,52.555125,-1.4592334
52.55512,-1.4592386,151.7,,2,212.37,25 / 26,142820,2019-11-06 10:44:10:163,1.258,0.8562,9.9385,0.0354,0.0064,9.8066,-0.0189,0.1492,-0.0963,-10.19,-34.56,32.19,21.0,-89.64,-141.78,0.0,6.212000000000001,1.0,52.55512,-1.4592386
52.555115,-1.4592438,151.7,,2,212.37,25 / 26,142920,2019-11-06 10:44:10:263,2.0349,0.4066,9.5958,0.0056,-0.0095,9.8066,-0.0164,-0.0444,0.033,-10.69,-34.62,31.75,343.23,-89.69,-177.71,0.0,6.246,1.0,52.555115,-1.4592438
52.55511,-1.459249,152.03,6.28,2,211.47,26 / 27,143020,2019-11-06 10:44:10:363,0.1385,0.0695,10.0353,0.014,-0.0577,9.8065,0.0364,-0.1246,0.0677,-10.87,-33.87,32.13,344.81,-89.35,-176.05,0.0,6.28,1.0,52.55511,-1.459249
52.555105,-1.4592539,152.03,,2,211.47,26 / 27,143119,2019-11-06 10:44:10:462,-0.4078,-1.1724,10.2185,-0.0002,-0.0499,9.8065,0.0771,-0.059,0.0617,-10.19,-34.12,32.25,344.81,-89.35,-176.05,0.0,6.308,1.0,52.555105,-1.4592539
52.555099999999996,-1.4592588,152.03,,2,211.47,26 / 27,143219,2019-11-06 10:44:10:562,-0.2841,0.0286,9.6974,-0.0062,-0.023,9.8066,-0.0314,0.0449,0.0003,-9.5,-34.75,32.56,352.88,-89.06,-171.29,0.0,6.336,1.0,52.555099999999996,-1.4592588
52.555095,-1.4592637,152.03,,2,211.47,26 / 27,143320,2019-11-06 10:44:10:663,1.0972,-0.1446,9.9865,-0.0037,0.0009,9.8066,0.0115,0.1083,-0.0525,-9.62,-35.06,32.31,355.17,-88.86,-167.37,0.0,6.364,1.0,52.555095,-1.4592637
52.55509,-1.4592686,152.03,,2,211.47,26 / 27,143420,2019-11-06 10:44:10:763,0.3865,-0.2125,10.1475,-0.0106,0.0406,9.8065,-0.0914,0.1435,-0.1231,-8.87,-35.12,32.5,355.17,-88.86,-167.37,0.0,6.392,1.0,52.55509,-1.4592686
52.555085,-1.4592735,152.03,,2,211.47,26 / 27,143520,2019-11-06 10:44:10:863,-0.1365,-0.2136,10.1481,-0.0056,0.0025,9.8066,0.0087,-0.115,0.0988,-9.44,-35.81,32.31,0.02,-89.1,-164.73,0.0,6.42,1.0,52.555085,-1.4592735
52.55508,-1.4592784,152.03,,2,211.47,26 / 27,143620,2019-11-06 10:44:10:963,0.0212,0.2206,9.3901,0.0062,-0.0098,9.8066,0.0633,-0.0598,-0.0105,-9.62,-35.44,32.31,6.42,-89.08,-156.33,0.0,6.4479999999999995,1.0,52.55508,-1.4592784
52.555074999999995,-1.4592833,152.03,,2,211.47,26 / 27,143720,2019-11-06 10:44:11:063,-1.0183,-0.1654,9.9616,-0.0052,-0.0161,9.8066,0.029,-0.054,0.0328,-9.12,-36.06,32.75,6.7,-88.95,-158.17,0.0,6.476,1.0,52.555074999999995,-1.4592833
52.55507,-1.4592882,152.03,,2,211.47,26 / 27,143820,2019-11-06 10:44:11:163,-0.5084,-0.299,10.2182,-0.0023,-0.0102,9.8066,-0.0282,-0.0539,0.0189,-9.5,-35.19,32.31,6.7,-88.95,-158.17,0.0,6.504,1.0,52.55507,-1.4592882
52.555065,-1.4592931,152.03,,2,211.47,26 / 27,143920,2019-11-06 10:44:11:263,0.6106,-0.2292,9.2719,-0.0026,0.0026,9.8066,0.0305,-0.0739,-0.0026,-9.0,-35.12,32.81,4.18,-88.96,-158.54,0.0,6.532,1.0,52.555065,-1.4592931
52.55506,-1.459298,152.3,6.56,2,212.05,26 / 27,144020,2019-11-06 10:44:11:363,1.202,-0.6866,8.9069,0.0053,-0.0066,9.8066,-0.036,0.1203,-0.0594,-9.25,-35.12,32.75,9.43,-88.96,-155.49,0.0,6.56,1.0,52.55506,-1.459298
52.5550548,-1.4593037,152.3,,2,212.05,26 / 27,144120,2019-11-06 10:44:11:463,0.4416,-1.928,9.744,-0.0021,-0.0185,9.8066,-0.0995,0.1222,-0.0945,-9.37,-35.06,32.56,9.43,-88.96,-155.49,0.0,6.630999999999999,1.0,52.5550548,-1.4593037
52.5550496,-1.4593094,152.3,,2,212.05,26 / 27,144219,2019-11-06 10:44:11:562,-1.3802,-2.2466,10.2599,-0.0224,0.0139,9.8066,-0.0103,-0.0623,0.0062,-8.5,-35.69,32.63,9.15,-88.85,-155.78,0.0,6.702,1.0,52.5550496,-1.4593094
52.5550444,-1.4593151,152.3,,2,212.05,26 / 27,144320,2019-11-06 10:44:11:663,-0.5869,-1.7719,10.1149,-0.0041,0.0195,9.8066,0.0009,-0.2683,0.1406,-8.31,-35.37,32.63,21.19,-89.0,-145.56,0.0,6.773,1.0,52.5550444,-1.4593151
52.555039199999996,-1.4593208,152.3,,2,212.05,26 / 27,144420,2019-11-06 10:44:11:763,1.7482,-0.9108,9.2638,0.0041,0.0317,9.8066,0.0022,-0.2422,0.076,-8.81,-34.69,32.0,22.16,-89.18,-142.46,0.0,6.843999999999999,1.0,52.555039199999996,-1.4593208
52.555034,-1.4593265,152.3,,2,212.05,26 / 27,144520,2019-11-06 10:44:11:863,1.5219,1.8452,9.6548,0.0033,0.0077,9.8066,0.0537,-0.283,0.1354,-8.44,-34.75,32.31,22.16,-89.18,-142.46,0.0,6.914999999999999,1.0,52.555034,-1.4593265
52.5550288,-1.4593322,152.3,,2,212.05,26 / 27,144620,2019-11-06 10:44:11:963,-1.1252,0.9875,9.7587,-0.0221,0.0111,9.8066,-0.0999,0.2021,-0.0635,-8.81,-34.94,32.06,22.09,-89.23,-142.51,0.0,6.986,1.0,52.5550288,-1.4593322
52.5550236,-1.4593379,152.3,,2,212.05,26 / 27,144720,2019-11-06 10:44:12:063,-2.4275,-0.9544,9.9625,-0.0305,0.0078,9.8066,-0.023,0.1926,-0.1983,-8.12,-35.12,32.5,49.59,-89.2,-117.41,0.0,7.0569999999999995,1.0,52.5550236,-1.4593379
52.5550184,-1.4593436,152.3,,2,212.05,26 / 27,144820,2019-11-06 10:44:12:163,-1.1653,-3.1875,8.6496,-0.0526,0.0404,9.8063,-0.0455,-0.0238,-0.0189,-8.25,-34.87,32.56,49.59,-89.2,-117.41,0.0,7.127999999999999,1.0,52.5550184,-1.4593436
52.5550132,-1.4593493,152.3,,2,212.05,26 / 27,144920,2019-11-06 10:44:12:263,0.1274,-1.8958,9.5354,0.0163,-0.009,9.8066,-0.0112,-0.2287,0.1242,-8.44,-34.87,31.63,71.21,-89.04,-94.03,0.0,7.199,1.0,52.5550132,-1.4593493
52.555008,-1.459355,152.54,7.27,2,215.29,26 / 27,145020,2019-11-06 10:44:12:363,-0.5356,-0.4472,9.9782,0.0187,-0.0143,9.8066,0.0421,-0.0762,0.0057,-8.19,-35.25,32.0,59.32,-89.17,-107.41,0.0,7.27,1.0,52.555008,-1.459355
52.555002200000004,-1.4593616999999999,152.54,,2,215.29,26 / 27,145120,2019-11-06 10:44:12:463,-1.1912,-0.383,10.393,-0.0087,0.0208,9.8066,-0.1311,-0.0514,-0.0411,-7.94,-34.81,31.5,45.43,-89.36,-121.02,0.0,7.340999999999999,1.0,52.555002200000004,-1.4593616999999999
52.5549964,-1.4593684,152.54,,2,215.29,26 / 27,145220,2019-11-06 10:44:12:563,0.9787,-2.2724,9.5378,0.0056,0.0527,9.8064,0.0366,-0.0856,0.0135,-8.5,-35.19,31.81,45.43,-89.36,-121.02,0.0,7.412,1.0,52.5549964,-1.4593684
52.5549906,-1.4593751,152.54,,2,215.29,26 / 27,145320,2019-11-06 10:44:12:663,0.6733,-0.5318,9.9902,0.0144,-0.0301,9.8066,0.0058,0.0126,-0.0672,-8.25,-35.25,31.25,62.1,-89.6,-104.24,0.0,7.483,1.0,52.5549906,-1.4593751
52.5549848,-1.4593818,152.54,,2,215.29,26 / 27,145420,2019-11-06 10:44:12:763,0.6473,-1.0709,10.2588,0.0202,-0.0069,9.8066,-0.0435,-0.0187,-0.0005,-7.5,-34.75,31.25,30.42,-89.45,-137.16,0.0,7.554,1.0,52.5549848,-1.4593818
52.554979,-1.4593885,152.54,,2,215.29,26 / 27,145520,2019-11-06 10:44:12:863,0.3817,-1.3139,9.9294,0.0416,-0.0432,9.8064,0.0448,-0.0464,-0.1131,-7.19,-34.69,31.38,30.42,-89.45,-137.16,0.0,7.625,1.0,52.554979,-1.4593885
52.5549732,-1.4593952,152.54,,2,215.29,26 / 27,145620,2019-11-06 10:44:12:963,-0.6374,-0.0961,10.0587,0.0404,-0.0379,9.8064,-0.0378,-0.1161,0.0624,-7.5,-34.75,31.31,2.44,-89.28,-164.87,0.0,7.696,1.0,52.5549732,-1.4593952
52.554967399999995,-1.4594019,152.54,,2,215.29,26 / 27,145720,2019-11-06 10:44:13:063,-0.2579,-1.9165,9.8374,0.0227,-0.0092,9.8065,0.076,-0.172,-0.0961,-7.19,-34.75,31.19,342.3,-89.1,175.32,0.0,7.767,1.0,52.554967399999995,-1.4594019
52.5549616,-1.4594086,152.54,,2,215.29,26 / 27,145819,2019-11-06 10:44:13:162,-0.5122,-0.6973,9.8747,0.0304,0.0019,9.8065,-0.0451,-0.1836,0.042,-7.12,-34.37,30.44,331.28,-89.05,164.93,0.0,7.838,1.0,52.5549616,-1.4594086
52.5549558,-1.4594153,152.54,,2,215.29,26 / 27,145920,2019-11-06 10:44:13:263,-1.1615,-0.2701,9.7983,0.0161,0.0327,9.8065,0.0267,-0.1316,-0.0649,-6.5,-34.81,31.31,331.28,-89.05,164.93,0.0,7.909000000000001,1.0,52.5549558,-1.4594153
52.55495,-1.459422,152.76,7.98,2,221.2,25 / 26,146021,2019-11-06 10:44:13:364,-1.004,-1.4242,9.5364,0.0042,0.011,9.8066,-0.0481,-0.2656,0.1233,-6.37,-35.37,30.25,321.16,-89.15,153.08,0.0,7.98,1.0,52.55495,-1.459422
52.554945,-1.4594303,152.76,,2,221.2,25 / 26,146120,2019-11-06 10:44:13:463,-2.5111,0.4263,9.6631,-0.0029,0.0048,9.8066,-0.0249,-0.1658,0.0206,-6.31,-34.69,30.13,316.96,-89.18,148.91,0.0,7.9910000000000005,1.0,52.554945,-1.4594303
52.55494,-1.4594386,152.76,,2,221.2,25 / 26,146220,2019-11-06 10:44:13:563,-2.0189,0.096,9.8133,0.0054,0.0011,9.8066,0.0226,-0.0129,-0.0959,-6.06,-34.94,30.5,316.96,-89.18,148.91,0.0,8.002,1.0,52.55494,-1.4594386
52.554935,-1.4594469,152.76,,2,221.2,25 / 26,146320,2019-11-06 10:44:13:663,0.1608,0.2403,10.0676,-0.0026,0.003,9.8066,0.07,-0.2356,0.0952,-6.0,-35.06,29.06,314.63,-89.16,147.02,0.0,8.013,1.0,52.554935,-1.4594469
52.55493,-1.4594552,152.76,,2,221.2,25 / 26,146420,2019-11-06 10:44:13:763,-0.854,0.5413,10.6484,-0.0235,-0.021,9.8066,-0.0054,-0.2738,0.0407,-5.94,-34.94,30.0,318.55,-89.14,150.51,0.0,8.024000000000001,1.0,52.55493,-1.4594552
52.554925,-1.4594635,152.76,,2,221.2,25 / 26,146520,2019-11-06 10:44:13:863,-2.2237,-0.344,9.4067,-0.0134,-0.0152,9.8066,0.0986,-0.2941,0.1122,-5.75,-34.69,29.06,336.18,-89.09,168.31,0.0,8.035,1.0,52.554925,-1.4594635
52.55492,-1.4594718,152.76,,2,221.2,25 / 26,146620,2019-11-06 10:44:13:963,-0.7485,-0.9943,9.5438,-0.0347,-0.0121,9.8065,-0.0579,-0.3328,0.0992,-5.62,-34.56,29.19,336.18,-89.09,168.31,0.0,8.046,1.0,52.55492,-1.4594718
52.554915,-1.4594801,152.76,,2,221.2,25 / 26,146720,2019-11-06 10:44:14:063,0.6014,0.338,9.4113,-0.0058,0.0063,9.8066,-0.037,-0.0771,-0.1351,-5.25,-35.25,28.25,350.41,-89.04,-179.62,0.0,8.057,1.0,52.554915,-1.4594801
52.55491,-1.4594884000000001,152.76,,2,221.2,25 / 26,146820,2019-11-06 10:44:14:163,0.1759,0.0617,9.6186,-0.0157,0.0064,9.8066,-0.0483,-0.0517,-0.0404,-5.69,-34.75,28.44,359.92,-89.22,-167.98,0.0,8.068,1.0,52.55491,-1.4594884000000001
52.554905000000005,-1.4594967,152.76,,2,221.2,25 / 26,146920,2019-11-06 10:44:14:263,-0.7914,-0.0896,10.095,-0.034,0.01,9.8066,-0.0138,-0.409,0.1551,-5.62,-35.5,28.44,359.92,-89.22,-167.98,0.0,8.079,1.0,52.554905000000005,-1.4594967
52.5549,-1.459505,152.92,8.09,2,230.79,25 / 26,147019,2019-11-06 10:44:14:362,-1.4064,-1.6541,9.618,-0.0369,-0.014,9.8065,0.0511,-0.4246,0.1471,-5.06,-35.25,27.69,17.61,-89.25,-152.55,0.0,8.09,1.0,52.5549,-1.459505
52.5548955,-1.4595148,152.92,,2,230.79,25 / 26,147119,2019-11-06 10:44:14:462,-2.281,-1.8292,10.1958,0.0018,-0.0206,9.8066,0.0436,-0.0839,0.0796,-5.19,-35.25,28.19,29.81,-88.8,-140.81,0.0,8.158,1.0,52.5548955,-1.4595148
52.554891000000005,-1.4595246,152.92,,2,230.79,25 / 26,147221,2019-11-06 10:44:14:564,0.3489,-1.4005,10.1632,0.0046,-0.0502,9.8064,0.019,0.0651,-0.1858,-5.06,-35.06,26.88,22.73,-88.55,-147.5,0.0,8.225999999999999,1.0,52.554891000000005,-1.4595246
52.5548865,-1.4595344000000001,152.92,,2,230.79,25 / 26,147320,2019-11-06 10:44:14:663,0.9999,0.33,10.1551,0.0245,-0.0526,9.8065,0.0522,0.0336,-0.1337,-4.87,-34.87,27.06,22.73,-88.55,-147.5,0.0,8.294,1.0,52.5548865,-1.4595344000000001
52.554882000000006,-1.4595442,152.92,,2,230.79,25 / 26,147420,2019-11-06 10:44:14:763,-1.7623,1.6971,10.5905,-0.0549,0.0163,9.8064,-0.1147,-0.2165,0.2171,-4.44,-35.37,26.44,16.22,-88.3,-155.97,0.0,8.362,1.0,52.554882000000006,-1.4595442
52.5548775,-1.459554,152.92,,2,230.79,25 / 26,147520,2019-11-06 10:44:14:863,-1.9909,-0.3032,10.3372,-0.0806,0.043,9.8062,0.0048,-0.2339,0.0487,-5.12,-34.75,27.06,32.88,-88.32,-137.8,0.0,8.43,1.0,52.5548775,-1.459554
52.554873,-1.4595638,152.92,,2,230.79,25 / 26,147620,2019-11-06 10:44:14:963,-0.4026,0.2948,10.4911,-0.0527,0.0429,9.8064,-0.0352,-0.2746,0.1584,-5.06,-35.44,26.81,32.88,-88.32,-137.8,0.0,8.498,1.0,52.554873,-1.4595638
52.554868500000005,-1.4595736,152.92,,2,230.79,25 / 26,147720,2019-11-06 10:44:15:063,-1.8292,-2.5655,10.4809,-0.0487,0.0052,9.8064,-0.0316,-0.1039,-0.0038,-4.87,-35.5,26.5,46.58,-88.32,-124.2,0.0,8.565999999999999,1.0,52.554868500000005,-1.4595736
52.554864,-1.4595834,152.92,,2,230.79,25 / 26,147820,2019-11-06 10:44:15:163,-0.0154,-1.4269,10.4929,0.0064,0.02,9.8066,0.093,-0.2223,0.0488,-4.94,-35.5,26.13,53.57,-88.12,-117.55,0.0,8.634,1.0,52.554864,-1.4595834
52.554859500000006,-1.4595932,152.92,,2,230.79,25 / 26,147920,2019-11-06 10:44:15:263,0.156,-1.315,9.8546,-0.0275,0.0548,9.8064,-0.0956,-0.1933,0.0562,-4.75,-34.44,25.19,64.38,-88.15,-106.55,0.0,8.702,1.0,52.554859500000006,-1.4595932
52.554855,-1.459603,153.09,8.77,2,238.93,25 / 26,148023,2019-11-06 10:44:15:366,-4.0324,-2.3866,12.1734,-0.0209,0.0276,9.8065,0.0829,-0.1234,0.1459,-4.75,-35.12,24.63,64.38,-88.15,-106.55,0.0,8.77,1.0,52.554855,-1.459603
52.5548512,-1.4596145,153.09,,2,238.93,25 / 26,148120,2019-11-06 10:44:15:463,-6.0191,-1.7395,10.8433,0.0627,0.0335,9.8063,-0.0563,0.4381,-0.2986,-3.94,-36.0,24.94,69.36,-87.78,-104.52,0.0,8.846,1.0,52.5548512,-1.4596145
52.5548474,-1.459626,153.09,,2,238.93,25 / 26,148220,2019-11-06 10:44:15:563,-2.8311,-0.9056,10.9619,-0.0091,0.0138,9.8066,-0.1374,0.2888,-0.384,-4.0,-35.94,25.06,74.93,-88.1,-98.6,0.0,8.921999999999999,1.0,52.5548474,-1.459626
52.554843600000005,-1.4596375,153.09,,2,238.93,25 / 26,148320,2019-11-06 10:44:15:663,4.0083,-0.7855,10.2501,0.0167,0.0427,9.8065,-0.0472,-0.5542,0.1805,-3.62,-35.87,24.81,74.93,-88.1,-98.6,0.0,8.998,1.0,52.554843600000005,-1.4596375
52.5548398,-1.459649,153.09,,2,238.93,25 / 26,148420,2019-11-06 10:44:15:763,-0.7979,-1.1539,9.0915,0.1362,0.0383,9.8056,0.0353,-0.6695,0.4286,-3.75,-35.81,24.63,84.04,-88.25,-91.55,0.0,9.074,1.0,52.5548398,-1.459649
52.554836,-1.4596605,153.09,,2,238.93,25 / 26,148520,2019-11-06 10:44:15:863,-5.7387,-3.3642,9.3792,0.0137,-0.0031,9.8065,-0.0599,-0.1252,-0.0181,-3.44,-35.56,24.19,102.84,-89.26,-71.11,0.0,9.15,1.0,52.554836,-1.4596605
52.5548322,-1.459672,153.09,,2,238.93,25 / 26,148620,2019-11-06 10:44:15:963,-3.4285,-4.43,9.1597,0.0087,-0.0185,9.8066,-0.0636,0.5706,-0.3823,-3.0,-36.25,23.94,94.78,-89.32,-79.1,0.0,9.225999999999999,1.0,52.5548322,-1.459672
52.5548284,-1.4596835000000001,153.09,,2,238.93,25 / 26,148720,2019-11-06 10:44:16:063,4.7477,-3.3946,8.8674,0.0081,-0.0281,9.8066,-0.0526,0.0821,-0.0501,-2.62,-35.94,23.94,94.78,-89.32,-79.1,0.0,9.302,1.0,52.5548284,-1.4596835000000001
52.5548246,-1.459695,153.09,,2,238.93,25 / 26,148820,2019-11-06 10:44:16:163,4.7524,-3.0211,8.8444,0.0936,-0.0297,9.8061,0.06,-0.3967,0.1967,-3.0,-35.12,23.81,80.15,-89.36,-93.64,0.0,9.378,1.0,52.5548246,-1.459695
52.5548208,-1.4597065,153.09,,2,238.93,25 / 26,148920,2019-11-06 10:44:16:263,-0.8716,-3.3692,9.9221,0.144,-0.043,9.8054,0.078,-0.5184,0.2633,-2.62,-35.31,23.81,327.92,-89.58,155.36,0.0,9.453999999999999,1.0,52.5548208,-1.4597065
52.554817,-1.459718,153.22,9.53,2,243.46,26 / 27,149020,2019-11-06 10:44:16:363,-3.0242,-3.5099,9.8033,0.043,-0.0357,9.8065,0.0397,-0.1524,0.0119,-3.19,-34.69,23.94,327.92,-89.58,155.36,0.0,9.53,1.0,52.554817,-1.459718
52.5548133,-1.4597310000000001,153.22,,2,243.46,26 / 27,149120,2019-11-06 10:44:16:463,-4.0277,-0.1346,10.5351,-0.0227,-0.0506,9.8064,-0.0797,0.2415,-0.2256,-2.75,-35.19,23.75,319.59,-89.26,147.41,0.0,9.604,1.0,52.5548133,-1.4597310000000001
52.5548096,-1.4597440000000002,153.22,,2,243.46,26 / 27,149220,2019-11-06 10:44:16:563,0.728,2.2578,8.8816,0.033,-0.0146,9.8066,-0.1115,0.1218,-0.0184,-2.19,-35.69,23.44,340.44,-89.08,165.89,0.0,9.677999999999999,1.0,52.5548096,-1.4597440000000002
52.5548059,-1.459757,153.22,,2,243.46,26 / 27,149324,2019-11-06 10:44:16:667,0.6086,2.8276,8.8904,0.0758,-0.0235,9.8062,0.0694,0.0411,-0.0816,-3.06,-35.0,24.0,320.42,-88.74,148.71,0.0,9.751999999999999,1.0,52.5548059,-1.459757
52.5548022,-1.45977,153.22,,2,243.46,26 / 27,149420,2019-11-06 10:44:16:763,-3.3849,2.5484,9.65,0.0316,-0.0587,9.8064,0.1786,-0.2094,-0.0525,-3.0,-35.5,23.31,320.42,-88.74,148.71,0.0,9.825999999999999,1.0,52.5548022,-1.45977
52.554798500000004,-1.459783,153.22,,2,243.46,26 / 27,149519,2019-11-06 10:44:16:862,-2.994,0.5895,9.7033,-0.0085,-0.0506,9.8065,0.0222,-0.1231,0.1591,-2.94,-35.06,23.69,324.96,-88.36,151.37,0.0,9.9,1.0,52.554798500000004,-1.459783
52.5547948,-1.459796,153.22,,2,243.46,26 / 27,149620,2019-11-06 10:44:16:963,-1.1755,-1.2003,9.8844,-0.0057,-0.0474,9.8065,0.052,0.2284,-0.1853,-2.06,-35.31,23.38,338.34,-87.9,164.5,0.0,9.974,1.0,52.5547948,-1.459796
52.5547911,-1.4598090000000001,153.22,,2,243.46,26 / 27,149720,2019-11-06 10:44:17:063,4.1721,-1.8507,8.6672,0.0188,-0.0328,9.8065,-0.1245,0.4,-0.2683,-2.5,-35.37,23.63,338.34,-87.9,164.5,0.0,10.048,1.0,52.5547911,-1.4598090000000001
52.5547874,-1.459822,153.22,,2,243.46,26 / 27,149820,2019-11-06 10:44:17:163,1.191,-1.709,9.6968,0.0015,0.0334,9.8066,-0.1782,0.0457,-0.0006,-2.12,-35.62,24.06,337.62,-87.68,163.72,0.0,10.122,1.0,52.5547874,-1.459822
52.5547837,-1.459835,153.22,,2,243.46,26 / 27,149920,2019-11-06 10:44:17:263,-0.7148,-0.4412,10.0995,-0.0135,0.0197,9.8066,0.1107,-0.1803,-0.0341,-2.69,-35.0,23.31,332.96,-88.08,161.73,0.0,10.196,1.0,52.5547837,-1.459835
52.55478,-1.459848,153.34,10.27,2,244.94,26 / 27,150020,2019-11-06 10:44:17:363,-1.5399,1.2727,10.6447,-0.017,0.0239,9.8065,-0.0209,-0.2229,0.1281,-2.69,-35.37,23.38,333.95,-88.25,162.55,0.0,10.27,1.0,52.55478,-1.459848
52.554776000000004,-1.4598621,153.34,,2,244.94,26 / 27,150120,2019-11-06 10:44:17:463,3.677,-2.1905,10.6323,0.0539,-0.0373,9.8064,-0.0317,0.0179,-0.0346,-2.31,-35.06,23.44,333.95,-88.25,162.55,0.0,10.306,1.0,52.554776000000004,-1.4598621
52.554772,-1.4598762,153.34,,2,244.94,26 / 27,150220,2019-11-06 10:44:17:563,3.3091,-1.6997,9.8916,0.039,0.0399,9.8065,0.0216,0.241,-0.2619,-1.81,-34.75,22.81,330.89,-87.91,157.42,0.0,10.342,1.0,52.554772,-1.4598762
52.554768,-1.4598903,153.34,,2,244.94,26 / 27,150321,2019-11-06 10:44:17:664,-0.5982,0.1076,9.9978,0.0407,0.0484,9.8064,0.0467,-0.0215,0.0099,-1.62,-34.87,23.0,320.52,-88.01,147.43,0.0,10.378,1.0,52.554768,-1.4598903
52.554764,-1.4599044,153.34,,2,244.94,26 / 27,150420,2019-11-06 10:44:17:763,-1.2359,1.9279,9.9286,0.0262,-0.0388,9.8065,0.0509,-0.1385,0.0884,-1.75,-35.0,22.88,320.52,-88.01,147.43,0.0,10.414,1.0,52.554764,-1.4599044
52.55476,-1.4599185000000001,153.34,,2,244.94,26 / 27,150520,2019-11-06 10:44:17:863,-1.9368,0.6318,9.2332,-0.0225,-0.0287,9.8066,-0.0103,-0.0471,0.03,-1.19,-35.19,22.69,320.93,-87.74,148.09,0.0,10.450000000000001,1.0,52.55476,-1.4599185000000001
52.554756000000005,-1.4599326,153.34,,2,244.94,26 / 27,150620,2019-11-06 10:44:17:963,0.9354,-1.8109,9.3123,-0.0436,0.0174,9.8065,-0.1056,0.2209,-0.0502,-1.87,-35.0,22.56,326.28,-87.68,153.23,0.0,10.486,1.0,52.554756000000005,-1.4599326
52.554752,-1.4599467,153.34,,2,244.94,26 / 27,150720,2019-11-06 10:44:18:063,0.2494,1.0059,9.6371,-0.118,0.1067,9.8053,-0.0142,0.1719,-0.0799,-1.87,-35.44,21.75,336.22,-88.56,162.34,0.0,10.522,1.0,52.554752,-1.4599467
52.554748000000004,-1.4599608,153.34,,2,244.94,26 / 27,150820,2019-11-06 10:44:18:163,-1.1337,0.9179,11.0586,-0.0129,0.0006,9.8066,-0.0868,-0.172,0.0597,-1.94,-35.06,22.25,336.22,-88.56,162.34,0.0,10.558,1.0,52.554748000000004,-1.4599608
52.554744,-1.4599749,153.34,,2,244.94,26 / 27,150920,2019-11-06 10:44:18:263,-3.9312,0.2885,9.9775,-0.0039,-0.005,9.8066,0.0204,-0.3227,0.2173,-1.87,-35.37,22.5,339.11,-88.6,165.1,0.0,10.594000000000001,1.0,52.554744,-1.4599749
52.55474,-1.459989,153.44,10.63,2,247.01,26 / 27,151021,2019-11-06 10:44:18:364,-4.3761,1.7109,10.2597,0.0093,-0.0199,9.8066,0.1394,-0.1612,0.0399,-1.75,-35.44,21.38,332.89,-88.51,159.46,0.0,10.63,1.0,52.55474,-1.459989
52.554736636363636,-1.4600023636363637,153.44,,2,247.01,26 / 27,151120,2019-11-06 10:44:18:463,-4.299,0.372,11.0519,-0.0539,-0.1088,9.8058,-0.0942,0.403,-0.2072,-2.25,-34.87,21.94,332.89,-88.51,159.46,0.0,10.613636363636365,1.0,52.554736636363636,-1.4600023636363637
52.554733272727276,-1.4600157272727272,153.44,,2,247.01,26 / 27,151221,2019-11-06 10:44:18:564,2.4285,0.5915,9.7668,0.0152,-0.0317,9.8065,-0.0475,0.3089,-0.1833,-2.37,-35.44,21.63,350.02,-88.0,176.04,0.0,10.597272727272728,1.0,52.554733272727276,-1.4600157272727272
52.55472990909091,-1.460029090909091,153.44,,2,247.01,26 / 27,151319,2019-11-06 10:44:18:662,1.7965,1.2789,9.1821,-0.0062,-0.0114,9.8066,0.141,-0.0547,0.011,-2.19,-35.5,22.75,347.99,-87.69,173.69,0.0,10.580909090909092,1.0,52.55472990909091,-1.460029090909091
52.55472654545455,-1.4600424545454547,153.44,,2,247.01,26 / 27,151420,2019-11-06 10:44:18:763,-2.5494,0.4745,10.2474,-0.0143,-0.0039,9.8066,-0.0531,-0.2771,0.0979,-2.37,-35.31,21.5,350.64,-87.68,176.44,0.0,10.564545454545454,1.0,52.55472654545455,-1.4600424545454547
52.55472318181818,-1.4600558181818182,153.44,,2,247.01,26 / 27,151520,2019-11-06 10:44:18:863,-2.8234,1.2308,9.9691,-0.0273,-0.0133,9.8066,0.1334,-0.1578,-0.0326,-2.37,-35.25,21.25,350.64,-87.68,176.44,0.0,10.548181818181819,1.0,52.55472318181818,-1.4600558181818182
52.55471981818182,-1.460069181818182,153.44,,2,247.01,26 / 27,151620,2019-11-06 10:44:18:963,-0.8604,0.9837,10.0603,0.0101,-0.0049,9.8066,-0.0204,0.1297,-0.106,-2.37,-35.62,21.88,355.67,-87.6,-178.59,0.0,10.531818181818181,1.0,52.55471981818182,-1.460069181818182
52.554716454545456,-1.4600825454545454,153.44,,2,247.01,26 / 27,151720,2019-11-06 10:44:19:063,1.2106,0.4614,9.893,0.0037,-0.0155,9.8066,0.0405,0.1042,-0.0708,-1.56,-35.37,21.94,353.69,-87.45,179.33,0.0,10.515454545454546,1.0,52.554716454545456,-1.4600825454545454
52.5547130909091,-1.4600959090909091,153.44,,2,247.01,26 / 27,151820,2019-11-06 10:44:19:163,-0.0403,-0.4486,10.099,0.0074,-0.0183,9.8066,-0.0432,0.0632,-0.0115,-2.19,-34.69,22.19,353.69,-87.45,179.33,0.0,10.499090909090908,1.0,52.5547130909091,-1.4600959090909091
52.55470972727273,-1.4601092727272729,153.44,,2,247.01,26 / 27,151920,2019-11-06 10:44:19:263,0.1198,-0.336,9.96,-0.0109,0.0053,9.8066,0.0562,-0.0583,0.021,-2.44,-35.56,21.88,350.16,-87.34,178.65,0.0,10.482727272727272,1.0,52.55470972727273,-1.4601092727272729
52.55470636363637,-1.4601226363636364,153.44,,2,247.01,25 / 26,152020,2019-11-06 10:44:19:363,-0.0169,-0.4946,10.5846,0.0014,0.0117,9.8066,-0.1505,0.1102,-0.0492,-2.25,-35.62,21.75,354.01,-87.5,179.64,0.0,10.466363636363635,1.0,52.55470636363637,-1.4601226363636364
52.554703,-1.460136,153.53,10.45,2,248.91,25 / 26,152120,2019-11-06 10:44:19:463,1.2925,0.8798,9.1194,-0.0033,0.0011,9.8066,0.0317,0.1635,-0.1193,-2.37,-35.5,21.5,353.66,-87.57,179.28,0.0,10.45,1.0,52.554703,-1.460136
52.55469877777778,-1.4601515555555555,153.53,,2,248.91,25 / 26,152220,2019-11-06 10:44:19:563,2.3322,0.2643,9.2309,0.0053,-0.0284,9.8065,-0.0639,0.0561,0.0335,-2.44,-35.44,20.75,353.04,-87.4,179.01,0.0,10.436666666666666,1.0,52.55469877777778,-1.4601515555555555
52.55469455555556,-1.4601671111111112,153.53,,2,248.91,25 / 26,152319,2019-11-06 10:44:19:662,2.404,1.0745,8.9078,-0.0171,-0.0398,9.8065,0.0997,-0.0906,0.087,-2.62,-36.37,21.69,353.04,-87.4,179.01,0.0,10.423333333333332,1.0,52.55469455555556,-1.4601671111111112
52.55469033333333,-1.4601826666666666,153.53,,2,248.91,25 / 26,152420,2019-11-06 10:44:19:763,-0.6539,1.99,9.9615,-0.0237,-0.0217,9.8065,-0.0243,0.1232,0.0268,-2.5,-35.75,22.13,353.3,-87.18,-178.4,0.0,10.41,1.0,52.55469033333333,-1.4601826666666666
52.55468611111111,-1.4601982222222223,153.53,,2,248.91,25 / 26,152520,2019-11-06 10:44:19:863,-0.6473,1.6826,8.7178,-0.0358,-0.0102,9.8065,0.1246,0.1665,-0.065,-2.94,-35.94,22.13,1.04,-86.88,-171.29,0.0,10.396666666666667,1.0,52.55468611111111,-1.4601982222222223
52.554681888888894,-1.4602137777777777,153.53,,2,248.91,25 / 26,152620,2019-11-06 10:44:19:963,-1.3002,0.5539,10.0998,-0.104,-0.0392,9.806,-0.0408,0.0093,0.0397,-3.19,-36.19,22.38,12.33,-86.58,-161.11,0.0,10.383333333333333,1.0,52.554681888888894,-1.4602137777777777
52.55467766666667,-1.4602293333333334,153.53,,2,248.91,25 / 26,152720,2019-11-06 10:44:20:063,0.0533,2.741,9.3273,-0.0228,0.0381,9.8065,0.0197,-0.0332,0.1461,-3.37,-36.81,22.19,12.33,-86.58,-161.11,0.0,10.37,1.0,52.55467766666667,-1.4602293333333334
52.55467344444445,-1.4602448888888888,153.53,,2,248.91,25 / 26,152820,2019-11-06 10:44:20:163,-0.191,1.2765,10.3899,-0.0141,0.0178,9.8065,-0.1593,0.019,0.0764,-3.75,-35.94,21.56,16.06,-87.07,-154.96,0.0,10.356666666666667,1.0,52.55467344444445,-1.4602448888888888
52.55466922222222,-1.4602604444444445,153.53,,2,248.91,25 / 26,152920,2019-11-06 10:44:20:263,-0.3682,1.7788,9.4474,-0.0038,0.0038,9.8066,0.0426,0.0047,0.0038,-2.94,-36.25,22.69,24.33,-87.24,-150.03,0.0,10.343333333333334,1.0,52.55466922222222,-1.4602604444444445
52.554665,-1.460276,153.6,10.33,2,245.84,26 / 27,153020,2019-11-06 10:44:20:363,-0.8948,1.7373,9.8431,-0.0012,0.0016,9.8066,0.0536,0.093,-0.0863,-2.81,-36.0,22.31,24.33,-87.24,-150.03,0.0,10.33,1.0,52.554665,-1.460276
52.5546608,-1.4602898999999998,153.6,,2,245.84,26 / 27,153120,2019-11-06 10:44:20:463,0.7826,-0.7005,10.2836,-0.0027,0.0282,9.8066,-0.1906,0.1645,0.0022,-2.75,-36.06,22.06,24.28,-87.42,-149.7,0.0,10.346,1.0,52.5546608,-1.4602898999999998
52.5546566,-1.4603038,153.6,,2,245.84,26 / 27,153220,2019-11-06 10:44:20:563,0.2873,0.7199,11.0347,-0.0016,0.0047,9.8066,0.1439,-0.0998,0.0299,-3.5,-36.19,22.25,28.36,-87.61,-145.74,0.0,10.362,1.0,52.5546566,-1.4603038
52.5546524,-1.4603177,153.6,,2,245.84,26 / 27,153320,2019-11-06 10:44:20:663,1.3827,0.1958,10.5732,-0.0066,-0.0069,9.8066,-0.0803,-0.0814,0.1079,-2.81,-35.75,22.81,29.04,-87.55,-145.39,0.0,10.378,1.0,52.5546524,-1.4603177
52.5546482,-1.4603316,153.6,,2,245.84,26 / 27,153420,2019-11-06 10:44:20:763,0.904,-0.2719,10.7941,-0.0078,-0.056,9.8064,0.1222,0.0508,-0.0544,-3.06,-35.69,23.25,29.04,-87.55,-145.39,0.0,10.394,1.0,52.5546482,-1.4603316
52.554643999999996,-1.4603454999999999,153.6,,2,245.84,26 / 27,153520,2019-11-06 10:44:20:863,0.239,-1.7689,10.622,-0.0197,0.009,9.8066,0.0417,0.1037,-0.0928,-2.75,-35.62,22.75,26.03,-87.22,-148.46,0.0,10.41,1.0,52.554643999999996,-1.4603454999999999
52.5546398,-1.4603594,153.6,,2,245.84,26 / 27,153620,2019-11-06 10:44:20:963,0.0822,-0.7525,10.914,-0.0342,0.0334,9.8064,0.1115,0.1113,-0.0674,-3.94,-36.06,22.31,29.0,-87.29,-142.84,0.0,10.426,1.0,52.5546398,-1.4603594
52.5546356,-1.4603733,153.6,,2,245.84,26 / 27,153720,2019-11-06 10:44:21:063,1.0295,0.9459,10.2945,0.0266,-0.0087,9.8066,-0.0598,0.0648,-0.0246,-3.87,-35.06,22.88,29.0,-87.29,-142.84,0.0,10.442,1.0,52.5546356,-1.4603733
52.5546314,-1.4603872,153.6,,2,245.84,26 / 27,153820,2019-11-06 10:44:21:163,0.9212,-1.3421,9.6602,-0.001,0.0004,9.8066,-0.0661,0.0627,0.0392,-3.44,-35.12,22.13,28.29,-87.32,-146.28,0.0,10.458,1.0,52.5546314,-1.4603872
52.5546272,-1.4604011,153.6,,2,245.84,26 / 27,153920,2019-11-06 10:44:21:263,2.107,0.8328,9.3575,-0.0096,0.014,9.8066,0.0338,0.19,-0.197,-3.87,-35.37,22.56,27.63,-87.36,-144.37,0.0,10.474,1.0,52.5546272,-1.4604011
52.554623,-1.460415,153.67,10.49,2,245.6,26 / 26,154020,2019-11-06 10:44:21:363,-0.8998,-1.2726,10.4499,-0.0659,-0.011,9.8064,-0.0365,-0.1262,0.0879,-3.56,-35.69,22.5,27.63,-87.36,-144.37,0.0,10.49,1.0,52.554623,-1.460415
52.554619699999996,-1.4604292,153.67,,2,245.6,26 / 26,154120,2019-11-06 10:44:21:463,-1.5815,1.2313,10.5423,-0.0318,0.0429,9.8064,0.0776,-0.176,0.0215,-3.87,-35.69,22.94,34.44,-87.11,-138.18,0.0,10.521,1.0,52.554619699999996,-1.4604292
52.5546164,-1.4604434,153.67,,2,245.6,26 / 26,154220,2019-11-06 10:44:21:563,-1.2959,1.3897,10.2779,-0.01,-0.0023,9.8066,0.0207,-0.1244,-0.0005,-3.44,-35.5,21.81,43.15,-87.2,-132.15,0.0,10.552,1.0,52.5546164,-1.4604434
52.5546131,-1.4604576,153.67,,2,245.6,26 / 26,154320,2019-11-06 10:44:21:663,-0.7,-0.5344,9.5071,0.001,-0.029,9.8066,0.033,-0.1325,-0.0328,-3.62,-36.19,21.81,38.15,-87.07,-134.5,0.0,10.583,1.0,52.5546131,-1.4604576
52.5546098,-1.4604718,153.67,,2,245.6,26 / 26,154420,2019-11-06 10:44:21:763,-0.0793,1.3128,9.335,0.0348,0.0374,9.8065,0.074,-0.1602,-0.019,-3.56,-35.81,21.94,38.15,-87.07,-134.5,0.0,10.614,1.0,52.5546098,-1.4604718
52.5546065,-1.460486,153.67,,2,245.6,26 / 26,154520,2019-11-06 10:44:21:863,0.2966,0.1633,9.1991,-0.0003,-0.0025,9.8066,-0.0012,-0.2478,0.105,-3.0,-35.62,21.44,37.24,-87.37,-135.05,0.0,10.645,1.0,52.5546065,-1.460486
52.554603199999995,-1.4605002,153.67,,2,245.6,26 / 26,154619,2019-11-06 10:44:21:962,-0.7444,1.3595,9.6188,0.0173,0.0182,9.8065,-0.0915,-0.1044,0.0209,-3.19,-35.94,21.06,39.01,-87.4,-135.67,0.0,10.676,1.0,52.554603199999995,-1.4605002
52.5545999,-1.4605144,153.67,,2,245.6,26 / 26,154719,2019-11-06 10:44:22:062,-0.0665,-0.8342,10.0311,0.0404,-0.0252,9.8065,0.1348,-0.1155,-0.088,-2.81,-35.44,21.0,39.01,-87.4,-135.67,0.0,10.707,1.0,52.5545999,-1.4605144
52.554596599999996,-1.4605286000000002,153.67,,2,245.6,26 / 26,154820,2019-11-06 10:44:22:163,-0.8018,-0.227,10.6699,0.0137,-0.0119,9.8065,-0.0024,0.0859,-0.1094,-2.62,-35.19,21.31,32.42,-87.42,-141.82,0.0,10.738000000000001,1.0,52.554596599999996,-1.4605286000000002
52.5545933,-1.4605428,153.67,,2,245.6,26 / 26,154920,2019-11-06 10:44:22:263,2.6313,-0.5703,9.9916,0.0088,-0.0282,9.8066,0.0162,0.0176,-0.0741,-2.37,-35.81,21.13,29.95,-87.5,-146.76,0.0,10.769,1.0,52.5545933,-1.4605428
52.55459,-1.460557,153.7,10.8,2,249.68,26 / 26,155020,2019-11-06 10:44:22:363,1.4318,0.8117,9.2918,0.0106,0.0248,9.8065,-0.0708,-0.117,0.0492,-3.0,-35.56,21.0,24.61,-87.34,-149.17,0.0,10.8,1.0,52.55459,-1.460557
52.55458636363636,-1.460571,153.7,,2,249.68,26 / 26,155120,2019-11-06 10:44:22:463,-1.8472,0.8467,10.2916,-0.005,0.0248,9.8065,0.0643,-0.2402,0.2004,-2.56,-35.81,21.13,24.61,-87.34,-149.17,0.0,10.812727272727273,1.0,52.55458636363636,-1.460571
52.554582727272724,-1.460585,153.7,,2,249.68,26 / 26,155220,2019-11-06 10:44:22:563,-2.0334,0.0272,10.3221,-0.0226,0.0143,9.8066,0.0239,0.2324,-0.0993,-2.06,-36.19,21.31,29.64,-87.44,-147.25,0.0,10.825454545454546,1.0,52.554582727272724,-1.460585
52.55457909090909,-1.4605990000000002,153.7,,2,249.68,26 / 26,155320,2019-11-06 10:44:22:663,3.6172,0.5437,8.6282,0.0099,-0.0376,9.8065,-0.0845,0.374,-0.152,-2.44,-36.0,21.5,30.7,-87.41,-146.29,0.0,10.838181818181818,1.0,52.55457909090909,-1.4605990000000002
52.55457545454545,-1.4606130000000002,153.7,,2,249.68,26 / 26,155420,2019-11-06 10:44:22:763,4.4113,0.4103,9.0687,-0.0019,-0.061,9.8065,0.004,0.0147,0.0393,-2.56,-36.0,21.25,30.7,-87.41,-146.29,0.0,10.850909090909092,1.0,52.55457545454545,-1.4606130000000002
52.55457181818181,-1.4606270000000001,153.7,,2,249.68,26 / 26,155520,2019-11-06 10:44:22:863,-3.9839,1.5027,9.3144,-0.0791,-0.0346,9.8062,0.094,-0.3305,0.1504,-2.62,-35.94,22.38,24.54,-87.09,-149.69,0.0,10.863636363636363,1.0,52.55457181818181,-1.4606270000000001
52.55456818181818,-1.460641,153.7,,2,249.68,26 / 26,155620,2019-11-06 10:44:22:963,-2.2801,1.4464,10.0013,0.0253,0.0208,9.8065,0.084,-0.4885,0.2871,-3.25,-35.81,21.5,31.67,-86.73,-143.39,0.0,10.876363636363637,1.0,52.55456818181818,-1.460641
52.55456454545455,-1.460655,153.7,,2,249.68,26 / 26,155720,2019-11-06 10:44:23:063,1.4708,1.786,8.9151,0.0511,0.0189,9.8064,0.0687,0.0229,-0.1178,-2.56,-35.81,21.5,27.42,-86.97,-147.11,0.0,10.889090909090909,1.0,52.55456454545455,-1.460655
52.55456090909091,-1.460669,153.7,,2,249.68,26 / 26,155820,2019-11-06 10:44:23:163,2.0757,0.5435,10.1505,-0.0179,-0.0098,9.8066,0.0064,0.3045,-0.1235,-3.31,-35.87,21.81,27.42,-86.97,-147.11,0.0,10.901818181818182,1.0,52.55456090909091,-1.460669
52.55455727272727,-1.4606830000000002,153.7,,2,249.68,26 / 26,155920,2019-11-06 10:44:23:263,-0.7794,0.4165,9.5996,0.0044,-0.0013,9.8066,-0.0602,0.3258,-0.2006,-3.19,-36.12,21.75,28.55,-86.87,-145.89,0.0,10.914545454545454,1.0,52.55455727272727,-1.4606830000000002
52.554553636363636,-1.4606970000000001,153.7,,2,249.68,26 / 26,156019,2019-11-06 10:44:23:362,-2.0778,-0.4906,10.172,0.0109,0.0016,9.8066,0.0592,-0.3672,0.1913,-2.69,-36.31,21.13,27.48,-86.91,-146.85,0.0,10.927272727272728,1.0,52.554553636363636,-1.4606970000000001
52.55455,-1.460711,153.73,10.94,2,249.52,25 / 25,156119,2019-11-06 10:44:23:462,-0.6216,-0.1815,9.8349,0.0204,0.0326,9.8065,0.0154,-0.2826,0.1935,-2.62,-36.12,21.25,27.48,-86.91,-146.85,0.0,10.94,1.0,52.55455,-1.460711
52.55454666666667,-1.4607273333333335,153.73,,2,249.52,25 / 25,156219,2019-11-06 10:44:23:562,4.2062,0.406,9.8151,0.0024,0.046,9.8065,0.0014,-0.1662,0.081,-2.81,-35.69,21.5,27.18,-87.13,-147.2,0.0,10.931111111111111,1.0,52.55454666666667,-1.4607273333333335
52.554543333333335,-1.4607436666666667,153.73,,2,249.52,25 / 25,156319,2019-11-06 10:44:23:662,3.2639,1.6339,9.5986,-0.0178,0.01,9.8066,-0.0004,0.3505,-0.1477,-2.87,-35.75,21.13,29.27,-87.38,-144.8,0.0,10.922222222222222,1.0,52.554543333333335,-1.4607436666666667
52.554539999999996,-1.46076,153.73,,2,249.52,25 / 25,156420,2019-11-06 10:44:23:763,-1.5989,-0.5789,10.3075,-0.0177,0.0017,9.8066,-0.082,0.295,-0.0649,-3.62,-35.44,21.0,28.57,-87.33,-142.76,0.0,10.913333333333332,1.0,52.554539999999996,-1.46076
52.554536666666664,-1.4607763333333335,153.73,,2,249.52,25 / 25,156520,2019-11-06 10:44:23:863,0.97,1.1676,10.0832,0.0489,0.0336,9.8065,0.0706,0.0668,-0.1233,-2.56,-36.25,21.44,28.57,-87.33,-142.76,0.0,10.904444444444444,1.0,52.554536666666664,-1.4607763333333335
52.55453333333333,-1.4607926666666666,153.73,,2,249.52,25 / 25,156620,2019-11-06 10:44:23:963,3.1954,1.3149,10.7632,0.0171,-0.0251,9.8066,-0.0212,-0.1308,0.0868,-2.5,-36.12,20.81,30.03,-87.64,-146.57,0.0,10.895555555555555,1.0,52.55453333333333,-1.4607926666666666
52.55453,-1.460809,153.73,,2,249.52,25 / 25,156720,2019-11-06 10:44:24:063,-0.9345,-0.384,10.6266,-0.0223,0.0023,9.8066,-0.0234,-0.337,0.1357,-2.31,-35.87,21.44,25.44,-87.46,-151.0,0.0,10.886666666666667,1.0,52.55453,-1.460809
52.55452666666666,-1.4608253333333334,153.73,,2,249.52,25 / 25,156820,2019-11-06 10:44:24:163,-2.2249,0.5023,10.2192,-0.0148,0.023,9.8065,-0.0177,-0.0888,-0.0207,-2.81,-35.37,20.94,25.44,-87.46,-151.0,0.0,10.877777777777776,1.0,52.55452666666666,-1.4608253333333334
52.55452333333333,-1.4608416666666666,153.73,,2,249.52,25 / 25,156920,2019-11-06 10:44:24:263,0.7899,1.3003,9.6222,0.0201,0.0186,9.8065,0.0005,0.0776,0.0319,-3.06,-35.94,21.44,28.76,-87.54,-147.84,0.0,10.868888888888888,1.0,52.55452333333333,-1.4608416666666666
52.55452,-1.460858,153.75,10.86,2,248.6,26 / 26,157020,2019-11-06 10:44:24:363,2.521,3.4264,9.3557,0.019,0.0186,9.8066,-0.0694,0.3675,-0.2118,-2.81,-35.87,21.13,24.55,-87.69,-148.97,0.0,10.86,1.0,52.55452,-1.460858
52.5545165,-1.4608728,153.75,,2,248.6,26 / 26,157120,2019-11-06 10:44:24:463,-0.9974,1.5309,9.9102,0.0172,-0.023,9.8066,0.0256,0.2553,-0.1451,-2.56,-35.06,21.0,20.81,-87.6,-152.49,0.0,10.83,1.0,52.5545165,-1.4608728
52.554513,-1.4608876,153.75,,2,248.6,26 / 26,157220,2019-11-06 10:44:24:563,-0.1672,0.334,9.243,0.0202,-0.0312,9.8065,0.0082,-0.0398,0.0412,-2.5,-35.12,21.31,20.81,-87.6,-152.49,0.0,10.799999999999999,1.0,52.554513,-1.4608876
52.554509499999995,-1.4609024,153.75,,2,248.6,26 / 26,157320,2019-11-06 10:44:24:663,-0.9833,-0.5912,10.4976,-0.0005,-0.0014,9.8066,0.0121,-0.0811,0.0503,-2.5,-35.75,21.38,15.48,-87.37,-157.59,0.0,10.77,1.0,52.554509499999995,-1.4609024
52.554505999999996,-1.4609172,153.75,,2,248.6,26 / 26,157420,2019-11-06 10:44:24:763,2.3993,0.7512,9.5711,0.0026,0.0264,9.8065,-0.0877,0.0529,0.0134,-2.06,-35.62,21.69,19.41,-87.62,-156.7,0.0,10.74,1.0,52.554505999999996,-1.4609172
52.5545025,-1.460932,153.75,,2,248.6,26 / 26,157520,2019-11-06 10:44:24:863,2.091,1.0547,9.4744,-0.006,0.0449,9.8065,-0.0465,0.1958,-0.1212,-2.5,-35.44,21.88,19.41,-87.62,-156.7,0.0,10.709999999999999,1.0,52.5545025,-1.460932
52.554499,-1.4609468,153.75,,2,248.6,26 / 26,157620,2019-11-06 10:44:24:963,-1.4646,2.0696,10.2006,-0.0301,0.0114,9.8066,-0.0056,0.1443,-0.0981,-2.87,-35.69,21.69,22.68,-87.85,-153.49,0.0,10.68,1.0,52.554499,-1.4609468
52.5544955,-1.4609616,153.75,,2,248.6,26 / 26,157720,2019-11-06 10:44:25:063,-1.2778,1.574,10.247,-0.0029,-0.0228,9.8066,0.0446,-0.0701,0.0849,-2.37,-35.62,21.69,28.96,-87.76,-147.63,0.0,10.65,1.0,52.5544955,-1.4609616
52.554491999999996,-1.4609764,153.75,,2,248.6,26 / 26,157819,2019-11-06 10:44:25:162,1.1868,1.1335,9.3167,0.0121,-0.042,9.8065,-0.029,-0.1894,0.1344,-2.19,-35.19,21.88,24.52,-87.57,-151.9,0.0,10.620000000000001,1.0,52.554491999999996,-1.4609764
52.5544885,-1.4609912,153.75,,2,248.6,26 / 26,157920,2019-11-06 10:44:25:263,0.5945,0.7862,9.7273,-0.0166,-0.0353,9.8065,0.0871,-0.1491,0.0992,-2.25,-35.31,21.5,24.52,-87.57,-151.9,0.0,10.59,1.0,52.5544885,-1.4609912
52.554485,-1.461006,153.79,10.56,2,248.18,26 / 26,158020,2019-11-06 10:44:25:363,-0.4423,2.2838,9.8779,0.0042,-0.0019,9.8066,-0.09,0.2386,-0.0253,-2.81,-35.69,21.75,22.03,-87.35,-151.84,0.0,10.56,1.0,52.554485,-1.461006
52.5544812,-1.4610203,153.79,,2,248.18,26 / 26,158119,2019-11-06 10:44:25:462,-2.2434,1.5131,10.5231,-0.0093,-0.0001,9.8066,-0.0603,0.1674,-0.0616,-2.69,-35.44,22.06,23.15,-87.32,-150.76,0.0,10.528,1.0,52.5544812,-1.4610203
52.5544774,-1.4610346,153.79,,2,248.18,26 / 26,158220,2019-11-06 10:44:25:563,-0.6473,2.0613,9.9658,-0.0181,-0.0014,9.8066,-0.0275,-0.0052,0.0864,-2.31,-35.06,21.25,27.91,-87.27,-148.79,0.0,10.496,1.0,52.5544774,-1.4610346
52.5544736,-1.4610489,153.79,,2,248.18,26 / 26,158319,2019-11-06 10:44:25:662,-1.0535,2.3212,10.0089,-0.011,-0.0452,9.8064,0.1561,0.037,-0.0669,-2.87,-35.44,21.06,27.91,-87.27,-148.79,0.0,10.464,1.0,52.5544736,-1.4610489
52.5544698,-1.4610632000000001,153.79,,2,248.18,26 / 26,158420,2019-11-06 10:44:25:763,0.0953,2.3292,9.5244,-0.0005,-0.0239,9.8066,-0.0589,0.1152,0.0189,-2.94,-35.94,21.25,23.88,-87.01,-150.08,0.0,10.432,1.0,52.5544698,-1.4610632000000001
52.554466000000005,-1.4610775,153.79,,2,248.18,26 / 26,158520,2019-11-06 10:44:25:863,0.4933,2.1745,9.6343,0.0006,-0.0039,9.8066,0.113,0.0687,-0.192,-2.69,-36.44,21.56,21.43,-86.72,-152.78,0.0,10.4,1.0,52.554466000000005,-1.4610775
52.5544622,-1.4610918,153.79,,2,248.18,26 / 26,158621,2019-11-06 10:44:25:964,-1.0574,1.1894,10.0638,-0.0033,-0.0057,9.8066,-0.0077,-0.105,0.1371,-2.75,-35.69,21.31,21.26,-86.68,-152.68,0.0,10.368,1.0,52.5544622,-1.4610918
52.5544584,-1.4611061,153.79,,2,248.18,26 / 26,158720,2019-11-06 10:44:26:063,-1.4162,0.8126,10.1794,0.0061,0.009,9.8066,-0.0512,-0.2107,0.1007,-3.12,-35.94,21.69,21.26,-86.68,-152.68,0.0,10.336,1.0,52.5544584,-1.4611061
52.5544546,-1.4611204,153.79,,2,248.18,26 / 26,158820,2019-11-06 10:44:26:163,1.6825,0.8174,9.8592,0.0016,0.0106,9.8066,-0.0333,-0.1328,0.1239,-2.81,-35.5,21.31,22.21,-86.83,-151.67,0.0,10.304,1.0,52.5544546,-1.4611204
52.554450800000005,-1.4611347000000001,153.79,,2,248.18,26 / 26,158920,2019-11-06 10:44:26:263,1.0343,1.1207,9.7052,-0.0032,0.0061,9.8066,0.0037,0.1129,-0.0801,-3.25,-35.56,21.44,22.86,-86.85,-151.12,0.0,10.272,1.0,52.554450800000005,-1.4611347000000001
52.554447,-1.461149,153.82,10.24,2,248.84,26 / 26,159021,2019-11-06 10:44:26:364,0.9671,1.0947,9.979,-0.0069,-0.0068,9.8066,0.0202,0.1112,-0.0858,-3.62,-35.81,22.0,22.86,-86.85,-151.12,0.0,10.24,1.0,52.554447,-1.461149
52.554444000000004,-1.4611629,153.82,,2,248.84,26 / 26,159120,2019-11-06 10:44:26:463,-0.2868,1.1052,9.6024,-0.0217,0.0016,9.8065,-0.0644,-0.008,0.0824,-3.62,-34.69,21.88,20.78,-86.8,-150.72,0.0,10.191,1.0,52.554444000000004,-1.4611629
52.554441000000004,-1.4611768,153.82,,2,248.84,26 / 26,159220,2019-11-06 10:44:26:563,-0.9925,1.7281,9.932,-0.0209,0.009,9.8065,0.0512,0.0307,-0.0673,-4.19,-34.69,21.69,23.37,-86.8,-148.34,0.0,10.142,1.0,52.554441000000004,-1.4611768
52.554438000000005,-1.4611907,153.82,,2,248.84,26 / 26,159320,2019-11-06 10:44:26:663,-0.0847,1.9456,9.5399,-0.0142,0.0067,9.8066,-0.0944,0.0306,0.0345,-3.75,-34.12,20.69,24.67,-86.81,-146.7,0.0,10.093,1.0,52.554438000000005,-1.4611907
52.554435000000005,-1.4612046,153.82,,2,248.84,26 / 26,159420,2019-11-06 10:44:26:763,-0.6331,2.0986,9.5379,0.0021,-0.0033,9.8066,0.0411,0.0141,0.0025,-3.31,-34.56,20.31,24.67,-86.81,-146.7,0.0,10.044,1.0,52.554435000000005,-1.4612046
52.554432,-1.4612185,153.82,,2,248.84,26 / 26,159520,2019-11-06 10:44:26:863,-0.0378,1.001,9.4852,0.0081,0.0056,9.8066,0.0993,-0.0018,-0.0654,-2.81,-35.06,20.0,26.98,-86.79,-147.04,0.0,9.995,1.0,52.554432,-1.4612185
52.554429,-1.4612323999999999,153.82,,2,248.84,26 / 26,159620,2019-11-06 10:44:26:963,-0.6169,2.0047,9.3052,0.0283,0.0073,9.8066,-0.0287,0.0344,-0.0411,-3.06,-35.25,20.5,24.62,-86.9,-149.41,0.0,9.946,1.0,52.554429,-1.4612323999999999
52.554426,-1.4612463,153.82,,2,248.84,26 / 26,159720,2019-11-06 10:44:27:063,-1.2168,2.1591,9.6569,0.0131,0.0151,9.8066,0.1047,0.1127,-0.1457,-3.31,-35.12,21.0,24.62,-86.9,-149.41,0.0,9.897,1.0,52.554426,-1.4612463
52.554423,-1.4612602,153.82,,2,248.84,26 / 26,159820,2019-11-06 10:44:27:163,-0.7983,0.632,8.893,0.0086,0.0061,9.8066,-0.0058,-0.092,0.0909,-2.19,-36.06,21.0,20.94,-87.01,-150.05,0.0,9.848,1.0,52.554423,-1.4612602
52.55442,-1.4612741,153.82,,2,248.84,26 / 26,159921,2019-11-06 10:44:27:264,-0.6322,2.9428,9.0145,-0.0025,0.0007,9.8066,-0.0685,-0.0603,0.0623,-2.37,-36.0,20.94,25.57,-87.1,-151.16,0.0,9.799,1.0,52.55442,-1.4612741
52.554417,-1.461288,153.85,9.75,2,248.7,26 / 26,160020,2019-11-06 10:44:27:363,-0.7141,2.5594,9.5674,-0.0015,0.0342,9.8066,-0.0383,-0.0151,0.0197,-2.56,-36.0,20.75,25.4,-87.16,-148.57,0.0,9.75,1.0,52.554417,-1.461288
52.5544135,-1.4613006,153.85,,2,248.7,26 / 26,160120,2019-11-06 10:44:27:463,-0.5893,2.3014,8.6105,0.0022,0.0401,9.8065,-0.0361,-0.1044,0.1415,-2.94,-35.5,21.19,25.4,-87.16,-148.57,0.0,9.652,1.0,52.5544135,-1.4613006
52.55441,-1.4613132,153.85,,2,248.7,26 / 26,160220,2019-11-06 10:44:27:563,-1.1825,2.3617,9.5282,0.0021,0.0151,9.8066,0.0412,0.1152,-0.1084,-2.31,-35.87,21.25,29.7,-87.32,-147.16,0.0,9.554,1.0,52.55441,-1.4613132
52.5544065,-1.4613258,153.85,,2,248.7,26 / 26,160321,2019-11-06 10:44:27:664,0.0528,1.2372,9.7459,0.0019,0.0221,9.8066,0.0246,0.1845,-0.0956,-3.37,-36.0,20.75,27.99,-87.44,-145.94,0.0,9.456,1.0,52.5544065,-1.4613258
52.554403,-1.4613384,153.85,,2,248.7,26 / 26,160420,2019-11-06 10:44:27:763,1.3756,1.8549,9.7372,-0.0046,0.0014,9.8066,-0.0176,-0.1113,0.1213,-2.81,-36.19,21.13,27.99,-87.44,-145.94,0.0,9.358,1.0,52.554403,-1.4613384
52.554399499999995,-1.461351,153.85,,2,248.7,26 / 26,160520,2019-11-06 10:44:27:863,2.0817,1.7382,9.9326,0.0062,-0.0003,9.8066,0.0679,0.1135,-0.0942,-2.87,-35.5,21.63,28.59,-87.43,-145.33,0.0,9.26,1.0,52.554399499999995,-1.461351
52.554396,-1.4613635999999999,153.85,,2,248.7,26 / 26,160620,2019-11-06 10:44:27:963,2.5084,1.9702,9.7676,0.0009,0.0126,9.8066,-0.0491,0.2872,-0.1945,-3.0,-36.06,21.75,29.64,-87.5,-144.63,0.0,9.161999999999999,1.0,52.554396,-1.4613635999999999
52.5543925,-1.4613762,153.85,,2,248.7,26 / 26,160720,2019-11-06 10:44:28:063,-0.0478,1.8897,9.8189,0.02,0.0346,9.8065,-0.0628,0.1645,-0.0635,-3.56,-35.31,20.88,26.21,-87.73,-144.66,0.0,9.064,1.0,52.5543925,-1.4613762
52.554389,-1.4613888,153.85,,2,248.7,26 / 26,160820,2019-11-06 10:44:28:163,-3.4912,1.2329,10.584,0.0081,0.0065,9.8066,0.0185,-0.2194,0.1303,-2.75,-36.0,20.56,26.21,-87.73,-144.66,0.0,8.966,1.0,52.554389,-1.4613888
52.554385499999995,-1.4614014,153.85,,2,248.7,26 / 26,160920,2019-11-06 10:44:28:263,-0.9751,1.7037,9.9726,0.0412,0.0162,9.8065,0.0576,0.1425,0.0056,-3.87,-36.0,19.94,25.03,-87.79,-145.33,0.0,8.868,1.0,52.554385499999995,-1.4614014
52.554382,-1.461414,153.86,8.77,2,246.14,26 / 26,161020,2019-11-06 10:44:28:363,5.1098,2.8598,8.5809,0.0601,0.0067,9.8064,-0.0672,0.6293,-0.3674,-3.69,-37.25,21.0,16.44,-87.95,-153.79,0.0,8.77,1.0,52.554382,-1.461414
52.554378799999995,-1.461425,153.86,,2,246.14,26 / 26,161120,2019-11-06 10:44:28:463,3.6253,2.1434,9.4638,-0.0641,-0.0196,9.8064,-0.0448,0.5995,-0.2314,-4.5,-36.75,21.63,16.44,-87.95,-153.79,0.0,8.666,1.0,52.554378799999995,-1.461425
52.5543756,-1.461436,153.86,,2,246.14,26 / 26,161220,2019-11-06 10:44:28:563,-1.8942,1.6906,10.6771,-0.0063,0.0062,9.8066,0.1105,-0.6507,0.3864,-3.87,-35.69,23.13,26.17,-87.71,-145.58,0.0,8.562,1.0,52.5543756,-1.461436
52.5543724,-1.461447,153.86,,2,246.14,26 / 26,161320,2019-11-06 10:44:28:663,-4.1331,0.6431,10.7698,0.0586,0.0251,9.8064,0.1387,-0.7718,0.4053,-4.12,-35.31,22.63,25.53,-87.96,-145.93,0.0,8.458,1.0,52.5543724,-1.461447
52.5543692,-1.461458,153.86,,2,246.14,26 / 26,161420,2019-11-06 10:44:28:763,6.6213,2.2504,8.4201,0.0679,-0.0004,9.8064,0.1328,-0.2339,0.2423,-3.69,-35.19,22.75,14.01,-88.1,-156.82,0.0,8.354,1.0,52.5543692,-1.461458
52.554366,-1.461469,153.86,,2,246.14,26 / 26,161520,2019-11-06 10:44:28:863,7.2355,3.2279,8.9074,-0.0422,-0.0303,9.8064,-0.0319,0.5521,-0.2679,-4.0,-35.25,23.69,14.01,-88.1,-156.82,0.0,8.25,1.0,52.554366,-1.461469
52.5543628,-1.4614800000000001,153.86,,2,246.14,26 / 26,161620,2019-11-06 10:44:28:963,1.3773,0.7668,10.3969,-0.0285,0.0109,9.8066,-0.093,0.4679,-0.1808,-4.06,-35.62,23.81,24.92,-87.73,-147.05,0.0,8.146,1.0,52.5543628,-1.4614800000000001
52.5543596,-1.461491,153.86,,2,246.14,26 / 26,161720,2019-11-06 10:44:29:063,-3.0246,0.9675,10.9719,0.034,0.0353,9.8065,-0.0259,-0.0422,0.1502,-4.25,-36.44,23.38,30.51,-87.77,-141.38,0.0,8.042,1.0,52.5543596,-1.461491
52.554356399999996,-1.461502,153.86,,2,246.14,26 / 26,161820,2019-11-06 10:44:29:163,0.7194,0.9337,10.1131,0.0494,0.0568,9.8063,0.1223,-0.3263,0.2226,-4.25,-36.12,23.5,30.51,-87.77,-141.38,0.0,7.938000000000001,1.0,52.554356399999996,-1.461502
52.5543532,-1.461513,153.86,,2,246.14,26 / 26,161920,2019-11-06 10:44:29:263,3.6655,1.8701,9.5648,-0.0165,0.0001,9.8066,-0.0103,-0.1789,0.1816,-3.94,-35.5,23.88,28.24,-88.14,-141.3,0.0,7.8340000000000005,1.0,52.5543532,-1.461513
52.55435,-1.461524,153.86,7.73,2,239.72,26 / 26,162020,2019-11-06 10:44:29:363,2.2454,1.6619,9.8186,-0.0031,-0.0004,9.8066,-0.0495,0.4207,-0.1775,-4.37,-35.81,23.94,34.36,-88.09,-137.78,0.0,7.73,1.0,52.55435,-1.461524
52.5543464,-1.461533,153.86,,2,239.72,26 / 26,162120,2019-11-06 10:44:29:463,0.2715,1.5842,10.5604,-0.0031,0.0046,9.8066,-0.1106,0.4281,-0.124,-4.06,-36.0,24.19,34.36,-88.09,-137.78,0.0,7.632000000000001,1.0,52.5543464,-1.461533
52.5543428,-1.4615420000000001,153.86,,2,239.72,26 / 26,162220,2019-11-06 10:44:29:563,-0.5283,1.3404,10.0568,0.025,0.0103,9.8066,0.0538,0.1361,-0.0123,-4.81,-35.31,24.63,34.4,-88.23,-137.94,0.0,7.534000000000001,1.0,52.5543428,-1.4615420000000001
52.5543392,-1.461551,153.86,,2,239.72,26 / 26,162320,2019-11-06 10:44:29:663,2.82,1.8862,9.7935,-0.0012,0.002,9.8066,0.0242,-0.0506,0.1153,-4.12,-35.75,24.5,29.12,-88.38,-142.92,0.0,7.436,1.0,52.5543392,-1.461551
52.5543356,-1.46156,153.86,,2,239.72,26 / 26,162419,2019-11-06 10:44:29:762,3.114,1.8342,9.712,-0.0125,0.004,9.8066,-0.0475,0.1683,0.0225,-4.69,-35.44,25.06,29.52,-88.37,-140.28,0.0,7.338,1.0,52.5543356,-1.46156
52.554331999999995,-1.4615690000000001,153.86,,2,239.72,26 / 26,162520,2019-11-06 10:44:29:863,1.6441,1.7133,10.1127,-0.001,0.0148,9.8066,-0.0132,0.3561,-0.136,-5.19,-35.5,24.94,29.52,-88.37,-140.28,0.0,7.24,1.0,52.554331999999995,-1.4615690000000001
52.554328399999996,-1.461578,153.86,,2,239.72,26 / 26,162620,2019-11-06 10:44:29:963,0.2805,1.5063,9.6278,0.0112,0.0058,9.8066,0.0314,0.3251,-0.0867,-4.81,-35.87,24.56,32.23,-88.53,-137.58,0.0,7.142,1.0,52.554328399999996,-1.461578
52.554324799999996,-1.461587,153.86,,2,239.72,26 / 26,162720,2019-11-06 10:44:30:063,1.1851,1.5842,9.5459,0.0243,0.0106,9.8066,-0.0469,0.2377,0.0175,-5.12,-35.37,26.25,28.68,-88.65,-141.29,0.0,7.0440000000000005,1.0,52.554324799999996,-1.461587
52.5543212,-1.461596,153.86,,2,239.72,26 / 26,162820,2019-11-06 10:44:30:163,2.596,1.3626,9.1353,-0.0065,-0.0052,9.8066,0.0706,0.0617,0.0742,-5.19,-35.94,26.19,28.68,-88.65,-141.29,0.0,6.946,1.0,52.5543212,-1.461596
52.5543176,-1.461605,153.86,,2,239.72,26 / 26,162920,2019-11-06 10:44:30:263,2.4236,1.4959,9.3626,0.0133,-0.0093,9.8065,0.0248,0.211,-0.0112,-5.62,-35.56,26.31,27.35,-88.61,-140.52,0.0,6.848,1.0,52.5543176,-1.461605
52.554314,-1.461614,153.87,6.75,2,228.69,24 / 25,163020,2019-11-06 10:44:30:363,1.6955,1.2966,9.7128,0.0232,0.0,9.8065,-0.0213,0.315,-0.0549,-5.5,-35.25,26.81,24.51,-88.67,-145.71,0.0,6.75,1.0,52.554314,-1.461614
52.5543094,-1.4616206999999999,153.87,,2,228.69,24 / 25,163120,2019-11-06 10:44:30:463,0.7236,0.4073,10.2991,0.0173,0.0284,9.8066,-0.0402,0.3481,-0.1031,-6.12,-35.87,26.88,21.12,-88.86,-146.89,0.0,6.7219999999999995,1.0,52.5543094,-1.4616206999999999
52.5543048,-1.4616274,153.87,,2,228.69,24 / 25,163220,2019-11-06 10:44:30:563,2.5138,1.0814,9.9959,0.0133,0.0212,9.8066,0.0718,0.1293,-0.0358,-6.12,-35.25,27.56,21.12,-88.86,-146.89,0.0,6.694,1.0,52.5543048,-1.4616274
52.5543002,-1.4616341,153.87,,2,228.69,24 / 25,163320,2019-11-06 10:44:30:663,2.6143,1.4087,9.7774,-0.0021,-0.0074,9.8066,0.0681,-0.0007,0.092,-6.31,-35.0,28.13,19.84,-89.0,-148.48,0.0,6.666,1.0,52.5543002,-1.4616341
52.554295599999996,-1.4616408,153.87,,2,228.69,24 / 25,163420,2019-11-06 10:44:30:763,0.4108,0.3333,10.1518,0.0111,-0.0272,9.8066,-0.0015,-0.0699,0.1455,-6.69,-35.5,28.31,11.93,-88.87,-154.32,0.0,6.638,1.0,52.554295599999996,-1.4616408
52.554291,-1.4616475,153.87,,2,228.69,24 / 25,163520,2019-11-06 10:44:30:863,-0.0439,0.5618,10.1271,0.0497,-0.0011,9.8064,0.0315,0.1621,0.0319,-6.75,-34.69,28.56,11.93,-88.87,-154.32,0.0,6.609999999999999,1.0,52.554291,-1.4616475
52.5542864,-1.4616542,153.87,,2,228.69,24 / 25,163620,2019-11-06 10:44:30:963,0.1143,0.7984,10.1627,0.0059,-0.0192,9.8065,-0.0008,0.3736,-0.0856,-6.87,-35.12,29.0,359.14,-88.89,-169.16,0.0,6.582,1.0,52.5542864,-1.4616542
52.5542818,-1.4616609,153.87,,2,228.69,24 / 25,163719,2019-11-06 10:44:31:062,3.0991,1.4345,9.6915,-0.0108,-0.0074,9.8066,0.049,0.2763,-0.1099,-7.06,-35.25,28.31,352.96,-88.74,-172.82,0.0,6.554,1.0,52.5542818,-1.4616609
52.5542772,-1.4616676,153.87,,2,228.69,24 / 25,163820,2019-11-06 10:44:31:163,1.5658,1.0278,9.7494,-0.0185,-0.0179,9.8065,0.0225,0.0314,0.1026,-7.19,-34.75,29.94,359.09,-88.64,-167.75,0.0,6.526,1.0,52.5542772,-1.4616676
52.5542726,-1.4616743,153.87,,2,228.69,24 / 25,163920,2019-11-06 10:44:31:263,0.6862,0.2633,9.7522,0.0041,0.0102,9.8066,-0.0283,-0.0382,0.1177,-7.62,-35.37,29.75,359.09,-88.64,-167.75,0.0,6.497999999999999,1.0,52.5542726,-1.4616743
52.554268,-1.461681,153.88,6.47,2,218.33,25 / 25,164020,2019-11-06 10:44:31:363,1.036,0.9895,10.21,0.0212,0.0226,9.8065,0.0501,-0.0056,0.0581,-7.62,-35.31,29.94,352.95,-88.78,-171.95,0.0,6.47,1.0,52.554268,-1.461681
52.5542626,-1.4616867,153.88,,2,218.33,25 / 25,164120,2019-11-06 10:44:31:463,0.4797,0.5543,9.9571,0.028,0.0316,9.8065,0.0199,0.2989,-0.0635,-7.81,-34.94,31.0,343.32,-88.92,178.13,0.0,6.462,1.0,52.5542626,-1.4616867
52.5542572,-1.4616924,153.88,,2,218.33,25 / 25,164220,2019-11-06 10:44:31:563,2.1684,1.0186,9.6763,0.0191,0.0074,9.8066,-0.0041,0.2814,-0.0697,-7.62,-35.06,30.44,343.32,-88.92,178.13,0.0,6.454,1.0,52.5542572,-1.4616924
52.5542518,-1.4616981,153.88,,2,218.33,25 / 25,164320,2019-11-06 10:44:31:663,1.3916,0.9525,9.7105,-0.011,-0.0194,9.8066,0.028,0.1259,-0.0123,-8.0,-35.56,31.56,336.79,-88.93,171.73,0.0,6.446,1.0,52.5542518,-1.4616981
52.554246400000004,-1.4617038,153.88,,2,218.33,25 / 25,164420,2019-11-06 10:44:31:763,0.3316,0.802,9.5483,-0.0171,-0.0377,9.8065,0.0112,0.0443,0.0639,-8.06,-35.44,31.69,345.58,-88.75,179.95,0.0,6.438,1.0,52.554246400000004,-1.4617038
52.554241,-1.4617095,153.88,,2,218.33,25 / 25,164520,2019-11-06 10:44:31:863,-1.2018,-0.6705,10.1733,0.0131,-0.0076,9.8066,0.0111,0.1499,-0.0475,-8.69,-35.31,31.63,341.03,-88.69,177.19,0.0,6.43,1.0,52.554241,-1.4617095
52.5542356,-1.4617152,153.88,,2,218.33,25 / 25,164620,2019-11-06 10:44:31:963,0.6674,0.9406,10.0266,0.0444,0.0105,9.8065,0.0066,0.2649,-0.0688,-8.87,-34.87,31.25,341.03,-88.69,177.19,0.0,6.422,1.0,52.5542356,-1.4617152
52.5542302,-1.4617209,153.88,,2,218.33,25 / 25,164719,2019-11-06 10:44:32:062,1.8119,0.6918,9.6223,-0.0069,0.0016,9.8066,-0.0288,0.2442,-0.0446,-8.19,-34.87,31.81,331.23,-88.64,165.97,0.0,6.414,1.0,52.5542302,-1.4617209
52.5542248,-1.4617266,153.88,,2,218.33,25 / 25,164820,2019-11-06 10:44:32:163,0.0848,0.5958,10.0933,-0.0406,-0.0159,9.8065,0.0463,0.0486,-0.0068,-8.75,-35.19,30.94,340.02,-88.64,176.71,0.0,6.406,1.0,52.5542248,-1.4617266
52.5542194,-1.4617323,153.88,,2,218.33,25 / 25,164922,2019-11-06 10:44:32:265,-1.721,-0.241,10.7337,-0.0031,-0.0374,9.8065,0.0933,-0.1307,0.1027,-9.12,-34.56,31.38,340.02,-88.64,176.71,0.0,6.398,1.0,52.5542194,-1.4617323
52.554214,-1.461738,153.85,6.39,2,211.68,24 / 24,165020,2019-11-06 10:44:32:363,-0.3692,-0.3558,10.7692,0.0112,-0.018,9.8066,0.0402,-0.151,0.1485,-9.19,-35.44,31.81,343.92,-88.44,-179.91,0.0,6.39,1.0,52.554214,-1.461738
52.5542091,-1.4617432,153.85,,2,211.68,24 / 24,165120,2019-11-06 10:44:32:463,2.4498,1.5497,9.6855,0.0099,-0.017,9.8066,0.0271,0.0423,0.0158,-9.37,-35.37,32.19,341.34,-88.23,177.65,0.0,6.428999999999999,1.0,52.5542091,-1.4617432
52.5542042,-1.4617484,153.85,,2,211.68,24 / 24,165220,2019-11-06 10:44:32:563,-1.014,1.6851,10.3506,-0.0037,-0.1011,9.8061,0.0406,0.2553,-0.099,-8.81,-34.87,32.81,341.34,-88.23,177.65,0.0,6.468,1.0,52.5542042,-1.4617484
52.5541993,-1.4617536,153.85,,2,211.68,24 / 24,165320,2019-11-06 10:44:32:663,-1.5687,0.5189,10.3143,0.0135,-0.0406,9.8065,0.0217,0.0644,-0.0476,-9.31,-34.56,32.81,347.0,-87.67,-177.2,0.0,6.507,1.0,52.5541993,-1.4617536
52.5541944,-1.4617588,153.85,,2,211.68,24 / 24,165420,2019-11-06 10:44:32:763,-0.7217,-2.3919,10.0392,0.0086,0.013,9.8066,0.0086,-0.1772,0.1151,-9.87,-34.37,32.63,344.61,-87.25,-177.8,0.0,6.546,1.0,52.5541944,-1.4617588
52.5541895,-1.4617639999999998,153.85,,2,211.68,24 / 24,165520,2019-11-06 10:44:32:863,0.9876,0.5173,9.7715,-0.0169,0.0101,9.8066,-0.0044,-0.2978,0.1534,-9.75,-34.94,32.94,342.25,-87.47,179.91,0.0,6.585,1.0,52.5541895,-1.4617639999999998
52.5541846,-1.4617692,153.85,,2,211.68,24 / 24,165620,2019-11-06 10:44:32:963,0.268,1.6887,9.8066,-0.0282,0.0062,9.8065,0.0363,0.1484,-0.0831,-9.69,-35.25,32.75,342.25,-87.47,179.91,0.0,6.624,1.0,52.5541846,-1.4617692
52.5541797,-1.4617744,153.85,,2,211.68,24 / 24,165720,2019-11-06 10:44:33:063,-0.4666,-1.4737,10.1008,-0.0077,-0.0228,9.8065,-0.046,0.2071,-0.1556,-8.81,-34.69,33.19,345.61,-87.42,-176.87,0.0,6.663,1.0,52.5541797,-1.4617744
52.5541748,-1.4617795999999998,153.85,,2,211.68,24 / 24,165820,2019-11-06 10:44:33:163,-2.7049,-0.5192,9.8278,-0.0053,0.0197,9.8066,-0.0267,0.012,-0.0213,-9.12,-34.37,32.63,350.36,-87.36,-173.94,0.0,6.702,1.0,52.5541748,-1.4617795999999998
52.5541699,-1.4617848,153.85,,2,211.68,24 / 24,165920,2019-11-06 10:44:33:263,-3.1833,0.4263,10.298,-0.0034,0.0136,9.8066,0.0311,-0.2924,0.1227,-9.12,-34.37,32.25,350.36,-87.36,-173.94,0.0,6.7410000000000005,1.0,52.5541699,-1.4617848
52.554165,-1.46179,153.82,6.78,2,213.09,25 / 26,166020,2019-11-06 10:44:33:363,-1.1848,-1.6334,9.6371,0.0089,-0.0228,9.8066,0.0392,-0.2493,0.1019,-8.44,-34.5,33.0,350.51,-87.44,-173.8,0.0,6.78,1.0,52.554165,-1.46179
52.554159299999995,-1.4617969,153.82,,2,213.09,25 / 26,166120,2019-11-06 10:44:33:463,-1.2903,0.3459,9.84,0.0299,0.0247,9.8066,-0.007,-0.1041,-0.0397,-8.75,-34.69,32.56,352.0,-87.27,-172.35,0.0,6.856,1.0,52.554159299999995,-1.4617969
52.5541536,-1.4618038,153.82,,2,213.09,25 / 26,166220,2019-11-06 10:44:33:563,-0.7116,-0.3271,9.5157,0.0517,0.0308,9.8064,-0.0548,-0.1658,-0.0389,-8.19,-34.56,32.94,346.24,-87.39,-179.47,0.0,6.932,1.0,52.5541536,-1.4618038
52.5541479,-1.4618107,153.82,,2,213.09,25 / 26,166320,2019-11-06 10:44:33:663,-2.1908,-0.7795,10.1215,0.0131,0.0454,9.8064,-0.0553,-0.0522,-0.0902,-7.81,-34.75,32.38,346.24,-87.39,-179.47,0.0,7.008,1.0,52.5541479,-1.4618107
52.5541422,-1.4618176,153.82,,2,213.09,25 / 26,166420,2019-11-06 10:44:33:763,-2.3795,-0.6309,10.1158,0.0703,0.0301,9.8063,-0.0434,-0.0195,-0.145,-7.25,-35.31,31.25,343.74,-87.62,177.21,0.0,7.0840000000000005,1.0,52.5541422,-1.4618176
52.5541365,-1.4618245,153.82,,2,213.09,25 / 26,166520,2019-11-06 10:44:33:863,-0.7384,-1.7718,9.7832,0.1074,0.0439,9.8059,0.0108,-0.1701,-0.0967,-7.44,-34.56,31.56,327.17,-87.6,160.92,0.0,7.16,1.0,52.5541365,-1.4618245
52.554130799999996,-1.4618314,153.82,,2,213.09,25 / 26,166620,2019-11-06 10:44:33:963,-0.5755,0.3697,9.815,0.0692,0.0518,9.8062,-0.0273,-0.3679,0.0289,-6.31,-35.25,31.0,327.17,-87.6,160.92,0.0,7.236,1.0,52.554130799999996,-1.4618314
52.5541251,-1.4618383,153.82,,2,213.09,25 / 26,166720,2019-11-06 10:44:34:063,-0.5236,-1.0835,10.1091,0.0576,0.0412,9.8063,-0.0139,-0.1824,-0.0829,-6.12,-34.44,31.0,316.07,-87.58,148.92,0.0,7.312,1.0,52.5541251,-1.4618383
52.5541194,-1.4618452,153.82,,2,213.09,25 / 26,166820,2019-11-06 10:44:34:163,-3.8045,-0.6397,10.857,0.0052,0.0249,9.8066,0.0208,-0.0983,-0.1766,-5.5,-35.12,30.75,308.15,-87.48,139.55,0.0,7.388,1.0,52.5541194,-1.4618452
52.5541137,-1.4618521,153.82,,2,213.09,25 / 26,166919,2019-11-06 10:44:34:262,-1.9475,-1.7978,9.9752,0.1001,0.0547,9.8059,-0.117,-0.1342,-0.0472,-4.56,-34.31,28.75,294.3,-87.15,127.11,0.0,7.464,1.0,52.5541137,-1.4618521
52.554108,-1.461859,153.8,7.54,2,225.77,24 / 25,167020,2019-11-06 10:44:34:363,-2.2033,0.2531,9.0611,0.0569,0.0361,9.8063,-0.0195,-0.1511,-0.0883,-4.62,-34.69,29.31,294.3,-87.15,127.11,0.0,7.54,1.0,52.554108,-1.461859
52.5541042,-1.4618684,153.8,,2,225.77,24 / 25,167120,2019-11-06 10:44:34:463,-0.9031,-1.6038,9.8448,0.0352,0.0041,9.8066,-0.0735,-0.5308,0.1289,-3.87,-34.94,28.13,289.63,-86.92,120.98,0.0,7.585,1.0,52.5541042,-1.4618684
52.5541004,-1.4618778000000001,153.8,,2,225.77,24 / 25,167220,2019-11-06 10:44:34:563,-4.1708,0.2282,10.5721,0.016,0.0321,9.8065,-0.0036,-0.4388,-0.0041,-3.25,-34.12,28.25,285.6,-86.71,115.57,0.0,7.63,1.0,52.5541004,-1.4618778000000001
52.5540966,-1.4618872,153.8,,2,225.77,24 / 25,167319,2019-11-06 10:44:34:662,-2.3833,-1.3484,9.6124,0.1002,0.0895,9.8057,0.068,-0.3324,-0.119,-3.12,-34.62,27.63,285.6,-86.71,115.57,0.0,7.675,1.0,52.5540966,-1.4618872
52.5540928,-1.4618966,153.8,,2,225.77,24 / 25,167420,2019-11-06 10:44:34:763,-3.8675,0.1118,9.5218,0.014,0.0168,9.8066,0.0148,-0.4171,0.0419,-2.25,-33.94,26.63,276.49,-86.23,105.46,0.0,7.72,1.0,52.5540928,-1.4618966
52.554089000000005,-1.4619060000000001,153.8,,2,225.77,24 / 25,167520,2019-11-06 10:44:34:863,-1.3222,-1.6476,9.2653,-0.0111,0.004,9.8066,-0.0177,-0.5698,0.15,-2.19,-34.06,25.5,274.24,-86.07,103.78,0.0,7.765000000000001,1.0,52.554089000000005,-1.4619060000000001
52.5540852,-1.4619154,153.8,,2,225.77,24 / 25,167620,2019-11-06 10:44:34:963,-2.5025,-0.3335,9.1074,-0.0106,0.0167,9.8066,0.0553,-0.5978,0.0821,-1.62,-33.87,24.56,272.63,-86.28,102.27,0.0,7.8100000000000005,1.0,52.5540852,-1.4619154
52.5540814,-1.4619248,153.8,,2,225.77,24 / 25,167720,2019-11-06 10:44:35:063,-4.7947,-1.1344,9.9465,-0.0216,0.0287,9.8065,-0.014,-0.5728,0.1135,-1.5,-34.44,24.94,272.63,-86.28,102.27,0.0,7.855,1.0,52.5540814,-1.4619248
52.5540776,-1.4619342,153.8,,2,225.77,24 / 25,167820,2019-11-06 10:44:35:163,-3.9057,-0.9871,9.5388,-0.0145,-0.005,9.8066,0.0079,-0.249,-0.0826,-1.44,-34.56,23.25,267.11,-86.42,96.93,0.0,7.9,1.0,52.5540776,-1.4619342
52.554073800000005,-1.4619436000000001,153.8,,2,225.77,24 / 25,167920,2019-11-06 10:44:35:263,-2.2651,0.0293,9.8168,-0.0018,0.0022,9.8066,-0.0249,-0.2532,-0.052,-1.75,-34.37,23.31,266.6,-86.58,96.61,0.0,7.945,1.0,52.554073800000005,-1.4619436000000001
52.55407,-1.461953,153.76,7.99,2,246.36,24 / 25,168020,2019-11-06 10:44:35:363,-1.3022,-0.313,9.1193,-0.014,0.0045,9.8066,0.0387,-0.4213,0.0924,-1.25,-34.06,22.5,266.6,-86.58,96.61,0.0,7.99,1.0,52.55407,-1.461953
52.55406790909091,-1.4619636363636364,153.76,,2,246.36,24 / 25,168120,2019-11-06 10:44:35:463,-3.7669,-0.5249,9.5342,-0.0591,-0.0005,9.8064,0.0713,-0.5975,0.1522,-0.75,-34.19,21.38,269.54,-86.86,97.36,0.0,8.038181818181819,1.0,52.55406790909091,-1.4619636363636364
52.55406581818182,-1.4619742727272729,153.76,,2,246.36,24 / 25,168220,2019-11-06 10:44:35:563,-5.4951,-0.3953,9.782,-0.0263,0.0037,9.8065,0.0009,-0.4407,0.1209,-1.12,-34.56,20.63,269.61,-87.45,96.58,0.0,8.086363636363636,1.0,52.55406581818182,-1.4619742727272729
52.55406372727273,-1.4619849090909092,153.76,,2,246.36,24 / 25,168320,2019-11-06 10:44:35:663,-3.6751,0.2241,9.5425,-0.0321,0.0166,9.8066,0.0347,-0.2625,-0.0912,-0.44,-34.69,19.25,269.83,-87.64,94.19,0.0,8.134545454545455,1.0,52.55406372727273,-1.4619849090909092
52.554061636363635,-1.4619955454545455,153.76,,2,246.36,24 / 25,168419,2019-11-06 10:44:35:762,-2.8264,0.2322,10.0842,-0.0602,-0.0035,9.8065,-0.0177,-0.3005,0.028,-1.31,-34.81,18.56,269.83,-87.64,94.19,0.0,8.182727272727274,1.0,52.554061636363635,-1.4619955454545455
52.55405954545454,-1.4620061818181818,153.76,,2,246.36,24 / 25,168520,2019-11-06 10:44:35:863,-1.1286,-0.4829,9.4002,-0.0217,-0.0157,9.8065,0.0892,-0.4011,0.0009,-0.56,-34.81,18.38,268.85,-88.17,95.59,0.0,8.23090909090909,1.0,52.55405954545454,-1.4620061818181818
52.55405745454546,-1.4620168181818183,153.76,,2,246.36,24 / 25,168620,2019-11-06 10:44:35:963,-2.1637,-0.6001,9.549,-0.0458,-0.0281,9.8064,0.0456,-0.5921,0.2163,-1.37,-34.81,18.0,275.16,-88.43,101.39,0.0,8.27909090909091,1.0,52.55405745454546,-1.4620168181818183
52.554055363636365,-1.4620274545454546,153.76,,2,246.36,24 / 25,168720,2019-11-06 10:44:36:063,-5.876,-1.2732,9.5926,-0.0311,0.0116,9.8065,-0.0869,-0.2422,0.0346,-0.44,-35.0,17.44,275.16,-88.43,101.39,0.0,8.327272727272726,1.0,52.554055363636365,-1.4620274545454546
52.55405327272727,-1.4620380909090909,153.76,,2,246.36,24 / 25,168820,2019-11-06 10:44:36:163,0.7,-0.5326,9.3861,0.0578,0.0457,9.8063,-0.0106,0.3534,-0.331,-1.06,-35.31,15.63,273.05,-88.61,99.27,0.0,8.375454545454545,1.0,52.55405327272727,-1.4620380909090909
52.55405118181818,-1.4620487272727272,153.76,,2,246.36,24 / 25,168920,2019-11-06 10:44:36:263,5.2197,0.4192,9.0334,0.0581,0.0677,9.8062,-0.1063,0.4977,-0.3947,-0.75,-35.37,15.5,258.32,-88.25,85.64,0.0,8.423636363636364,1.0,52.55405118181818,-1.4620487272727272
52.55404909090909,-1.4620593636363637,153.76,,2,246.36,26 / 26,169020,2019-11-06 10:44:36:363,2.5137,-0.2775,9.5646,-0.1021,-0.0055,9.8061,0.0475,-0.635,0.3525,-2.06,-34.75,15.63,251.71,-88.83,81.24,0.0,8.47181818181818,1.0,52.55404909090909,-1.4620593636363637
52.554047,-1.46207,153.72,8.52,2,264.84,26 / 26,169119,2019-11-06 10:44:36:462,-3.0216,-1.4715,10.1563,-0.0533,-0.0182,9.8065,0.1167,-0.7756,0.409,-1.56,-34.94,15.81,251.71,-88.83,81.24,0.0,8.52,1.0,52.554047,-1.46207
52.55404622222222,-1.462083111111111,153.72,,2,264.84,26 / 26,169219,2019-11-06 10:44:36:562,-5.4063,-1.3653,10.0167,-0.0545,-0.0091,9.8065,0.0098,-0.3867,0.2579,-1.81,-35.5,15.44,245.06,-89.15,74.43,0.0,8.56111111111111,1.0,52.55404622222222,-1.462083111111111
52.55404544444444,-1.4620962222222222,153.72,,2,264.84,26 / 26,169319,2019-11-06 10:44:36:662,0.514,-0.5531,9.5322,0.0116,0.0183,9.8066,-0.0319,0.1226,-0.0495,-2.0,-35.87,15.56,232.82,-89.47,60.88,0.0,8.602222222222222,1.0,52.55404544444444,-1.4620962222222222
52.55404466666666,-1.4621093333333333,153.72,,2,264.84,26 / 26,169420,2019-11-06 10:44:36:763,4.6983,0.3911,9.634,0.0432,0.0432,9.8064,-0.046,0.4802,-0.2593,-1.75,-35.81,15.25,232.82,-89.47,60.88,0.0,8.643333333333333,1.0,52.55404466666666,-1.4621093333333333
52.554043888888884,-1.4621224444444445,153.72,,2,264.84,26 / 26,169519,2019-11-06 10:44:36:862,2.2814,0.004,9.7238,-0.0082,-0.0029,9.8066,0.0254,0.0321,-0.0427,-1.94,-35.44,15.25,231.43,-89.05,60.75,0.0,8.684444444444445,1.0,52.554043888888884,-1.4621224444444445
52.55404311111111,-1.4621355555555555,153.72,,2,264.84,26 / 26,169620,2019-11-06 10:44:36:963,-2.2549,-0.7011,10.4427,0.0002,-0.0262,9.8066,0.0706,-0.3284,0.2326,-1.62,-35.37,14.94,234.01,-89.23,63.05,0.0,8.725555555555555,1.0,52.55404311111111,-1.4621355555555555
52.554042333333335,-1.4621486666666668,153.72,,2,264.84,26 / 26,169720,2019-11-06 10:44:37:063,0.6686,-0.0847,10.2584,0.009,-0.028,9.8066,0.0933,-0.3055,0.1689,-1.44,-35.37,15.5,250.82,-89.27,75.91,0.0,8.766666666666667,1.0,52.554042333333335,-1.4621486666666668
52.55404155555556,-1.4621617777777778,153.72,,2,264.84,26 / 26,169820,2019-11-06 10:44:37:163,2.0661,-0.4296,9.9875,0.0183,-0.0021,9.8066,0.0226,0.1707,-0.0549,-1.62,-35.44,15.69,250.82,-89.27,75.91,0.0,8.807777777777778,1.0,52.55404155555556,-1.4621617777777778
52.55404077777778,-1.462174888888889,153.72,,2,264.84,26 / 26,169920,2019-11-06 10:44:37:263,2.373,-0.3623,9.5541,-0.0027,0.0049,9.8066,-0.0186,0.3438,-0.0684,-1.31,-35.81,16.06,254.89,-89.15,80.32,0.0,8.84888888888889,1.0,52.55404077777778,-1.462174888888889
52.55404,-1.462188,153.66,8.89,2,262.65,25 / 25,170020,2019-11-06 10:44:37:363,0.5302,-0.0159,10.4691,-0.0337,-0.013,9.8066,0.0262,0.3107,-0.1059,-1.75,-35.31,16.69,254.32,-89.35,82.3,0.0,8.89,1.0,52.55404,-1.462188
52.5540384,-1.4622011000000001,153.66,,2,262.65,25 / 25,170120,2019-11-06 10:44:37:463,-1.253,-1.345,11.0487,-0.0615,-0.0484,9.8063,-0.0741,0.1477,0.1013,-2.19,-35.69,16.5,254.32,-89.35,82.3,0.0,8.919,1.0,52.5540384,-1.4622011000000001
52.5540368,-1.4622142,153.66,,2,262.65,25 / 25,170219,2019-11-06 10:44:37:562,0.7623,-0.2416,10.4295,-0.0195,-0.0334,9.8065,0.1876,-0.1443,0.1358,-2.0,-35.69,17.31,296.59,-89.72,120.48,0.0,8.948,1.0,52.5540368,-1.4622142
52.5540352,-1.4622273,153.66,,2,262.65,25 / 25,170320,2019-11-06 10:44:37:663,2.6178,-0.6195,9.6714,-0.0123,-0.0092,9.8066,-0.0386,0.1583,0.0883,-2.06,-35.75,17.56,348.43,-89.44,175.0,0.0,8.977,1.0,52.5540352,-1.4622273
52.5540336,-1.4622404,153.66,,2,262.65,25 / 25,170420,2019-11-06 10:44:37:763,3.1522,0.0537,9.4456,0.0018,0.0152,9.8066,-0.0961,0.4707,-0.2121,-2.37,-35.81,17.88,345.07,-89.52,171.65,0.0,9.006,1.0,52.5540336,-1.4622404
52.554032,-1.4622535,153.66,,2,262.65,25 / 25,170520,2019-11-06 10:44:37:863,-1.3132,-0.4618,10.5769,0.016,0.0138,9.8066,0.0131,0.4548,-0.1981,-2.12,-35.31,18.06,345.07,-89.52,171.65,0.0,9.035,1.0,52.554032,-1.4622535
52.5540304,-1.4622666,153.66,,2,262.65,25 / 25,170620,2019-11-06 10:44:37:963,-2.3486,0.5025,10.3696,-0.0029,-0.0164,9.8065,0.0483,-0.1642,0.1865,-1.5,-35.94,18.0,332.14,-89.67,155.63,0.0,9.064,1.0,52.5540304,-1.4622666
52.5540288,-1.4622796999999998,153.66,,2,262.65,25 / 25,170720,2019-11-06 10:44:38:063,0.3436,-0.1753,9.742,0.0044,-0.0143,9.8066,0.1338,-0.2238,0.086,-1.87,-35.44,18.56,346.34,-89.49,172.57,0.0,9.093,1.0,52.5540288,-1.4622796999999998
52.5540272,-1.4622928,153.66,,2,262.65,25 / 25,170820,2019-11-06 10:44:38:163,4.9898,-0.3172,9.3964,0.0136,-0.023,9.8065,-0.0077,-0.004,0.0697,-1.75,-34.0,19.13,346.34,-89.49,172.57,0.0,9.122,1.0,52.5540272,-1.4622928
52.554025599999996,-1.4623059,153.66,,2,262.65,25 / 25,170921,2019-11-06 10:44:38:264,2.862,0.4691,10.5039,0.0035,-0.0087,9.8066,0.0414,0.3262,-0.1333,-1.81,-35.37,19.13,330.69,-89.27,157.36,0.0,9.151,1.0,52.554025599999996,-1.4623059
52.554024,-1.462319,153.61,9.18,2,255.85,26 / 26,171020,2019-11-06 10:44:38:363,-2.8091,-1.2261,10.4328,-0.0092,0.0016,9.8066,-0.0294,0.3733,-0.282,-2.25,-35.87,19.38,332.16,-89.15,158.92,0.0,9.18,1.0,52.554024,-1.462319
52.5540216,-1.4623316,153.61,,2,255.85,26 / 26,171120,2019-11-06 10:44:38:463,-2.4069,-0.7508,11.5131,-0.0118,-0.0316,9.8065,0.2083,-0.3232,0.1587,-1.62,-36.25,19.63,341.16,-89.01,167.45,0.0,9.137,1.0,52.5540216,-1.4623316
52.5540192,-1.4623442,153.61,,2,255.85,26 / 26,171220,2019-11-06 10:44:38:563,3.4032,-1.072,10.4797,0.0484,-0.001,9.8065,0.114,-0.6216,0.3401,-2.06,-36.44,19.69,341.16,-89.01,167.45,0.0,9.094,1.0,52.5540192,-1.4623442
52.5540168,-1.4623568,153.61,,2,255.85,26 / 26,171319,2019-11-06 10:44:38:662,7.9264,0.3269,8.6572,0.0127,0.0625,9.8064,-0.1725,-0.0977,0.2857,-1.87,-35.87,19.81,312.2,-88.96,139.29,0.0,9.051,1.0,52.5540168,-1.4623568
52.5540144,-1.4623694,153.61,,2,255.85,26 / 26,171420,2019-11-06 10:44:38:763,-0.0774,-0.2318,10.2857,0.0333,0.1068,9.806,-0.121,0.9462,-0.4376,-2.37,-35.69,20.25,273.97,-89.03,101.41,0.0,9.008,1.0,52.5540144,-1.4623694
52.554012,-1.462382,153.61,,2,255.85,26 / 26,171520,2019-11-06 10:44:38:863,-4.7381,-0.4748,10.5967,-0.077,0.0361,9.8063,-0.1507,0.6569,-0.2702,-2.31,-35.44,20.25,273.97,-89.03,101.41,0.0,8.965,1.0,52.554012,-1.462382
52.5540096,-1.4623945999999999,153.61,,2,255.85,26 / 26,171620,2019-11-06 10:44:38:963,-0.2533,-0.5636,8.9024,-0.08,0.022,9.8063,-0.0742,-0.044,0.1997,-2.25,-35.75,19.75,255.14,-89.47,81.75,0.0,8.922,1.0,52.5540096,-1.4623945999999999
52.5540072,-1.4624072,153.61,,2,255.85,26 / 26,171720,2019-11-06 10:44:39:063,6.4797,1.6278,8.8166,-0.075,0.0261,9.8063,0.117,-0.5693,0.3908,-2.0,-35.44,20.0,195.66,-89.7,21.51,0.0,8.879,1.0,52.5540072,-1.4624072
52.5540048,-1.4624198,153.61,,2,255.85,26 / 26,171820,2019-11-06 10:44:39:163,5.7109,1.4179,9.2156,0.0833,-0.0167,9.8063,0.04,0.2665,-0.1047,-3.06,-35.31,20.94,248.22,-89.4,77.27,0.0,8.836,1.0,52.5540048,-1.4624198
52.5540024,-1.4624324,153.61,,2,255.85,26 / 26,171920,2019-11-06 10:44:39:263,-0.1605,-0.5443,9.9633,0.015,-0.0332,9.8066,-0.0724,0.5812,-0.2373,-2.56,-35.44,21.13,248.22,-89.4,77.27,0.0,8.793,1.0,52.5540024,-1.4624324
52.554,-1.462445,153.57,8.75,2,246.94,26 / 26,172020,2019-11-06 10:44:39:363,0.2745,-0.2975,10.2001,-0.0111,-0.0024,9.8066,-0.1205,0.5865,-0.2018,-2.75,-35.44,21.63,267.73,-89.36,96.51,0.0,8.75,1.0,52.554,-1.462445
52.5539967,-1.4624569,153.57,,2,246.94,26 / 26,172120,2019-11-06 10:44:39:463,2.4892,1.2469,9.7867,-0.0229,0.0275,9.8066,-0.0282,0.2917,-0.029,-2.69,-35.75,22.19,250.12,-89.46,78.71,0.0,8.733,1.0,52.5539967,-1.4624569
52.5539934,-1.4624688,153.57,,2,246.94,26 / 26,172220,2019-11-06 10:44:39:563,3.9111,1.2317,9.4399,0.0229,0.0323,9.8066,0.0865,-0.0838,0.1567,-3.25,-35.69,21.94,250.12,-89.46,78.71,0.0,8.716,1.0,52.5539934,-1.4624688
52.5539901,-1.4624807,153.57,,2,246.94,26 / 26,172320,2019-11-06 10:44:39:663,-0.3711,0.3234,9.9675,-0.0218,-0.0042,9.8066,0.0431,-0.0185,0.1034,-3.0,-35.44,23.0,240.12,-89.25,68.52,0.0,8.699,1.0,52.5539901,-1.4624807
52.553986800000004,-1.4624926,153.57,,2,246.94,26 / 26,172420,2019-11-06 10:44:39:763,-0.5423,0.218,10.1184,-0.0286,-0.0085,9.8066,-0.0074,0.1691,0.0506,-3.19,-35.81,23.69,234.18,-89.59,61.8,0.0,8.682,1.0,52.553986800000004,-1.4624926
52.5539835,-1.4625044999999999,153.57,,2,246.94,26 / 26,172520,2019-11-06 10:44:39:863,0.498,0.887,9.9928,-0.0721,-0.0045,9.8063,-0.0319,0.3122,-0.0701,-2.87,-35.31,23.44,158.42,-89.77,-14.28,0.0,8.665,1.0,52.5539835,-1.4625044999999999
52.5539802,-1.4625164,153.57,,2,246.94,26 / 26,172620,2019-11-06 10:44:39:963,2.5468,0.519,9.8257,0.0112,0.018,9.8065,0.0021,0.2203,-0.0731,-3.69,-36.0,23.44,158.42,-89.77,-14.28,0.0,8.648,1.0,52.5539802,-1.4625164
52.5539769,-1.4625283,153.57,,2,246.94,26 / 26,172720,2019-11-06 10:44:40:063,1.0374,0.0709,10.3112,-0.021,0.0001,9.8066,-0.0069,-0.1337,0.1689,-3.44,-35.87,23.31,177.16,-89.68,4.57,0.0,8.631,1.0,52.5539769,-1.4625283
52.5539736,-1.4625402,153.57,,2,246.94,26 / 26,172820,2019-11-06 10:44:40:163,-0.9597,-0.833,10.4601,-0.0271,-0.0076,9.8066,0.1107,-0.1684,0.1126,-3.87,-35.56,24.06,131.1,-89.63,-39.85,0.0,8.614,1.0,52.5539736,-1.4625402
52.5539703,-1.4625521,153.57,,2,246.94,26 / 26,172920,2019-11-06 10:44:40:263,0.1093,0.5423,9.3905,-0.0611,-0.0144,9.8064,-0.0058,-0.0136,0.073,-3.75,-36.06,23.88,131.1,-89.63,-39.85,0.0,8.597,1.0,52.5539703,-1.4625521
52.553967,-1.462564,153.5,8.58,2,239.21,25 / 25,173020,2019-11-06 10:44:40:363,0.7793,0.2431,9.4764,-0.0123,0.0113,9.8065,-0.0063,0.0629,-0.0664,-3.56,-36.25,24.19,106.63,-89.29,-65.24,0.0,8.58,1.0,52.553967,-1.462564
52.5539628,-1.4625751,153.5,,2,239.21,25 / 25,173120,2019-11-06 10:44:40:463,0.8537,0.249,10.0582,-0.015,0.0211,9.8066,-0.1036,0.0867,-0.0476,-4.0,-35.87,23.69,112.81,-89.16,-58.86,0.0,8.583,1.0,52.5539628,-1.4625751
52.5539586,-1.4625862,153.5,,2,239.21,25 / 25,173219,2019-11-06 10:44:40:562,1.6181,0.6247,9.4099,-0.004,-0.0037,9.8066,0.0793,-0.062,0.1081,-4.0,-36.31,24.38,112.81,-89.16,-58.86,0.0,8.586,1.0,52.5539586,-1.4625862
52.5539544,-1.4625972999999999,153.5,,2,239.21,25 / 25,173320,2019-11-06 10:44:40:663,-0.0373,-0.021,9.3078,-0.0029,0.0038,9.8066,-0.0279,-0.0796,0.0037,-4.37,-35.56,24.13,111.21,-89.15,-60.83,0.0,8.589,1.0,52.5539544,-1.4625972999999999
52.5539502,-1.4626084,153.5,,2,239.21,25 / 25,173420,2019-11-06 10:44:40:763,-1.1836,-0.4691,10.2785,0.0193,0.0114,9.8065,-0.1078,0.2758,-0.1995,-4.44,-35.25,24.19,111.85,-89.13,-59.85,0.0,8.592,1.0,52.5539502,-1.4626084
52.553945999999996,-1.4626195,153.5,,2,239.21,25 / 25,173520,2019-11-06 10:44:40:863,1.1045,0.9187,9.7788,0.014,0.0096,9.8066,-0.0356,0.215,0.002,-4.62,-35.94,23.81,115.22,-89.18,-54.1,0.0,8.594999999999999,1.0,52.553945999999996,-1.4626195
52.5539418,-1.4626306,153.5,,2,239.21,25 / 25,173620,2019-11-06 10:44:40:963,1.8635,1.4061,9.2974,0.0092,-0.0203,9.8066,-0.0232,0.0318,-0.0668,-4.56,-35.81,24.19,115.22,-89.18,-54.1,0.0,8.597999999999999,1.0,52.5539418,-1.4626306
52.5539376,-1.4626417,153.5,,2,239.21,25 / 25,173720,2019-11-06 10:44:41:063,0.2185,-0.023,9.9229,0.0081,-0.0155,9.8066,0.1284,-0.1011,0.0973,-4.5,-35.75,25.25,108.87,-89.27,-60.76,0.0,8.600999999999999,1.0,52.5539376,-1.4626417
52.5539334,-1.4626527999999999,153.5,,2,239.21,25 / 25,173820,2019-11-06 10:44:41:163,-0.5724,-0.5448,9.9623,0.0012,-0.0081,9.8066,0.0153,0.0232,0.0209,-4.19,-35.12,25.0,101.57,-89.35,-70.22,0.0,8.604,1.0,52.5539334,-1.4626527999999999
52.5539292,-1.4626639,153.5,,2,239.21,25 / 25,173920,2019-11-06 10:44:41:263,0.2558,-0.6391,9.6519,-0.0411,0.0023,9.8065,-0.0447,0.1394,-0.0198,-4.75,-35.62,25.0,101.57,-89.35,-70.22,0.0,8.607,1.0,52.5539292,-1.4626639
52.553925,-1.462675,153.44,8.61,2,235.78,26 / 26,174020,2019-11-06 10:44:41:363,1.2373,0.9866,9.5611,-0.0026,0.0119,9.8066,-0.0811,0.1846,-0.0693,-4.62,-35.75,24.69,101.56,-89.08,-68.41,0.0,8.61,1.0,52.553925,-1.462675
52.5539205,-1.4626857,153.44,,2,235.78,26 / 26,174120,2019-11-06 10:44:41:463,0.9503,-0.0796,9.3952,0.0005,0.0343,9.8066,-0.0595,0.0503,-0.0132,-4.87,-36.0,24.94,101.56,-89.08,-68.41,0.0,8.609,1.0,52.5539205,-1.4626857
52.553916,-1.4626964,153.44,,2,235.78,26 / 26,174220,2019-11-06 10:44:41:563,1.0369,0.0812,10.0959,0.0032,-0.0138,9.8066,0.0564,0.07,-0.0711,-4.25,-35.37,24.88,112.63,-88.97,-59.58,0.0,8.607999999999999,1.0,52.553916,-1.4626964
52.5539115,-1.4627071,153.44,,2,235.78,26 / 26,174320,2019-11-06 10:44:41:663,1.244,-0.2817,10.1482,0.0006,-0.0219,9.8066,-0.0397,0.0834,0.0444,-4.94,-35.75,24.81,103.61,-89.02,-66.43,0.0,8.607,1.0,52.5539115,-1.4627071
52.553907,-1.4627178,153.44,,2,235.78,26 / 26,174419,2019-11-06 10:44:41:762,-0.4443,0.7498,9.7249,0.0097,-0.0224,9.8066,0.0366,0.0943,-0.038,-4.69,-35.37,25.0,103.61,-89.02,-66.43,0.0,8.606,1.0,52.553907,-1.4627178
52.5539025,-1.4627285,153.44,,2,235.78,26 / 26,174520,2019-11-06 10:44:41:863,0.0179,0.5567,9.5074,-0.0311,-0.0197,9.8066,-0.0185,0.0038,0.0349,-4.87,-35.87,25.0,96.3,-89.1,-73.65,0.0,8.604999999999999,1.0,52.5539025,-1.4627285
52.553898,-1.4627392,153.44,,2,235.78,26 / 26,174620,2019-11-06 10:44:41:963,0.841,0.8073,9.8554,-0.0422,-0.0295,9.8064,0.0644,-0.0469,0.0003,-5.06,-36.12,25.06,86.69,-88.85,-83.62,0.0,8.604,1.0,52.553898,-1.4627392
52.5538935,-1.4627499,153.44,,2,235.78,26 / 26,174720,2019-11-06 10:44:42:063,0.2527,0.307,10.1101,0.0048,0.0041,9.8066,0.0269,0.0205,0.0069,-5.37,-35.94,25.19,87.78,-88.88,-82.49,0.0,8.603,1.0,52.5538935,-1.4627499
52.553889,-1.4627606,153.44,,2,235.78,26 / 26,174820,2019-11-06 10:44:42:163,0.0289,-0.0327,10.1192,0.0025,0.001,9.8066,0.0327,0.1108,-0.0664,-5.37,-35.81,25.0,87.78,-88.88,-82.49,0.0,8.602,1.0,52.553889,-1.4627606
52.5538845,-1.4627713,153.44,,2,235.78,26 / 26,174920,2019-11-06 10:44:42:263,0.2043,-0.1641,9.9006,0.006,-0.012,9.8066,-0.0385,0.0645,0.0091,-5.12,-36.06,25.06,88.04,-88.9,-82.2,0.0,8.600999999999999,1.0,52.5538845,-1.4627713
52.55388,-1.462782,153.38,8.6,2,233.92,26 / 26,175020,2019-11-06 10:44:42:363,1.0125,0.385,9.62,0.0119,-0.0019,9.8066,0.0031,-0.0418,0.0851,-4.87,-36.06,25.44,84.67,-88.85,-85.64,0.0,8.6,1.0,52.55388,-1.462782
52.5538753,-1.4627925,153.38,,2,233.92,26 / 26,175120,2019-11-06 10:44:42:463,-0.3033,0.9774,9.4351,-0.0051,0.0039,9.8066,0.0547,0.0473,-0.0549,-5.19,-36.25,25.5,84.67,-88.85,-85.64,0.0,8.565999999999999,1.0,52.5538753,-1.4627925
52.553870599999996,-1.462803,153.38,,2,233.92,26 / 26,175220,2019-11-06 10:44:42:563,0.7988,1.123,9.7599,0.017,0.0102,9.8066,0.0337,0.1832,-0.0992,-4.81,-35.94,25.56,83.91,-88.77,-86.86,0.0,8.532,1.0,52.553870599999996,-1.462803
52.5538659,-1.4628135,153.38,,2,233.92,26 / 26,175320,2019-11-06 10:44:42:663,1.5874,1.061,10.06,0.0285,0.0097,9.8065,-0.0114,0.0698,0.0058,-5.87,-36.25,26.19,83.66,-88.94,-84.77,0.0,8.498,1.0,52.5538659,-1.4628135
52.5538612,-1.4628240000000001,153.38,,2,233.92,26 / 26,175420,2019-11-06 10:44:42:763,1.3252,0.6905,9.8694,-0.0149,0.0108,9.8066,-0.0289,-0.1134,0.1408,-5.5,-36.0,26.19,83.66,-88.94,-84.77,0.0,8.464,1.0,52.5538612,-1.4628240000000001
52.5538565,-1.4628345,153.38,,2,233.92,26 / 26,175520,2019-11-06 10:44:42:863,-0.5097,0.7754,9.8869,-0.0179,0.0007,9.8066,-0.0018,0.0623,-0.0316,-5.75,-36.12,25.38,89.55,-88.86,-81.11,0.0,8.43,1.0,52.5538565,-1.4628345
52.5538518,-1.462845,153.38,,2,233.92,26 / 26,175620,2019-11-06 10:44:42:963,-1.3537,0.1072,10.1507,-0.0347,-0.0104,9.8065,0.0304,0.3146,-0.1576,-5.56,-36.25,25.5,85.18,-88.66,-83.63,0.0,8.395999999999999,1.0,52.5538518,-1.462845
52.5538471,-1.4628555,153.38,,2,233.92,26 / 26,175720,2019-11-06 10:44:43:063,0.4258,0.7598,9.8742,0.0346,-0.0207,9.8065,-0.0274,0.2642,-0.1455,-5.62,-36.44,26.06,78.11,-88.84,-90.43,0.0,8.362,1.0,52.5538471,-1.4628555
52.5538424,-1.462866,153.38,,2,233.92,26 / 26,175820,2019-11-06 10:44:43:163,2.4786,0.9343,9.5063,0.0164,-0.0074,9.8066,0.0459,-0.2176,0.0904,-4.81,-36.25,26.06,78.11,-88.84,-90.43,0.0,8.328,1.0,52.5538424,-1.462866
52.553837699999995,-1.4628765000000001,153.38,,2,233.92,26 / 26,175920,2019-11-06 10:44:43:263,1.3947,1.4454,9.4339,0.0085,0.0093,9.8066,0.0201,-0.0283,0.1045,-5.25,-36.44,25.88,76.81,-88.92,-93.73,0.0,8.294,1.0,52.553837699999995,-1.4628765000000001
52.553833,-1.462887,153.33,8.26,2,231.2,24 / 26,176020,2019-11-06 10:44:43:363,-0.7945,0.9806,9.3973,-0.0142,-0.001,9.8066,-0.0742,0.1532,-0.0477,-6.0,-36.37,26.56,77.34,-88.97,-91.44,0.0,8.26,1.0,52.553833,-1.462887
52.553827999999996,-1.4628964,153.33,,2,231.2,24 / 26,176120,2019-11-06 10:44:43:463,-1.6116,0.3434,9.9053,0.0087,0.0044,9.8066,-0.0264,0.362,-0.1494,-5.37,-35.37,26.63,77.34,-88.97,-91.44,0.0,8.185,1.0,52.553827999999996,-1.4628964
52.553823,-1.4629058000000001,153.33,,2,231.2,24 / 26,176219,2019-11-06 10:44:43:562,1.382,0.7327,9.8929,-0.0364,-0.0058,9.8066,0.0203,-0.0315,0.0537,-5.69,-36.31,26.44,78.08,-88.91,-90.37,0.0,8.11,1.0,52.553823,-1.4629058000000001
52.553818,-1.4629152,153.33,,2,231.2,24 / 26,176319,2019-11-06 10:44:43:662,2.5874,1.5478,9.0496,0.0252,0.0096,9.8065,0.0448,-0.204,0.1529,-5.75,-35.94,26.5,77.19,-88.72,-91.91,0.0,8.035,1.0,52.553818,-1.4629152
52.553813,-1.4629246,153.33,,2,231.2,24 / 26,176419,2019-11-06 10:44:43:762,-0.2723,0.7917,9.6308,0.0508,0.0279,9.8064,-0.0086,-0.2152,-0.0368,-6.44,-36.19,26.06,77.19,-88.72,-91.91,0.0,7.96,1.0,52.553813,-1.4629246
52.553808,-1.4629340000000002,153.33,,2,231.2,24 / 26,176519,2019-11-06 10:44:43:862,-1.3029,1.6086,10.1598,0.0321,0.0124,9.8066,0.005,0.0518,0.0026,-5.81,-35.62,26.75,92.05,-89.12,-76.14,0.0,7.885,1.0,52.553808,-1.4629340000000002
52.553803,-1.4629434000000001,153.33,,2,231.2,24 / 26,176620,2019-11-06 10:44:43:963,0.7218,1.0462,10.1905,-0.0078,-0.0305,9.8066,-0.0123,0.0543,-0.0086,-6.19,-36.19,26.38,98.33,-89.3,-69.61,0.0,7.81,1.0,52.553803,-1.4629434000000001
52.553798,-1.4629528,153.33,,2,231.2,24 / 26,176720,2019-11-06 10:44:44:063,0.6267,1.5281,9.6107,0.0005,-0.0182,9.8066,0.0049,-0.0744,0.0312,-6.06,-36.31,26.25,98.33,-89.3,-69.61,0.0,7.734999999999999,1.0,52.553798,-1.4629528
52.553793,-1.4629622,153.33,,2,231.2,24 / 26,176820,2019-11-06 10:44:44:163,-0.2229,1.0972,9.8545,0.0088,-0.0155,9.8066,-0.0294,0.1615,-0.0081,-6.06,-35.69,26.63,91.31,-89.36,-76.99,0.0,7.66,1.0,52.553793,-1.4629622
52.553788000000004,-1.4629716000000001,153.33,,2,231.2,24 / 26,176921,2019-11-06 10:44:44:264,-0.2498,0.6831,10.3776,0.0238,-0.0054,9.8065,-0.0038,-0.1131,0.0935,-6.19,-36.12,27.0,91.31,-89.36,-76.99,0.0,7.585,1.0,52.553788000000004,-1.4629716000000001
52.553783,-1.462981,153.26,7.51,2,228.82,26 / 26,177020,2019-11-06 10:44:44:363,0.3936,1.0415,10.3657,0.0104,0.0129,9.8066,-0.0225,0.1473,-0.0705,-6.37,-36.19,27.63,87.88,-89.5,-80.24,0.0,7.51,1.0,52.553783,-1.462981
52.55377890909091,-1.4629889090909092,153.26,,2,228.82,26 / 26,177120,2019-11-06 10:44:44:463,0.4511,1.478,9.9537,-0.0008,-0.0126,9.8066,-0.009,0.0273,-0.0129,-5.87,-36.44,26.88,105.19,-89.63,-62.74,0.0,7.485454545454545,1.0,52.55377890909091,-1.4629889090909092
52.55377481818182,-1.4629968181818183,153.26,,2,228.82,26 / 26,177221,2019-11-06 10:44:44:564,0.3944,0.6199,10.2548,0.0042,-0.0074,9.8066,0.0806,-0.0375,0.0609,-5.94,-36.0,27.63,99.54,-89.67,-68.78,0.0,7.460909090909091,1.0,52.55377481818182,-1.4629968181818183
52.55377072727273,-1.4630047272727273,153.26,,2,228.82,26 / 26,177319,2019-11-06 10:44:44:662,-0.6131,0.6377,9.8715,-0.0274,-0.0023,9.8065,-0.0168,-0.0305,0.0761,-6.12,-36.06,26.88,99.54,-89.67,-68.78,0.0,7.4363636363636365,1.0,52.55377072727273,-1.4630047272727273
52.55376663636364,-1.4630126363636364,153.26,,2,228.82,26 / 26,177420,2019-11-06 10:44:44:763,-0.897,-0.4948,10.1554,0.0263,-0.0216,9.8065,-0.0796,0.2415,-0.1366,-6.25,-36.12,26.94,94.69,-89.51,-73.42,0.0,7.411818181818182,1.0,52.55376663636364,-1.4630126363636364
52.553762545454546,-1.4630205454545455,153.26,,2,228.82,26 / 26,177520,2019-11-06 10:44:44:863,0.7529,0.8436,9.7962,0.023,-0.0084,9.8066,-0.0046,0.2387,-0.0974,-6.0,-36.44,27.56,75.82,-89.65,-92.51,0.0,7.387272727272728,1.0,52.553762545454546,-1.4630205454545455
52.55375845454546,-1.4630284545454546,153.26,,2,228.82,26 / 26,177620,2019-11-06 10:44:44:963,0.7949,0.6788,9.6555,0.0179,-0.0202,9.8065,0.0607,0.1714,-0.0992,-5.56,-36.19,27.06,74.09,-89.75,-93.69,0.0,7.362727272727272,1.0,52.55375845454546,-1.4630284545454546
52.553754363636365,-1.4630363636363637,153.26,,2,228.82,26 / 26,177719,2019-11-06 10:44:45:062,1.7193,0.533,9.3205,0.0862,-0.0601,9.806,-0.0149,0.1904,-0.0697,-6.19,-35.5,27.75,74.09,-89.75,-93.69,0.0,7.338181818181818,1.0,52.553754363636365,-1.4630363636363637
52.55375027272728,-1.4630442727272728,153.26,,2,228.82,26 / 26,177820,2019-11-06 10:44:45:163,-0.8906,0.3354,9.7186,-0.0008,-0.0059,9.8066,0.0342,0.0609,-0.008,-5.87,-36.25,27.94,327.19,-89.5,159.63,0.0,7.3136363636363635,1.0,52.55375027272728,-1.4630442727272728
52.553746181818184,-1.4630521818181819,153.26,,2,228.82,26 / 26,177921,2019-11-06 10:44:45:264,-0.8601,0.59,9.8953,0.0101,0.0044,9.8065,-0.0195,-0.0053,0.1048,-5.87,-35.44,27.38,339.37,-89.51,172.11,0.0,7.289090909090909,1.0,52.553746181818184,-1.4630521818181819
52.5537420909091,-1.463060090909091,153.26,,2,228.82,24 / 24,178020,2019-11-06 10:44:45:363,0.8183,0.4736,9.5578,0.0108,0.0116,9.8066,0.006,-0.0687,0.0335,-6.19,-35.94,27.63,332.15,-89.51,164.53,0.0,7.264545454545455,1.0,52.5537420909091,-1.463060090909091
52.553738,-1.463068,153.18,7.24,2,226.41,24 / 24,178120,2019-11-06 10:44:45:463,-0.7461,0.0369,9.956,-0.0007,0.029,9.8065,-0.0372,0.0248,-0.0046,-6.44,-36.0,27.19,321.23,-89.54,153.69,0.0,7.24,1.0,52.553738,-1.463068
52.55373266666667,-1.4630765555555556,153.18,,2,226.41,24 / 24,178220,2019-11-06 10:44:45:563,0.2149,-0.5274,10.1384,0.0007,0.0256,9.8066,-0.0539,0.0672,0.0268,-6.44,-36.06,27.75,305.79,-89.64,138.26,0.0,7.238888888888889,1.0,52.55373266666667,-1.4630765555555556
52.553727333333335,-1.4630851111111112,153.18,,2,226.41,24 / 24,178319,2019-11-06 10:44:45:662,0.8814,0.3247,10.3358,-0.0297,-0.0122,9.8066,0.001,0.1389,-0.0343,-6.25,-36.44,27.75,337.06,-89.69,169.31,0.0,7.237777777777778,1.0,52.553727333333335,-1.4630851111111112
52.553722,-1.4630936666666667,153.18,,2,226.41,24 / 24,178420,2019-11-06 10:44:45:763,0.1611,0.8005,10.4698,-0.0284,-0.0033,9.8066,0.035,-0.0317,-0.0068,-6.56,-35.94,28.0,337.06,-89.69,169.31,0.0,7.236666666666667,1.0,52.553722,-1.4630936666666667
52.553716666666666,-1.4631022222222223,153.18,,2,226.41,24 / 24,178520,2019-11-06 10:44:45:863,0.532,1.3075,9.9112,0.0042,-0.0017,9.8066,-0.0219,-0.1041,0.1098,-6.75,-35.31,28.13,6.86,-89.69,-159.15,0.0,7.235555555555556,1.0,52.553716666666666,-1.4631022222222223
52.55371133333334,-1.4631107777777776,153.18,,2,226.41,24 / 24,178620,2019-11-06 10:44:45:963,-0.2045,-0.4757,9.8682,0.0103,-0.0209,9.8065,0.0007,0.2196,-0.1526,-6.44,-36.06,27.88,358.76,-89.57,-169.14,0.0,7.234444444444445,1.0,52.55371133333334,-1.4631107777777776
52.553706000000005,-1.4631193333333332,153.18,,2,226.41,24 / 24,178720,2019-11-06 10:44:46:063,-0.4635,-0.2157,10.126,0.0304,0.0106,9.8065,-0.0308,-0.1332,0.0395,-7.0,-35.94,28.44,358.76,-89.57,-169.14,0.0,7.233333333333333,1.0,52.553706000000005,-1.4631193333333332
52.55370066666667,-1.4631278888888888,153.18,,2,226.41,24 / 24,178820,2019-11-06 10:44:46:163,-3.3782,-1.4414,10.1227,0.0217,0.0037,9.8066,0.055,-0.4401,0.25,-6.69,-36.87,28.31,330.79,-89.59,165.07,0.0,7.232222222222223,1.0,52.55370066666667,-1.4631278888888888
52.55369533333334,-1.4631364444444444,153.18,,2,226.41,24 / 24,178920,2019-11-06 10:44:46:263,2.0445,1.1357,9.185,-0.0145,-0.0041,9.8066,0.0659,-0.3693,0.2188,-6.94,-36.62,28.13,323.06,-89.53,157.46,0.0,7.231111111111112,1.0,52.55369533333334,-1.4631364444444444
52.55369,-1.463145,153.1,7.23,2,224.65,24 / 25,179020,2019-11-06 10:44:46:363,3.726,1.4475,8.9984,-0.0269,-0.0113,9.8066,0.0439,-0.0009,0.0154,-6.62,-35.69,28.56,323.06,-89.53,157.46,0.0,7.23,1.0,52.55369,-1.463145
52.553685200000004,-1.4631524999999999,153.1,,2,224.65,24 / 25,179120,2019-11-06 10:44:46:463,1.528,0.204,9.5495,0.0026,0.0357,9.8065,0.0641,-0.3745,0.1864,-6.87,-35.87,28.44,344.28,-89.54,178.48,0.0,7.251,1.0,52.553685200000004,-1.4631524999999999
52.553680400000005,-1.46316,153.1,,2,224.65,24 / 25,179220,2019-11-06 10:44:46:563,-3.8215,-0.7343,10.0717,0.0008,0.0106,9.8066,0.0279,-0.485,0.3218,-6.69,-35.37,28.69,352.98,-89.74,-173.41,0.0,7.272,1.0,52.553680400000005,-1.46316
52.553675600000005,-1.4631675,153.1,,2,224.65,24 / 25,179320,2019-11-06 10:44:46:663,-2.7927,-0.602,9.9124,0.0105,0.0096,9.8066,0.0641,-0.1692,0.0977,-6.87,-36.06,28.5,335.5,-89.77,169.18,0.0,7.293,1.0,52.553675600000005,-1.4631675
52.553670800000006,-1.463175,153.1,,2,224.65,24 / 25,179420,2019-11-06 10:44:46:763,1.5387,0.3395,8.834,0.024,-0.0137,9.8066,0.1082,0.153,-0.1534,-6.94,-35.94,28.38,335.5,-89.77,169.18,0.0,7.314,1.0,52.553670800000006,-1.463175
52.553666,-1.4631824999999998,153.1,,2,224.65,24 / 25,179519,2019-11-06 10:44:46:862,1.5778,0.1455,9.219,-0.0192,0.001,9.8066,-0.069,0.1895,-0.0394,-6.81,-36.12,28.44,322.41,-89.59,156.76,0.0,7.335000000000001,1.0,52.553666,-1.4631824999999998
52.5536612,-1.46319,153.1,,2,224.65,24 / 25,179619,2019-11-06 10:44:46:962,-1.0255,0.4398,9.5124,-0.0399,-0.0049,9.8065,0.0539,-0.0856,-0.0094,-7.62,-35.69,28.63,356.18,-89.65,-168.37,0.0,7.356000000000001,1.0,52.5536612,-1.46319
52.5536564,-1.4631975,153.1,,2,224.65,24 / 25,179719,2019-11-06 10:44:47:062,-2.5421,0.0798,9.8008,0.0246,0.0277,9.8065,-0.0002,-0.2533,0.1448,-7.0,-35.81,28.56,356.18,-89.65,-168.37,0.0,7.377000000000001,1.0,52.5536564,-1.4631975
52.5536516,-1.4632049999999999,153.1,,2,224.65,24 / 25,179820,2019-11-06 10:44:47:163,0.2831,0.7324,9.5371,0.0645,0.0235,9.8064,0.0418,-0.1779,0.1238,-6.81,-35.81,27.56,320.02,-89.75,154.26,0.0,7.398000000000001,1.0,52.5536516,-1.4632049999999999
52.5536468,-1.4632125,153.1,,2,224.65,24 / 25,179920,2019-11-06 10:44:47:263,1.9535,0.8239,9.2843,0.0914,0.0347,9.8061,0.0024,0.1528,-0.0537,-7.12,-36.0,28.19,268.66,-89.3,103.57,0.0,7.4190000000000005,1.0,52.5536468,-1.4632125
,,153.01,7.44,2,222.3,25 / 26,180020,2019-11-06 10:44:47:363,-1.1938,2.84,10.9227,0.0076,0.0093,9.8066,-0.1195,0.2672,-0.0458,-7.0,-36.5,28.56,265.02,-89.26,99.48,0.0,7.44,0.0,52.553642,-1.46322
,,153.01,,2,222.3,25 / 26,180119,2019-11-06 10:44:47:462,-0.0614,1.174,8.9103,-0.0205,0.0294,9.8065,0.0646,0.1429,-0.1712,-7.5,-36.0,28.19,248.84,-89.33,83.65,0.0,7.4670000000000005,0.0,52.5536371,-1.4632274
,,153.01,,2,222.3,25 / 26,180220,2019-11-06 10:44:47:563,-2.6935,0.2749,9.7228,0.0019,-0.0087,9.8066,0.0139,-0.1149,0.1302,-7.06,-36.31,28.94,248.84,-89.33,83.65,0.0,7.494000000000001,0.0,52.5536322,-1.4632348
,,153.01,,2,222.3,25 / 26,180320,2019-11-06 10:44:47:663,0.5566,0.4305,9.0346,0.0276,-0.02,9.8065,0.1658,-0.1072,0.0084,-7.06,-35.69,28.94,253.77,-89.34,88.12,0.0,7.521,0.0,52.5536273,-1.4632422
,,153.01,,2,222.3,25 / 26,180420,2019-11-06 10:44:47:763,1.9859,-0.0141,8.5597,0.0436,-0.0305,9.8064,0.0374,0.1215,-0.0169,-7.44,-36.12,29.94,269.8,-89.11,103.97,0.0,7.548,0.0,52.5536224,-1.4632496
,,153.01,,2,222.3,25 / 26,180520,2019-11-06 10:44:47:863,0.5965,0.104,9.0265,-0.0271,-0.0568,9.8064,-0.089,0.2786,-0.0146,-7.62,-36.12,29.69,269.8,-89.11,103.97,0.0,7.575,0.0,52.5536175,-1.463257
,,153.01,,2,222.3,25 / 26,180620,2019-11-06 10:44:47:963,-1.8618,-0.4019,9.677,-0.0243,-0.004,9.8066,-0.0237,0.2545,-0.1502,-8.0,-35.75,29.81,294.43,-89.2,128.42,0.0,7.602,0.0,52.5536126,-1.4632644000000001
,,153.01,,2,222.3,25 / 26,180720,2019-11-06 10:44:48:063,-0.5556,-0.0271,9.6197,-0.0012,0.0133,9.8066,-0.005,-0.2061,0.1517,-7.62,-36.44,30.13,299.48,-89.31,135.1,0.0,7.6290000000000004,0.0,52.5536077,-1.4632718
,,153.01,,2,222.3,25 / 26,180820,2019-11-06 10:44:48:163,1.5491,0.6726,9.3317,0.0333,0.0502,9.8065,0.0965,-0.1748,0.0636,-7.37,-36.31,29.88,274.74,-89.21,108.8,0.0,7.656,0.0,52.5536028,-1.4632792000000001
,,153.01,,2,222.3,25 / 26,180920,2019-11-06 10:44:48:263,1.1458,0.9935,9.1378,0.0102,-0.0025,9.8066,-0.0463,-0.0434,0.0831,-7.12,-36.19,30.0,274.74,-89.21,108.8,0.0,7.683,0.0,52.5535979,-1.4632866
,,152.94,7.71,2,219.25,24 / 24,181019,2019-11-06 10:44:48:362,-0.2204,-0.1427,9.5187,-0.018,-0.0223,9.8066,-0.0005,0.1306,-0.075,-7.44,-35.44,29.75,275.31,-89.15,109.44,0.0,7.71,0.0,52.553593,-1.463294
,,152.94,,2,219.25,24 / 24,181120,2019-11-06 10:44:48:463,-0.7369,-1.2132,10.3319,-0.0091,-0.0157,9.8065,-0.0346,0.0304,0.0214,-7.31,-35.5,30.06,287.0,-89.23,120.97,0.0,7.759,0.0,52.553587199999996,-1.4633014000000002
,,152.94,,2,219.25,24 / 24,181220,2019-11-06 10:44:48:563,-0.7768,-0.3739,10.6409,-0.0091,-0.0209,9.8066,0.111,-0.1204,0.0144,-7.81,-36.56,30.06,287.0,-89.23,120.97,0.0,7.808,0.0,52.5535814,-1.4633088
,,152.94,,2,219.25,24 / 24,181320,2019-11-06 10:44:48:663,1.5519,0.0658,10.1075,0.0146,-0.0008,9.8066,-0.0618,-0.0617,0.1222,-7.12,-35.56,30.06,296.96,-89.23,130.9,0.0,7.856999999999999,0.0,52.5535756,-1.4633162
,,152.94,,2,219.25,24 / 24,181420,2019-11-06 10:44:48:763,2.2015,-0.8307,9.8807,-0.0074,-0.007,9.8066,0.0378,0.1591,-0.0963,-7.0,-35.81,30.31,292.28,-89.17,126.32,0.0,7.906,0.0,52.5535698,-1.4633236
,,152.94,,2,219.25,24 / 24,181520,2019-11-06 10:44:48:863,-0.8745,-0.4745,9.7219,-0.0116,-0.0068,9.8066,-0.0313,0.1567,-0.0532,-7.62,-35.56,30.25,301.23,-89.18,136.98,0.0,7.955,0.0,52.553563999999994,-1.4633310000000002
,,152.94,,2,219.25,24 / 24,181621,2019-11-06 10:44:48:964,-0.8264,0.131,9.5931,-0.0223,-0.0137,9.8065,0.0788,0.1016,-0.1109,-7.37,-36.06,30.38,301.23,-89.18,136.98,0.0,8.004,0.0,52.5535582,-1.4633384
,,152.94,,2,219.25,24 / 24,181720,2019-11-06 10:44:49:063,0.5787,0.5548,9.7011,0.0195,0.0054,9.8066,-0.0853,0.0494,0.0523,-6.87,-35.56,30.19,314.2,-89.28,147.94,0.0,8.052999999999999,0.0,52.5535524,-1.4633458
,,152.94,,2,219.25,24 / 24,181820,2019-11-06 10:44:49:163,-0.1839,0.6302,9.653,-0.0028,-0.0083,9.8066,0.0437,-0.1158,-0.0072,-6.94,-36.5,30.56,303.58,-89.16,137.11,0.0,8.102,0.0,52.5535466,-1.4633532
,,152.94,,2,219.25,24 / 24,181920,2019-11-06 10:44:49:263,-1.1054,-0.4874,9.9402,-0.0059,-0.0249,9.8066,0.0239,-0.0399,0.0231,-7.69,-36.19,30.38,303.58,-89.16,137.11,0.0,8.151,0.0,52.55354079999999,-1.4633606000000001
,,152.84,8.2,2,218.35,25 / 25,182020,2019-11-06 10:44:49:363,-0.0426,-0.2102,10.0571,0.0091,-0.0116,9.8066,0.0123,-0.0022,0.057,-7.56,-36.31,31.0,312.54,-89.09,146.02,0.0,8.2,0.0,52.553535,-1.463368
,,152.84,,2,218.35,25 / 25,182123,2019-11-06 10:44:49:466,-0.1984,-0.0867,9.9222,-0.023,-0.0104,9.8066,0.021,-0.0691,-0.0707,-7.81,-35.94,30.44,311.04,-89.01,146.84,0.0,8.218,0.0,52.553528899999996,-1.4633755
,,152.84,,2,218.35,25 / 25,182220,2019-11-06 10:44:49:563,-0.7334,-0.4157,9.8676,0.0018,0.0008,9.8066,0.018,0.026,0.081,-7.62,-35.81,30.5,310.91,-89.0,146.23,0.0,8.235999999999999,0.0,52.553522799999996,-1.463383
,,152.84,,2,218.35,25 / 25,182320,2019-11-06 10:44:49:663,-1.1909,0.1629,9.6898,-0.0283,-0.0098,9.8065,-0.0207,0.1635,-0.0399,-7.5,-35.69,30.06,310.91,-89.0,146.23,0.0,8.254,0.0,52.553516699999996,-1.4633905
,,152.84,,2,218.35,25 / 25,182420,2019-11-06 10:44:49:763,0.6867,1.2502,9.8986,0.0058,0.0062,9.8065,-0.0464,0.1333,-0.0781,-7.69,-35.62,30.94,320.09,-89.08,155.71,0.0,8.272,0.0,52.553510599999996,-1.463398
,,152.84,,2,218.35,25 / 25,182520,2019-11-06 10:44:49:863,-1.8195,-0.7561,10.1186,-0.0031,0.0026,9.8066,-0.0006,0.0582,0.0021,-8.12,-35.87,30.25,314.67,-89.14,150.32,0.0,8.29,0.0,52.5535045,-1.4634055
,,152.84,,2,218.35,25 / 25,182620,2019-11-06 10:44:49:963,-1.5704,-1.3079,10.0498,-0.0185,-0.0069,9.8066,0.0154,-0.0925,-0.0012,-8.31,-35.75,30.31,314.67,-89.14,150.32,0.0,8.308,0.0,52.5534984,-1.463413
,,152.84,,2,218.35,25 / 25,182719,2019-11-06 10:44:50:062,2.0107,0.6086,9.7028,-0.0197,-0.007,9.8066,0.0149,-0.4674,0.272,-7.69,-36.06,29.75,322.1,-89.18,157.62,0.0,8.326,0.0,52.5534923,-1.4634205
,,152.84,,2,218.35,25 / 25,182820,2019-11-06 10:44:50:163,3.1427,0.7882,10.0394,0.0157,0.0194,9.8066,0.0803,-0.0506,-0.0059,-8.25,-35.94,30.0,338.43,-89.25,173.69,0.0,8.344000000000001,0.0,52.5534862,-1.463428
,,152.84,,2,218.35,25 / 25,182920,2019-11-06 10:44:50:263,-0.1672,0.3699,10.5744,0.0027,0.0152,9.8066,0.0004,0.332,-0.1755,-7.81,-36.94,30.75,317.41,-89.27,152.45,0.0,8.362,0.0,52.5534801,-1.4634355000000001
,,152.72,8.38,2,218.59,25 / 25,183020,2019-11-06 10:44:50:363,2.777,0.7498,9.3462,0.0018,0.0035,9.8066,-0.1757,0.5466,-0.2251,-8.44,-36.31,30.31,315.24,-89.28,150.76,0.0,8.38,0.0,52.553474,-1.463443
,,152.72,,2,218.59,25 / 25,183120,2019-11-06 10:44:50:463,5.7828,1.9278,9.3306,-0.0418,-0.0299,9.8065,0.0237,-0.261,0.2115,-8.31,-35.81,30.0,315.24,-89.28,150.76,0.0,8.34,0.0,52.5534683,-1.4634506
,,152.72,,2,218.59,25 / 25,183220,2019-11-06 10:44:50:563,3.5781,0.8465,9.883,0.0266,0.0141,9.8066,0.019,-0.5104,0.2657,-7.94,-35.56,30.63,339.26,-89.26,174.49,0.0,8.3,0.0,52.5534626,-1.4634582
,,152.72,,2,218.59,25 / 25,183319,2019-11-06 10:44:50:662,-4.2713,-0.134,10.4201,0.071,0.0382,9.8063,0.1106,-0.4972,0.2563,-8.0,-36.5,30.63,304.59,-89.18,139.82,0.0,8.260000000000002,0.0,52.5534569,-1.4634658
,,152.72,,2,218.59,25 / 25,183419,2019-11-06 10:44:50:762,-0.0912,0.842,10.2372,0.006,0.0044,9.8066,0.0561,-0.1971,0.0937,-7.31,-36.19,30.19,303.03,-89.16,136.98,0.0,8.22,0.0,52.553451200000005,-1.4634734
,,152.72,,2,218.59,25 / 25,183520,2019-11-06 10:44:50:863,3.8945,2.1007,9.5839,-0.053,-0.0184,9.8064,-0.0604,0.3994,-0.2413,-8.5,-35.87,30.88,303.03,-89.16,136.98,0.0,8.18,0.0,52.5534455,-1.463481
,,152.72,,2,218.59,25 / 25,183620,2019-11-06 10:44:50:963,0.4957,0.6766,9.9596,0.0106,-0.02,9.8066,-0.0036,0.4696,-0.1588,-8.5,-36.12,30.25,323.78,-89.31,159.19,0.0,8.14,0.0,52.5534398,-1.4634886
,,152.72,,2,218.59,25 / 25,183720,2019-11-06 10:44:51:063,-3.1058,-1.1262,10.3148,0.0477,0.0031,9.8065,-0.1061,0.3097,-0.1091,-7.81,-36.25,31.19,308.21,-89.13,143.45,0.0,8.100000000000001,0.0,52.553434100000004,-1.4634962
,,152.72,,2,218.59,25 / 25,183820,2019-11-06 10:44:51:163,-0.3478,1.1913,9.4536,-0.0425,-0.0273,9.8065,-0.0168,0.0203,0.0223,-8.31,-36.56,30.88,308.21,-89.13,143.45,0.0,8.06,0.0,52.5534284,-1.4635038
,,152.72,,2,218.59,25 / 25,183920,2019-11-06 10:44:51:263,1.7877,0.9925,9.2558,-0.0017,0.0025,9.8066,0.0805,-0.2943,0.0973,-8.0,-35.87,30.63,327.89,-89.18,163.33,0.0,8.02,0.0,52.553422700000006,-1.4635114
,,152.59,7.98,2,217.41,26 / 26,184020,2019-11-06 10:44:51:363,-1.3016,0.2457,9.971,0.0067,0.0196,9.8066,0.0196,-0.1072,0.0917,-7.69,-35.5,30.69,326.49,-89.26,161.41,0.0,7.98,0.0,52.553417,-1.463519
,,152.59,,2,217.41,26 / 26,184121,2019-11-06 10:44:51:464,0.3421,0.3737,10.4893,-0.0039,0.0177,9.8066,0.0069,-0.0498,-0.0824,-8.19,-36.69,30.5,326.49,-89.26,161.41,0.0,7.939,0.0,52.5534113,-1.463526
,,152.59,,2,217.41,26 / 26,184220,2019-11-06 10:44:51:563,0.0464,0.2818,10.2572,0.0049,-0.0047,9.8066,-0.072,-0.0974,0.123,-8.56,-36.44,30.44,322.61,-89.36,157.99,0.0,7.898000000000001,0.0,52.553405600000005,-1.463533
,,152.59,,2,217.41,26 / 26,184320,2019-11-06 10:44:51:663,0.6162,0.0697,9.9214,0.0053,0.0002,9.8066,0.0604,-0.1757,0.0428,-7.94,-36.87,30.5,322.23,-89.3,157.2,0.0,7.857,0.0,52.5533999,-1.46354
,,152.59,,2,217.41,26 / 26,184420,2019-11-06 10:44:51:763,0.717,0.4162,10.5002,-0.0222,-0.0076,9.8065,-0.1039,-0.1339,0.1161,-8.19,-36.75,30.88,333.5,-89.33,168.32,0.0,7.816000000000001,0.0,52.5533942,-1.463547
,,152.59,,2,217.41,26 / 26,184520,2019-11-06 10:44:51:863,-1.8345,-0.5481,10.6968,-0.0124,-0.0002,9.8066,0.0746,-0.1605,0.0085,-8.19,-35.94,30.63,333.5,-89.33,168.32,0.0,7.775,0.0,52.5533885,-1.463554
,,152.59,,2,217.41,26 / 26,184620,2019-11-06 10:44:51:963,-0.1369,0.1756,10.3061,-0.0035,-0.009,9.8066,0.0068,-0.161,0.0651,-8.31,-36.25,31.38,336.15,-89.34,170.93,0.0,7.734,0.0,52.5533828,-1.4635610000000001
,,152.59,,2,217.41,26 / 26,184720,2019-11-06 10:44:52:063,0.7053,0.9639,9.8022,-0.0053,-0.0148,9.8066,0.0341,0.0008,-0.0884,-7.94,-36.0,30.31,342.39,-89.28,177.58,0.0,7.6930000000000005,0.0,52.5533771,-1.463568
,,152.59,,2,217.41,26 / 26,184820,2019-11-06 10:44:52:163,-0.2116,0.613,10.0513,-0.0019,-0.0144,9.8066,-0.0305,-0.12,0.067,-8.31,-35.94,30.75,342.39,-89.28,177.58,0.0,7.652,0.0,52.553371399999996,-1.463575
,,152.59,,2,217.41,26 / 26,184920,2019-11-06 10:44:52:263,0.4889,0.6791,9.787,-0.0088,-0.0086,9.8066,0.0158,-0.1424,0.0875,-7.69,-36.31,30.69,347.66,-89.17,-177.67,0.0,7.611000000000001,0.0,52.5533657,-1.463582
,,152.48,7.57,2,218.6,24 / 25,185019,2019-11-06 10:44:52:362,-1.4878,-0.1766,10.2548,0.0227,0.0026,9.8065,0.0693,-0.0826,-0.0025,-7.81,-36.25,30.69,353.77,-89.05,-171.65,0.0,7.57,0.0,52.55336,-1.463589
,,152.48,,2,218.6,24 / 25,185119,2019-11-06 10:44:52:462,-1.4996,-0.322,9.6847,0.0262,-0.0094,9.8065,-0.0095,0.0474,-0.0275,-7.12,-36.31,31.75,353.77,-89.05,-171.65,0.0,7.554,0.0,52.553354299999995,-1.4635962
,,152.48,,2,218.6,24 / 25,185220,2019-11-06 10:44:52:563,-1.2014,0.1511,9.4548,-0.0146,-0.0037,9.8066,0.0535,-0.0515,-0.0628,-7.87,-36.37,30.75,348.13,-88.95,-177.16,0.0,7.538,0.0,52.5533486,-1.4636034
,,152.48,,2,218.6,24 / 25,185320,2019-11-06 10:44:52:663,-1.7086,0.5481,9.9474,-0.0016,-0.038,9.8065,0.0055,-0.1288,0.0407,-7.31,-36.31,30.63,349.0,-88.92,-178.04,0.0,7.522,0.0,52.5533429,-1.4636106
,,152.48,,2,218.6,24 / 25,185420,2019-11-06 10:44:52:763,-0.3955,0.5053,10.2099,0.0073,-0.0356,9.8065,0.0741,-0.0369,-0.0167,-7.31,-36.31,30.06,348.43,-88.71,-178.13,0.0,7.506,0.0,52.5533372,-1.4636178
,,152.48,,2,218.6,24 / 25,185519,2019-11-06 10:44:52:862,0.3448,0.966,9.6463,0.0432,0.0014,9.8065,-0.0155,-0.0765,0.065,-7.69,-36.19,30.5,348.43,-88.71,-178.13,0.0,7.49,0.0,52.5533315,-1.463625
,,152.48,,2,218.6,24 / 25,185620,2019-11-06 10:44:52:963,-1.1741,0.533,9.1598,-0.0124,-0.0234,9.8065,0.0189,-0.0107,0.0229,-7.62,-36.0,30.44,336.76,-88.56,172.36,0.0,7.474,0.0,52.553325799999996,-1.4636322000000002
,,152.48,,2,218.6,24 / 25,185720,2019-11-06 10:44:53:063,-0.5957,-0.3931,9.5134,-0.0235,-0.047,9.8065,0.061,-0.0259,-0.0564,-7.25,-35.5,30.38,346.94,-88.34,-179.49,0.0,7.458,0.0,52.5533201,-1.4636394000000001
,,152.48,,2,218.6,24 / 25,185820,2019-11-06 10:44:53:163,-0.7944,-0.1495,9.7225,0.0039,0.0109,9.8066,-0.0427,-0.0604,0.044,-7.06,-35.37,30.63,346.94,-88.34,-179.49,0.0,7.442,0.0,52.5533144,-1.4636466000000001
,,152.48,,2,218.6,24 / 25,185920,2019-11-06 10:44:53:263,0.8619,0.675,9.0286,-0.0407,0.0456,9.8064,0.0064,-0.1951,0.0527,-7.69,-37.06,29.81,345.58,-88.4,179.18,0.0,7.426,0.0,52.5533087,-1.4636538000000001
,,152.35,7.41,2,220.69,25 / 25,186020,2019-11-06 10:44:53:363,-0.8388,1.0373,10.4245,0.0118,0.033,9.8065,-0.0578,-0.0362,0.0317,-7.56,-36.5,29.38,350.79,-88.71,-173.53,0.0,7.41,0.0,52.553303,-1.463661
,,152.35,,2,220.69,25 / 25,186121,2019-11-06 10:44:53:464,-1.2266,0.9207,10.2221,0.0516,0.0117,9.8064,0.0251,0.0845,-0.0125,-7.19,-36.75,30.81,339.59,-88.69,172.85,0.0,7.378,0.0,52.5532984,-1.4636679000000001
,,152.35,,2,220.69,25 / 25,186219,2019-11-06 10:44:53:562,-1.5288,0.2609,9.2979,0.0253,-0.0176,9.8065,0.1216,0.0887,-0.1588,-7.25,-36.25,30.63,339.59,-88.69,172.85,0.0,7.346,0.0,52.5532938,-1.4636748000000002
,,152.35,,2,220.69,25 / 25,186322,2019-11-06 10:44:53:665,1.1646,0.711,9.424,0.0127,-0.0416,9.8065,0.0475,-0.234,0.1807,-7.37,-35.5,30.63,331.4,-88.3,165.03,0.0,7.314,0.0,52.5532892,-1.4636817
,,152.35,,2,220.69,25 / 25,186420,2019-11-06 10:44:53:763,2.5014,0.6872,9.2197,-0.013,0.0123,9.8066,0.0381,-0.0681,0.0582,-7.12,-35.81,30.88,334.8,-87.9,168.55,0.0,7.282,0.0,52.5532846,-1.4636886
,,152.35,,2,220.69,25 / 25,186520,2019-11-06 10:44:53:863,1.9939,1.5016,9.9392,-0.0032,0.0392,9.8066,-0.053,0.2671,-0.1504,-6.87,-35.19,30.75,334.8,-87.9,168.55,0.0,7.25,0.0,52.55328,-1.4636955
,,152.35,,2,220.69,25 / 25,186619,2019-11-06 10:44:53:962,0.8511,0.0411,9.8508,0.015,0.0154,9.8066,-0.0934,0.268,-0.1153,-7.5,-36.5,30.75,327.55,-88.22,163.07,0.0,7.218,0.0,52.553275400000004,-1.4637024
,,152.35,,2,220.69,25 / 25,186720,2019-11-06 10:44:54:063,-0.9726,-0.0444,10.0589,0.0097,-0.0014,9.8066,0.0582,-0.0475,0.0377,-7.19,-36.81,30.5,321.59,-88.25,155.6,0.0,7.186,0.0,52.5532708,-1.4637093
,,152.35,,2,220.69,25 / 25,186820,2019-11-06 10:44:54:163,0.252,0.1453,10.4779,0.0177,0.0044,9.8066,0.0737,0.0691,0.0066,-7.31,-36.56,30.94,318.38,-88.2,152.51,0.0,7.154,0.0,52.5532662,-1.4637162
,,152.35,,2,220.69,25 / 25,186920,2019-11-06 10:44:54:263,1.457,1.7205,9.8347,-0.006,0.0046,9.8066,-0.1122,0.2221,0.0038,-7.75,-36.62,31.19,318.38,-88.2,152.51,0.0,7.122,0.0,52.5532616,-1.4637231
,,152.23,7.09,2,216.6,24 / 24,187020,2019-11-06 10:44:54:363,1.6448,2.218,9.6131,0.0277,0.0172,9.8066,-0.1071,0.3143,-0.107,-8.12,-36.87,31.13,318.49,-88.29,154.28,0.0,7.09,0.0,52.553257,-1.46373
,,152.23,,2,216.6,24 / 24,187120,2019-11-06 10:44:54:463,0.2734,1.0622,9.5654,0.0373,0.009,9.8065,0.0358,0.2406,-0.0953,-8.25,-35.94,31.38,312.06,-88.17,148.08,0.0,6.941,0.0,52.5532513,-1.4637351
,,152.23,,2,216.6,24 / 24,187220,2019-11-06 10:44:54:563,0.9655,0.8361,9.6184,0.0035,-0.0231,9.8066,0.0038,0.1904,0.005,-8.31,-36.56,31.69,312.06,-88.17,148.08,0.0,6.792,0.0,52.553245600000004,-1.4637402
,,152.23,,2,216.6,24 / 24,187320,2019-11-06 10:44:54:663,0.7839,1.3473,9.8777,0.0176,-0.0141,9.8066,-0.039,0.0991,0.0597,-8.44,-35.87,32.19,313.39,-88.06,150.64,0.0,6.643,0.0,52.5532399,-1.4637453
,,152.23,,2,216.6,24 / 24,187421,2019-11-06 10:44:54:764,1.7275,1.7544,9.8758,0.0083,-0.0197,9.8066,0.0592,0.1172,0.0474,-8.56,-35.87,32.19,314.73,-87.95,152.04,0.0,6.494,0.0,52.5532342,-1.4637504
,,152.23,,2,216.6,24 / 24,187519,2019-11-06 10:44:54:862,2.1947,2.7092,10.1869,-0.0002,0.0271,9.8066,-0.0979,0.3201,-0.0684,-9.75,-35.94,32.56,310.32,-88.06,148.75,0.0,6.345,0.0,52.553228499999996,-1.4637555
,,152.23,,2,216.6,24 / 24,187620,2019-11-06 10:44:54:963,0.9787,2.7444,10.5359,0.001,0.0115,9.8066,-0.0161,0.1261,0.1136,-9.56,-36.06,33.13,310.32,-88.06,148.75,0.0,6.196,0.0,52.5532228,-1.4637606
,,152.23,,2,216.6,24 / 24,187719,2019-11-06 10:44:55:062,0.1681,1.9581,9.6426,-0.0196,-0.0148,9.8065,0.0276,0.099,0.0303,-9.37,-36.62,32.81,310.24,-88.09,147.09,0.0,6.047,0.0,52.5532171,-1.4637657
,,152.23,,2,216.6,24 / 24,187819,2019-11-06 10:44:55:162,0.8404,3.4009,9.4478,-0.0369,-0.0521,9.8064,0.0839,0.0412,0.0838,-10.19,-35.44,33.13,319.78,-88.03,157.95,0.0,5.898,0.0,52.553211399999995,-1.4637708
,,152.23,,2,216.6,24 / 24,187922,2019-11-06 10:44:55:265,0.3046,1.7737,9.524,0.0249,-0.0168,9.8065,0.0345,0.0863,-0.0261,-10.44,-35.81,33.75,319.78,-88.03,157.95,0.0,5.749,0.0,52.5532057,-1.4637759
,,152.06,5.6,2,205.16,25 / 25,188020,2019-11-06 10:44:55:363,2.3977,2.9599,9.6788,-0.0087,-0.0089,9.8066,-0.019,-0.0269,0.2198,-11.06,-35.69,33.38,318.83,-87.86,156.67,0.0,5.6,0.0,52.5532,-1.463781
,,152.06,,2,205.16,25 / 25,188120,2019-11-06 10:44:55:463,0.4669,1.3471,10.0681,-0.0192,-0.0043,9.8066,0.0583,-0.0218,0.076,-11.69,-35.44,34.06,321.45,-87.95,162.14,0.0,5.505,0.0,52.553196,-1.4637836
,,152.06,,2,205.16,25 / 25,188220,2019-11-06 10:44:55:563,-1.7977,0.3707,10.5047,-0.0349,-0.0284,9.8065,0.0036,0.1897,-0.0007,-11.81,-35.56,34.75,329.49,-87.93,169.45,0.0,5.41,0.0,52.553191999999996,-1.4637862
,,152.06,,2,205.16,25 / 25,188320,2019-11-06 10:44:55:663,-0.5198,1.3049,10.1652,0.0017,0.004,9.8066,-0.0488,0.1793,-0.0741,-11.75,-35.81,34.88,329.49,-87.93,169.45,0.0,5.3149999999999995,0.0,52.553188,-1.4637888000000001
,,152.06,,2,205.16,25 / 25,188419,2019-11-06 10:44:55:762,-2.0289,0.0301,10.5558,0.0057,0.0367,9.8065,0.02,-0.0029,0.133,-12.31,-36.44,34.31,328.51,-87.94,169.04,0.0,5.22,0.0,52.553183999999995,-1.4637914
,,152.06,,2,205.16,25 / 25,188519,2019-11-06 10:44:55:862,-1.599,0.9742,10.0703,0.0202,-0.0021,9.8066,0.0025,0.2168,-0.0126,-12.44,-35.62,34.69,319.89,-88.12,160.01,0.0,5.125,0.0,52.55318,-1.463794
,,152.06,,2,205.16,25 / 25,188620,2019-11-06 10:44:55:963,3.3113,1.1526,9.2478,0.0095,-0.0169,9.8066,0.0386,0.4374,-0.2019,-11.94,-35.12,34.94,319.89,-88.12,160.01,0.0,5.03,0.0,52.553176,-1.4637966
,,152.06,,2,205.16,25 / 25,188720,2019-11-06 10:44:56:063,1.7821,0.8613,9.6477,-0.0233,-0.0067,9.8066,-0.0234,0.0872,0.0308,-13.12,-35.5,34.56,324.53,-87.92,164.62,0.0,4.9350000000000005,0.0,52.553171999999996,-1.4637992
,,152.06,,2,205.16,25 / 25,188820,2019-11-06 10:44:56:163,-1.8187,-0.2521,10.6997,0.0204,0.0189,9.8066,0.0418,-0.1241,0.1653,-13.06,-35.12,34.75,326.4,-88.03,167.82,0.0,4.84,0.0,52.553168,-1.4638018000000002
,,152.06,,2,205.16,25 / 25,188920,2019-11-06 10:44:56:263,-1.2561,0.5745,10.5147,0.0325,0.0507,9.8064,0.0462,-0.1128,0.0919,-13.12,-35.37,35.25,316.25,-88.14,157.85,0.0,4.745,0.0,52.553163999999995,-1.4638044000000001
,,151.9,4.65,2,196.48,25 / 25,189020,2019-11-06 10:44:56:363,2.1532,1.366,10.3336,0.0147,0.0189,9.8066,-0.006,0.0428,0.0523,-13.44,-35.75,35.13,316.25,-88.14,157.85,0.0,4.65,0.0,52.55316,-1.463807
,,151.9,,2,196.48,25 / 25,189120,2019-11-06 10:44:56:463,1.3521,1.5184,9.4595,0.0003,-0.0015,9.8066,-0.0214,0.4073,-0.2048,-13.44,-36.56,35.31,312.73,-88.17,154.46,0.0,4.706363636363637,0.0,52.553155636363634,-1.4638081818181818
,,151.9,,2,196.48,25 / 25,189220,2019-11-06 10:44:56:563,0.1408,2.1346,9.6875,0.0187,0.0013,9.8065,-0.0034,0.2543,-0.057,-13.94,-35.56,36.0,309.43,-88.09,152.07,0.0,4.762727272727273,0.0,52.55315127272727,-1.4638093636363636
,,151.9,,2,196.48,25 / 25,189320,2019-11-06 10:44:56:663,-1.8248,-0.8539,9.9014,0.0218,0.0096,9.8066,0.034,0.0024,0.0713,-13.69,-35.06,36.0,309.43,-88.09,152.07,0.0,4.819090909090909,0.0,52.553146909090906,-1.4638105454545456
,,151.9,,2,196.48,25 / 25,189420,2019-11-06 10:44:56:763,1.5888,-0.2086,9.7233,0.0208,-0.0052,9.8065,-0.0259,-0.0994,0.1291,-14.0,-34.69,35.81,304.37,-88.02,148.47,0.0,4.875454545454546,0.0,52.55314254545454,-1.4638117272727273
,,151.9,,2,196.48,25 / 25,189520,2019-11-06 10:44:56:863,2.8164,0.0561,9.3852,0.0195,-0.0097,9.8066,0.0457,0.272,-0.1462,-14.06,-34.87,36.0,305.17,-87.9,147.99,0.0,4.931818181818182,0.0,52.55313818181818,-1.463812909090909
,,151.9,,2,196.48,25 / 25,189620,2019-11-06 10:44:56:963,1.4177,-0.8001,10.336,0.0211,-0.0166,9.8066,-0.0502,0.4557,-0.1422,-14.75,-35.25,36.63,304.48,-87.74,148.21,0.0,4.988181818181818,0.0,52.55313381818182,-1.4638140909090909
,,151.9,,2,196.48,25 / 25,189720,2019-11-06 10:44:57:063,0.0191,-1.8999,10.0324,0.0633,0.0088,9.8064,-0.0219,0.3939,-0.203,-14.62,-34.62,36.31,304.48,-87.74,148.21,0.0,5.044545454545454,0.0,52.553129454545456,-1.4638152727272726
,,151.9,,2,196.48,25 / 25,189820,2019-11-06 10:44:57:163,1.5773,-0.792,9.4904,0.0448,0.0087,9.8065,0.0241,0.2407,-0.0669,-14.87,-35.25,36.19,297.86,-87.45,142.53,0.0,5.100909090909091,0.0,52.55312509090909,-1.4638164545454544
,,151.9,,2,196.48,25 / 25,189920,2019-11-06 10:44:57:263,4.7414,0.7097,8.925,0.1082,0.0277,9.806,0.0979,-0.0647,0.1943,-15.62,-35.31,36.5,288.36,-86.94,134.3,0.0,5.157272727272727,0.0,52.55312072727273,-1.4638176363636364
,,151.9,,2,196.48,26 / 26,190020,2019-11-06 10:44:57:363,1.3301,-0.4548,10.1976,-0.0747,-0.031,9.8062,-0.0158,0.1695,0.0267,-15.69,-35.56,36.88,288.36,-86.94,134.3,0.0,5.213636363636363,0.0,52.55311636363636,-1.4638188181818181
,,151.78,5.27,2,186.71,26 / 26,190119,2019-11-06 10:44:57:462,-0.4906,-2.0856,11.14,-0.0243,-0.0111,9.8065,-0.0941,0.3716,-0.0699,-15.87,-35.06,36.13,295.27,-87.28,140.82,0.0,5.27,0.0,52.553112,-1.46382
,,151.78,,2,186.71,26 / 26,190219,2019-11-06 10:44:57:562,0.3628,-0.9861,10.295,0.0312,0.0143,9.8066,-0.1159,0.3738,-0.1323,-16.19,-35.06,36.38,296.4,-87.38,142.47,0.0,5.424444444444444,0.0,52.55310566666667,-1.463820222222222
,,151.78,,2,186.71,26 / 26,190320,2019-11-06 10:44:57:663,3.0208,-0.1817,10.1007,0.121,0.0375,9.8058,0.0284,0.2211,-0.0698,-16.5,-34.94,36.69,296.4,-87.38,142.47,0.0,5.578888888888889,0.0,52.553099333333336,-1.4638204444444443
,,151.78,,2,186.71,26 / 26,190420,2019-11-06 10:44:57:763,3.6407,-0.059,9.2751,0.0175,-0.0082,9.8065,0.0736,0.0572,0.0826,-16.19,-34.5,36.69,286.57,-86.8,133.28,0.0,5.733333333333333,0.0,52.553093,-1.4638206666666667
,,151.78,,2,186.71,26 / 26,190522,2019-11-06 10:44:57:865,0.8633,-1.6849,10.1934,-0.0032,-0.0166,9.8066,0.0486,0.0676,0.1064,-16.75,-34.75,36.69,290.31,-86.73,137.66,0.0,5.887777777777778,0.0,52.553086666666665,-1.4638208888888888
,,151.78,,2,186.71,26 / 26,190620,2019-11-06 10:44:57:963,1.5679,-1.831,9.5928,-0.0239,0.027,9.8066,-0.0577,0.0454,0.0788,-17.75,-36.44,36.75,290.83,-86.86,139.37,0.0,6.042222222222222,0.0,52.553080333333334,-1.463821111111111
,,151.78,,2,186.71,26 / 26,190720,2019-11-06 10:44:58:063,1.5928,-0.8066,9.5645,-0.0292,0.0692,9.8063,-0.0734,0.2409,-0.1109,-17.69,-36.12,36.5,290.83,-86.86,139.37,0.0,6.196666666666666,0.0,52.553074,-1.4638213333333332
,,151.78,,2,186.71,26 / 26,190820,2019-11-06 10:44:58:163,1.5536,0.2802,9.5393,0.0454,0.0443,9.8064,-0.0199,0.2056,-0.0905,-18.0,-36.81,36.75,279.95,-87.14,128.43,0.0,6.351111111111111,0.0,52.553067666666664,-1.4638215555555556
,,151.78,,2,186.71,26 / 26,190919,2019-11-06 10:44:58:262,1.8834,-0.4844,9.8644,0.0011,0.0315,9.8065,-0.0883,0.0059,0.0236,-17.75,-35.87,36.69,270.75,-86.79,119.5,0.0,6.5055555555555555,0.0,52.55306133333333,-1.4638217777777778
,,151.66,6.66,2,175.89,26 / 26,191019,2019-11-06 10:44:58:362,-0.2063,-1.7999,9.6959,-0.0086,0.0527,9.8064,-0.0006,-0.0799,0.114,-17.44,-34.81,36.63,270.75,-86.79,119.5,0.0,6.66,0.0,52.553055,-1.463822
,,151.66,,2,175.89,26 / 26,191120,2019-11-06 10:44:58:463,-1.3641,-2.1057,9.7766,0.0008,0.0284,9.8066,-0.0528,0.3715,-0.1602,-18.06,-35.12,37.38,265.3,-86.83,113.93,0.0,6.748,0.0,52.5530489,-1.4638210999999999
,,151.66,,2,175.89,26 / 26,191220,2019-11-06 10:44:58:563,1.4653,-0.2028,9.0729,0.0152,0.0202,9.8066,-0.1014,0.232,-0.0758,-18.0,-35.19,36.63,260.79,-86.77,109.44,0.0,6.836,0.0,52.5530428,-1.4638202
,,151.66,,2,175.89,26 / 26,191320,2019-11-06 10:44:58:663,2.0036,0.816,9.1062,0.0241,0.0277,9.8065,0.0333,-0.0735,0.0579,-17.69,-35.75,37.06,258.28,-86.61,107.12,0.0,6.924,0.0,52.5530367,-1.4638193
,,151.66,,2,175.89,26 / 26,191420,2019-11-06 10:44:58:763,0.4988,-0.6801,10.2501,-0.0016,-0.0171,9.8066,0.0589,-0.1605,0.0922,-18.12,-36.06,36.25,258.28,-86.61,107.12,0.0,7.0120000000000005,0.0,52.5530306,-1.4638184
,,151.66,,2,175.89,26 / 26,191520,2019-11-06 10:44:58:863,-1.7081,-1.7136,9.7785,-0.024,-0.0314,9.8065,-0.0031,0.0881,-0.0173,-17.81,-35.44,36.38,259.32,-86.63,108.75,0.0,7.1000000000000005,0.0,52.5530245,-1.4638175
,,151.66,,2,175.89,26 / 26,191619,2019-11-06 10:44:58:962,-1.0837,-0.5437,9.5378,-0.0164,-0.0396,9.8066,0.0373,0.0685,-0.0159,-18.25,-35.56,36.19,263.03,-86.76,112.47,0.0,7.188,0.0,52.5530184,-1.4638166
,,151.66,,2,175.89,26 / 26,191720,2019-11-06 10:44:59:063,1.0329,-0.4887,9.5356,0.0067,-0.043,9.8065,-0.0084,0.1636,-0.1196,-18.5,-35.06,37.25,263.03,-86.76,112.47,0.0,7.276,0.0,52.5530123,-1.4638157
,,151.66,,2,175.89,26 / 26,191820,2019-11-06 10:44:59:163,-0.711,-1.0431,9.4997,-0.025,-0.0127,9.8066,-0.0927,0.0541,-0.0081,-18.19,-34.62,36.44,267.63,-86.74,116.94,0.0,7.364,0.0,52.5530062,-1.4638148
,,151.66,,2,175.89,26 / 26,191919,2019-11-06 10:44:59:262,-1.7275,-1.2587,9.904,-0.0181,0.0044,9.8065,0.0178,-0.2122,0.0716,-17.56,-34.81,36.81,269.61,-86.89,118.19,0.0,7.452,0.0,52.5530001,-1.4638139000000001
,,151.52,7.54,2,175.72,25 / 25,192019,2019-11-06 10:44:59:362,-2.3934,-1.746,10.0918,-0.0206,0.0152,9.8066,-0.0784,-0.1402,0.0486,-17.19,-34.37,36.56,269.61,-86.89,118.19,0.0,7.54,0.0,52.552994,-1.463813
,,151.52,,2,175.72,25 / 25,192119,2019-11-06 10:44:59:462,-2.4235,-0.8533,9.8836,-0.0134,0.0095,9.8065,0.0439,-0.0286,-0.0892,-17.5,-34.56,36.19,268.57,-87.01,116.47,0.0,7.569,0.0,52.5529866,-1.4638132000000001
,,151.52,,2,175.72,25 / 25,192220,2019-11-06 10:44:59:563,-0.9129,-0.5307,9.7753,-0.0088,0.001,9.8066,-0.0255,0.03,-0.0752,-16.62,-35.06,36.13,268.48,-87.06,116.34,0.0,7.598,0.0,52.552979199999996,-1.4638134
,,151.52,,2,175.72,25 / 25,192320,2019-11-06 10:44:59:663,-0.7124,-0.0761,9.4502,0.0029,0.0069,9.8066,-0.0049,-0.3001,0.1379,-16.81,-35.25,36.38,268.48,-87.06,116.34,0.0,7.627,0.0,52.5529718,-1.4638136
,,151.52,,2,175.72,25 / 25,192420,2019-11-06 10:44:59:763,-2.2755,-1.1273,10.1688,-0.0195,-0.0025,9.8065,0.0103,-0.3198,0.0768,-16.25,-34.94,36.63,268.35,-87.04,115.57,0.0,7.656,0.0,52.5529644,-1.4638138
,,151.52,,2,175.72,25 / 25,192520,2019-11-06 10:44:59:863,-2.7265,-1.944,9.9454,-0.0132,-0.0081,9.8066,0.0357,-0.2471,0.0056,-16.12,-35.0,36.0,269.52,-87.27,115.92,0.0,7.6850000000000005,0.0,52.552957,-1.4638140000000002
,,151.52,,2,175.72,25 / 25,192622,2019-11-06 10:44:59:965,-2.456,-0.8789,9.4551,-0.0142,-0.0141,9.8066,0.0543,-0.1758,-0.0171,-15.62,-35.19,36.44,271.36,-87.35,117.68,0.0,7.714,0.0,52.5529496,-1.4638142
,,151.52,,2,175.72,25 / 25,192720,2019-11-06 10:45:00:063,-2.2631,-1.4698,9.8276,-0.0065,-0.0043,9.8066,-0.0629,-0.1094,-0.0297,-15.5,-34.81,35.94,271.36,-87.35,117.68,0.0,7.743,0.0,52.5529422,-1.4638144
,,151.52,,2,175.72,25 / 25,192820,2019-11-06 10:45:00:163,-2.2151,-1.1945,10.1111,-0.0128,0.0083,9.8066,0.0075,-0.257,0.0309,-15.62,-34.87,35.81,269.73,-87.39,116.01,0.0,7.772,0.0,52.5529348,-1.4638146
,,151.52,,2,175.72,25 / 25,192920,2019-11-06 10:45:00:263,-2.4839,-0.1154,9.9114,-0.0273,0.0329,9.8065,-0.0216,-0.3107,-0.0043,-14.69,-34.87,35.88,266.68,-87.54,111.5,0.0,7.801,0.0,52.5529274,-1.4638148000000002
,,151.39,7.83,2,188.09,24 / 24,193020,2019-11-06 10:45:00:363,-1.8882,0.2945,9.7566,0.0015,-0.0011,9.8066,0.0426,-0.4154,0.0566,-14.69,-35.81,36.38,266.68,-87.54,111.5,0.0,7.83,0.0,52.55292,-1.463815
,,151.39,,2,188.09,24 / 24,193119,2019-11-06 10:45:00:462,-3.1195,-0.6179,9.6474,-0.0143,-0.0203,9.8066,0.0271,-0.2485,-0.0242,-14.44,-35.94,35.38,266.77,-87.54,111.66,0.0,7.825,0.0,52.552913000000004,-1.4638185000000001
,,151.39,,2,188.09,24 / 24,193219,2019-11-06 10:45:00:562,-3.0998,-0.9732,9.1467,-0.0162,0.0048,9.8065,-0.0557,-0.2834,0.0193,-14.25,-35.56,35.75,275.82,-87.78,119.14,0.0,7.82,0.0,52.552906,-1.4638220000000002
,,151.39,,2,188.09,24 / 24,193320,2019-11-06 10:45:00:663,-4.253,-0.8013,9.878,-0.0477,0.0272,9.8064,0.0208,-0.2545,0.014,-13.5,-35.5,35.81,273.68,-88.06,115.3,0.0,7.815,0.0,52.552899,-1.4638255
,,151.39,,2,188.09,24 / 24,193420,2019-11-06 10:45:00:763,-3.3027,-1.4527,9.9424,-0.0141,0.0311,9.8066,-0.059,-0.246,0.0264,-13.12,-35.12,35.38,273.68,-88.06,115.3,0.0,7.8100000000000005,0.0,52.552892,-1.463829
,,151.39,,2,188.09,24 / 24,193520,2019-11-06 10:45:00:863,-1.9678,-0.1484,9.5395,0.0014,-0.0004,9.8066,0.0397,-0.3438,-0.0045,-12.25,-35.06,35.44,265.44,-88.23,106.03,0.0,7.805000000000001,0.0,52.552885,-1.4638325
,,151.39,,2,188.09,24 / 24,193620,2019-11-06 10:45:00:963,-3.6056,-1.4112,9.4318,-0.0048,-0.0284,9.8066,0.113,-0.3965,0.0077,-11.62,-35.69,35.0,271.49,-88.26,112.11,0.0,7.8,0.0,52.552878,-1.4638360000000001
,,151.39,,2,188.09,24 / 24,193719,2019-11-06 10:45:01:062,-3.9386,-1.575,9.6855,-0.0086,-0.0511,9.8065,0.0305,-0.4906,0.0845,-11.75,-34.87,35.0,271.49,-88.26,112.11,0.0,7.795,0.0,52.552870999999996,-1.4638395000000002
,,151.39,,2,188.09,24 / 24,193820,2019-11-06 10:45:01:163,-4.3081,-1.0318,9.741,-0.0068,0.01,9.8066,-0.0514,-0.2347,-0.0749,-10.37,-35.75,35.06,284.43,-88.35,123.45,0.0,7.79,0.0,52.552864,-1.463843
,,151.39,,2,188.09,24 / 24,193920,2019-11-06 10:45:01:263,-2.8169,-0.0443,9.7182,-0.0096,0.0321,9.8066,-0.0615,-0.2426,-0.1147,-9.94,-36.12,33.94,277.88,-88.48,115.8,0.0,7.785,0.0,52.552857,-1.4638465
,,151.29,7.78,2,208.56,25 / 25,194020,2019-11-06 10:45:01:363,-2.5487,0.2023,9.6304,-0.0179,0.0624,9.8063,-0.0532,-0.472,0.0392,-9.69,-35.5,33.94,277.88,-88.48,115.8,0.0,7.78,0.0,52.55285,-1.46385
,,151.29,,2,208.56,25 / 25,194119,2019-11-06 10:45:01:462,-4.9833,-0.3588,9.9293,-0.045,0.027,9.8064,-0.0146,-0.6151,0.0978,-8.31,-35.69,33.0,265.27,-88.59,101.53,0.0,7.7490000000000006,0.0,52.5528445,-1.4638573000000001
,,151.29,,2,208.56,25 / 25,194220,2019-11-06 10:45:01:563,-4.7208,-0.3093,10.2299,0.0116,0.0017,9.8066,0.0439,-0.5134,0.0061,-7.75,-35.0,32.44,259.39,-88.94,94.53,0.0,7.718,0.0,52.552839,-1.4638646000000002
,,151.29,,2,208.56,25 / 25,194320,2019-11-06 10:45:01:663,-2.2671,0.311,9.2945,0.026,0.0028,9.8066,-0.06,-0.3178,-0.0308,-6.69,-35.44,31.63,261.48,-88.79,95.1,0.0,7.687,0.0,52.5528335,-1.4638719
,,151.29,,2,208.56,25 / 25,194420,2019-11-06 10:45:01:763,-3.3341,0.5793,9.3557,-0.0012,-0.0148,9.8066,-0.0156,-0.3556,-0.1186,-6.44,-35.25,31.63,261.48,-88.79,95.1,0.0,7.656,0.0,52.552828,-1.4638792
,,151.29,,2,208.56,25 / 25,194520,2019-11-06 10:45:01:863,-4.8156,-0.5582,9.3206,-0.0268,-0.0032,9.8066,0.0502,-0.5925,0.0047,-5.62,-35.87,30.75,266.88,-88.81,99.15,0.0,7.625,0.0,52.552822500000005,-1.4638865
,,151.29,,2,208.56,25 / 25,194620,2019-11-06 10:45:01:963,-7.2376,0.215,9.7555,-0.0503,-0.0007,9.8065,-0.012,-0.7031,0.1187,-5.25,-36.12,29.94,267.87,-89.1,98.4,0.0,7.594,0.0,52.552817000000005,-1.4638938000000001
,,151.29,,2,208.56,25 / 25,194720,2019-11-06 10:45:02:063,-4.8923,0.6597,9.3323,0.0002,0.0409,9.8065,0.055,-0.6137,-0.0571,-4.81,-36.0,29.44,267.87,-89.1,98.4,0.0,7.563,0.0,52.552811500000004,-1.4639011000000002
,,151.29,,2,208.56,25 / 25,194819,2019-11-06 10:45:02:162,-3.2833,0.1044,9.9219,0.0085,0.017,9.8066,-0.0159,-0.4582,0.0198,-3.81,-36.12,27.94,254.72,-89.06,83.69,0.0,7.532,0.0,52.552806000000004,-1.4639084
,,151.29,,2,208.56,25 / 25,194920,2019-11-06 10:45:02:263,-3.6224,0.1169,9.8793,-0.0041,0.0105,9.8066,-0.0216,-0.4074,-0.1061,-2.94,-35.5,26.56,251.44,-88.98,79.02,0.0,7.5009999999999994,0.0,52.552800500000004,-1.4639157
,,151.16,7.47,2,236.66,25 / 25,195021,2019-11-06 10:45:02:364,-4.7146,-0.2672,9.8697,-0.0083,0.0213,9.8065,-0.0242,-0.5152,-0.0381,-3.06,-35.56,26.38,251.44,-88.98,79.02,0.0,7.47,0.0,52.552795,-1.463923
,,151.16,,2,236.66,25 / 25,195120,2019-11-06 10:45:02:463,-6.0033,-0.4523,10.5249,-0.0256,0.0075,9.8066,-0.0421,-0.3847,-0.0727,-2.19,-35.56,24.69,243.68,-88.98,71.51,0.0,7.492,0.0,52.552792800000006,-1.4639334000000002
,,151.16,,2,236.66,25 / 25,195220,2019-11-06 10:45:02:563,-1.7727,-0.05,9.5463,0.0192,0.0211,9.8066,-0.0751,-0.2506,-0.122,-2.0,-35.31,24.31,238.98,-89.09,64.88,0.0,7.514,0.0,52.5527906,-1.4639438
,,151.16,,2,236.66,25 / 25,195320,2019-11-06 10:45:02:663,-2.338,-0.0452,9.9125,0.0214,0.0249,9.8065,0.0315,-0.4003,-0.0456,-2.25,-36.0,22.38,235.06,-88.9,61.71,0.0,7.536,0.0,52.552788400000004,-1.4639542
,,151.16,,2,236.66,25 / 25,195420,2019-11-06 10:45:02:763,-4.0157,-0.5431,10.1722,-0.033,-0.0056,9.8065,-0.0406,-0.534,0.0097,-1.19,-36.19,21.81,235.06,-88.9,61.71,0.0,7.558,0.0,52.5527862,-1.4639646
,,151.16,,2,236.66,25 / 25,195520,2019-11-06 10:45:02:863,-4.8465,-0.3109,10.4167,-0.0084,-0.0005,9.8066,0.0606,-0.5696,0.0111,-1.19,-36.25,20.38,230.16,-89.08,56.51,0.0,7.58,0.0,52.552784,-1.463975
,,151.16,,2,236.66,25 / 25,195620,2019-11-06 10:45:02:963,-3.8927,-1.2188,10.2689,-0.0026,-0.0086,9.8066,-0.0186,-0.4401,0.0596,-1.19,-36.31,19.69,228.98,-89.18,52.95,0.0,7.602,0.0,52.552781800000005,-1.4639854
,,151.16,,2,236.66,25 / 25,195720,2019-11-06 10:45:03:063,-1.5428,-0.3527,10.0248,-0.0161,-0.0228,9.8066,-0.0419,-0.3021,-0.0999,-1.25,-36.37,19.0,228.98,-89.18,52.95,0.0,7.6240000000000006,0.0,52.5527796,-1.4639958
,,151.16,,2,236.66,25 / 25,195820,2019-11-06 10:45:03:163,-4.7001,-1.4678,10.1951,-0.0288,-0.0171,9.8066,0.0505,-0.2628,-0.0588,-0.62,-36.25,18.06,232.33,-89.34,56.32,0.0,7.646,0.0,52.552777400000004,-1.4640062
,,151.16,,2,236.66,25 / 25,195920,2019-11-06 10:45:03:263,-5.744,-0.5754,10.4139,-0.0097,0.0009,9.8066,-0.0321,-0.4091,-0.0195,-0.37,-36.19,17.5,232.33,-89.73,52.77,0.0,7.668,0.0,52.5527752,-1.4640166
,,151.08,7.69,3,265.52,25 / 25,196020,2019-11-06 10:45:03:363,-3.0793,-1.0921,9.7754,0.0037,0.001,9.8066,0.0322,-0.5024,0.0874,-0.62,-35.94,16.25,210.62,-89.66,34.59,0.0,7.69,0.0,52.552773,-1.464027
,,151.08,,3,265.52,25 / 25,196120,2019-11-06 10:45:03:463,-2.7203,0.1687,10.056,0.0021,-0.0109,9.8066,0.0197,-0.4538,0.0057,-0.19,-35.62,15.56,210.62,-89.66,34.59,0.0,7.789000000000001,0.0,52.5527737,-1.4640387
,,151.08,,3,265.52,25 / 25,196220,2019-11-06 10:45:03:563,-3.8412,-2.7925,10.3257,-0.0007,-0.0161,9.8066,-0.006,-0.4797,0.0246,-1.56,-36.0,14.06,214.42,-89.83,38.75,0.0,7.888,0.0,52.552774400000004,-1.4640503999999999
,,151.08,,3,265.52,25 / 25,196320,2019-11-06 10:45:03:663,-1.3772,-2.6799,9.7055,0.0027,0.0278,9.8066,0.032,-0.5297,-0.0232,-0.56,-35.31,13.69,239.66,-89.83,64.12,0.0,7.987,0.0,52.5527751,-1.4640621
,,151.08,,3,265.52,25 / 25,196420,2019-11-06 10:45:03:763,-1.9296,0.1734,10.0778,-0.0065,0.0449,9.8065,-0.0371,-0.5361,0.0987,-0.62,-36.31,13.0,239.66,-89.83,64.12,0.0,8.086,0.0,52.5527758,-1.4640738
,,151.08,,3,265.52,25 / 25,196520,2019-11-06 10:45:03:863,-4.8339,-1.6674,10.7266,0.0198,-0.0382,9.8065,0.0757,-0.6206,0.0742,-0.75,-35.44,12.0,197.13,-89.63,22.21,0.0,8.185,0.0,52.5527765,-1.4640855
,,151.08,,3,265.52,25 / 25,196619,2019-11-06 10:45:03:962,-1.2366,-2.2118,9.3401,0.0448,-0.012,9.8065,0.1197,-0.509,-0.0034,-1.12,-36.06,11.69,266.05,-89.52,92.24,0.0,8.284,0.0,52.5527772,-1.4640971999999999
,,151.08,,3,265.52,25 / 25,196719,2019-11-06 10:45:04:062,0.4534,-0.5891,9.0345,0.0581,-0.028,9.8064,-0.0771,0.0544,-0.1121,-1.06,-36.12,11.0,277.4,-89.17,105.27,0.0,8.383,0.0,52.5527779,-1.4641088999999998
,,151.08,,3,265.52,25 / 25,196819,2019-11-06 10:45:04:162,-3.0183,-1.2197,9.8348,-0.0496,-0.043,9.8064,-0.0793,0.2537,-0.3265,-1.0,-36.44,10.25,277.4,-89.17,105.27,0.0,8.482,0.0,52.552778599999996,-1.4641206
,,151.08,,3,265.52,25 / 25,196919,2019-11-06 10:45:04:262,-8.509,-2.7902,10.464,-0.0261,0.0036,9.8066,-0.0673,-0.0602,-0.1582,-1.94,-35.75,9.81,304.25,-89.36,131.86,0.0,8.581,0.0,52.5527793,-1.4641323
,,150.96,8.68,3,287.29,24 / 24,197020,2019-11-06 10:45:04:363,-6.0874,-0.6686,10.2305,0.0004,0.0062,9.8066,-0.0014,-0.6531,0.1559,-1.75,-36.12,9.25,294.23,-89.38,128.98,0.0,8.68,0.0,52.55278,-1.464144
,,150.96,,3,287.29,24 / 24,197120,2019-11-06 10:45:04:463,2.1445,-0.6615,9.411,0.0592,-0.0381,9.8063,0.0296,-0.8728,0.3097,-1.87,-36.81,8.63,294.23,-89.38,128.98,0.0,8.807,0.0,52.552783999999996,-1.4641555999999998
,,150.96,,3,287.29,24 / 24,197220,2019-11-06 10:45:04:563,-2.6204,-2.109,9.787,-0.0054,-0.0304,9.8065,0.0339,-0.32,0.0206,-2.25,-36.0,7.75,296.21,-88.97,132.36,0.0,8.934,0.0,52.552788,-1.4641672
,,150.96,,3,287.29,24 / 24,197320,2019-11-06 10:45:04:663,-6.5784,-4.502,9.9016,-0.0403,-0.0247,9.8064,-0.0647,0.224,-0.3967,-2.69,-35.56,7.06,290.45,-88.77,139.12,0.0,9.061,0.0,52.552792,-1.4641788
,,150.96,,3,287.29,24 / 24,197420,2019-11-06 10:45:04:763,-6.8481,-3.6241,9.0561,-0.0353,0.0041,9.8065,-0.0473,0.0689,-0.3158,-2.94,-36.25,6.06,290.11,-88.97,141.88,0.0,9.187999999999999,0.0,52.552796,-1.4641904
,,150.96,,3,287.29,24 / 24,197520,2019-11-06 10:45:04:863,-0.987,-0.7674,8.9776,-0.058,-0.0053,9.8064,-0.0221,-0.9035,0.2952,-3.75,-35.75,4.94,290.11,-88.97,141.88,0.0,9.315,0.0,52.5528,-1.4642019999999998
,,150.96,,3,287.29,24 / 24,197620,2019-11-06 10:45:04:963,0.5102,-0.5181,9.2898,-0.0384,-0.0303,9.8065,0.1602,-0.9147,0.21,-4.25,-36.25,4.0,283.7,-89.26,153.27,0.0,9.442,0.0,52.552803999999995,-1.4642136
,,150.96,,3,287.29,24 / 24,197720,2019-11-06 10:45:05:063,-1.9599,-5.676,10.9444,-0.0124,-0.0068,9.8066,0.1837,-0.6974,0.0682,-4.12,-35.94,3.25,280.03,-89.32,157.98,0.0,9.568999999999999,0.0,52.552808,-1.4642252
,,150.96,,3,287.29,24 / 24,197820,2019-11-06 10:45:05:163,-0.028,-4.2854,10.5011,0.0638,0.0233,9.8064,-0.0524,-0.1486,0.0295,-4.87,-36.44,3.44,280.03,-89.32,157.98,0.0,9.696,0.0,52.552811999999996,-1.4642368
,,150.96,,3,287.29,24 / 24,197920,2019-11-06 10:45:05:263,0.9646,1.5786,9.7152,0.0171,-0.0127,9.8066,0.1203,-0.2713,-0.1399,-4.44,-36.12,3.31,266.33,-88.96,146.97,0.0,9.822999999999999,0.0,52.552816,-1.4642483999999998
,,150.79,9.95,3,310.62,25 / 26,198020,2019-11-06 10:45:05:363,-1.4302,-6.1268,9.3194,0.0233,-0.0058,9.8066,0.0581,-0.0853,-0.2266,-4.62,-36.19,2.19,255.43,-88.86,151.02,0.0,9.95,0.0,52.55282,-1.46426
,,150.79,,3,310.62,25 / 26,198120,2019-11-06 10:45:05:463,-0.185,-2.1508,9.3223,0.0079,-0.0148,9.8066,0.0018,-0.6808,0.0567,-5.94,-36.12,1.88,249.23,-88.52,148.68,0.0,10.072999999999999,0.0,52.5528267,-1.4642705999999999
,,150.79,,3,310.62,25 / 26,198222,2019-11-06 10:45:05:565,0.403,-0.3142,9.0104,0.0221,-0.0054,9.8065,0.1528,-0.5934,0.151,-5.44,-36.19,1.06,249.23,-88.52,148.68,0.0,10.196,0.0,52.5528334,-1.4642811999999998
,,150.79,,3,310.62,25 / 26,198319,2019-11-06 10:45:05:662,0.2848,-3.1836,9.9226,0.0062,0.0532,9.8064,0.0049,0.1446,-0.2739,-5.62,-36.06,0.81,237.42,-88.21,146.89,0.0,10.318999999999999,0.0,52.5528401,-1.4642918
,,150.79,,3,310.62,25 / 26,198420,2019-11-06 10:45:05:763,0.8244,-3.8011,9.9622,0.0052,0.0536,9.8064,-0.0091,0.118,-0.2256,-5.56,-36.12,1.0,224.18,-87.76,133.96,0.0,10.442,0.0,52.5528468,-1.4643024
,,150.79,,3,310.62,25 / 26,198519,2019-11-06 10:45:05:862,0.5548,-0.0432,10.0559,0.0218,0.0832,9.8062,-0.014,-0.1268,0.0296,-5.56,-36.25,0.88,224.18,-87.76,133.96,0.0,10.565,0.0,52.5528535,-1.464313
,,150.79,,3,310.62,25 / 26,198620,2019-11-06 10:45:05:963,0.5283,3.5159,9.5987,0.0161,0.0508,9.8065,-0.0147,0.073,-0.1061,-6.25,-35.19,0.88,221.82,-87.28,133.14,0.0,10.687999999999999,0.0,52.5528602,-1.4643236
,,150.79,,3,310.62,25 / 26,198720,2019-11-06 10:45:06:063,0.9981,2.7527,10.0645,0.0392,0.0443,9.8064,0.0583,-0.0646,-0.0618,-5.81,-35.81,1.13,220.69,-86.93,133.11,0.0,10.811,0.0,52.5528669,-1.4643342
,,150.79,,3,310.62,25 / 26,198820,2019-11-06 10:45:06:163,1.1016,-1.0209,10.0733,0.0073,-0.0249,9.8066,-0.037,0.1171,0.033,-6.0,-36.0,1.25,220.69,-86.93,133.11,0.0,10.934,0.0,52.5528736,-1.4643448000000001
,,150.79,,3,310.62,25 / 26,198919,2019-11-06 10:45:06:262,1.2421,0.5884,9.4425,-0.0139,-0.0061,9.8066,-0.027,0.2943,-0.1796,-6.0,-36.12,0.69,222.92,-87.01,135.55,0.0,11.057,0.0,52.5528803,-1.4643554
,,150.68,11.18,3,317.91,25 / 26,199020,2019-11-06 10:45:06:363,0.8568,2.0135,9.3942,-0.0096,-0.0257,9.8066,-0.0188,0.1611,0.0539,-6.94,-35.69,0.25,216.05,-87.09,134.85,0.0,11.18,0.0,52.552887,-1.464366
,,150.68,,3,317.91,25 / 26,199119,2019-11-06 10:45:06:462,0.3826,3.1273,8.9844,-0.0226,-0.1061,9.806,0.0907,-0.1835,0.1792,-5.81,-35.62,0.56,229.98,-87.66,141.18,0.0,11.294,0.0,52.5528943,-1.4643784
,,150.68,,3,317.91,25 / 26,199220,2019-11-06 10:45:06:563,0.873,0.6103,10.1121,-0.0062,-0.061,9.8064,0.0622,-0.0542,0.1212,-5.75,-36.31,0.69,229.98,-87.66,141.18,0.0,11.408,0.0,52.5529016,-1.4643908
,,150.68,,3,317.91,25 / 26,199320,2019-11-06 10:45:06:663,0.8822,0.9045,9.8533,-0.0125,-0.014,9.8066,0.0402,-0.0439,0.1349,-6.5,-36.31,0.88,236.99,-87.9,148.0,0.0,11.522,0.0,52.5529089,-1.4644032
,,150.68,,3,317.91,25 / 26,199420,2019-11-06 10:45:06:763,2.708,4.7353,9.5314,-0.001,-0.0123,9.8066,-0.1016,0.2316,0.0464,-6.12,-35.94,0.81,238.94,-88.04,149.44,0.0,11.636,0.0,52.5529162,-1.4644156000000002
,,150.68,,3,317.91,25 / 26,199520,2019-11-06 10:45:06:863,1.9254,0.4653,10.4656,-0.0276,-0.1096,9.806,-0.1309,0.3869,-0.0712,-5.94,-35.94,0.69,238.94,-88.04,149.44,0.0,11.75,0.0,52.5529235,-1.464428
,,150.68,,3,317.91,25 / 26,199620,2019-11-06 10:45:06:963,0.2167,1.4785,10.0209,-0.0046,-0.0198,9.8066,0.082,0.0221,0.0824,-6.0,-36.25,1.0,257.48,-88.44,166.8,0.0,11.864,0.0,52.5529308,-1.4644404
,,150.68,,3,317.91,25 / 26,199720,2019-11-06 10:45:07:063,2.2683,2.397,9.776,0.0102,0.0167,9.8065,0.0818,0.1476,-0.0777,-6.0,-36.12,0.63,264.88,-88.34,175.22,0.0,11.978,0.0,52.5529381,-1.4644528
,,150.68,,3,317.91,25 / 26,199819,2019-11-06 10:45:07:162,1.4461,1.392,9.5915,-0.0085,-0.0057,9.8066,-0.0102,0.2014,0.1367,-5.06,-35.94,1.13,257.66,-88.29,168.24,0.0,12.092,0.0,52.5529454,-1.4644652
,,150.68,,3,317.91,25 / 26,199920,2019-11-06 10:45:07:263,1.3407,2.4664,8.9602,-0.0186,-0.0183,9.8065,-0.0504,0.4115,-0.0423,-5.06,-36.12,1.69,257.66,-88.29,168.24,0.0,12.206,0.0,52.5529527,-1.4644776000000002
,,150.56,12.32,3,309.6,25 / 26,200020,2019-11-06 10:45:07:363,2.2872,3.6344,9.5659,-0.0085,0.0069,9.8066,-0.1061,0.2598,0.0127,-5.31,-35.69,1.5,272.35,-88.39,171.4,0.0,12.32,0.0,52.55296,-1.46449
,,150.56,,3,309.6,25 / 26,200120,2019-11-06 10:45:07:463,1.7944,3.1023,9.1016,-0.0434,-0.0041,9.8065,0.0609,0.0711,0.0786,-4.81,-36.56,1.69,275.29,-88.64,172.85,0.0,12.422,0.0,52.5529664,-1.4645048
,,150.56,,3,309.6,25 / 26,200220,2019-11-06 10:45:07:563,1.4077,3.1217,10.3086,-0.0006,-0.0162,9.8066,-0.0095,0.2696,-0.1254,-4.87,-36.12,2.81,275.29,-88.64,172.85,0.0,12.524000000000001,0.0,52.5529728,-1.4645196
,,150.56,,3,309.6,25 / 26,200320,2019-11-06 10:45:07:663,-0.3651,-0.4126,9.6918,0.0275,-0.0811,9.8062,0.073,0.4886,-0.1384,-4.25,-36.19,3.38,294.66,-88.63,176.8,0.0,12.626,0.0,52.552979199999996,-1.4645344
,,150.56,,3,309.6,25 / 26,200420,2019-11-06 10:45:07:763,-1.7035,-2.2593,9.6675,0.0261,-0.0131,9.8066,-0.0597,-0.2451,0.2642,-4.62,-36.5,2.94,300.36,-88.25,-171.22,0.0,12.728,0.0,52.5529856,-1.4645492
,,150.56,,3,309.6,25 / 26,200520,2019-11-06 10:45:07:863,0.8255,1.1668,9.2894,0.0575,0.0238,9.8064,-0.0416,-0.377,0.2797,-4.5,-35.81,3.06,294.05,-88.01,-179.58,0.0,12.83,0.0,52.552992,-1.464564
,,150.56,,3,309.6,25 / 26,200620,2019-11-06 10:45:07:963,3.0299,5.9127,9.5139,0.0164,0.0041,9.8066,0.0661,0.228,0.0468,-4.44,-36.12,3.38,294.05,-88.01,-179.58,0.0,12.932,0.0,52.5529984,-1.4645788000000002
,,150.56,,3,309.6,25 / 26,200719,2019-11-06 10:45:08:062,2.7609,6.4776,9.7524,-0.0156,-0.0452,9.8065,-0.0517,0.7443,-0.3218,-4.06,-35.87,3.88,291.58,-87.93,178.74,0.0,13.034,0.0,52.5530048,-1.4645936000000002
,,150.56,,3,309.6,25 / 26,200820,2019-11-06 10:45:08:163,0.1526,-0.6506,9.616,-0.0213,-0.0358,9.8065,0.0498,0.2206,-0.0829,-4.25,-36.0,3.5,320.7,-87.78,-165.31,0.0,13.136,0.0,52.5530112,-1.4646084000000001
,,150.56,,3,309.6,25 / 26,200920,2019-11-06 10:45:08:263,-0.6671,-2.0627,10.0556,-0.0274,-0.0597,9.8063,0.0284,-0.3172,0.3321,-3.87,-36.25,3.69,320.7,-87.78,-165.31,0.0,13.238,0.0,52.553017600000004,-1.4646232000000001
,,150.5,13.34,3,299.97,24 / 25,201021,2019-11-06 10:45:08:364,0.7396,0.2881,10.1676,0.0124,0.0056,9.8066,0.0576,-0.4473,0.4649,-4.12,-35.94,4.69,337.05,-87.58,-158.96,0.0,13.34,0.0,52.553024,-1.464638
,,150.5,,3,299.97,24 / 25,201120,2019-11-06 10:45:08:463,6.424,4.2372,9.3443,0.0222,-0.0321,9.8065,0.0877,0.1275,0.0529,-3.62,-35.62,4.75,337.05,-87.58,-158.96,0.0,13.47,0.0,52.5530306,-1.4646563000000001
,,150.5,,3,299.97,24 / 25,201220,2019-11-06 10:45:08:563,3.4632,1.7491,10.1017,-0.0227,-0.0322,9.8065,-0.1471,0.5352,-0.2387,-3.87,-36.31,4.19,330.02,-87.25,-156.16,0.0,13.6,0.0,52.5530372,-1.4646746000000002
,,150.5,,3,299.97,24 / 25,201320,2019-11-06 10:45:08:663,2.0395,-2.6849,10.9803,-0.0367,-0.044,9.8065,-0.0859,0.2058,-0.0126,-3.31,-36.31,4.81,358.74,-87.11,-149.9,0.0,13.73,0.0,52.5530438,-1.4646929
,,150.5,,3,299.97,24 / 25,201420,2019-11-06 10:45:08:763,0.5184,-1.2666,10.973,0.0578,0.0444,9.8064,0.1608,-0.2781,0.066,-3.25,-36.25,5.56,358.74,-87.11,-149.9,0.0,13.86,0.0,52.5530504,-1.4647112
,,150.5,,3,299.97,24 / 25,201520,2019-11-06 10:45:08:863,2.4535,-0.4761,9.574,0.0449,-0.0038,9.8065,0.0565,-0.1465,0.2077,-3.5,-36.12,5.56,345.69,-87.34,-157.33,0.0,13.99,0.0,52.553057,-1.4647295
,,150.5,,3,299.97,24 / 25,201620,2019-11-06 10:45:08:963,3.3751,1.4718,8.7871,0.0456,0.0128,9.8065,-0.1377,0.2517,-0.0203,-2.81,-36.0,6.13,346.89,-87.34,-163.29,0.0,14.120000000000001,0.0,52.5530636,-1.4647478
,,150.5,,3,299.97,24 / 25,201720,2019-11-06 10:45:09:063,2.0883,-0.6019,8.279,-0.0416,0.0475,9.8064,-0.1459,0.2466,-0.0499,-2.69,-35.87,5.63,352.83,-87.65,-159.03,0.0,14.25,0.0,52.5530702,-1.4647661
,,150.5,,3,299.97,24 / 25,201820,2019-11-06 10:45:09:163,-1.0335,-1.4568,9.3715,-0.012,0.0297,9.8065,0.0522,0.1802,-0.1505,-2.69,-36.12,5.88,352.83,-87.65,-159.03,0.0,14.38,0.0,52.5530768,-1.4647843999999999
,,150.5,,3,299.97,24 / 25,201920,2019-11-06 10:45:09:263,-0.9674,0.8447,9.4158,-0.0053,0.0077,9.8066,0.0262,-0.1072,0.0605,-3.37,-35.94,5.69,354.57,-87.84,-157.76,0.0,14.51,0.0,52.5530834,-1.4648027
,,150.42,14.64,3,295.94,25 / 25,202020,2019-11-06 10:45:09:363,1.6926,0.1963,9.3023,-0.0217,-0.0246,9.8065,-0.1048,-0.2745,0.2807,-3.25,-35.81,6.25,354.57,-87.84,-157.76,0.0,14.64,0.0,52.55309,-1.464821
,,150.42,,3,295.94,25 / 25,202120,2019-11-06 10:45:09:463,1.6443,0.2371,9.4131,-0.0129,-0.0174,9.8066,-0.0435,-0.1291,0.1422,-3.19,-35.56,5.69,358.92,-87.7,-154.28,0.0,14.749,0.0,52.553096,-1.4648412
,,150.42,,3,295.94,25 / 25,202220,2019-11-06 10:45:09:563,1.0076,0.0656,10.1574,-0.0024,-0.0043,9.8066,0.0058,0.0272,0.012,-3.62,-35.75,5.63,359.41,-87.55,-146.78,0.0,14.858,0.0,52.553101999999996,-1.4648614
,,150.42,,3,295.94,25 / 25,202320,2019-11-06 10:45:09:663,-0.2425,0.3932,9.7949,0.0017,-0.0057,9.8066,0.0361,-0.0543,-0.0676,-3.31,-35.69,4.56,3.87,-87.56,-146.18,0.0,14.967,0.0,52.553108,-1.4648816
,,150.42,,3,295.94,25 / 25,202420,2019-11-06 10:45:09:763,1.2593,-0.0631,9.646,0.0191,-0.0265,9.8065,0.0372,-0.1063,0.0918,-2.94,-36.0,5.19,3.87,-87.56,-146.18,0.0,15.076,0.0,52.553114,-1.4649018
,,150.42,,3,295.94,25 / 25,202520,2019-11-06 10:45:09:863,1.3791,-0.0442,10.2729,-0.0014,-0.0062,9.8066,0.0435,0.0793,-0.1857,-2.25,-35.69,5.5,5.16,-87.43,-149.52,0.0,15.185,0.0,52.55312,-1.4649219999999998
,,150.42,,3,295.94,25 / 25,202620,2019-11-06 10:45:09:963,1.3049,-0.2468,9.9807,-0.0064,-0.0098,9.8066,0.027,-0.0811,0.1647,-2.56,-36.44,5.69,6.13,-87.37,-148.82,0.0,15.294,0.0,52.553126,-1.4649421999999999
,,150.42,,3,295.94,25 / 25,202720,2019-11-06 10:45:10:063,0.3891,-1.3916,9.8756,0.0311,-0.0158,9.8065,0.0145,0.0077,-0.0906,-2.87,-36.25,6.0,6.13,-87.37,-148.82,0.0,15.403,0.0,52.553132,-1.4649623999999999
,,150.42,,3,295.94,25 / 25,202820,2019-11-06 10:45:10:163,0.466,-1.4503,9.232,0.0018,-0.0303,9.8066,-0.0453,0.0331,0.0412,-3.06,-36.0,6.06,11.92,-87.29,-152.85,0.0,15.512,0.0,52.553138000000004,-1.4649826
,,150.42,,3,295.94,25 / 25,202921,2019-11-06 10:45:10:264,1.0761,-0.057,8.8895,-0.0156,0.0031,9.8066,0.092,-0.0141,-0.0531,-3.0,-35.87,6.19,359.52,-87.11,-153.78,0.0,15.621,0.0,52.553144,-1.4650028
,,150.31,15.73,3,295.16,23 / 23,203020,2019-11-06 10:45:10:363,-0.1492,-1.8775,9.5994,-0.0253,0.0286,9.8065,0.0524,-0.1754,0.1323,-2.75,-35.62,6.13,3.68,-87.28,-150.69,0.0,15.73,0.0,52.55315,-1.465023
,,150.31,,3,295.16,23 / 23,203120,2019-11-06 10:45:10:463,0.1966,-2.367,10.4418,0.0107,-0.0219,9.8066,0.0692,0.0346,-0.0726,-2.75,-36.06,6.06,3.68,-87.28,-150.69,0.0,15.836,0.0,52.5531565,-1.4650446
,,150.31,,3,295.16,23 / 23,203220,2019-11-06 10:45:10:563,1.5003,-0.0471,10.8451,-0.0156,-0.0193,9.8066,-0.049,0.0344,0.0741,-2.87,-35.75,5.63,1.8,-87.15,-152.12,0.0,15.942,0.0,52.553163000000005,-1.4650661999999999
,,150.31,,3,295.16,23 / 23,203320,2019-11-06 10:45:10:663,2.7063,0.257,10.3165,-0.0412,-0.0269,9.8065,0.0668,0.1086,-0.1239,-3.0,-36.19,6.0,8.08,-86.98,-147.64,0.0,16.048000000000002,0.0,52.5531695,-1.4650878
,,150.31,,3,295.16,23 / 23,203420,2019-11-06 10:45:10:763,2.7823,-0.4879,10.3309,0.0057,-0.0097,9.8066,-0.0307,-0.1515,0.1521,-2.87,-35.87,6.31,8.08,-86.98,-147.64,0.0,16.154,0.0,52.553176,-1.4651094
,,150.31,,3,295.16,23 / 23,203520,2019-11-06 10:45:10:863,-0.1544,-1.1895,9.9393,0.0077,-0.0023,9.8066,0.0827,-0.1795,0.0346,-3.19,-35.87,6.13,7.07,-86.93,-148.41,0.0,16.259999999999998,0.0,52.5531825,-1.465131
,,150.31,,3,295.16,23 / 23,203619,2019-11-06 10:45:10:962,-1.4506,-1.1321,9.7575,0.0059,-0.0106,9.8066,-0.0493,-0.064,0.166,-3.44,-36.19,6.0,7.05,-86.89,-148.44,0.0,16.366,0.0,52.553189,-1.4651526
,,150.31,,3,295.16,23 / 23,203719,2019-11-06 10:45:11:062,0.1712,-1.1326,9.5423,0.0088,-0.0496,9.8065,-0.0198,0.0767,-0.0046,-3.31,-35.87,5.81,5.18,-86.61,-149.91,0.0,16.472,0.0,52.5531955,-1.4651741999999999
,,150.31,,3,295.16,23 / 23,203820,2019-11-06 10:45:11:163,0.6581,0.7566,9.2986,-0.0064,-0.0017,9.8066,-0.0744,0.0802,0.0378,-3.06,-36.06,5.69,5.18,-86.61,-149.91,0.0,16.578,0.0,52.553202,-1.4651958
,,150.31,,3,295.16,23 / 23,203921,2019-11-06 10:45:11:264,1.2571,-0.2748,9.6009,0.0009,0.0151,9.8065,0.0068,-0.1708,-0.0103,-3.12,-35.94,6.0,7.11,-86.65,-148.56,0.0,16.683999999999997,0.0,52.553208500000004,-1.4652174
,,150.19,16.79,3,294.8,26 / 26,204020,2019-11-06 10:45:11:363,-2.2958,-0.981,9.5988,0.0115,-0.0131,9.8066,0.1965,-0.3732,0.0594,-2.87,-36.12,5.5,7.98,-86.83,-147.83,0.0,16.79,0.0,52.553215,-1.465239
,,150.19,,3,294.8,26 / 26,204120,2019-11-06 10:45:11:463,-4.1963,-2.9966,10.9126,0.005,-0.0589,9.8064,0.1173,-0.1564,0.0658,-3.56,-36.31,6.19,7.98,-86.83,-147.83,0.0,16.907,0.0,52.5532223,-1.4652623999999999
,,150.19,,3,294.8,26 / 26,204220,2019-11-06 10:45:11:563,-2.0741,2.0597,9.665,0.009,-0.0255,9.8066,0.041,0.4796,-0.2442,-3.12,-37.06,5.94,5.69,-86.31,-149.77,0.0,17.024,0.0,52.5532296,-1.4652858
,,150.19,,3,294.8,26 / 26,204320,2019-11-06 10:45:11:663,4.9421,3.244,9.5194,0.0303,0.0241,9.8065,-0.0695,0.7579,-0.3659,-3.06,-36.12,5.44,352.41,-86.16,-153.48,0.0,17.141,0.0,52.5532369,-1.4653092
,,150.19,,3,294.8,26 / 26,204420,2019-11-06 10:45:11:763,1.1821,-0.5717,9.9709,0.0403,0.0494,9.8064,-0.138,0.2279,-0.1763,-3.0,-35.81,6.06,353.39,-86.4,-157.81,0.0,17.258,0.0,52.5532442,-1.4653326
,,150.19,,3,294.8,26 / 26,204520,2019-11-06 10:45:11:863,-3.1401,-2.4183,10.748,-0.0464,-0.0063,9.8065,0.0844,-0.6507,0.4234,-2.69,-36.31,6.25,353.39,-86.4,-157.81,0.0,17.375,0.0,52.5532515,-1.4653559999999999
,,150.19,,3,294.8,26 / 26,204620,2019-11-06 10:45:11:963,-2.2034,-2.2208,10.4244,-0.0155,-0.0061,9.8066,0.0657,-0.4375,0.208,-2.87,-36.12,5.88,2.92,-86.27,-151.54,0.0,17.492,0.0,52.5532588,-1.4653794
,,150.19,,3,294.8,26 / 26,204719,2019-11-06 10:45:12:062,4.0909,3.8649,9.5329,-0.0055,0.0045,9.8066,-0.0111,0.0881,-0.0406,-2.81,-36.19,6.0,3.7,-86.29,-151.02,0.0,17.609,0.0,52.5532661,-1.4654028000000001
,,150.19,,3,294.8,26 / 26,204820,2019-11-06 10:45:12:163,5.0745,2.5334,9.6366,0.0534,0.0416,9.8064,-0.0274,0.5981,-0.3574,-2.75,-35.87,6.0,3.7,-86.29,-151.02,0.0,17.726,0.0,52.5532734,-1.4654262
,,150.19,,3,294.8,26 / 26,204922,2019-11-06 10:45:12:265,-2.3221,-0.6836,10.6014,0.0162,-0.0282,9.8066,-0.0781,0.0028,-0.0267,-3.19,-35.81,6.13,349.01,-86.54,-155.94,0.0,17.843,0.0,52.5532807,-1.4654496
,,150.03,17.96,3,295.31,26 / 26,205021,2019-11-06 10:45:12:364,-2.2151,-2.9415,11.0116,0.0082,-0.0569,9.8064,0.0121,-0.4216,0.2195,-3.75,-35.81,6.25,346.01,-86.21,-155.69,0.0,17.96,0.0,52.553288,-1.465473
,,150.03,,3,295.31,26 / 26,205120,2019-11-06 10:45:12:463,-1.5615,-1.7191,10.5967,-0.046,0.0062,9.8065,0.0787,-0.4392,0.1717,-3.12,-35.5,5.88,2.5,-86.3,-151.78,0.0,18.067,0.0,52.553296,-1.4654973
,,150.03,,3,295.31,26 / 26,205220,2019-11-06 10:45:12:563,0.8156,-0.2535,9.5056,-0.0257,0.043,9.8064,-0.0169,-0.0682,0.127,-2.81,-35.25,6.19,2.5,-86.3,-151.78,0.0,18.174,0.0,52.553304000000004,-1.4655216
,,150.03,,3,295.31,26 / 26,205320,2019-11-06 10:45:12:663,1.3089,1.2311,9.7446,0.0031,-0.0019,9.8066,-0.0495,0.2634,-0.2262,-3.06,-35.87,5.75,6.4,-86.54,-149.12,0.0,18.281000000000002,0.0,52.553312,-1.4655459
,,150.03,,3,295.31,26 / 26,205420,2019-11-06 10:45:12:763,-0.7841,-0.5607,10.1078,-0.0369,0.0078,9.8065,0.0014,0.0733,-0.1223,-3.56,-36.0,5.69,1.22,-86.56,-145.46,0.0,18.388,0.0,52.55332,-1.4655702
,,150.03,,3,295.31,26 / 26,205519,2019-11-06 10:45:12:862,-1.2046,-1.6501,10.2449,0.0309,-0.0188,9.8065,-0.0111,0.0294,0.0419,-3.75,-36.06,5.63,1.22,-86.56,-145.46,0.0,18.495,0.0,52.553328,-1.4655945000000001
,,150.03,,3,295.31,26 / 26,205620,2019-11-06 10:45:12:963,3.9223,0.8767,10.2927,0.0228,0.0146,9.8066,0.0719,-0.2065,0.0734,-3.37,-36.0,5.5,7.55,-86.44,-148.41,0.0,18.602,0.0,52.553336,-1.4656188
,,150.03,,3,295.31,26 / 26,205720,2019-11-06 10:45:13:063,2.8333,-0.1719,9.8227,0.0045,-0.006,9.8066,0.0971,-0.1848,0.1301,-3.37,-35.87,5.56,2.03,-86.85,-152.01,0.0,18.709,0.0,52.553344,-1.4656431
,,150.03,,3,295.31,26 / 26,205820,2019-11-06 10:45:13:163,-1.9744,-1.3661,10.3044,-0.0075,-0.0379,9.8065,0.007,-0.0546,-0.0108,-3.31,-36.0,5.5,2.98,-86.62,-151.4,0.0,18.816000000000003,0.0,52.553352,-1.4656674
,,150.03,,3,295.31,26 / 26,205920,2019-11-06 10:45:13:263,-3.4645,-0.0861,10.005,-0.0205,-0.0006,9.8066,-0.0146,0.313,-0.1669,-3.0,-35.81,5.25,2.98,-86.62,-151.4,0.0,18.923000000000002,0.0,52.55336,-1.4656917
,,149.8,19.03,3,295.7,26 / 26,206020,2019-11-06 10:45:13:363,-0.5114,1.003,9.5913,0.0052,0.0267,9.8066,-0.0889,0.3913,-0.2427,-2.75,-36.19,5.56,6.47,-86.74,-148.95,0.0,19.03,0.0,52.553368,-1.465716
,,149.8,,3,295.7,26 / 26,206120,2019-11-06 10:45:13:463,3.5509,2.9411,8.6885,-0.0047,0.0216,9.8066,0.0385,-0.3902,0.254,-2.69,-35.87,5.5,7.43,-86.86,-148.19,0.0,19.09,0.0,52.553376,-1.4657419
,,149.8,,3,295.7,26 / 26,206220,2019-11-06 10:45:13:563,1.6188,-0.7307,9.4152,0.0308,0.0446,9.8064,0.0685,-0.2365,0.1772,-3.0,-35.81,5.5,7.43,-86.86,-148.19,0.0,19.150000000000002,0.0,52.553384,-1.4657678
,,149.8,,3,295.7,26 / 26,206320,2019-11-06 10:45:13:663,-0.9063,-1.3501,9.8339,0.0533,-0.0272,9.8065,-0.059,0.1055,-0.0349,-3.06,-36.31,5.69,3.21,-87.14,-151.09,0.0,19.21,0.0,52.553392,-1.4657937
,,149.8,,3,295.7,26 / 26,206420,2019-11-06 10:45:13:763,-0.468,-0.9102,9.7505,0.0465,-0.051,9.8064,-0.0161,0.3338,-0.1981,-3.19,-36.62,5.88,355.86,-86.84,-156.31,0.0,19.27,0.0,52.5534,-1.4658196000000001
,,149.8,,3,295.7,26 / 26,206520,2019-11-06 10:45:13:863,0.6635,0.3107,9.7211,-0.0474,0.0173,9.8065,-0.1129,-0.0715,0.0375,-3.31,-35.62,4.94,356.68,-86.95,-151.26,0.0,19.330000000000002,0.0,52.553408000000005,-1.4658455
,,149.8,,3,295.7,26 / 26,206619,2019-11-06 10:45:13:962,2.4515,3.544,9.5295,-0.003,0.0391,9.8065,0.017,-0.3655,0.2109,-3.12,-35.5,5.31,356.68,-86.95,-151.26,0.0,19.39,0.0,52.553416,-1.4658714
,,149.8,,3,295.7,26 / 26,206719,2019-11-06 10:45:14:062,1.306,-0.2505,10.0142,0.0093,0.0226,9.8066,0.1427,-0.2213,0.0231,-3.25,-36.12,5.25,356.93,-87.18,-151.17,0.0,19.45,0.0,52.553424,-1.4658973
,,149.8,,3,295.7,26 / 26,206820,2019-11-06 10:45:14:163,-0.9602,-0.8463,11.0187,0.025,0.0377,9.8065,0.042,0.084,-0.0095,-3.25,-35.69,5.06,352.22,-87.39,-154.63,0.0,19.509999999999998,0.0,52.553432,-1.4659232
,,149.8,,3,295.7,26 / 26,206919,2019-11-06 10:45:14:262,-0.3813,1.4922,10.897,0.0252,-0.0133,9.8066,-0.0832,0.0867,-0.0693,-2.62,-35.62,5.88,352.22,-87.39,-154.63,0.0,19.57,0.0,52.55344,-1.4659491
,,149.56,19.63,3,294.54,24 / 25,207020,2019-11-06 10:45:14:363,-0.3351,-0.3889,10.4282,0.0267,0.0143,9.8066,0.0907,0.076,0.0297,-2.81,-35.75,5.31,1.03,-87.29,-157.48,0.0,19.63,0.0,52.553448,-1.465975
,,149.56,,3,294.54,24 / 25,207120,2019-11-06 10:45:14:463,1.0266,1.2296,10.1801,0.0121,-0.0097,9.8066,0.0611,0.1091,-0.1338,-2.5,-35.87,5.63,357.08,-87.41,-163.73,0.0,19.673,0.0,52.55345560000001,-1.4660018
,,149.56,,3,294.54,24 / 25,207220,2019-11-06 10:45:14:563,-0.8303,0.1995,10.363,0.0128,-0.0431,9.8065,0.0224,-0.0462,0.1305,-2.75,-35.06,6.06,344.46,-87.16,-164.98,0.0,19.715999999999998,0.0,52.5534632,-1.4660286
,,149.56,,3,294.54,24 / 25,207320,2019-11-06 10:45:14:663,2.3209,-0.5686,10.0543,-0.0051,-0.0035,9.8066,-0.0544,0.0261,0.0476,-2.5,-35.62,5.94,344.46,-87.16,-164.98,0.0,19.759,0.0,52.5534708,-1.4660554000000001
,,149.56,,3,294.54,24 / 25,207419,2019-11-06 10:45:14:762,1.8986,-1.5245,10.3659,-0.0154,0.0099,9.8066,-0.1185,0.0941,0.0609,-3.25,-35.87,5.69,345.31,-87.18,-164.27,0.0,19.802,0.0,52.5534784,-1.4660822
,,149.56,,3,294.54,24 / 25,207519,2019-11-06 10:45:14:862,0.1544,2.2809,9.8697,-0.007,-0.0074,9.8066,0.0235,0.0433,-0.1796,-3.19,-35.62,5.44,344.68,-87.45,-160.17,0.0,19.845,0.0,52.55348600000001,-1.4661089999999999
,,149.56,,3,294.54,24 / 25,207620,2019-11-06 10:45:14:963,2.5072,2.5696,8.7802,-0.008,-0.0238,9.8066,0.0646,-0.1949,0.1889,-2.62,-35.25,5.88,344.68,-87.45,-160.17,0.0,19.887999999999998,0.0,52.5534936,-1.4661358
,,149.56,,3,294.54,24 / 25,207720,2019-11-06 10:45:15:063,2.7706,2.1696,9.3383,0.0178,-0.0006,9.8065,-0.0207,0.2184,-0.0029,-2.69,-36.0,6.13,353.32,-87.28,-158.42,0.0,19.930999999999997,0.0,52.5535012,-1.4661626
,,149.56,,3,294.54,24 / 25,207820,2019-11-06 10:45:15:163,0.3915,2.0339,10.0568,0.0078,-0.0252,9.8065,0.0512,0.2677,-0.1861,-2.37,-35.62,6.25,359.62,-87.25,-161.84,0.0,19.974,0.0,52.5535088,-1.4661894
,,149.56,,3,294.54,24 / 25,207920,2019-11-06 10:45:15:263,-2.0355,-0.192,9.9001,-0.0073,-0.0442,9.8065,-0.0898,0.1698,0.0211,-3.06,-36.06,6.5,354.41,-86.99,-161.0,0.0,20.017,0.0,52.55351640000001,-1.4662161999999999
,,149.29,20.06,3,292.34,26 / 26,208020,2019-11-06 10:45:15:363,-0.0918,2.0345,9.2876,-0.0328,-0.0192,9.8065,-0.0671,0.0164,0.0303,-3.31,-36.0,6.19,354.41,-86.99,-161.0,0.0,20.06,0.0,52.553524,-1.466243
,,149.29,,3,292.34,26 / 26,208120,2019-11-06 10:45:15:463,0.6741,1.5077,9.2702,-0.0038,0.014,9.8066,0.0505,-0.1609,0.0596,-3.19,-36.25,6.44,357.52,-86.96,-155.2,0.0,20.093999999999998,0.0,52.5535312,-1.4662703
,,149.29,,3,292.34,26 / 26,208220,2019-11-06 10:45:15:563,-0.6144,0.7918,9.0187,-0.0107,-0.0215,9.8066,-0.0723,-0.0254,0.1094,-3.12,-35.87,6.06,358.95,-86.98,-154.19,0.0,20.128,0.0,52.5535384,-1.4662975999999999
,,149.29,,3,292.34,26 / 26,208320,2019-11-06 10:45:15:663,-3.253,-0.5066,9.8437,-0.0166,-0.0348,9.8065,0.0079,0.1776,-0.1163,-3.44,-36.06,6.31,358.95,-86.98,-154.19,0.0,20.162,0.0,52.5535456,-1.4663249
,,149.29,,3,292.34,26 / 26,208420,2019-11-06 10:45:15:763,-2.5425,0.6187,10.4142,0.0222,-0.0323,9.8065,0.1166,0.1107,-0.0768,-3.19,-36.0,6.19,358.16,-86.75,-154.71,0.0,20.195999999999998,0.0,52.5535528,-1.4663522
,,149.29,,3,292.34,26 / 26,208519,2019-11-06 10:45:15:862,0.4904,0.8126,9.7507,0.0079,-0.0005,9.8066,-0.0492,-0.1769,0.1275,-3.0,-36.12,6.38,352.58,-86.49,-158.41,0.0,20.23,0.0,52.553560000000004,-1.4663795
,,149.29,,3,292.34,26 / 26,208619,2019-11-06 10:45:15:962,0.0121,-0.0907,9.8796,0.0058,-0.0039,9.8066,0.0528,-0.038,-0.0441,-3.25,-35.87,6.19,352.58,-86.49,-158.41,0.0,20.264,0.0,52.5535672,-1.4664068
,,149.29,,3,292.34,26 / 26,208720,2019-11-06 10:45:16:063,0.5007,0.9815,9.4242,-0.0008,0.0108,9.8066,-0.0313,0.1416,0.0449,-2.87,-36.12,6.5,351.81,-86.47,-158.91,0.0,20.298,0.0,52.5535744,-1.4664340999999999
,,149.29,,3,292.34,26 / 26,208820,2019-11-06 10:45:16:163,-1.6845,-0.3697,9.9282,0.005,0.0004,9.8066,-0.0863,0.1833,-0.0926,-3.12,-36.5,6.31,352.13,-86.51,-158.73,0.0,20.331999999999997,0.0,52.5535816,-1.4664614
,,149.29,,3,292.34,26 / 26,208920,2019-11-06 10:45:16:263,-0.2811,0.5538,9.9992,0.0191,0.0024,9.8066,0.037,-0.0639,-0.0906,-3.19,-36.37,6.38,349.4,-86.51,-160.57,0.0,20.366,0.0,52.5535888,-1.4664887
,,149.04,20.4,3,293.22,25 / 25,209020,2019-11-06 10:45:16:363,-0.4022,-0.7437,10.4493,0.009,0.0009,9.8066,0.0563,-0.1022,0.0721,-3.69,-36.12,6.63,349.4,-86.51,-160.57,0.0,20.4,0.0,52.553596,-1.466516
,,149.04,,3,293.22,25 / 25,209120,2019-11-06 10:45:16:463,-0.6391,-0.6154,10.0847,-0.0003,-0.0058,9.8066,-0.0846,-0.1931,0.1436,-2.87,-35.81,6.0,348.12,-86.5,-161.43,0.0,20.459999999999997,0.0,52.5536041,-1.4665439
,,149.04,,3,293.22,25 / 25,209220,2019-11-06 10:45:16:563,-1.5955,-1.2144,10.3999,-0.0027,0.0084,9.8066,0.0402,-0.2076,0.0963,-3.0,-35.81,6.13,348.34,-86.55,-161.33,0.0,20.52,0.0,52.553612199999996,-1.4665717999999999
,,149.04,,3,293.22,25 / 25,209320,2019-11-06 10:45:16:663,-0.5308,-0.6414,9.4382,0.0392,0.0147,9.8065,0.0364,0.1158,-0.1697,-3.31,-35.75,6.31,348.34,-86.55,-161.33,0.0,20.58,0.0,52.5536203,-1.4665997
,,149.04,,3,293.22,25 / 25,209420,2019-11-06 10:45:16:763,1.1123,0.9804,9.8967,0.0297,-0.0035,9.8066,0.0199,0.2106,-0.074,-3.06,-36.19,5.81,342.48,-86.58,-165.4,0.0,20.64,0.0,52.5536284,-1.4666276
,,149.04,,3,293.22,25 / 25,209520,2019-11-06 10:45:16:863,1.2436,1.767,9.8505,0.0116,-0.0041,9.8066,-0.0408,0.0518,0.0259,-2.69,-36.37,6.06,338.51,-86.51,-168.01,0.0,20.7,0.0,52.5536365,-1.4666555
,,149.04,,3,293.22,25 / 25,209620,2019-11-06 10:45:16:963,0.0132,1.1948,10.18,0.0319,-0.0281,9.8065,0.0302,-0.069,0.0876,-3.62,-35.87,5.88,326.09,-86.28,-169.76,0.0,20.759999999999998,0.0,52.5536446,-1.4666834
,,149.04,,3,293.22,25 / 25,209720,2019-11-06 10:45:17:063,-1.3053,-2.58,10.2442,0.0031,-0.0144,9.8066,-0.0308,-0.1032,0.0741,-3.44,-35.56,5.38,326.09,-86.28,-169.76,0.0,20.82,0.0,52.5536527,-1.4667113
,,149.04,,3,293.22,25 / 25,209820,2019-11-06 10:45:17:163,-0.1182,1.2569,9.2447,0.0084,0.0373,9.8065,0.046,0.1023,-0.0716,-3.31,-36.31,6.25,335.7,-86.2,-169.28,0.0,20.88,0.0,52.5536608,-1.4667392000000001
,,149.04,,3,293.22,25 / 25,209920,2019-11-06 10:45:17:263,1.3904,0.3622,9.4621,-0.0171,0.0097,9.8065,-0.0882,0.1903,-0.1448,-3.56,-35.87,5.69,325.39,-86.42,-170.66,0.0,20.94,0.0,52.5536689,-1.4667671
,,148.81,21.0,3,294.7,25 / 25,210020,2019-11-06 10:45:17:363,-1.6076,-0.0809,10.1352,-0.0603,0.0059,9.8064,-0.0622,-0.0941,0.1606,-2.94,-36.25,5.94,325.39,-86.42,-170.66,0.0,21.0,0.0,52.553677,-1.466795
,,148.81,,3,294.7,25 / 25,210120,2019-11-06 10:45:17:463,-0.9519,-1.5651,10.8597,0.0203,-0.0238,9.8066,0.0071,-0.2494,0.0908,-2.62,-36.19,5.81,341.67,-86.64,-166.05,0.0,21.05,0.0,52.5536853,-1.4668235
,,148.81,,3,294.7,25 / 25,210220,2019-11-06 10:45:17:563,-0.376,0.8573,9.4567,-0.0033,0.0119,9.8066,0.0732,-0.118,-0.1178,-3.12,-36.06,5.25,330.84,-86.59,-167.83,0.0,21.1,0.0,52.5536936,-1.466852
,,148.81,,3,294.7,25 / 25,210320,2019-11-06 10:45:17:663,-1.3292,0.8994,9.7261,0.0109,0.0044,9.8066,0.0389,-0.0642,0.057,-2.62,-35.56,5.88,338.06,-86.65,-168.62,0.0,21.15,0.0,52.5537019,-1.4668805
,,148.81,,3,294.7,25 / 25,210420,2019-11-06 10:45:17:763,0.6868,1.17,9.6138,0.0318,0.0058,9.8065,-0.0437,0.1076,-0.0431,-2.56,-35.75,5.81,338.06,-86.65,-168.62,0.0,21.2,0.0,52.5537102,-1.466909
,,148.81,,3,294.7,25 / 25,210521,2019-11-06 10:45:17:864,-2.0647,-0.6664,10.4136,0.0085,-0.0215,9.8066,0.0017,0.1632,-0.1048,-3.06,-35.56,6.5,331.71,-86.53,-172.83,0.0,21.25,0.0,52.553718499999995,-1.4669375
,,148.81,,3,294.7,25 / 25,210620,2019-11-06 10:45:17:963,-0.8568,0.6711,9.2134,-0.007,0.0054,9.8066,-0.1263,0.0445,0.0396,-3.31,-35.75,6.44,328.49,-86.32,-174.52,0.0,21.3,0.0,52.5537268,-1.466966
,,148.81,,3,294.7,25 / 25,210720,2019-11-06 10:45:18:063,-1.6407,0.4442,9.3525,-0.0154,0.0042,9.8066,-0.0484,-0.0267,0.0042,-3.19,-35.31,6.0,328.49,-86.32,-174.52,0.0,21.35,0.0,52.5537351,-1.4669945
,,148.81,,3,294.7,25 / 25,210820,2019-11-06 10:45:18:163,-0.4785,2.7136,9.5139,0.0235,-0.0016,9.8066,0.1755,-0.0977,-0.0712,-3.0,-36.12,6.13,330.6,-86.39,-173.5,0.0,21.4,0.0,52.553743399999995,-1.467023
,,148.81,,3,294.7,25 / 25,210920,2019-11-06 10:45:18:263,-0.6026,-1.2201,9.9677,0.0045,0.0061,9.8066,-0.0046,0.038,0.0276,-3.37,-36.25,5.75,325.62,-86.08,-175.78,0.0,21.45,0.0,52.5537517,-1.4670515
,,148.6,21.5,3,295.1,24 / 25,211020,2019-11-06 10:45:18:363,1.4153,-1.2633,9.335,0.0013,0.0217,9.8066,0.0483,0.0522,-0.0553,-3.25,-36.19,5.94,325.62,-86.08,-175.78,0.0,21.5,0.0,52.55376,-1.46708
,,148.6,,3,295.1,24 / 25,211119,2019-11-06 10:45:18:462,-1.3508,-0.8449,9.7392,-0.0258,-0.0116,9.8065,-0.0181,-0.1046,0.154,-3.12,-36.19,6.19,324.4,-86.18,-176.95,0.0,21.544,0.0,52.553768399999996,-1.4671087
,,148.6,,3,295.1,24 / 25,211220,2019-11-06 10:45:18:563,0.7247,0.5346,9.2387,-0.013,-0.0087,9.8066,0.0156,-0.136,0.1391,-3.19,-35.87,6.19,327.38,-86.2,-174.92,0.0,21.588,0.0,52.553776799999994,-1.4671374
,,148.6,,3,295.1,24 / 25,211320,2019-11-06 10:45:18:663,-0.7605,-0.9851,9.9214,-0.0281,-0.0287,9.8065,-0.0143,-0.114,0.0988,-3.5,-35.75,6.88,338.53,-86.14,-171.53,0.0,21.632,0.0,52.5537852,-1.4671661
,,148.6,,3,295.1,24 / 25,211419,2019-11-06 10:45:18:762,-0.0338,-0.1541,9.892,0.0162,-0.0027,9.8066,-0.0164,0.0372,-0.0701,-3.56,-36.12,6.19,338.53,-86.14,-171.53,0.0,21.676000000000002,0.0,52.5537936,-1.4671948
,,148.6,,3,295.1,24 / 25,211520,2019-11-06 10:45:18:863,-2.3651,-1.3275,9.5552,0.0124,-0.0362,9.8065,0.1356,0.0128,-0.1248,-3.5,-35.81,6.31,321.16,-86.09,-172.73,0.0,21.720000000000002,0.0,52.553802,-1.4672235
,,148.6,,3,295.1,24 / 25,211620,2019-11-06 10:45:18:963,-0.8141,-0.2968,8.8058,0.0139,-0.0357,9.8065,-0.0562,-0.0618,0.166,-3.44,-35.81,6.38,330.66,-85.87,-171.79,0.0,21.764,0.0,52.553810399999996,-1.4672522000000001
,,148.6,,3,295.1,24 / 25,211720,2019-11-06 10:45:19:063,-1.0697,-0.8163,9.4754,-0.0226,0.0082,9.8065,0.1091,0.048,-0.0996,-3.06,-35.75,6.44,333.06,-85.98,-170.49,0.0,21.808,0.0,52.553818799999995,-1.4672809
,,148.6,,3,295.1,24 / 25,211820,2019-11-06 10:45:19:163,0.5137,0.4243,10.0399,0.0524,-0.0023,9.8065,0.0087,0.0902,-0.035,-3.37,-36.31,6.56,333.06,-85.98,-170.49,0.0,21.852,0.0,52.5538272,-1.4673096
,,148.6,,3,295.1,24 / 25,211920,2019-11-06 10:45:19:263,-0.4015,0.4466,10.2494,0.0193,-0.0116,9.8066,-0.0262,0.123,-0.0091,-3.44,-36.12,6.38,326.84,-85.82,-174.15,0.0,21.896,0.0,52.5538356,-1.4673383
,,148.39,21.94,3,295.87,25 / 26,212021,2019-11-06 10:45:19:364,-0.1354,0.8413,9.7047,0.0439,-0.0161,9.8065,-0.0641,0.1807,-0.0322,-3.06,-35.87,6.38,322.54,-85.6,-176.28,0.0,21.94,0.0,52.553844,-1.467367
,,148.39,,3,295.87,25 / 26,212120,2019-11-06 10:45:19:463,-0.7357,0.6411,9.881,-0.0122,0.0,9.8066,-0.1703,0.1634,0.0526,-3.62,-36.06,5.88,322.54,-85.6,-176.28,0.0,21.975,0.0,52.5538528,-1.4673965
,,148.39,,3,295.87,25 / 26,212220,2019-11-06 10:45:19:563,-0.8841,-0.6202,9.1507,-0.0024,-0.009,9.8066,0.0513,0.1997,-0.1814,-3.44,-35.44,5.81,326.33,-85.84,-174.91,0.0,22.01,0.0,52.5538616,-1.4674260000000001
,,148.39,,3,295.87,25 / 26,212320,2019-11-06 10:45:19:663,-1.118,0.6077,8.4707,0.0058,-0.0081,9.8066,0.076,0.0138,-0.0812,-3.75,-35.81,6.19,317.06,-85.82,-174.79,0.0,22.045,0.0,52.5538704,-1.4674555
,,148.39,,3,295.87,25 / 26,212420,2019-11-06 10:45:19:763,-2.9243,1.1017,8.8013,0.0229,-0.0242,9.8065,-0.1112,-0.0371,0.1126,-3.75,-36.12,6.69,317.06,-85.82,-174.79,0.0,22.080000000000002,0.0,52.5538792,-1.4674850000000002
,,148.39,,3,295.87,25 / 26,212520,2019-11-06 10:45:19:863,-1.6701,1.9119,9.5906,0.0316,0.0039,9.8065,0.0471,-0.0359,-0.0225,-3.12,-36.56,5.88,323.98,-85.48,-174.95,0.0,22.115000000000002,0.0,52.553888,-1.4675145
,,148.39,,3,295.87,25 / 26,212620,2019-11-06 10:45:19:963,0.4716,-0.4739,10.3709,-0.0042,-0.0001,9.8066,-0.0143,-0.0128,-0.0495,-3.62,-36.37,6.06,311.26,-85.36,-177.23,0.0,22.15,0.0,52.553896800000004,-1.467544
,,148.39,,3,295.87,25 / 26,212720,2019-11-06 10:45:20:063,0.9308,-1.6602,11.1809,-0.0335,0.0249,9.8065,-0.0298,-0.0204,-0.0143,-3.31,-36.0,6.25,321.51,-85.6,-176.98,0.0,22.185,0.0,52.5539056,-1.4675735
,,148.39,,3,295.87,25 / 26,212820,2019-11-06 10:45:20:163,1.5466,-0.8508,10.4685,-0.0107,0.0281,9.8065,-0.0366,-0.0406,0.0522,-3.25,-36.25,6.31,321.51,-85.6,-176.98,0.0,22.22,0.0,52.553914400000004,-1.467603
,,148.39,,3,295.87,25 / 26,212920,2019-11-06 10:45:20:263,-2.6516,0.105,10.6672,0.0189,-0.0053,9.8065,0.1377,-0.0675,0.0878,-3.56,-35.87,6.38,313.77,-85.77,-177.03,0.0,22.255,0.0,52.5539232,-1.4676325000000001
,,148.19,22.29,3,295.9,25 / 27,213020,2019-11-06 10:45:20:363,-0.9547,1.5774,10.1444,0.0634,-0.0304,9.8063,0.0262,-0.0036,0.0302,-3.81,-35.94,6.94,313.77,-85.77,-177.03,0.0,22.29,0.0,52.553932,-1.467662
,,148.19,,3,295.9,25 / 27,213120,2019-11-06 10:45:20:463,-1.1091,0.5669,9.9214,0.0431,-0.0428,9.8064,0.0389,-0.0034,-0.02,-3.5,-36.19,6.13,309.48,-85.38,-178.62,0.0,22.323,0.0,52.55394080000001,-1.4676918
,,148.19,,3,295.9,25 / 27,213220,2019-11-06 10:45:20:563,1.2263,1.7304,9.6233,-0.0136,0.0036,9.8066,0.0223,-0.1561,0.1273,-3.5,-36.31,6.25,315.27,-85.08,-179.1,0.0,22.355999999999998,0.0,52.5539496,-1.4677216
,,148.19,,3,295.9,25 / 27,213320,2019-11-06 10:45:20:663,-0.51,0.4946,10.1229,-0.0122,0.0037,9.8065,0.0591,-0.1723,0.0548,-3.31,-36.44,6.69,324.59,-85.14,-178.68,0.0,22.389,0.0,52.5539584,-1.4677514
,,148.19,,3,295.9,25 / 27,213420,2019-11-06 10:45:20:763,0.7679,-0.8114,9.9113,-0.0001,0.018,9.8066,-0.0962,-0.1703,0.1549,-2.87,-36.5,6.75,324.59,-85.14,-178.68,0.0,22.422,0.0,52.5539672,-1.4677812
,,148.19,,3,295.9,25 / 27,213520,2019-11-06 10:45:20:863,0.4462,-1.1441,10.0832,-0.0321,0.0099,9.8066,-0.0054,-0.0676,-0.002,-3.62,-36.37,5.94,323.87,-85.23,-179.41,0.0,22.455,0.0,52.553976000000006,-1.467811
,,148.19,,3,295.9,25 / 27,213620,2019-11-06 10:45:20:963,-0.0727,-0.5902,9.8024,-0.0469,0.0264,9.8065,-0.0066,-0.0358,0.0147,-3.0,-35.94,6.19,319.87,-85.51,-177.75,0.0,22.488,0.0,52.5539848,-1.4678408
,,148.19,,3,295.9,25 / 27,213719,2019-11-06 10:45:21:062,-0.4024,0.9371,9.378,-0.014,-0.0003,9.8066,0.0084,-0.1133,0.0473,-3.25,-36.5,6.13,319.87,-85.51,-177.75,0.0,22.521,0.0,52.5539936,-1.4678706
,,148.19,,3,295.9,25 / 27,213820,2019-11-06 10:45:21:163,-1.029,-0.1821,9.886,0.0027,-0.0179,9.8066,-0.0311,-0.0548,0.0783,-3.5,-36.19,6.5,320.54,-85.56,-176.93,0.0,22.554000000000002,0.0,52.5540024,-1.4679004
,,148.19,,3,295.9,25 / 27,213921,2019-11-06 10:45:21:264,-0.2498,2.1405,9.2426,0.0182,0.0016,9.8065,0.0826,-0.1802,-0.0466,-3.44,-36.62,5.94,321.27,-85.47,-176.24,0.0,22.587,0.0,52.554011200000005,-1.4679301999999999
,,148.02,22.62,3,296.45,27 / 27,214019,2019-11-06 10:45:21:362,-1.4808,0.7645,9.1778,0.0517,0.0088,9.8064,0.0054,-0.2397,0.1504,-3.69,-36.12,6.31,321.27,-85.47,-176.24,0.0,22.62,0.0,52.55402,-1.46796
,,148.02,,3,296.45,27 / 27,214119,2019-11-06 10:45:21:462,-1.4301,1.7374,9.2778,-0.0062,0.0088,9.8066,0.0688,-0.0068,-0.1117,-3.19,-36.69,6.13,316.08,-85.31,-179.52,0.0,22.64,0.0,52.554029,-1.46799
,,148.02,,3,296.45,27 / 27,214221,2019-11-06 10:45:21:564,-2.4783,1.3264,9.6817,0.0126,0.0056,9.8066,0.0673,0.0101,-0.0222,-3.31,-36.25,6.0,315.85,-85.27,-179.5,0.0,22.66,0.0,52.554038,-1.4680199999999999
,,148.02,,3,296.45,27 / 27,214319,2019-11-06 10:45:21:662,-0.9049,1.3286,9.6186,0.0283,-0.0139,9.8066,-0.0831,0.0024,0.0602,-3.87,-36.56,5.81,304.82,-85.1,179.77,0.0,22.68,0.0,52.554047000000004,-1.4680499999999999
,,148.02,,3,296.45,27 / 27,214420,2019-11-06 10:45:21:763,-0.3837,0.6607,9.6038,-0.0009,-0.0491,9.8064,0.0074,-0.062,0.0288,-3.44,-36.5,6.38,304.82,-85.1,179.77,0.0,22.7,0.0,52.554056,-1.4680799999999998
,,148.02,,3,296.45,27 / 27,214520,2019-11-06 10:45:21:863,-1.7604,-0.3824,9.1889,-0.0418,0.0142,9.8065,-0.0908,-0.1504,0.1572,-3.31,-36.56,6.88,308.39,-84.93,-177.53,0.0,22.72,0.0,52.554065,-1.46811
,,148.02,,3,296.45,27 / 27,214620,2019-11-06 10:45:21:963,-2.4166,-0.0424,8.733,-0.0661,0.0242,9.8063,-0.0171,0.093,-0.1381,-3.31,-36.56,5.88,320.87,-85.32,-175.95,0.0,22.740000000000002,0.0,52.554074,-1.46814
,,148.02,,3,296.45,27 / 27,214720,2019-11-06 10:45:22:063,-2.7412,0.6587,9.6289,-0.0445,0.0433,9.8064,0.0107,0.059,-0.0508,-3.44,-36.12,6.25,320.87,-85.32,-175.95,0.0,22.76,0.0,52.554083,-1.46817
,,148.02,,3,296.45,27 / 27,214820,2019-11-06 10:45:22:163,-1.2518,2.3054,9.7145,-0.0182,0.0118,9.8066,-0.0566,-0.0143,0.0103,-3.56,-36.81,6.0,314.93,-85.68,-175.4,0.0,22.78,0.0,52.554092000000004,-1.4682
,,148.02,,3,296.45,27 / 27,214920,2019-11-06 10:45:22:263,-1.6267,1.6267,10.0858,-0.0143,0.0065,9.8066,-0.0892,-0.0685,0.1033,-3.37,-36.75,6.69,332.13,-85.8,-175.04,0.0,22.8,0.0,52.554101,-1.46823
,,147.85,22.82,3,296.4,27 / 27,215020,2019-11-06 10:45:22:363,-0.5645,1.3167,10.5106,-0.0029,0.002,9.8066,0.0663,0.0552,-0.0905,-3.75,-36.31,6.56,326.4,-86.11,-174.15,0.0,22.82,0.0,52.55411,-1.46826
,,147.85,,3,296.4,27 / 27,215119,2019-11-06 10:45:22:462,-1.3585,-0.5071,10.1276,-0.0024,-0.0178,9.8066,0.0585,0.0922,-0.0681,-3.44,-36.31,6.69,326.4,-86.11,-174.15,0.0,22.839,0.0,52.554119,-1.4682897
,,147.85,,3,296.4,27 / 27,215220,2019-11-06 10:45:22:563,-1.0125,0.4205,9.4375,-0.0127,-0.0028,9.8066,-0.0794,0.1133,-0.07,-3.62,-36.69,6.19,319.54,-85.96,-173.12,0.0,22.858,0.0,52.554128,-1.4683194
,,147.85,,3,296.4,27 / 27,215319,2019-11-06 10:45:22:662,0.3023,1.1462,8.9617,-0.0038,0.0022,9.8066,0.0008,-0.0749,0.0199,-3.56,-36.19,6.63,327.98,-86.05,-172.82,0.0,22.877000000000002,0.0,52.554137000000004,-1.4683491
,,147.85,,3,296.4,27 / 27,215419,2019-11-06 10:45:22:762,-0.2581,0.6741,11.3693,0.0022,0.0023,9.8066,0.0297,0.0613,-0.0746,-3.81,-36.44,6.25,327.98,-86.05,-172.82,0.0,22.896,0.0,52.554146,-1.4683788
,,147.85,,3,296.4,27 / 27,215519,2019-11-06 10:45:22:862,0.9837,2.5041,8.8354,0.0471,0.0213,9.8065,0.0753,0.2072,-0.1032,-3.25,-36.19,6.56,320.54,-86.05,-173.08,0.0,22.915,0.0,52.554155,-1.4684084999999998
,,147.85,,3,296.4,27 / 27,215619,2019-11-06 10:45:22:962,-1.3199,-0.2193,10.1518,0.0086,-0.0192,9.8066,-0.0406,0.2656,-0.2425,-3.12,-36.44,6.81,330.34,-85.64,-176.14,0.0,22.934,0.0,52.554164,-1.4684381999999998
,,147.85,,3,296.4,27 / 27,215720,2019-11-06 10:45:23:063,1.4173,0.6556,8.3731,0.0212,-0.0524,9.8064,0.0075,0.0246,-0.0324,-3.87,-36.5,6.13,313.31,-85.31,-175.61,0.0,22.953000000000003,0.0,52.554173,-1.4684678999999998
,,147.85,,3,296.4,27 / 27,215820,2019-11-06 10:45:23:163,0.1089,-0.4993,8.5867,-0.0395,0.0049,9.8065,-0.0294,-0.0639,-0.0094,-3.87,-36.31,6.63,313.31,-85.31,-175.61,0.0,22.972,0.0,52.554182000000004,-1.4684975999999998
,,147.85,,3,296.4,27 / 27,215919,2019-11-06 10:45:23:262,-1.1528,0.9966,9.9989,-0.0058,0.0352,9.8065,-0.0239,0.0276,-0.0194,-3.5,-37.06,6.69,316.78,-85.5,-173.85,0.0,22.991,0.0,52.554191,-1.4685272999999999
,,147.7,23.01,3,296.05,26 / 26,216020,2019-11-06 10:45:23:363,1.1572,1.3565,10.7136,0.0315,0.046,9.8064,0.0519,0.0697,-0.1574,-3.69,-36.19,6.5,319.1,-85.56,-177.96,0.0,23.01,0.0,52.5542,-1.468557
,,147.7,,3,296.05,26 / 26,216120,2019-11-06 10:45:23:463,0.0574,-1.6983,11.1003,0.0374,-0.0788,9.8062,0.0152,-0.0163,-0.0439,-3.87,-35.75,5.75,319.1,-85.56,-177.96,0.0,23.046000000000003,0.0,52.554208700000004,-1.4685876
,,147.7,,3,296.05,26 / 26,216220,2019-11-06 10:45:23:563,0.2047,1.979,10.1477,0.0015,0.0421,9.8065,0.0279,-0.1078,-0.0385,-3.06,-36.44,6.25,310.02,-85.06,-176.38,0.0,23.082,0.0,52.5542174,-1.4686181999999999
,,147.7,,3,296.05,26 / 26,216320,2019-11-06 10:45:23:663,0.9096,0.2191,11.3126,-0.0017,0.0444,9.8065,-0.1388,0.0045,0.0687,-3.5,-36.56,6.06,316.07,-85.23,-178.69,0.0,23.118000000000002,0.0,52.5542261,-1.4686488
,,147.7,,3,296.05,26 / 26,216420,2019-11-06 10:45:23:763,1.8685,-0.023,10.9842,-0.0006,-0.0201,9.8066,0.126,-0.0031,-0.1174,-3.25,-36.12,6.19,316.07,-85.23,-178.69,0.0,23.154,0.0,52.5542348,-1.4686793999999999
,,147.7,,3,296.05,26 / 26,216520,2019-11-06 10:45:23:863,0.3988,-0.1767,9.439,-0.0099,-0.0123,9.8066,0.0181,0.0845,-0.06,-3.37,-36.75,5.88,317.1,-85.15,-177.7,0.0,23.19,0.0,52.554243500000005,-1.46871
,,147.7,,3,296.05,26 / 26,216620,2019-11-06 10:45:23:963,0.9786,1.931,8.6386,-0.0179,0.007,9.8066,-0.1038,0.1022,-0.0628,-3.19,-36.56,6.38,318.71,-85.14,-176.62,0.0,23.226000000000003,0.0,52.5542522,-1.4687406
,,147.7,,3,296.05,26 / 26,216720,2019-11-06 10:45:24:063,-0.3862,2.1957,8.9038,-0.0409,0.052,9.8064,-0.0137,0.0037,0.0188,-3.12,-36.37,6.13,321.24,-85.52,-176.88,0.0,23.262,0.0,52.5542609,-1.4687712
,,147.7,,3,296.05,26 / 26,216820,2019-11-06 10:45:24:163,-2.9553,0.3309,9.5971,-0.01,-0.0007,9.8066,0.0268,-0.1426,0.0538,-3.56,-36.0,6.5,321.24,-85.52,-176.88,0.0,23.298000000000002,0.0,52.554269600000005,-1.4688018
,,147.7,,3,296.05,26 / 26,216920,2019-11-06 10:45:24:263,-0.0174,-0.0383,9.4021,0.0005,-0.0277,9.8066,0.1024,-0.0225,0.0288,-3.81,-36.12,6.69,329.85,-85.56,-176.27,0.0,23.334,0.0,52.5542783,-1.4688324
,,147.55,23.37,3,295.87,25 / 26,217020,2019-11-06 10:45:24:363,-0.9855,0.2834,8.9431,0.0031,-0.0106,9.8066,0.148,-0.0955,-0.039,-3.5,-35.75,6.94,332.58,-85.33,-173.94,0.0,23.37,0.0,52.554287,-1.468863
,,147.55,,3,295.87,25 / 26,217119,2019-11-06 10:45:24:462,-0.4172,1.2745,8.8669,0.0237,-0.0217,9.8066,-0.124,0.0016,-0.0449,-3.19,-36.56,6.75,332.58,-85.33,-173.94,0.0,23.382,0.0,52.5542965,-1.4688947
,,147.55,,3,295.87,25 / 26,217220,2019-11-06 10:45:24:563,-0.7794,1.16,10.5257,0.0075,0.0212,9.8066,0.0435,-0.1182,-0.0014,-3.5,-36.31,6.5,330.76,-85.16,-174.7,0.0,23.394000000000002,0.0,52.554306000000004,-1.4689264
,,147.55,,3,295.87,25 / 26,217320,2019-11-06 10:45:24:663,-2.8242,0.2054,10.915,-0.0169,-0.0089,9.8066,0.0817,-0.2464,0.1241,-3.69,-36.69,6.56,318.85,-85.21,-176.68,0.0,23.406,0.0,52.5543155,-1.4689581
,,147.55,,3,295.87,25 / 26,217420,2019-11-06 10:45:24:763,-1.3601,1.5766,10.541,-0.0305,0.01,9.8065,-0.093,-0.2283,0.0877,-3.06,-36.81,7.25,332.46,-85.38,-173.83,0.0,23.418,0.0,52.554325,-1.4689898
,,147.55,,3,295.87,25 / 26,217520,2019-11-06 10:45:24:863,0.6451,-0.3641,10.2433,-0.0546,0.0386,9.8064,-0.0294,-0.0376,0.0674,-3.44,-36.62,6.5,332.46,-85.38,-173.83,0.0,23.43,0.0,52.554334499999996,-1.4690215
,,147.55,,3,295.87,25 / 26,217620,2019-11-06 10:45:24:963,1.9854,-0.0713,10.3989,-0.0084,0.0103,9.8065,0.1851,-0.0224,-0.1577,-3.69,-36.94,6.13,337.85,-85.68,-170.97,0.0,23.442,0.0,52.554344,-1.4690532
,,147.55,,3,295.87,25 / 26,217719,2019-11-06 10:45:25:062,0.3641,0.5564,11.2362,0.0182,0.0148,9.8066,0.0606,-0.2298,0.0393,-3.37,-36.37,6.0,329.77,-85.7,-171.89,0.0,23.454,0.0,52.5543535,-1.4690849
,,147.55,,3,295.87,25 / 26,217820,2019-11-06 10:45:25:163,0.0274,-3.1331,10.8668,0.0466,-0.0002,9.8065,0.1936,-0.1757,0.1462,-3.5,-36.31,6.19,329.77,-85.7,-171.89,0.0,23.465999999999998,0.0,52.554362999999995,-1.4691166
,,147.55,,3,295.87,25 / 26,217920,2019-11-06 10:45:25:263,-0.6377,1.6988,9.76,0.0258,-0.0166,9.8065,0.0398,-0.0729,-0.0599,-3.62,-36.19,6.25,315.56,-85.55,-174.91,0.0,23.477999999999998,0.0,52.5543725,-1.4691482999999999
,,147.41,23.49,3,296.31,25 / 25,218020,2019-11-06 10:45:25:363,0.0905,1.5988,9.4609,0.0005,0.0104,9.8065,0.0635,0.1216,-0.0636,-3.31,-36.12,6.19,323.06,-85.39,-175.23,0.0,23.49,0.0,52.554382,-1.46918
,,147.41,,3,296.31,25 / 25,218119,2019-11-06 10:45:25:462,-2.161,2.608,9.3625,-0.0172,0.0215,9.8066,-0.0623,-0.0453,0.0834,-3.44,-36.37,6.38,323.99,-85.55,-175.16,0.0,23.464,0.0,52.5543912,-1.4692108
,,147.41,,3,296.31,25 / 25,218219,2019-11-06 10:45:25:562,-1.822,0.9013,9.825,-0.007,0.0327,9.8065,0.0137,-0.1653,0.0195,-3.5,-36.62,6.38,323.99,-85.55,-175.16,0.0,23.438,0.0,52.5544004,-1.4692416
,,147.41,,3,296.31,25 / 25,218320,2019-11-06 10:45:25:663,-2.949,0.6552,9.871,0.0036,0.031,9.8065,-0.1179,0.006,0.091,-3.37,-35.81,6.5,323.27,-85.72,-176.23,0.0,23.412,0.0,52.5544096,-1.4692724
,,147.41,,3,296.31,25 / 25,218420,2019-11-06 10:45:25:763,-0.2744,0.816,8.5513,-0.0015,0.026,9.8066,0.0367,0.1412,-0.1361,-2.94,-36.06,6.06,322.18,-85.85,-177.39,0.0,23.386,0.0,52.5544188,-1.4693032
,,147.41,,3,296.31,25 / 25,218520,2019-11-06 10:45:25:863,-1.4624,2.3624,9.242,-0.0102,0.0345,9.8065,-0.0068,0.0244,-0.0575,-3.56,-35.87,5.38,322.18,-85.85,-177.39,0.0,23.36,0.0,52.554428,-1.469334
,,147.41,,3,296.31,25 / 25,218620,2019-11-06 10:45:25:963,-2.6046,0.818,11.0402,-0.0044,0.0507,9.8064,-0.0729,0.141,-0.1794,-3.0,-35.5,6.0,313.18,-86.05,-178.5,0.0,23.334,0.0,52.554437199999995,-1.4693648
,,147.41,,3,296.31,25 / 25,218720,2019-11-06 10:45:26:063,-0.0754,-0.3289,10.9148,0.0267,-0.0265,9.8065,-0.0988,-0.0809,0.1884,-3.37,-36.0,6.13,318.38,-86.26,178.46,0.0,23.308,0.0,52.554446399999996,-1.4693956
,,147.41,,3,296.31,25 / 25,218820,2019-11-06 10:45:26:163,0.612,0.6876,9.762,0.0147,-0.0647,9.8064,0.0115,0.0014,-0.057,-3.56,-36.31,6.19,311.98,-85.92,-178.92,0.0,23.282,0.0,52.5544556,-1.4694264
,,147.41,,3,296.31,25 / 25,218920,2019-11-06 10:45:26:263,-2.2202,1.7495,8.3905,-0.0385,-0.037,9.8065,-0.177,0.0297,0.1378,-3.56,-36.19,6.13,311.98,-85.92,-178.92,0.0,23.256,0.0,52.5544648,-1.4694572
,,147.28,23.23,3,295.86,27 / 27,219020,2019-11-06 10:45:26:363,-2.7085,1.5781,8.91,-0.0037,0.0097,9.8066,0.1184,0.1069,-0.1671,-3.5,-36.12,6.63,326.78,-85.93,-174.53,0.0,23.23,0.0,52.554474,-1.469488
,,147.28,,3,295.86,27 / 27,219120,2019-11-06 10:45:26:463,-0.9614,1.0842,9.4944,0.0285,-0.0085,9.8066,-0.0017,0.1389,-0.0934,-2.81,-36.56,6.81,330.98,-85.86,-175.96,0.0,23.179000000000002,0.0,52.5544831,-1.4695184
,,147.28,,3,295.86,27 / 27,219220,2019-11-06 10:45:26:563,0.7719,0.6581,9.0332,0.0488,-0.0383,9.8064,-0.1087,0.1131,0.0007,-3.44,-36.25,5.94,330.98,-85.86,-175.96,0.0,23.128,0.0,52.5544922,-1.4695487999999999
,,147.28,,3,295.86,27 / 27,219320,2019-11-06 10:45:26:663,-1.2149,3.8295,9.8702,0.015,-0.0013,9.8066,0.1505,-0.2082,0.1875,-2.94,-36.25,6.19,319.93,-85.53,-177.77,0.0,23.076999999999998,0.0,52.5545013,-1.4695791999999999
,,147.28,,3,295.86,27 / 27,219420,2019-11-06 10:45:26:763,0.2864,0.7025,9.7654,0.0044,-0.0163,9.8066,0.0335,-0.0555,-0.0648,-3.06,-35.56,6.5,326.4,-85.2,-177.65,0.0,23.026,0.0,52.5545104,-1.4696095999999998
,,147.28,,3,295.86,27 / 27,219520,2019-11-06 10:45:26:863,-0.4436,-0.1732,9.7116,-0.0033,0.0145,9.8066,-0.0669,0.2214,-0.0593,-2.37,-35.94,6.13,330.11,-85.1,-177.34,0.0,22.975,0.0,52.5545195,-1.46964
,,147.28,,3,295.86,27 / 27,219619,2019-11-06 10:45:26:962,-1.2206,1.8266,9.7184,0.0062,-0.004,9.8066,0.0042,0.281,-0.1115,-2.94,-36.31,6.63,330.11,-85.1,-177.34,0.0,22.924,0.0,52.5545286,-1.4696704
,,147.28,,3,295.86,27 / 27,219720,2019-11-06 10:45:27:063,0.296,1.1399,9.7714,0.018,-0.0201,9.8066,-0.1624,-0.0959,0.143,-3.31,-36.87,6.44,315.33,-84.97,-178.36,0.0,22.872999999999998,0.0,52.5545377,-1.4697008
,,147.28,,3,295.86,27 / 27,219819,2019-11-06 10:45:27:162,-1.2828,1.3306,9.9894,0.0088,-0.0071,9.8066,0.1323,-0.0778,-0.054,-3.0,-36.31,6.25,314.86,-84.77,-178.12,0.0,22.822,0.0,52.5545468,-1.4697312
,,147.28,,3,295.86,27 / 27,219920,2019-11-06 10:45:27:263,-1.2069,0.6939,10.3298,0.012,-0.005,9.8065,0.0813,-0.0192,0.0171,-3.0,-36.31,6.38,314.86,-84.77,-178.12,0.0,22.771,0.0,52.5545559,-1.4697616
,,147.17,22.72,2,296.08,27 / 27,220020,2019-11-06 10:45:27:363,1.0197,0.3314,10.9445,0.0462,-0.0362,9.8064,-0.0939,0.052,0.0309,-3.5,-36.44,5.69,310.91,-84.36,-178.82,0.0,22.72,0.0,52.554565,-1.469792
,,147.17,,2,296.08,27 / 27,220120,2019-11-06 10:45:27:463,-0.8615,-0.8871,9.354,0.0631,-0.0775,9.8061,-0.0214,0.0568,-0.0905,-4.12,-36.5,6.44,310.91,-84.36,-178.82,0.0,22.665,0.0,52.5545738,-1.4698216
,,147.17,,2,296.08,27 / 27,220220,2019-11-06 10:45:27:563,-1.6602,0.6256,7.6362,-0.0018,-0.0035,9.8066,-0.2057,0.1418,0.0553,-3.81,-35.87,6.44,300.32,-83.78,-177.89,0.0,22.61,0.0,52.554582599999996,-1.4698512
,,147.17,,2,296.08,27 / 27,220320,2019-11-06 10:45:27:663,-1.9872,2.8699,7.2953,-0.0414,0.035,9.8064,0.1064,-0.1817,-0.0554,-3.37,-37.12,6.75,319.07,-84.09,-178.42,0.0,22.555,0.0,52.5545914,-1.4698808
,,147.17,,2,296.08,27 / 27,220420,2019-11-06 10:45:27:763,-0.5904,2.2725,8.4868,-0.0391,0.0317,9.8065,0.1886,-0.0766,0.0207,-3.5,-36.62,6.44,319.07,-84.09,-178.42,0.0,22.5,0.0,52.554600199999996,-1.4699104
,,147.17,,2,296.08,27 / 27,220520,2019-11-06 10:45:27:863,-4.5379,0.3804,9.3956,-0.0045,-0.0491,9.8065,0.146,0.1673,-0.1911,-3.62,-36.81,6.56,321.53,-84.38,-177.89,0.0,22.445,0.0,52.554609,-1.46994
,,147.17,,2,296.08,27 / 27,220620,2019-11-06 10:45:27:963,-2.4776,1.698,8.779,-0.0097,-0.0132,9.8066,-0.0245,-0.0757,-0.0305,-3.62,-36.37,6.25,305.63,-84.36,-176.95,0.0,22.39,0.0,52.5546178,-1.4699696
,,147.17,,2,296.08,27 / 27,220720,2019-11-06 10:45:28:063,-1.1617,1.2045,10.0531,0.0064,0.0361,9.8066,0.12,-0.0826,-0.01,-3.56,-36.25,5.63,305.63,-84.36,-176.95,0.0,22.335,0.0,52.5546266,-1.4699992
,,147.17,,2,296.08,27 / 27,220820,2019-11-06 10:45:28:163,-1.3507,1.1944,9.7362,0.0389,-0.013,9.8065,-0.0168,-0.0252,0.1039,-3.75,-36.44,5.81,310.23,-84.45,-178.95,0.0,22.28,0.0,52.5546354,-1.4700288000000001
,,147.17,,2,296.08,27 / 27,220920,2019-11-06 10:45:28:263,-1.6759,-1.5215,9.9461,0.0355,-0.0235,9.8065,0.0471,0.0941,-0.0565,-3.19,-36.44,6.5,318.34,-84.22,-179.83,0.0,22.225,0.0,52.5546442,-1.4700584
,,147.09,22.17,2,296.22,27 / 27,221020,2019-11-06 10:45:28:363,-1.2283,-0.5554,8.9881,0.0615,-0.0355,9.8063,0.0805,0.101,-0.1557,-3.0,-36.25,6.38,303.25,-83.83,178.95,0.0,22.17,0.0,52.554653,-1.470088
,,147.09,,2,296.22,27 / 27,221120,2019-11-06 10:45:28:463,-2.8533,1.6996,6.6516,-0.0042,0.0404,9.8065,-0.2906,0.0502,0.0664,-3.37,-36.44,6.81,303.25,-83.83,178.95,0.0,22.118000000000002,0.0,52.5546614,-1.4701173
,,147.09,,2,296.22,27 / 27,221220,2019-11-06 10:45:28:563,-3.8155,3.9939,6.3855,0.0116,0.0025,9.8066,0.3213,-0.1109,-0.1647,-3.31,-36.31,6.19,298.87,-83.88,175.77,0.0,22.066000000000003,0.0,52.5546698,-1.4701466
,,147.09,,2,296.22,27 / 27,221319,2019-11-06 10:45:28:662,-2.0051,2.457,7.2611,0.0177,-0.017,9.8066,0.148,-0.0086,0.1244,-2.81,-36.5,6.38,298.23,-83.74,176.12,0.0,22.014,0.0,52.554678200000005,-1.4701759
,,147.09,,2,296.22,27 / 27,221420,2019-11-06 10:45:28:763,-1.7138,-1.2117,8.8337,0.0196,0.0093,9.8065,0.1845,0.2755,-0.1943,-2.37,-36.31,6.75,298.23,-83.74,176.12,0.0,21.962,0.0,52.554686600000004,-1.4702052
,,147.09,,2,296.22,27 / 27,221519,2019-11-06 10:45:28:862,-1.2239,0.4535,8.826,0.0052,-0.0198,9.8066,0.0469,0.123,-0.0532,-3.25,-36.31,7.31,307.17,-83.67,175.19,0.0,21.91,0.0,52.554695,-1.4702344999999999
,,147.09,,2,296.22,27 / 27,221620,2019-11-06 10:45:28:963,-1.4492,1.4663,8.8241,-0.0176,-0.0444,9.8065,-0.0415,-0.1378,0.2201,-3.06,-36.37,6.63,310.44,-83.59,177.6,0.0,21.858,0.0,52.5547034,-1.4702638
,,147.09,,2,296.22,27 / 27,221720,2019-11-06 10:45:29:063,-1.1559,1.6404,8.3989,-0.078,-0.0223,9.8062,0.0856,-0.1481,0.0445,-3.37,-36.44,6.44,307.08,-83.84,-178.72,0.0,21.806,0.0,52.5547118,-1.4702931
,,147.09,,2,296.22,27 / 27,221821,2019-11-06 10:45:29:164,0.2833,0.2036,9.7026,0.0129,0.0201,9.8066,0.0107,-0.0105,-0.0365,-3.12,-36.69,6.56,307.08,-83.84,-178.72,0.0,21.753999999999998,0.0,52.554720200000006,-1.4703224
,,147.09,,2,296.22,27 / 27,221919,2019-11-06 10:45:29:262,2.3692,0.0662,10.1061,0.0272,-0.0034,9.8066,-0.108,-0.1328,0.0599,-3.19,-36.44,7.19,315.92,-83.85,179.98,0.0,21.701999999999998,0.0,52.554728600000004,-1.4703517
,,147.0,21.65,2,294.91,25 / 25,222019,2019-11-06 10:45:29:362,-0.8951,0.0387,10.6858,-0.0034,0.037,9.8065,0.0306,-0.1626,0.1012,-3.06,-36.44,6.44,304.32,-84.01,178.68,0.0,21.65,0.0,52.554737,-1.470381
,,147.0,,2,294.91,25 / 25,222119,2019-11-06 10:45:29:462,-0.8058,0.4652,11.0953,0.0254,0.007,9.8066,0.1171,0.0873,-0.0945,-2.69,-36.25,7.0,304.32,-84.01,178.68,0.0,21.593,0.0,52.554745000000004,-1.4704093999999999
,,147.0,,2,294.91,25 / 25,222220,2019-11-06 10:45:29:563,-0.7391,-0.9277,11.1728,0.0186,-0.0368,9.8065,-0.0015,0.0321,0.0336,-3.44,-36.56,6.44,300.83,-83.76,178.66,0.0,21.535999999999998,0.0,52.554753000000005,-1.4704378
,,147.0,,2,294.91,25 / 25,222320,2019-11-06 10:45:29:663,-2.239,1.1898,9.5737,-0.026,0.0141,9.8065,0.0496,-0.0326,0.0433,-3.44,-36.19,6.5,315.43,-83.63,-179.52,0.0,21.479,0.0,52.554761,-1.4704662
,,147.0,,2,294.91,25 / 25,222421,2019-11-06 10:45:29:764,-1.5178,0.7697,9.2045,-0.0526,0.0511,9.8063,0.0079,0.0959,-0.0847,-3.37,-35.94,6.31,315.43,-83.63,-179.52,0.0,21.421999999999997,0.0,52.554769,-1.4704945999999999
,,147.0,,2,294.91,25 / 25,222519,2019-11-06 10:45:29:862,-0.3751,1.5931,8.8577,0.0128,0.0513,9.8065,-0.0668,0.1158,-0.096,-2.94,-35.75,6.13,318.08,-84.06,-179.43,0.0,21.365,0.0,52.554777,-1.470523
,,147.0,,2,294.91,25 / 25,222619,2019-11-06 10:45:29:962,-1.5638,1.5674,9.8947,-0.0081,0.0005,9.8066,-0.0187,-0.0564,0.0075,-3.19,-36.37,6.69,314.15,-84.32,177.15,0.0,21.308,0.0,52.554785,-1.4705514
,,147.0,,2,294.91,25 / 25,222720,2019-11-06 10:45:30:063,-0.1981,2.3016,9.6755,-0.0133,0.011,9.8066,0.0568,-0.0328,0.0301,-2.87,-36.44,7.0,314.83,-84.42,177.23,0.0,21.250999999999998,0.0,52.554793000000004,-1.4705797999999999
,,147.0,,2,294.91,25 / 25,222819,2019-11-06 10:45:30:162,-1.36,1.5451,10.5184,0.025,-0.0346,9.8065,0.0627,0.0288,-0.0424,-3.25,-36.5,7.0,314.83,-84.42,177.23,0.0,21.194,0.0,52.554801,-1.4706081999999998
,,147.0,,2,294.91,25 / 25,222920,2019-11-06 10:45:30:263,-1.2304,1.4643,9.6602,-0.0309,0.0362,9.8064,-0.0241,-0.0193,0.0307,-2.75,-36.31,6.75,314.06,-84.17,177.63,0.0,21.136999999999997,0.0,52.554809,-1.4706366
,,146.91,21.08,2,294.96,26 / 26,223020,2019-11-06 10:45:30:363,-1.531,0.8368,9.4205,-0.0443,0.0464,9.8063,-0.0129,-0.0347,0.0654,-3.37,-36.56,6.63,315.09,-84.55,177.48,0.0,21.08,0.0,52.554817,-1.470665
,,146.91,,2,294.96,26 / 26,223120,2019-11-06 10:45:30:463,-1.5731,1.1964,10.0302,-0.0095,0.0187,9.8066,-0.0024,0.0425,-0.0818,-3.0,-36.44,6.63,315.09,-84.55,177.48,0.0,21.035999999999998,0.0,52.554825,-1.4706929999999998
,,146.91,,2,294.96,26 / 26,223220,2019-11-06 10:45:30:563,-0.3069,1.1026,9.8459,0.0298,-0.0075,9.8065,-0.0109,0.0742,0.0354,-2.94,-36.31,7.31,315.9,-84.67,177.07,0.0,20.991999999999997,0.0,52.554833,-1.470721
,,146.91,,2,294.96,26 / 26,223320,2019-11-06 10:45:30:663,-0.2924,0.8798,9.3051,0.0442,-0.0121,9.8064,0.0093,0.0848,-0.0532,-2.94,-36.06,6.75,312.53,-84.43,175.67,0.0,20.948,0.0,52.554840999999996,-1.4707489999999999
,,146.91,,2,294.96,26 / 26,223420,2019-11-06 10:45:30:763,-1.0255,0.2176,9.2836,-0.0314,-0.0094,9.8065,0.0159,-0.0626,0.0537,-2.69,-36.25,7.5,312.53,-84.43,175.67,0.0,20.904,0.0,52.554849,-1.470777
,,146.91,,2,294.96,26 / 26,223520,2019-11-06 10:45:30:863,-2.2701,-0.0059,8.9788,-0.0514,-0.0312,9.8064,-0.1164,-0.0903,0.1301,-2.69,-36.31,6.5,315.65,-84.53,177.39,0.0,20.86,0.0,52.554857,-1.470805
,,146.91,,2,294.96,26 / 26,223620,2019-11-06 10:45:30:963,-1.2818,-0.1084,9.4194,-0.0193,-0.0232,9.8065,0.0125,0.0482,-0.0177,-3.69,-36.69,6.31,303.33,-84.6,-178.98,0.0,20.816,0.0,52.554865,-1.4708329999999998
,,146.91,,2,294.96,26 / 26,223720,2019-11-06 10:45:31:063,-1.6211,0.8397,9.2404,-0.0146,-0.0264,9.8066,0.0631,0.1264,-0.0955,-3.19,-36.56,6.63,323.82,-84.58,-177.12,0.0,20.772,0.0,52.554873,-1.470861
,,146.91,,2,294.96,26 / 26,223820,2019-11-06 10:45:31:163,-0.1088,1.7151,8.9344,0.0038,0.0332,9.8065,0.0871,-0.1756,0.016,-3.06,-36.56,6.38,323.82,-84.58,-177.12,0.0,20.728,0.0,52.554880999999995,-1.470889
,,146.91,,2,294.96,26 / 26,223920,2019-11-06 10:45:31:263,-1.3107,0.7456,9.0314,0.0105,0.0099,9.8066,-0.0291,-0.2292,0.089,-3.56,-36.44,6.63,312.88,-84.72,-178.56,0.0,20.684,0.0,52.554888999999996,-1.470917
,,146.84,20.64,2,295.52,24 / 25,224020,2019-11-06 10:45:31:363,-2.1086,0.2684,8.764,-0.0121,0.0189,9.8066,-0.1026,-0.0957,0.0551,-3.62,-36.5,6.63,312.85,-84.71,-179.69,0.0,20.64,0.0,52.554897,-1.470945
,,146.84,,2,295.52,24 / 25,224120,2019-11-06 10:45:31:463,-2.6808,0.3831,9.8333,0.0143,0.0045,9.8066,0.122,0.1063,-0.1083,-3.62,-36.5,6.13,312.85,-84.71,-179.69,0.0,20.594,0.0,52.554905,-1.470972
,,146.84,,2,295.52,24 / 25,224220,2019-11-06 10:45:31:563,-0.5835,0.7487,9.3798,0.0078,0.0077,9.8066,-0.0202,0.0195,0.0409,-3.0,-36.25,6.94,319.61,-84.67,179.49,0.0,20.548000000000002,0.0,52.554913,-1.470999
,,146.84,,2,295.52,24 / 25,224320,2019-11-06 10:45:31:663,-1.4148,0.1687,9.6707,0.0051,-0.0086,9.8066,-0.0132,0.0221,-0.0442,-3.12,-36.44,7.0,317.46,-84.54,178.54,0.0,20.502,0.0,52.554921,-1.471026
,,146.84,,2,295.52,24 / 25,224420,2019-11-06 10:45:31:763,-0.7939,1.1939,9.3779,0.005,-0.0012,9.8066,0.0052,0.0246,-0.0465,-3.06,-36.62,6.44,307.31,-84.61,178.41,0.0,20.456,0.0,52.554929,-1.471053
,,146.84,,2,295.52,24 / 25,224520,2019-11-06 10:45:31:863,-0.8711,1.1121,9.8995,-0.0021,-0.0092,9.8066,0.0118,-0.0494,0.0337,-3.44,-36.56,6.44,307.31,-84.61,178.41,0.0,20.41,0.0,52.554937,-1.47108
,,146.84,,2,295.52,24 / 25,224620,2019-11-06 10:45:31:963,-1.7846,1.4075,10.2876,0.0065,-0.0022,9.8066,-0.0126,-0.1378,0.0686,-3.25,-35.81,6.56,301.75,-84.69,178.77,0.0,20.364,0.0,52.554945,-1.471107
,,146.84,,2,295.52,24 / 25,224720,2019-11-06 10:45:32:063,-0.828,0.4741,9.4455,-0.0071,0.0299,9.8065,0.0033,-0.0457,-0.0253,-3.56,-36.25,6.38,301.15,-84.59,178.78,0.0,20.318,0.0,52.554953,-1.471134
,,146.84,,2,295.52,24 / 25,224820,2019-11-06 10:45:32:163,-1.5025,-0.0669,9.3614,0.0034,0.0346,9.8065,0.0052,0.1172,-0.0817,-4.06,-36.5,6.75,301.15,-84.59,178.78,0.0,20.272,0.0,52.554961,-1.471161
,,146.84,,2,295.52,24 / 25,224922,2019-11-06 10:45:32:265,-1.2653,1.8026,9.0327,-0.0134,0.0302,9.8065,0.0036,0.0895,0.0082,-3.81,-36.5,6.31,307.77,-84.68,176.81,0.0,20.226,0.0,52.554969,-1.471188
,,146.78,20.18,2,296.21,25 / 25,225020,2019-11-06 10:45:32:363,-1.0848,0.4471,10.1562,-0.0098,0.0316,9.8066,-0.0123,0.019,-0.0184,-3.5,-36.06,6.25,305.73,-84.83,175.57,0.0,20.18,0.0,52.554977,-1.471215
,,146.78,,2,296.21,25 / 25,225120,2019-11-06 10:45:32:463,-1.5135,-0.2474,10.5031,0.0037,-0.0345,9.8065,-0.0217,0.0857,-0.0581,-3.31,-36.19,6.38,306.84,-84.77,176.65,0.0,20.137,0.0,52.5549851,-1.4712414
,,146.78,,2,296.21,25 / 25,225220,2019-11-06 10:45:32:563,-1.7412,0.0107,10.04,0.0005,-0.0305,9.8066,-0.0523,0.1025,-0.0688,-2.56,-36.5,6.19,306.84,-84.77,176.65,0.0,20.094,0.0,52.5549932,-1.4712678
,,146.78,,2,296.21,25 / 25,225320,2019-11-06 10:45:32:663,-0.555,0.4878,9.4451,-0.0021,0.0032,9.8066,-0.004,0.0272,0.0058,-3.81,-36.37,6.5,307.78,-84.62,177.97,0.0,20.051,0.0,52.5550013,-1.4712942
,,146.78,,2,296.21,25 / 25,225420,2019-11-06 10:45:32:763,-0.4415,1.4289,9.7102,0.0025,0.0113,9.8066,0.0227,-0.0551,0.0465,-3.5,-36.25,7.0,317.46,-84.78,177.73,0.0,20.008,0.0,52.5550094,-1.4713205999999999
,,146.78,,2,296.21,25 / 25,225521,2019-11-06 10:45:32:864,0.6983,0.5125,9.6666,0.0037,0.0091,9.8066,-0.0634,0.097,-0.1249,-3.31,-36.81,6.56,317.46,-84.78,177.73,0.0,19.965,0.0,52.555017500000005,-1.471347
,,146.78,,2,296.21,25 / 25,225620,2019-11-06 10:45:32:963,1.1251,2.6855,9.6336,-0.0185,0.0193,9.8066,-0.024,-0.0235,0.106,-3.31,-35.94,6.19,316.74,-84.8,177.16,0.0,19.922,0.0,52.5550256,-1.4713734
,,146.78,,2,296.21,25 / 25,225720,2019-11-06 10:45:33:063,0.0959,0.2892,9.754,-0.0064,0.0131,9.8066,0.0498,-0.0892,0.048,-3.56,-36.37,6.94,310.26,-84.91,177.76,0.0,19.879,0.0,52.5550337,-1.4713998
,,146.78,,2,296.21,25 / 25,225820,2019-11-06 10:45:33:163,-0.533,0.3702,9.5236,-0.0133,0.0323,9.8066,0.0233,-0.0708,-0.0167,-3.12,-36.56,6.63,316.78,-85.09,176.67,0.0,19.836,0.0,52.555041800000005,-1.4714262
,,146.78,,2,296.21,25 / 25,225920,2019-11-06 10:45:33:263,0.2529,0.1418,9.7289,-0.0004,0.062,9.8064,-0.024,0.1922,-0.0809,-2.94,-36.56,6.75,316.78,-85.09,176.67,0.0,19.793,0.0,52.5550499,-1.4714525999999999
,,146.71,19.75,2,295.26,26 / 27,226020,2019-11-06 10:45:33:363,-0.086,3.0807,10.5897,0.001,-0.0106,9.8066,0.093,0.2152,-0.13,-3.12,-36.44,7.06,311.95,-85.47,171.37,0.0,19.75,0.0,52.555058,-1.471479
,,146.71,,2,295.26,26 / 27,226120,2019-11-06 10:45:33:463,1.4059,3.0166,10.9639,0.0162,-0.0419,9.8064,0.0529,0.0282,0.0065,-2.81,-36.19,6.88,312.71,-85.24,172.8,0.0,19.74,0.0,52.555064800000004,-1.4715052
,,146.71,,2,295.26,26 / 27,226220,2019-11-06 10:45:33:563,-1.21,-0.5689,11.0416,0.0058,-0.0931,9.8061,0.111,-0.1157,0.1151,-2.87,-36.69,7.56,312.71,-85.24,172.8,0.0,19.73,0.0,52.555071600000005,-1.4715314
,,146.71,,2,295.26,26 / 27,226320,2019-11-06 10:45:33:663,0.5329,0.2782,9.4996,-0.0335,-0.0162,9.8065,-0.1062,-0.1701,0.182,-3.56,-35.69,7.19,316.63,-84.83,176.98,0.0,19.72,0.0,52.5550784,-1.4715576
,,146.71,,2,295.26,26 / 27,226420,2019-11-06 10:45:33:763,0.7041,1.701,8.8519,-0.0745,0.0102,9.8063,-0.0246,-0.0348,0.0702,-3.44,-36.44,7.13,323.1,-85.16,-179.74,0.0,19.71,0.0,52.5550852,-1.4715837999999999
,,146.71,,2,295.26,26 / 27,226520,2019-11-06 10:45:33:863,2.2674,1.0141,8.9289,-0.0612,0.01,9.8064,-0.0261,0.2007,-0.1391,-3.37,-36.69,6.63,328.36,-85.42,-176.6,0.0,19.7,0.0,52.555092,-1.47161
,,146.71,,2,295.26,26 / 27,226620,2019-11-06 10:45:33:963,-0.4522,-0.8034,10.811,-0.0365,0.0069,9.8065,-0.0339,0.3207,-0.111,-3.75,-36.62,6.5,328.36,-85.42,-176.6,0.0,19.689999999999998,0.0,52.5550988,-1.4716362
,,146.71,,2,295.26,26 / 27,226720,2019-11-06 10:45:34:063,-2.4041,-1.4044,11.3104,0.0107,0.0014,9.8066,0.1642,-0.2373,0.0835,-3.5,-36.56,6.81,331.04,-85.7,-175.54,0.0,19.68,0.0,52.555105600000005,-1.4716624
,,146.71,,2,295.26,26 / 27,226819,2019-11-06 10:45:34:162,0.1509,-0.3866,11.2487,0.0114,0.0011,9.8066,0.0784,-0.2204,0.0993,-3.25,-36.25,7.5,333.15,-85.6,-177.82,0.0,19.669999999999998,0.0,52.5551124,-1.4716886
,,146.71,,2,295.26,26 / 27,226919,2019-11-06 10:45:34:262,2.1033,2.2186,10.1979,0.008,0.0043,9.8066,-0.0817,0.1322,0.0404,-3.06,-36.5,7.81,333.15,-85.6,-177.82,0.0,19.66,0.0,52.5551192,-1.4717148
,,146.66,19.65,2,294.69,26 / 26,227019,2019-11-06 10:45:34:362,2.3021,2.5681,10.0307,-0.0066,-0.0043,9.8066,-0.0269,0.3759,-0.3004,-3.25,-36.62,7.69,332.81,-85.61,-177.84,0.0,19.65,0.0,52.555126,-1.471741
,,146.66,,2,294.69,26 / 26,227120,2019-11-06 10:45:34:463,0.8528,-0.5631,9.9772,-0.0378,-0.0161,9.8065,0.0017,-0.2341,0.135,-3.12,-36.5,7.06,332.38,-85.62,-174.71,0.0,19.679,0.0,52.555133600000005,-1.4717675
,,146.66,,2,294.69,26 / 26,227221,2019-11-06 10:45:34:564,-1.7436,-1.7869,10.3998,0.0151,0.0463,9.8065,0.0782,-0.2364,0.0546,-3.81,-36.31,7.13,320.77,-85.81,-177.49,0.0,19.708,0.0,52.5551412,-1.471794
,,146.66,,2,294.69,26 / 26,227319,2019-11-06 10:45:34:662,-0.2797,-0.6933,10.1229,0.0178,0.0246,9.8065,-0.0417,-0.1954,0.0547,-4.06,-36.69,7.44,320.77,-85.81,-177.49,0.0,19.737,0.0,52.5551488,-1.4718205
,,146.66,,2,294.69,26 / 26,227419,2019-11-06 10:45:34:762,-0.1886,0.6711,10.3468,0.0072,0.0246,9.8066,-0.0444,-0.0289,-0.0073,-3.37,-36.5,7.0,325.78,-85.85,-179.86,0.0,19.766,0.0,52.5551564,-1.471847
,,146.66,,2,294.69,26 / 26,227519,2019-11-06 10:45:34:862,-0.384,-1.1354,10.2108,0.0143,0.0297,9.8066,-0.0105,0.0553,-0.0676,-3.19,-36.81,6.81,322.41,-85.95,177.78,0.0,19.794999999999998,0.0,52.555164000000005,-1.4718735
,,146.66,,2,294.69,26 / 26,227620,2019-11-06 10:45:34:963,-0.8397,-0.9998,10.2377,-0.0208,-0.0015,9.8066,-0.1034,0.0577,0.0245,-3.5,-36.75,7.56,322.41,-85.95,177.78,0.0,19.824,0.0,52.5551716,-1.4719
,,146.66,,2,294.69,26 / 26,227720,2019-11-06 10:45:35:063,-1.0411,0.1647,10.7579,-0.0238,0.0144,9.8066,0.1053,-0.086,0.0084,-3.5,-36.12,6.56,325.14,-86.01,179.24,0.0,19.853,0.0,52.5551792,-1.4719265
,,146.66,,2,294.69,26 / 26,227820,2019-11-06 10:45:35:163,-1.9162,-0.1998,10.7351,-0.0295,-0.0424,9.8065,0.0845,-0.0794,0.1708,-3.5,-36.69,7.5,334.38,-86.06,-177.62,0.0,19.882,0.0,52.5551868,-1.4719529999999998
,,146.66,,2,294.69,26 / 26,227920,2019-11-06 10:45:35:263,-2.0701,-1.3116,8.5682,-0.0745,-0.0677,9.8061,-0.2086,0.2779,-0.082,-3.87,-36.81,7.0,334.38,-86.06,-177.62,0.0,19.911,0.0,52.555194400000005,-1.4719795
,,146.62,19.94,2,296.52,26 / 26,228020,2019-11-06 10:45:35:363,-4.1443,0.4402,6.9429,-0.0474,0.0108,9.8065,0.2956,0.1197,-0.2142,-4.25,-36.37,6.56,331.54,-85.86,-169.8,0.0,19.94,0.0,52.555202,-1.472006
,,146.62,,2,296.52,26 / 26,228119,2019-11-06 10:45:35:462,-1.5953,-1.0749,10.9665,0.053,0.0183,9.8065,-0.0882,-0.2179,0.1145,-3.94,-36.69,6.69,331.06,-86.21,-170.7,0.0,19.98,0.0,52.555210100000004,-1.4720323
,,146.62,,2,296.52,26 / 26,228220,2019-11-06 10:45:35:563,-1.1129,-1.1923,11.7986,0.1082,-0.0112,9.806,0.0638,-0.2605,0.1513,-3.56,-36.69,6.75,319.82,-85.82,-177.87,0.0,20.02,0.0,52.5552182,-1.4720586
,,146.62,,2,296.52,26 / 26,228320,2019-11-06 10:45:35:663,0.7964,-0.3168,9.348,-0.0231,-0.0328,9.8065,-0.0149,0.0746,0.0666,-3.62,-36.94,6.63,319.82,-85.82,-177.87,0.0,20.060000000000002,0.0,52.5552263,-1.4720849
,,146.62,,2,296.52,26 / 26,228420,2019-11-06 10:45:35:763,-0.0639,0.9204,8.8893,-0.0289,0.0226,9.8065,-0.0815,0.181,-0.1105,-4.06,-36.69,7.0,330.12,-85.87,-170.59,0.0,20.1,0.0,52.5552344,-1.4721112
,,146.62,,2,296.52,26 / 26,228520,2019-11-06 10:45:35:863,-1.3086,0.6681,8.5862,-0.0424,0.0571,9.8064,0.0552,-0.1267,0.0411,-4.12,-36.37,7.06,332.75,-86.28,-169.84,0.0,20.14,0.0,52.555242500000006,-1.4721374999999999
,,146.62,,2,296.52,26 / 26,228620,2019-11-06 10:45:35:963,-1.4252,0.5014,10.5792,0.0547,-0.0194,9.8065,0.0142,0.0031,-0.048,-3.94,-36.25,7.0,332.75,-86.28,-169.84,0.0,20.18,0.0,52.5552506,-1.4721638
,,146.62,,2,296.52,26 / 26,228720,2019-11-06 10:45:36:063,-0.235,1.6455,10.6906,0.0751,-0.0144,9.8063,0.0073,0.0796,0.021,-3.75,-35.81,7.25,327.41,-86.03,-173.19,0.0,20.22,0.0,52.5552587,-1.4721901
,,146.62,,2,296.52,26 / 26,228820,2019-11-06 10:45:36:163,-0.1481,0.1078,10.9814,0.0909,-0.0342,9.8061,0.0033,0.0702,-0.0555,-3.87,-36.31,7.38,319.64,-85.56,-177.58,0.0,20.26,0.0,52.555266800000005,-1.4722164
,,146.62,,2,296.52,26 / 26,228920,2019-11-06 10:45:36:263,-0.0319,0.3283,10.5071,-0.0064,0.002,9.8066,0.0316,0.0045,0.0182,-4.06,-36.44,6.75,320.16,-85.59,-177.31,0.0,20.3,0.0,52.5552749,-1.4722427
,,146.58,20.34,2,296.36,26 / 26,229020,2019-11-06 10:45:36:363,1.2834,0.8197,9.3765,0.0014,0.0342,9.8065,-0.0634,0.1008,-0.0624,-3.87,-36.75,7.13,320.83,-85.63,-176.56,0.0,20.34,0.0,52.555283,-1.472269
,,146.58,,2,296.36,26 / 26,229120,2019-11-06 10:45:36:463,1.2809,0.8951,9.9882,0.0222,0.0489,9.8064,0.1038,0.0778,-0.133,-3.37,-36.69,7.19,320.83,-85.63,-176.56,0.0,20.376,0.0,52.555291000000004,-1.4722963
,,146.58,,2,296.36,26 / 26,229220,2019-11-06 10:45:36:563,-0.2354,1.8927,9.3435,-0.0165,0.0011,9.8065,-0.048,-0.0637,0.146,-3.56,-36.75,6.88,315.89,-85.79,179.29,0.0,20.412,0.0,52.555299000000005,-1.4723236
,,146.58,,2,296.36,26 / 26,229320,2019-11-06 10:45:36:663,-0.8156,0.3222,9.9776,-0.0315,-0.0125,9.8065,-0.0109,-0.0653,-0.0019,-3.12,-36.37,6.94,328.21,-85.86,-178.17,0.0,20.448,0.0,52.555307,-1.4723509000000001
,,146.58,,2,296.36,26 / 26,229420,2019-11-06 10:45:36:763,-0.6375,0.7848,9.9886,-0.0391,-0.0254,9.8065,0.0185,0.0275,0.112,-3.75,-36.06,6.69,328.21,-85.86,-178.17,0.0,20.483999999999998,0.0,52.555315,-1.4723782
,,146.58,,2,296.36,26 / 26,229520,2019-11-06 10:45:36:863,-0.4003,0.4904,9.5813,-0.0435,-0.0157,9.8065,-0.0294,0.0277,0.0825,-3.75,-35.94,7.0,333.56,-85.85,-174.41,0.0,20.52,0.0,52.555323,-1.4724055
,,146.58,,2,296.36,26 / 26,229620,2019-11-06 10:45:36:963,-0.173,0.3349,9.4873,-0.0794,-0.0085,9.8062,-0.036,-0.0212,-0.0157,-3.87,-35.69,7.31,334.24,-85.99,-168.15,0.0,20.556,0.0,52.555331,-1.4724328
,,146.58,,2,296.36,26 / 26,229720,2019-11-06 10:45:37:063,-1.1972,-0.9412,9.7035,-0.0186,0.0135,9.8065,-0.0231,0.0549,-0.031,-4.31,-36.31,7.69,341.1,-86.1,-167.21,0.0,20.592,0.0,52.555339000000004,-1.4724601
,,146.58,,2,296.36,26 / 26,229820,2019-11-06 10:45:37:163,-0.4499,0.1513,10.5039,0.0217,0.0347,9.8065,-0.0035,0.0839,-0.0941,-3.81,-36.44,7.75,341.1,-86.1,-167.21,0.0,20.628,0.0,52.555347,-1.4724874000000001
,,146.58,,2,296.36,26 / 26,229920,2019-11-06 10:45:37:263,-0.0337,0.7948,10.6062,0.0191,0.0169,9.8066,0.0612,-0.1621,0.0148,-4.31,-36.56,6.63,332.07,-86.25,-170.05,0.0,20.663999999999998,0.0,52.555355,-1.4725147
,,146.57,20.7,2,295.22,26 / 27,230020,2019-11-06 10:45:37:363,2.0983,1.4737,10.001,0.0301,0.0482,9.8064,0.0078,0.0252,-0.0623,-3.56,-35.81,7.5,331.93,-86.41,-174.63,0.0,20.7,0.0,52.555363,-1.472542
,,146.57,,2,295.22,26 / 27,230121,2019-11-06 10:45:37:464,1.1775,-0.911,10.446,-0.0106,-0.028,9.8065,-0.0425,-0.0596,0.014,-3.37,-35.69,8.0,331.93,-86.41,-174.63,0.0,20.724999999999998,0.0,52.555371,-1.4725699
,,146.57,,2,295.22,26 / 27,230219,2019-11-06 10:45:37:562,-0.1926,0.5614,10.3246,-0.0303,0.0101,9.8066,-0.0635,0.1048,0.0083,-2.37,-34.56,8.0,345.51,-86.29,-172.6,0.0,20.75,0.0,52.555379,-1.4725978
,,146.57,,2,295.22,26 / 27,230320,2019-11-06 10:45:37:663,0.4231,-0.5523,9.9498,-0.0198,-0.0049,9.8066,0.0511,0.0276,-0.0004,-2.0,-34.12,7.38,354.67,-86.42,-167.82,0.0,20.775,0.0,52.555386999999996,-1.4726257
,,146.57,,2,295.22,26 / 27,230420,2019-11-06 10:45:37:763,0.3505,-1.4141,9.9413,-0.0561,0.0131,9.8065,-0.0507,0.1588,-0.0607,-3.06,-33.5,6.63,352.17,-86.52,-162.56,0.0,20.8,0.0,52.555395,-1.4726536
,,146.57,,2,295.22,26 / 27,230520,2019-11-06 10:45:37:863,-1.3159,-0.9817,9.2761,-0.0165,0.0008,9.8065,0.0173,0.156,-0.0884,-3.19,-34.12,7.25,352.17,-86.52,-162.56,0.0,20.825,0.0,52.555403,-1.4726815
,,146.57,,2,295.22,26 / 27,230620,2019-11-06 10:45:37:963,-1.4128,-0.4587,10.2112,0.0034,-0.0156,9.8066,-0.0236,0.0243,-0.0383,-2.56,-34.0,7.19,356.04,-86.51,-159.68,0.0,20.849999999999998,0.0,52.555411,-1.4727094
,,146.57,,2,295.22,26 / 27,230719,2019-11-06 10:45:38:062,1.1576,0.2015,8.8009,0.0168,0.0278,9.8065,0.1267,-0.217,0.112,-2.62,-34.44,6.88,356.51,-86.5,-159.33,0.0,20.875,0.0,52.555419,-1.4727373
,,146.57,,2,295.22,26 / 27,230819,2019-11-06 10:45:38:162,0.9282,1.2446,8.3012,0.0294,0.032,9.8065,-0.0727,-0.057,0.0202,-2.75,-34.69,6.75,356.51,-86.5,-159.33,0.0,20.9,0.0,52.555426999999995,-1.4727652
,,146.57,,2,295.22,26 / 27,230920,2019-11-06 10:45:38:263,-1.2172,-1.4065,8.8211,-0.0153,-0.0038,9.8065,-0.0061,0.1239,-0.0828,-3.81,-35.69,6.13,338.37,-86.73,-162.05,0.0,20.925,0.0,52.555434999999996,-1.4727930999999999
,,146.54,20.95,2,295.38,26 / 26,231019,2019-11-06 10:45:38:362,-2.7044,-0.5002,10.141,-0.003,-0.014,9.8066,-0.0005,0.0539,-0.1213,-4.0,-35.69,6.38,338.04,-86.64,-161.96,0.0,20.95,0.0,52.555443,-1.472821
,,146.54,,2,295.38,26 / 26,231121,2019-11-06 10:45:38:464,0.3699,-2.4702,10.4181,0.0274,-0.0176,9.8066,-0.0184,-0.0204,0.0485,-4.31,-35.81,7.06,341.48,-86.49,-163.75,0.0,20.993,0.0,52.555451,-1.4728489999999999
,,146.54,,2,295.38,26 / 26,231219,2019-11-06 10:45:38:562,-0.2403,0.3176,10.082,-0.0277,0.0291,9.8065,0.0473,-0.0382,0.0191,-4.0,-36.06,7.63,341.48,-86.49,-163.75,0.0,21.035999999999998,0.0,52.555459,-1.472877
,,146.54,,2,295.38,26 / 26,231320,2019-11-06 10:45:38:663,0.6081,-0.1162,9.8552,-0.0032,0.0155,9.8065,0.0169,0.0282,0.0153,-3.81,-36.12,8.38,349.61,-86.74,-161.45,0.0,21.079,0.0,52.555467,-1.472905
,,146.54,,2,295.38,26 / 26,231420,2019-11-06 10:45:38:763,0.2352,0.676,10.7619,0.0024,0.0077,9.8066,0.0784,0.0637,-0.0727,-1.75,-35.37,7.56,5.43,-86.78,-161.84,0.0,21.122,0.0,52.555475,-1.472933
,,146.54,,2,295.38,26 / 26,231520,2019-11-06 10:45:38:863,-0.1972,-0.328,10.695,0.0128,-0.0151,9.8066,-0.0308,0.0374,0.0256,-1.5,-35.5,7.0,5.43,-86.78,-161.84,0.0,21.165,0.0,52.555483,-1.472961
,,146.54,,2,295.38,26 / 26,231620,2019-11-06 10:45:38:963,-0.9696,1.7561,10.0072,0.0068,-0.0007,9.8066,-0.0243,0.0617,-0.035,-2.25,-36.37,5.5,351.74,-86.7,-163.28,0.0,21.208,0.0,52.555490999999996,-1.4729889999999999
,,146.54,,2,295.38,26 / 26,231720,2019-11-06 10:45:39:063,0.3823,-0.3563,9.6941,-0.005,-0.0037,9.8066,0.01,0.021,-0.1005,-3.37,-36.5,6.63,351.84,-86.69,-162.72,0.0,21.250999999999998,0.0,52.555499,-1.473017
,,146.54,,2,295.38,26 / 26,231820,2019-11-06 10:45:39:163,-1.5667,-0.0755,9.242,0.0159,0.0109,9.8066,-0.0652,-0.1199,0.1558,-4.44,-36.87,6.75,340.8,-86.73,-164.49,0.0,21.294,0.0,52.555507,-1.473045
,,146.54,,2,295.38,26 / 26,231920,2019-11-06 10:45:39:263,-0.5556,0.9593,9.0998,-0.041,0.055,9.8064,0.0177,0.0243,-0.0034,-4.25,-36.69,7.06,340.8,-86.73,-164.49,0.0,21.337,0.0,52.555515,-1.473073
,,146.53,21.38,3,295.42,26 / 27,232020,2019-11-06 10:45:39:363,1.5041,-0.9794,10.2477,-0.0159,0.0087,9.8066,-0.0831,0.1427,0.0252,-3.81,-36.75,7.13,344.63,-87.11,-162.1,0.0,21.38,0.0,52.555523,-1.473101
,,146.53,,3,295.42,26 / 27,232120,2019-11-06 10:45:39:463,2.3167,0.3443,10.1159,0.0231,0.0023,9.8065,0.0409,-0.3606,0.2471,-4.19,-36.44,7.63,345.81,-87.09,-164.73,0.0,21.451999999999998,0.0,52.5555314,-1.4731299
,,146.53,,3,295.42,26 / 27,232220,2019-11-06 10:45:39:563,2.1885,0.0644,10.3963,0.0246,0.0014,9.8066,-0.0523,-0.0377,-0.0559,-4.06,-36.44,7.31,345.81,-87.09,-164.73,0.0,21.524,0.0,52.5555398,-1.4731588
,,146.53,,3,295.42,26 / 27,232320,2019-11-06 10:45:39:663,0.0891,-1.9542,11.2131,0.0106,-0.0097,9.8066,0.1289,0.186,-0.2144,-3.62,-36.94,7.69,342.21,-87.06,-167.48,0.0,21.596,0.0,52.555548200000004,-1.4731877
,,146.53,,3,295.42,26 / 27,232419,2019-11-06 10:45:39:762,-1.8033,-0.7546,10.7705,-0.0148,-0.0066,9.8066,-0.0559,-0.1977,0.0401,-4.06,-36.81,7.25,338.14,-86.9,-166.77,0.0,21.668,0.0,52.5555566,-1.4732166
,,146.53,,3,295.42,26 / 27,232519,2019-11-06 10:45:39:862,0.6178,-1.7157,10.1687,-0.0354,0.0084,9.8066,0.0421,-0.2711,0.1297,-3.94,-36.69,6.75,342.72,-87.01,-163.44,0.0,21.740000000000002,0.0,52.555565,-1.4732455
,,146.53,,3,295.42,26 / 27,232620,2019-11-06 10:45:39:963,1.3254,0.5627,9.7238,0.0119,0.0182,9.8066,-0.034,-0.2558,0.1651,-4.31,-36.31,7.38,342.72,-87.01,-163.44,0.0,21.812,0.0,52.5555734,-1.4732744
,,146.53,,3,295.42,26 / 27,232720,2019-11-06 10:45:40:063,0.616,0.476,9.4143,-0.0074,-0.0004,9.8066,-0.066,-0.0083,0.0312,-4.06,-36.0,7.13,341.6,-87.23,-164.72,0.0,21.884,0.0,52.5555818,-1.4733033
,,146.53,,3,295.42,26 / 27,232820,2019-11-06 10:45:40:163,-1.5204,-1.7636,9.2973,-0.0041,-0.0115,9.8065,0.0426,0.2952,-0.1848,-4.31,-36.62,6.81,342.92,-87.25,-163.61,0.0,21.956,0.0,52.555590200000005,-1.4733322
,,146.53,,3,295.42,26 / 27,232920,2019-11-06 10:45:40:263,-1.7669,-0.5809,9.3674,-0.0101,-0.023,9.8066,-0.0425,0.0358,-0.0383,-4.12,-36.87,7.19,342.92,-87.25,-163.61,0.0,22.028000000000002,0.0,52.5555986,-1.4733611
,,146.53,22.1,3,295.87,27 / 27,233020,2019-11-06 10:45:40:363,-0.7075,1.1924,10.6352,0.0179,0.0041,9.8066,-0.0208,-0.2267,0.086,-3.69,-36.5,7.25,344.67,-87.22,-162.29,0.0,22.1,0.0,52.555607,-1.47339
,,146.53,,3,295.87,27 / 27,233120,2019-11-06 10:45:40:463,1.3232,0.6222,9.9081,0.0232,0.0349,9.8065,0.0077,-0.1071,0.0925,-3.87,-36.5,7.06,341.74,-87.22,-164.49,0.0,22.171,0.0,52.555616300000004,-1.4734197
,,146.53,,3,295.87,27 / 27,233219,2019-11-06 10:45:40:562,2.1153,-2.4105,10.2931,-0.0135,0.0151,9.8065,0.0279,0.1799,-0.1648,-3.56,-36.62,6.88,336.77,-87.36,-168.68,0.0,22.242,0.0,52.5556256,-1.4734494
,,146.53,,3,295.87,27 / 27,233319,2019-11-06 10:45:40:662,0.3261,-3.5223,10.8747,-0.0391,-0.0333,9.8065,-0.1056,0.1503,-0.0564,-4.12,-37.0,6.5,344.11,-87.26,-162.68,0.0,22.313000000000002,0.0,52.5556349,-1.4734791
,,146.53,,3,295.87,27 / 27,233420,2019-11-06 10:45:40:763,0.1662,-1.6313,11.8213,0.0434,-0.0301,9.8065,0.2095,-0.0401,-0.0774,-3.75,-36.94,6.5,344.11,-87.26,-162.68,0.0,22.384,0.0,52.5556442,-1.4735088
,,146.53,,3,295.87,27 / 27,233520,2019-11-06 10:45:40:863,1.2233,-1.5402,11.2635,0.0102,0.0161,9.8065,0.0614,-0.1196,-0.0254,-4.25,-36.69,7.0,332.15,-87.01,-166.43,0.0,22.455,0.0,52.555653500000005,-1.4735384999999999
,,146.53,,3,295.87,27 / 27,233619,2019-11-06 10:45:40:962,0.7471,0.6724,9.8567,0.0063,0.0036,9.8066,0.1176,-0.0637,-0.1109,-3.81,-36.75,6.63,336.48,-86.98,-168.21,0.0,22.526,0.0,52.5556628,-1.4735681999999999
,,146.53,,3,295.87,27 / 27,233720,2019-11-06 10:45:41:063,-0.4363,0.9385,9.178,-0.0062,0.0278,9.8066,-0.0971,0.2382,-0.0762,-3.94,-36.19,7.06,336.48,-86.98,-168.21,0.0,22.597,0.0,52.5556721,-1.4735979
,,146.53,,3,295.87,27 / 27,233820,2019-11-06 10:45:41:163,-3.5435,-0.2308,9.7214,-0.0274,0.0209,9.8065,-0.0659,0.1803,-0.1703,-3.69,-36.37,6.44,330.37,-87.14,-168.84,0.0,22.668,0.0,52.555681400000005,-1.4736276
,,146.53,,3,295.87,27 / 27,233920,2019-11-06 10:45:41:263,-0.7516,-0.4639,10.3433,0.0151,0.0191,9.8065,-0.1296,0.0176,0.0875,-3.44,-37.19,6.5,348.26,-87.53,-166.09,0.0,22.738999999999997,0.0,52.5556907,-1.4736573
,,146.54,22.81,3,296.81,27 / 27,234020,2019-11-06 10:45:41:363,-0.4543,-0.0355,10.1265,0.0356,0.0214,9.8065,0.1823,-0.0762,0.0032,-3.19,-37.0,6.5,348.26,-87.53,-166.09,0.0,22.81,0.0,52.5557,-1.473687
,,146.54,,3,296.81,27 / 27,234120,2019-11-06 10:45:41:463,0.7969,3.8183,9.331,-0.0061,0.0125,9.8066,-0.0418,0.2059,-0.1476,-4.19,-36.19,6.06,341.63,-87.6,-171.57,0.0,22.785,0.0,52.5557094,-1.4737168
,,146.54,,3,296.81,27 / 27,234219,2019-11-06 10:45:41:562,-1.2201,2.3075,9.3338,-0.0073,0.0249,9.8066,0.0187,0.0346,0.0068,-3.87,-36.0,6.75,335.05,-87.83,-171.09,0.0,22.759999999999998,0.0,52.5557188,-1.4737466
,,146.54,,3,296.81,27 / 27,234320,2019-11-06 10:45:41:663,-3.0607,1.1233,9.3274,-0.0425,0.0549,9.8064,-0.1369,-0.1407,0.0871,-3.94,-36.31,6.5,339.23,-88.22,-168.2,0.0,22.735,0.0,52.555728200000004,-1.4737764
,,146.54,,3,296.81,27 / 27,234420,2019-11-06 10:45:41:763,-2.8773,3.122,9.5546,-0.0731,0.0489,9.8062,-0.0741,-0.1005,0.1777,-3.69,-36.62,6.56,339.23,-88.22,-168.2,0.0,22.709999999999997,0.0,52.5557376,-1.4738062
,,146.54,,3,296.81,27 / 27,234520,2019-11-06 10:45:41:863,-1.3137,2.405,9.5549,-0.047,0.0247,9.8065,-0.1658,0.1913,-0.0316,-3.81,-36.12,6.56,353.73,-88.61,-155.84,0.0,22.685,0.0,52.555747,-1.473836
,,146.54,,3,296.81,27 / 27,234620,2019-11-06 10:45:41:963,-0.0048,2.2333,9.8189,-0.0593,0.0574,9.8063,-0.0982,0.171,-0.105,-3.75,-36.0,6.06,7.97,-88.93,-139.08,0.0,22.66,0.0,52.5557564,-1.4738658
,,146.54,,3,296.81,27 / 27,234720,2019-11-06 10:45:42:063,-1.305,0.4,9.2968,-0.0219,0.043,9.8065,0.0099,0.0811,-0.0405,-3.62,-36.25,6.38,7.97,-88.93,-139.08,0.0,22.634999999999998,0.0,52.5557658,-1.4738956
,,146.54,,3,296.81,27 / 27,234820,2019-11-06 10:45:42:163,0.1625,0.8587,9.0987,-0.0285,0.0076,9.8065,-0.1143,0.0774,0.0337,-3.75,-36.75,6.13,23.63,-89.15,-128.15,0.0,22.61,0.0,52.5557752,-1.4739254000000002
,,146.54,,3,296.81,27 / 27,234920,2019-11-06 10:45:42:263,0.0067,-0.0648,9.4383,0.0082,-0.0023,9.8066,-0.0108,0.0043,-0.0471,-4.25,-37.06,6.56,35.47,-89.11,-117.17,0.0,22.584999999999997,0.0,52.555784599999996,-1.4739552
,,146.56,22.56,3,296.8,25 / 25,235021,2019-11-06 10:45:42:364,-0.3278,1.9404,11.8138,0.0275,0.0034,9.8066,0.1338,0.0168,-0.0336,-3.69,-36.75,6.81,26.05,-89.21,-125.81,0.0,22.56,0.0,52.555794,-1.473985
,,146.56,,3,296.8,25 / 25,235120,2019-11-06 10:45:42:463,2.9549,-0.6792,11.8233,0.0221,-0.0304,9.8065,0.1004,0.121,-0.2047,-3.62,-36.44,6.88,26.05,-89.21,-125.81,0.0,22.497,0.0,52.5558026,-1.4740140000000002
,,146.56,,3,296.8,25 / 25,235220,2019-11-06 10:45:42:563,2.0657,-1.17,10.1966,0.0109,-0.0318,9.8065,-0.1514,0.0557,0.256,-4.0,-36.81,6.56,13.2,-89.08,-138.02,0.0,22.433999999999997,0.0,52.5558112,-1.474043
,,146.56,,3,296.8,25 / 25,235320,2019-11-06 10:45:42:663,-0.0502,-1.0018,10.1166,-0.0022,-0.0682,9.8063,0.083,0.0487,0.0554,-3.56,-37.12,6.44,5.49,-88.69,-141.46,0.0,22.371,0.0,52.5558198,-1.474072
,,146.56,,3,296.8,25 / 25,235421,2019-11-06 10:45:42:764,-1.1947,0.1511,10.4846,0.0232,0.0263,9.8065,-0.0666,0.1674,-0.1036,-3.87,-36.94,6.38,5.49,-88.69,-141.46,0.0,22.308,0.0,52.5558284,-1.474101
,,146.56,,3,296.8,25 / 25,235520,2019-11-06 10:45:42:863,0.5657,1.1941,10.113,-0.011,0.0026,9.8066,0.1072,0.1769,-0.1444,-3.0,-36.06,6.44,6.69,-88.85,-147.46,0.0,22.244999999999997,0.0,52.555837000000004,-1.47413
,,146.56,,3,296.8,25 / 25,235620,2019-11-06 10:45:42:963,-0.0166,2.5549,9.2807,-0.0053,0.0069,9.8066,-0.0813,-0.0208,0.0957,-3.87,-37.0,6.19,358.03,-88.77,-148.06,0.0,22.182,0.0,52.5558456,-1.474159
,,146.56,,3,296.8,25 / 25,235720,2019-11-06 10:45:43:063,0.3497,1.8871,9.2157,-0.0511,0.0431,9.8064,-0.0098,-0.0094,0.1322,-4.37,-36.56,6.19,16.47,-88.99,-131.3,0.0,22.119,0.0,52.5558542,-1.474188
,,146.56,,3,296.8,25 / 25,235819,2019-11-06 10:45:43:162,-2.4803,0.7361,9.8294,-0.0003,0.0027,9.8066,0.032,0.1291,-0.165,-3.87,-36.19,6.5,16.47,-88.99,-131.3,0.0,22.056,0.0,52.5558628,-1.474217
,,146.56,,3,296.8,25 / 25,235920,2019-11-06 10:45:43:263,-1.1332,1.3016,10.1138,0.0234,-0.0217,9.8066,0.0501,0.1953,-0.1024,-3.81,-36.44,6.56,16.08,-88.93,-135.51,0.0,21.993,0.0,52.5558714,-1.474246
,,146.58,21.93,3,296.32,25 / 25,236019,2019-11-06 10:45:43:362,-1.0218,1.0646,9.8585,0.0128,-0.0041,9.8066,-0.047,-0.0246,0.0294,-3.94,-36.5,6.0,354.03,-88.7,-151.61,0.0,21.93,0.0,52.55588,-1.474275
,,146.58,,3,296.32,25 / 25,236120,2019-11-06 10:45:43:463,1.3077,0.5299,9.8908,-0.0083,0.0003,9.8066,-0.0665,-0.1253,0.1777,-4.19,-36.81,6.38,354.03,-88.7,-151.61,0.0,21.869,0.0,52.555889,-1.474304
,,146.58,,3,296.32,25 / 25,236220,2019-11-06 10:45:43:563,-2.633,1.8892,10.1417,-0.0025,0.0059,9.8066,0.0257,-0.1429,0.0397,-3.69,-36.25,6.06,11.45,-88.79,-139.92,0.0,21.808,0.0,52.555898,-1.474333
,,146.58,,3,296.32,25 / 25,236319,2019-11-06 10:45:43:662,-2.431,0.9078,10.1681,0.0239,-0.0028,9.8066,0.1695,0.0855,-0.1118,-4.0,-37.12,6.5,4.11,-88.79,-146.55,0.0,21.747,0.0,52.555907000000005,-1.474362
,,146.58,,3,296.32,25 / 25,236419,2019-11-06 10:45:43:762,-0.4605,0.0665,9.8724,-0.0188,-0.0444,9.8065,-0.137,0.1491,0.0679,-4.12,-36.25,6.63,8.16,-88.52,-143.04,0.0,21.686,0.0,52.555916,-1.474391
,,146.58,,3,296.32,25 / 25,236520,2019-11-06 10:45:43:863,1.4301,1.1408,9.6039,-0.0263,0.0406,9.8064,0.0834,-0.1344,0.075,-3.75,-36.69,6.25,8.16,-88.52,-143.04,0.0,21.625,0.0,52.555925,-1.4744199999999998
,,146.58,,3,296.32,25 / 25,236620,2019-11-06 10:45:43:963,-0.2921,2.0123,9.9939,-0.018,-0.0009,9.8066,-0.051,-0.2216,0.0996,-4.06,-36.19,6.19,13.05,-88.72,-134.7,0.0,21.564,0.0,52.555934,-1.474449
,,146.58,,3,296.32,25 / 25,236719,2019-11-06 10:45:44:062,-0.3271,1.0523,10.0259,-0.0045,-0.0414,9.8065,0.0557,0.0577,0.0175,-4.25,-36.62,7.0,16.45,-88.48,-135.79,0.0,21.503,0.0,52.555943,-1.474478
,,146.58,,3,296.32,25 / 25,236820,2019-11-06 10:45:44:163,-1.1704,-0.7033,9.6728,-0.0025,0.0281,9.8066,-0.0356,0.1849,-0.1676,-4.25,-37.06,6.63,16.45,-88.48,-135.79,0.0,21.442,0.0,52.555952000000005,-1.474507
,,146.58,,3,296.32,25 / 25,236919,2019-11-06 10:45:44:262,-1.3684,0.6218,10.0952,0.0095,0.0259,9.8066,0.0671,0.0934,-0.0492,-4.25,-36.56,5.63,19.04,-88.63,-133.27,0.0,21.381,0.0,52.555961,-1.4745359999999998
,,146.59,21.32,3,296.37,24 / 24,237020,2019-11-06 10:45:44:363,0.9323,0.8489,10.3435,0.0232,-0.0107,9.8065,0.0676,-0.1051,0.0101,-4.19,-36.69,6.38,8.15,-88.85,-138.99,0.0,21.32,0.0,52.55597,-1.474565
,,146.59,,3,296.37,24 / 24,237119,2019-11-06 10:45:44:462,-0.3181,0.3625,10.9783,0.0325,-0.0165,9.8065,-0.0275,-0.1687,0.1698,-3.69,-36.37,5.81,357.68,-88.76,-148.38,0.0,21.255,0.0,52.555978,-1.4745925
,,146.59,,3,296.37,24 / 24,237220,2019-11-06 10:45:44:563,-1.3858,-0.742,9.893,-0.0241,-0.0043,9.8066,0.0687,-0.0405,-0.0468,-3.75,-36.44,6.25,357.68,-88.76,-148.38,0.0,21.19,0.0,52.555986000000004,-1.4746199999999998
,,146.59,,3,296.37,24 / 24,237320,2019-11-06 10:45:44:663,-0.8079,1.0341,9.5059,0.0008,0.0112,9.8066,-0.0017,0.1783,-0.1923,-3.44,-36.56,6.38,16.01,-88.72,-139.37,0.0,21.125,0.0,52.555994,-1.4746474999999999
,,146.59,,3,296.37,24 / 24,237419,2019-11-06 10:45:44:762,1.6338,2.543,9.1208,0.0165,0.0207,9.8066,-0.0719,0.0483,0.024,-3.62,-36.75,6.0,9.98,-88.87,-137.34,0.0,21.060000000000002,0.0,52.556002,-1.474675
,,146.59,,3,296.37,24 / 24,237520,2019-11-06 10:45:44:863,0.7275,1.3679,9.2037,0.0403,0.0148,9.8065,0.0147,-0.2843,0.1166,-3.44,-36.56,5.69,9.98,-88.87,-137.34,0.0,20.995,0.0,52.55601,-1.4747024999999998
,,146.59,,3,296.37,24 / 24,237620,2019-11-06 10:45:44:963,-1.199,1.182,9.8523,-0.0103,0.0033,9.8066,-0.02,-0.2135,0.2018,-3.5,-36.75,6.25,4.96,-88.97,-148.97,0.0,20.93,0.0,52.556018,-1.4747299999999999
,,146.59,,3,296.37,24 / 24,237720,2019-11-06 10:45:45:063,-2.1611,-0.2755,10.6964,-0.0069,-0.0139,9.8066,-0.1533,0.3348,-0.0799,-3.37,-36.81,6.13,13.05,-88.95,-141.7,0.0,20.865000000000002,0.0,52.556026,-1.4747575
,,146.59,,3,296.37,24 / 24,237819,2019-11-06 10:45:45:162,1.1151,0.6626,9.2899,-0.0184,-0.0062,9.8065,-0.0151,0.3541,-0.2644,-4.06,-36.5,6.06,10.62,-88.88,-136.72,0.0,20.8,0.0,52.556034,-1.474785
,,146.59,,3,296.37,24 / 24,237920,2019-11-06 10:45:45:263,1.8432,1.4272,9.6317,0.0157,0.0247,9.8065,-0.0539,0.026,0.0914,-3.62,-37.19,6.13,10.62,-88.88,-136.72,0.0,20.735000000000003,0.0,52.556042,-1.4748124999999999
,,146.6,20.67,3,296.35,27 / 27,238020,2019-11-06 10:45:45:363,0.9569,2.124,9.8507,0.0018,0.0118,9.8066,0.0182,-0.2752,0.1156,-3.5,-36.62,6.38,15.75,-89.1,-139.04,0.0,20.67,0.0,52.55605,-1.47484
,,146.6,,3,296.35,27 / 27,238120,2019-11-06 10:45:45:463,1.5991,1.8079,10.0154,0.0047,-0.0029,9.8066,0.0371,0.0801,-0.1263,-3.75,-37.0,6.44,5.81,-89.09,-140.97,0.0,20.608,0.0,52.5560583,-1.474867
,,146.6,,3,296.35,27 / 27,238220,2019-11-06 10:45:45:563,-0.6136,-0.6914,10.4727,-0.0054,-0.0116,9.8066,-0.1102,0.2413,-0.0455,-3.75,-37.06,6.44,5.81,-89.09,-140.97,0.0,20.546000000000003,0.0,52.5560666,-1.474894
,,146.6,,3,296.35,27 / 27,238319,2019-11-06 10:45:45:662,-1.1663,-1.4678,10.2102,-0.0154,0.0068,9.8066,-0.0472,0.1009,-0.0971,-3.5,-36.31,6.06,7.42,-89.02,-139.53,0.0,20.484,0.0,52.5560749,-1.474921
,,146.6,,3,296.35,27 / 27,238420,2019-11-06 10:45:45:763,-0.7521,0.1876,9.7632,-0.0193,0.0269,9.8065,0.0157,-0.1243,0.0837,-3.75,-36.75,6.63,21.05,-89.15,-130.61,0.0,20.422,0.0,52.5560832,-1.474948
,,146.6,,3,296.35,27 / 27,238519,2019-11-06 10:45:45:862,0.4168,1.0821,8.7171,-0.0263,0.0097,9.8066,0.014,-0.194,0.0914,-3.62,-36.62,6.5,32.63,-89.13,-119.78,0.0,20.360000000000003,0.0,52.5560915,-1.474975
,,146.6,,3,296.35,27 / 27,238620,2019-11-06 10:45:45:963,-2.47,0.3511,9.6685,-0.0175,-0.0044,9.8066,-0.0452,-0.0384,0.1166,-3.56,-36.62,6.0,32.63,-89.13,-119.78,0.0,20.298000000000002,0.0,52.5560998,-1.475002
,,146.6,,3,296.35,27 / 27,238720,2019-11-06 10:45:46:063,-0.3973,0.9112,9.6882,0.0053,0.0061,9.8066,0.0421,0.1507,-0.0945,-3.75,-36.69,5.88,33.6,-89.05,-115.41,0.0,20.236,0.0,52.5561081,-1.475029
,,146.6,,3,296.35,27 / 27,238820,2019-11-06 10:45:46:163,0.8098,1.1739,10.2369,0.0387,0.016,9.8065,-0.0441,0.2107,-0.1312,-3.75,-36.19,6.06,21.96,-89.24,-125.77,0.0,20.174,0.0,52.5561164,-1.475056
,,146.6,,3,296.35,27 / 27,238920,2019-11-06 10:45:46:263,0.4276,0.6989,10.0415,0.0105,-0.0089,9.8066,-0.0631,-0.0435,0.0391,-3.87,-36.19,5.94,21.96,-89.24,-125.77,0.0,20.112000000000002,0.0,52.556124700000005,-1.475083
,,146.59,20.05,3,296.29,24 / 24,239020,2019-11-06 10:45:46:363,-0.7518,0.0886,10.2938,-0.0109,-0.0031,9.8066,0.0394,-0.3517,0.166,-3.62,-36.31,5.88,20.17,-89.21,-131.31,0.0,20.05,0.0,52.556133,-1.47511
,,146.59,,3,296.29,24 / 24,239120,2019-11-06 10:45:46:463,0.0804,-0.0457,9.7072,-0.0107,0.0082,9.8065,-0.0068,-0.2315,0.1997,-3.44,-36.25,5.69,40.66,-89.05,-116.09,0.0,20.0,0.0,52.5561407,-1.4751357
,,146.59,,3,296.29,24 / 24,239219,2019-11-06 10:45:46:562,-1.8539,-1.116,10.0265,0.0076,0.0403,9.8065,0.0543,0.0521,-0.1054,-3.56,-36.44,5.88,41.92,-89.25,-106.89,0.0,19.95,0.0,52.556148400000005,-1.4751614
,,146.59,,3,296.29,24 / 24,239319,2019-11-06 10:45:46:662,0.1848,-0.2917,10.411,0.036,0.0093,9.8065,-0.058,0.2966,-0.1271,-3.19,-36.25,6.13,41.92,-89.25,-106.89,0.0,19.900000000000002,0.0,52.5561561,-1.4751870999999999
,,146.59,,3,296.29,24 / 24,239419,2019-11-06 10:45:46:762,2.7611,1.7676,9.1137,0.0039,-0.009,9.8066,0.0326,0.0719,-0.1134,-3.06,-36.69,5.63,23.64,-89.39,-131.14,0.0,19.85,0.0,52.5561638,-1.4752128
,,146.59,,3,296.29,24 / 24,239519,2019-11-06 10:45:46:862,0.7335,0.7611,10.1546,-0.0098,-0.0057,9.8065,-0.0322,-0.1924,0.147,-3.69,-35.69,5.81,13.95,-89.25,-133.26,0.0,19.8,0.0,52.5561715,-1.4752385000000001
,,146.59,,3,296.29,24 / 24,239620,2019-11-06 10:45:46:963,-1.0346,-0.6446,9.5456,-0.0117,-0.0161,9.8066,0.1028,-0.2468,0.1006,-3.62,-36.12,5.75,13.95,-89.25,-133.26,0.0,19.75,0.0,52.5561792,-1.4752642
,,146.59,,3,296.29,24 / 24,239720,2019-11-06 10:45:47:063,-0.1813,0.4293,9.6764,0.0004,0.0079,9.8066,0.0026,0.0598,-0.0878,-3.94,-36.19,5.88,15.48,-89.26,-131.85,0.0,19.7,0.0,52.5561869,-1.4752899
,,146.59,,3,296.29,24 / 24,239820,2019-11-06 10:45:47:163,0.9075,1.256,9.6739,-0.0022,0.0037,9.8066,0.0174,0.164,-0.0783,-3.69,-36.25,5.88,10.47,-89.25,-136.52,0.0,19.650000000000002,0.0,52.5561946,-1.4753156
,,146.59,,3,296.29,24 / 24,239919,2019-11-06 10:45:47:262,0.5391,0.643,9.2785,-0.0172,0.0096,9.8066,-0.0001,0.0645,-0.0178,-4.06,-36.0,6.06,19.71,-89.28,-127.82,0.0,19.6,0.0,52.5562023,-1.4753413000000002
,,146.56,19.55,3,296.23,23 / 23,240020,2019-11-06 10:45:47:363,-0.8088,0.7652,9.9907,-0.0288,-0.0021,9.8065,-0.0569,-0.0767,0.071,-3.69,-36.37,6.25,19.71,-89.28,-127.82,0.0,19.55,0.0,52.55621,-1.475367
52.556218,-1.4753925,146.56,,3,296.23,23 / 23,240120,2019-11-06 10:45:47:463,-2.1308,-0.0668,10.0268,0.0084,-0.0035,9.8066,0.0696,0.0402,0.0289,-3.81,-36.12,5.94,34.57,-89.23,-113.92,0.0,19.516000000000002,1.0,52.556218,-1.4753925
52.556226,-1.4754180000000001,146.56,,3,296.23,23 / 23,240220,2019-11-06 10:45:47:563,-1.483,-0.2067,10.4851,0.03,-0.0078,9.8065,-0.0363,0.2633,-0.1475,-3.69,-36.44,5.56,20.13,-89.27,-127.43,0.0,19.482,1.0,52.556226,-1.4754180000000001
52.556233999999996,-1.4754435000000001,146.56,,3,296.23,23 / 23,240320,2019-11-06 10:45:47:663,2.7767,1.0896,10.1823,0.051,0.0096,9.8065,0.049,0.301,-0.2669,-3.69,-36.12,6.06,20.13,-89.27,-127.43,0.0,19.448,1.0,52.556233999999996,-1.4754435000000001
52.556242,-1.4754690000000001,146.56,,3,296.23,23 / 23,240420,2019-11-06 10:45:47:763,1.9364,0.9722,10.3638,-0.0361,-0.004,9.8065,-0.034,-0.0352,0.0787,-4.06,-36.69,6.13,1.62,-89.37,-151.91,0.0,19.414,1.0,52.556242,-1.4754690000000001
52.55625,-1.4754945,146.56,,3,296.23,23 / 23,240520,2019-11-06 10:45:47:863,-0.177,0.077,11.2727,-0.047,-0.0222,9.8064,0.1745,-0.4155,0.135,-3.94,-36.19,5.69,14.92,-89.19,-132.44,0.0,19.38,1.0,52.55625,-1.4754945
52.556258,-1.47552,146.56,,3,296.23,23 / 23,240620,2019-11-06 10:45:47:963,-2.3795,-2.3123,10.9791,-0.0044,-0.0085,9.8066,0.0331,-0.0978,0.0908,-4.19,-36.06,5.81,15.85,-89.13,-131.64,0.0,19.346,1.0,52.556258,-1.47552
52.556266,-1.4755455,146.56,,3,296.23,23 / 23,240720,2019-11-06 10:45:48:063,1.8735,0.8076,8.9635,0.0294,0.0443,9.8065,-0.02,0.4115,-0.206,-3.87,-35.75,6.38,15.85,-89.13,-131.64,0.0,19.312,1.0,52.556266,-1.4755455
52.556273999999995,-1.475571,146.56,,3,296.23,23 / 23,240820,2019-11-06 10:45:48:163,2.494,3.2779,9.3706,-0.0087,0.0154,9.8066,-0.1272,0.5205,-0.3157,-4.06,-36.44,5.94,5.54,-89.42,-141.05,0.0,19.278000000000002,1.0,52.556273999999995,-1.475571
52.556281999999996,-1.4755965,146.56,,3,296.23,23 / 23,240920,2019-11-06 10:45:48:263,0.2891,2.5749,8.8824,-0.0443,-0.032,9.8065,0.1299,-0.5152,0.2926,-3.81,-36.5,5.56,23.78,-89.17,-124.2,0.0,19.244,1.0,52.556281999999996,-1.4755965
52.55629,-1.475622,146.56,19.21,3,296.33,24 / 25,241020,2019-11-06 10:45:48:363,-1.8218,-0.4924,9.5368,-0.0167,-0.0184,9.8066,-0.0483,-0.6376,0.3403,-3.56,-36.31,5.69,23.78,-89.17,-124.2,0.0,19.21,1.0,52.55629,-1.475622
52.55629654545454,-1.4756449090909092,146.56,,3,296.33,24 / 25,241120,2019-11-06 10:45:48:463,0.0377,-1.5254,9.163,-0.0634,-0.0071,9.8064,0.0653,-0.1806,0.1101,-3.56,-36.12,5.5,22.61,-89.29,-132.29,0.0,19.186363636363637,1.0,52.55629654545454,-1.4756449090909092
52.55630309090909,-1.4756678181818181,146.56,,3,296.33,24 / 25,241220,2019-11-06 10:45:48:563,-5.7924,-1.779,10.359,0.0049,0.0458,9.8065,-0.1588,0.4556,-0.1309,-3.62,-36.5,5.25,42.74,-88.92,-102.71,0.0,19.162727272727274,1.0,52.55630309090909,-1.4756678181818181
52.556309636363636,-1.4756907272727273,146.56,,3,296.33,24 / 25,241320,2019-11-06 10:45:48:663,-4.5431,-3.6711,10.7962,0.0426,0.0264,9.8065,0.1832,-0.0404,-0.042,-3.81,-36.37,6.06,40.56,-89.2,-108.34,0.0,19.13909090909091,1.0,52.556309636363636,-1.4756907272727273
52.55631618181818,-1.4757136363636363,146.56,,3,296.33,24 / 25,241420,2019-11-06 10:45:48:763,1.601,3.9941,9.6514,0.0969,0.002,9.8062,0.0721,-0.8222,0.6504,-3.87,-35.75,5.75,40.56,-89.2,-108.34,0.0,19.115454545454547,1.0,52.55631618181818,-1.4757136363636363
52.55632272727273,-1.4757365454545455,146.56,,3,296.33,24 / 25,241520,2019-11-06 10:45:48:863,4.2822,2.5799,8.7923,-0.014,-0.0448,9.8065,0.1764,-0.6063,0.1812,-3.87,-35.87,6.13,355.58,-89.25,-150.44,0.0,19.091818181818184,1.0,52.55632272727273,-1.4757365454545455
52.55632927272727,-1.4757594545454544,146.56,,3,296.33,24 / 25,241620,2019-11-06 10:45:48:963,-0.8301,0.9835,8.3387,-0.0563,-0.0644,9.8062,-0.0747,0.0606,0.0298,-4.31,-35.87,6.0,15.38,-88.84,-132.46,0.0,19.068181818181817,1.0,52.55632927272727,-1.4757594545454544
52.556335818181815,-1.4757823636363636,146.56,,3,296.33,24 / 25,241720,2019-11-06 10:45:49:063,-4.2152,-1.1342,10.5767,-0.0039,0.0272,9.8066,-0.0733,0.4374,-0.2781,-4.06,-36.19,5.81,15.38,-88.84,-132.46,0.0,19.044545454545453,1.0,52.556335818181815,-1.4757823636363636
52.55634236363636,-1.4758052727272726,146.56,,3,296.33,24 / 25,241820,2019-11-06 10:45:49:163,0.7226,1.2745,9.9821,0.0517,0.0249,9.8064,0.0853,0.1073,-0.1222,-4.0,-36.19,5.69,19.13,-88.99,-128.84,0.0,19.02090909090909,1.0,52.55634236363636,-1.4758052727272726
52.55634890909091,-1.4758281818181818,146.56,,3,296.33,24 / 25,241919,2019-11-06 10:45:49:262,2.5988,1.7716,8.9224,0.0548,0.0329,9.8064,0.0903,-0.4017,0.2916,-4.12,-36.12,5.06,353.76,-89.24,-147.11,0.0,18.997272727272726,1.0,52.55634890909091,-1.4758281818181818
52.556355454545454,-1.4758510909090907,146.56,,3,296.33,24 / 24,242024,2019-11-06 10:45:49:367,-1.3523,2.0847,9.9396,-0.0089,-0.0329,9.8065,0.0172,-0.4021,0.158,-3.94,-36.06,6.31,3.87,-89.05,-142.76,0.0,18.973636363636363,1.0,52.556355454545454,-1.4758510909090907
52.556362,-1.475874,146.54,18.95,3,296.36,24 / 24,242120,2019-11-06 10:45:49:463,-1.0637,2.0859,9.5317,-0.0108,0.0401,9.8065,-0.0157,0.0455,-0.0554,-4.06,-36.62,5.81,3.87,-89.05,-142.76,0.0,18.95,1.0,52.556362,-1.475874
52.556370666666666,-1.4759017777777776,146.54,,3,296.36,24 / 24,242220,2019-11-06 10:45:49:563,-1.9908,-0.1893,9.8351,-0.0204,0.0011,9.8066,0.0576,-0.1576,0.1773,-3.5,-36.19,5.81,33.42,-89.25,-122.22,0.0,18.925555555555555,1.0,52.556370666666666,-1.4759017777777776
52.55637933333333,-1.4759295555555554,146.54,,3,296.36,24 / 24,242320,2019-11-06 10:45:49:663,0.212,-0.28,9.3474,0.0154,0.0008,9.8066,0.0129,-0.133,0.0078,-3.62,-35.87,6.13,37.71,-89.22,-110.98,0.0,18.90111111111111,1.0,52.55637933333333,-1.4759295555555554
52.556388,-1.4759573333333333,146.54,,3,296.36,24 / 24,242420,2019-11-06 10:45:49:763,-1.3938,0.3759,9.4647,0.0057,-0.0075,9.8066,0.1231,0.005,-0.0341,-3.87,-36.25,5.63,37.71,-89.22,-110.98,0.0,18.876666666666665,1.0,52.556388,-1.4759573333333333
52.556396666666664,-1.475985111111111,146.54,,3,296.36,24 / 24,242520,2019-11-06 10:45:49:863,-1.2976,-0.054,9.1579,-0.0165,0.01,9.8066,-0.1027,-0.0206,0.1287,-3.81,-36.62,5.56,41.13,-89.08,-115.55,0.0,18.85222222222222,1.0,52.556396666666664,-1.475985111111111
52.55640533333334,-1.4760128888888888,146.54,,3,296.36,24 / 24,242619,2019-11-06 10:45:49:962,-0.1789,1.4667,9.0007,0.0054,0.0012,9.8066,0.2735,-0.1475,0.0181,-3.87,-36.44,5.63,50.14,-89.09,-99.66,0.0,18.82777777777778,1.0,52.55640533333334,-1.4760128888888888
52.556414000000004,-1.4760406666666666,146.54,,3,296.36,24 / 24,242720,2019-11-06 10:45:50:063,-0.4254,0.2301,9.1826,0.0245,-0.0308,9.8065,-0.1057,-0.0395,0.089,-3.94,-36.31,5.56,35.23,-89.06,-113.8,0.0,18.803333333333335,1.0,52.556414000000004,-1.4760406666666666
52.55642266666667,-1.4760684444444445,146.54,,3,296.36,24 / 24,242820,2019-11-06 10:45:50:163,-0.9898,2.9946,9.9184,0.0202,0.0295,9.8065,-0.0833,0.0033,-0.1391,-3.81,-36.56,5.75,35.23,-89.06,-113.8,0.0,18.77888888888889,1.0,52.55642266666667,-1.4760684444444445
52.556431333333336,-1.4760962222222223,146.54,,3,296.36,24 / 24,242920,2019-11-06 10:45:50:263,-0.1069,2.1427,10.7564,-0.0057,-0.0073,9.8066,0.0556,-0.1519,0.165,-3.56,-36.19,5.81,50.74,-89.39,-97.94,0.0,18.754444444444445,1.0,52.556431333333336,-1.4760962222222223
52.55644,-1.476124,146.51,18.73,3,296.22,24 / 26,243020,2019-11-06 10:45:50:363,-1.2509,-1.3606,11.1232,-0.0239,-0.0325,9.8065,0.0748,-0.1913,0.0532,-3.37,-36.62,6.13,55.31,-89.16,-101.96,0.0,18.73,1.0,52.55644,-1.476124
52.556447000000006,-1.4761484,146.51,,3,296.22,24 / 26,243120,2019-11-06 10:45:50:463,-2.9027,-0.9969,10.5634,-0.0032,0.0216,9.8066,0.0232,-0.0208,0.0709,-4.06,-36.75,6.19,55.31,-89.16,-101.96,0.0,18.706,1.0,52.556447000000006,-1.4761484
52.556454,-1.4761728,146.51,,3,296.22,24 / 26,243221,2019-11-06 10:45:50:564,2.9895,0.9375,10.1645,0.0155,0.0333,9.8065,-0.1223,0.2582,-0.1214,-3.81,-36.5,6.0,55.94,-89.2,-93.67,0.0,18.682,1.0,52.556454,-1.4761728
52.556461,-1.4761971999999999,146.51,,3,296.22,24 / 26,243320,2019-11-06 10:45:50:663,3.3531,3.6468,9.6457,0.0133,0.0253,9.8066,0.0483,0.5343,-0.3103,-3.75,-36.44,5.38,57.73,-89.35,-86.71,0.0,18.658,1.0,52.556461,-1.4761971999999999
52.556468,-1.4762216,146.51,,3,296.22,24 / 26,243420,2019-11-06 10:45:50:763,-2.5273,-0.6174,10.7826,-0.0329,-0.039,9.8065,-0.0699,-0.0232,-0.0871,-3.69,-36.56,5.44,53.51,-89.06,-92.21,0.0,18.634,1.0,52.556468,-1.4762216
52.556475000000006,-1.476246,146.51,,3,296.22,24 / 26,243520,2019-11-06 10:45:50:863,-3.7567,-2.2326,10.8002,0.0358,-0.0156,9.8065,0.183,-0.4673,0.3153,-3.75,-36.62,5.44,53.51,-89.06,-92.21,0.0,18.61,1.0,52.556475000000006,-1.476246
52.556482,-1.4762704,146.51,,3,296.22,24 / 26,243620,2019-11-06 10:45:50:963,0.2817,-0.0368,9.887,0.0317,0.0343,9.8065,0.0223,-0.4633,0.2218,-3.75,-36.56,5.56,43.66,-89.15,-105.67,0.0,18.586,1.0,52.556482,-1.4762704
52.556489,-1.4762948,146.51,,3,296.22,24 / 26,243720,2019-11-06 10:45:51:063,2.8631,1.1567,9.2557,-0.015,0.0751,9.8063,-0.0879,-0.141,0.1307,-3.75,-36.12,5.13,71.1,-89.3,-73.95,0.0,18.561999999999998,1.0,52.556489,-1.4762948
52.556496,-1.4763191999999998,146.51,,3,296.22,24 / 26,243820,2019-11-06 10:45:51:163,-0.1187,-0.1764,9.643,-0.0466,-0.0052,9.8065,-0.151,0.2593,-0.1688,-4.37,-36.81,5.38,71.1,-89.3,-73.95,0.0,18.538,1.0,52.556496,-1.4763191999999998
52.556503000000006,-1.4763435999999999,146.51,,3,296.22,24 / 26,243920,2019-11-06 10:45:51:263,-1.4186,-0.0932,9.9874,0.0008,0.0245,9.8066,-0.0203,0.0152,-0.0602,-3.69,-36.25,5.75,80.78,-89.03,-70.44,0.0,18.514,1.0,52.556503000000006,-1.4763435999999999
52.55651,-1.476368,146.47,18.49,3,296.31,22 / 23,244020,2019-11-06 10:45:51:363,-2.5227,-0.645,10.9325,0.0053,0.0348,9.8065,-0.1459,0.2363,-0.1877,-3.69,-36.69,5.5,92.86,-89.08,-58.2,0.0,18.49,1.0,52.55651,-1.476368
52.5565177,-1.4763921,146.47,,3,296.31,22 / 23,244120,2019-11-06 10:45:51:463,-1.2987,-0.8348,9.8593,-0.0053,0.0246,9.8066,0.0153,-0.259,0.0536,-4.12,-36.37,6.06,101.28,-89.03,-49.8,0.0,18.45,1.0,52.5565177,-1.4763921
52.556525400000005,-1.4764161999999998,146.47,,3,296.31,22 / 23,244219,2019-11-06 10:45:51:562,0.1683,-0.5051,10.1594,-0.0356,0.0009,9.8065,-0.0827,0.0967,-0.065,-3.81,-36.94,5.56,101.28,-89.03,-49.8,0.0,18.41,1.0,52.556525400000005,-1.4764161999999998
52.5565331,-1.4764403,146.47,,3,296.31,22 / 23,244319,2019-11-06 10:45:51:662,1.9244,1.7925,8.8443,-0.0048,0.0333,9.8065,-0.0045,0.3093,-0.1877,-3.69,-36.62,5.56,100.74,-88.82,-51.52,0.0,18.369999999999997,1.0,52.5565331,-1.4764403
52.5565408,-1.4764644,146.47,,3,296.31,22 / 23,244420,2019-11-06 10:45:51:763,1.8739,0.8368,9.0315,0.0069,0.0404,9.8065,-0.0379,0.098,0.0178,-3.62,-36.31,5.56,111.82,-88.79,-40.09,0.0,18.33,1.0,52.5565408,-1.4764644
52.5565485,-1.4764884999999999,146.47,,3,296.31,22 / 23,244520,2019-11-06 10:45:51:863,-0.4511,-2.4,9.9586,-0.0181,0.0181,9.8066,0.0088,-0.1441,-0.0068,-3.62,-36.25,5.44,111.82,-88.79,-40.09,0.0,18.29,1.0,52.5565485,-1.4764884999999999
52.5565562,-1.4765126,146.47,,3,296.31,22 / 23,244620,2019-11-06 10:45:51:963,0.0742,-0.0168,9.1329,-0.0308,0.0182,9.8065,-0.1196,-0.2745,0.1256,-3.94,-36.19,5.88,114.84,-88.65,-37.57,0.0,18.25,1.0,52.5565562,-1.4765126
52.5565639,-1.4765367,146.47,,3,296.31,22 / 23,244722,2019-11-06 10:45:52:065,1.0147,1.4142,9.1416,-0.0167,0.0191,9.8065,0.013,-0.0921,0.0551,-4.37,-36.0,5.88,118.98,-88.21,-35.16,0.0,18.21,1.0,52.5565639,-1.4765367
52.5565716,-1.4765608000000001,146.47,,3,296.31,22 / 23,244820,2019-11-06 10:45:52:163,-0.1327,1.309,11.313,0.0142,0.0192,9.8066,0.1011,0.0525,-0.0784,-3.56,-36.12,5.06,119.38,-88.22,-30.69,0.0,18.169999999999998,1.0,52.5565716,-1.4765608000000001
52.5565793,-1.4765849,146.47,,3,296.31,22 / 23,244920,2019-11-06 10:45:52:263,0.3057,0.0489,10.484,0.0188,-0.0095,9.8066,-0.0185,0.1171,-0.1535,-4.0,-36.31,5.25,119.38,-88.22,-30.69,0.0,18.13,1.0,52.5565793,-1.4765849
52.556587,-1.476609,146.45,18.09,3,296.57,25 / 26,245020,2019-11-06 10:45:52:363,-0.0426,1.2424,9.3921,0.0018,-0.0195,9.8066,-0.0504,0.0176,-0.0405,-3.81,-36.0,5.06,117.89,-88.36,-31.64,0.0,18.09,1.0,52.556587,-1.476609
52.5565943,-1.4766326,146.45,,3,296.57,25 / 26,245120,2019-11-06 10:45:52:463,1.3666,-2.3546,10.18,-0.0013,0.0131,9.8065,-0.0464,0.1071,-0.0203,-3.94,-36.25,5.69,115.66,-88.48,-37.52,0.0,18.078,1.0,52.5565943,-1.4766326
52.5566016,-1.4766562,146.45,,3,296.57,25 / 26,245220,2019-11-06 10:45:52:563,0.8272,0.1,10.2967,0.0005,0.0457,9.8065,-0.0449,-0.0563,0.0814,-4.06,-36.25,4.5,115.66,-88.48,-37.52,0.0,18.066,1.0,52.5566016,-1.4766562
52.5566089,-1.4766798,146.45,,3,296.57,25 / 26,245320,2019-11-06 10:45:52:663,1.4986,-1.3466,10.1228,0.0007,-0.0251,9.8065,0.1136,-0.0563,-0.1196,-3.75,-36.56,5.5,121.66,-88.32,-27.75,0.0,18.054,1.0,52.5566089,-1.4766798
52.5566162,-1.4767034,146.45,,3,296.57,25 / 26,245419,2019-11-06 10:45:52:762,0.6562,-1.3227,9.9558,-0.012,0.0025,9.8066,-0.1706,0.0418,-0.0591,-4.31,-36.0,5.81,119.48,-88.41,-33.74,0.0,18.041999999999998,1.0,52.5566162,-1.4767034
52.5566235,-1.476727,146.45,,3,296.57,25 / 26,245519,2019-11-06 10:45:52:862,1.1108,1.3951,10.1514,-0.017,0.0317,9.8065,0.0933,0.2086,-0.0465,-3.75,-36.31,5.88,123.58,-88.23,-30.1,0.0,18.03,1.0,52.5566235,-1.476727
52.5566308,-1.4767506,146.45,,3,296.57,25 / 26,245620,2019-11-06 10:45:52:963,2.5198,0.9496,9.4566,0.017,-0.0019,9.8066,-0.1263,0.0609,-0.0363,-3.56,-36.31,6.25,123.58,-88.23,-30.1,0.0,18.018,1.0,52.5566308,-1.4767506
52.5566381,-1.4767742,146.45,,3,296.57,25 / 26,245720,2019-11-06 10:45:53:063,-1.561,0.0802,9.9367,0.0058,-0.034,9.8066,0.0911,-0.1018,0.0423,-3.69,-35.94,5.94,122.07,-88.32,-31.38,0.0,18.006,1.0,52.5566381,-1.4767742
52.5566454,-1.4767978,146.45,,3,296.57,25 / 26,245820,2019-11-06 10:45:53:163,-1.6067,-1.1165,10.083,-0.0097,-0.039,9.8065,-0.0277,-0.1195,0.0078,-3.5,-36.12,5.5,121.61,-88.37,-39.27,0.0,17.994,1.0,52.5566454,-1.4767978
52.5566527,-1.4768214,146.45,,3,296.57,25 / 26,245920,2019-11-06 10:45:53:263,0.4823,-1.0475,9.6194,-0.03,0.0288,9.8065,-0.0178,0.0608,0.0381,-3.44,-35.94,5.25,121.61,-88.37,-39.27,0.0,17.982,1.0,52.5566527,-1.4768214
52.55666,-1.476845,146.42,17.97,3,296.71,23 / 23,246020,2019-11-06 10:45:53:363,3.3109,1.8105,9.6594,0.0428,0.0562,9.8063,-0.0548,0.3276,-0.2462,-3.0,-36.44,5.56,113.31,-88.14,-37.69,0.0,17.97,1.0,52.55666,-1.476845
52.5566672,-1.4768689,146.42,,3,296.71,23 / 23,246120,2019-11-06 10:45:53:463,-0.6416,-2.7787,11.343,-0.0113,0.0144,9.8065,0.1184,0.4932,-0.298,-4.19,-36.56,5.44,125.02,-88.19,-24.9,0.0,17.99,1.0,52.5566672,-1.4768689
52.5566744,-1.4768928,146.42,,3,296.71,23 / 23,246220,2019-11-06 10:45:53:563,-3.5779,-3.055,11.3097,0.0624,0.0479,9.8062,0.0461,-0.4737,0.3381,-3.94,-36.06,5.25,125.02,-88.19,-24.9,0.0,18.009999999999998,1.0,52.5566744,-1.4768928
52.5566816,-1.4769167,146.42,,3,296.71,23 / 23,246319,2019-11-06 10:45:53:662,-0.4504,-0.2867,9.615,-0.0123,-0.0123,9.8065,0.0867,-0.5146,0.3257,-4.0,-36.06,5.75,137.68,-88.27,-10.2,0.0,18.03,1.0,52.5566816,-1.4769167
52.556688799999996,-1.4769406,146.42,,3,296.71,23 / 23,246420,2019-11-06 10:45:53:763,2.2454,1.3989,9.5331,-0.0356,-0.0019,9.8066,0.0133,0.0188,-0.0632,-3.5,-36.31,5.44,135.8,-88.22,-20.92,0.0,18.05,1.0,52.556688799999996,-1.4769406
52.556696,-1.4769645,146.42,,3,296.71,23 / 23,246520,2019-11-06 10:45:53:863,0.9393,2.9045,10.4982,-0.0029,-0.0266,9.8065,0.0301,0.2877,-0.0628,-3.69,-35.87,5.75,126.5,-88.03,-27.71,0.0,18.07,1.0,52.556696,-1.4769645
52.5567032,-1.4769884,146.42,,3,296.71,23 / 23,246620,2019-11-06 10:45:53:963,2.3348,-1.5895,9.0827,0.0031,-0.0434,9.8065,0.0238,-0.0344,0.1967,-3.87,-36.06,5.75,126.5,-88.03,-27.71,0.0,18.09,1.0,52.5567032,-1.4769884
52.5567104,-1.4770123,146.42,,3,296.71,23 / 23,246720,2019-11-06 10:45:54:063,-0.7486,0.1035,9.8745,0.0163,0.0028,9.8066,-0.045,-0.0119,0.0146,-3.37,-36.56,5.81,115.8,-88.18,-34.76,0.0,18.11,1.0,52.5567104,-1.4770123
52.5567176,-1.4770362000000001,146.42,,3,296.71,23 / 23,246820,2019-11-06 10:45:54:163,0.2711,0.4,10.9886,0.0259,-0.0033,9.8066,0.159,0.1532,-0.2597,-3.56,-36.12,5.31,125.04,-88.13,-24.91,0.0,18.130000000000003,1.0,52.5567176,-1.4770362000000001
52.5567248,-1.4770601,146.42,,3,296.71,23 / 23,246920,2019-11-06 10:45:54:263,-3.2022,3.5816,8.8782,0.0255,0.0188,9.8066,-0.1567,0.0192,0.1063,-3.62,-35.94,5.75,125.04,-88.13,-24.91,0.0,18.150000000000002,1.0,52.5567248,-1.4770601
52.556732,-1.477084,146.37,18.17,3,296.08,25 / 25,247020,2019-11-06 10:45:54:363,-2.134,-0.4793,10.0191,0.0838,-0.1129,9.8056,-0.015,-0.232,0.219,-3.44,-36.44,5.56,140.29,-88.18,-19.37,0.0,18.17,1.0,52.556732,-1.477084
52.5567393,-1.4771084,146.37,,3,296.08,25 / 25,247120,2019-11-06 10:45:54:463,-0.5489,-4.111,10.072,-0.036,-0.0331,9.8065,0.0027,0.3328,-0.107,-3.62,-35.94,5.38,128.28,-89.0,-21.94,0.0,18.205000000000002,1.0,52.5567393,-1.4771084
52.5567466,-1.4771328000000001,146.37,,3,296.08,25 / 25,247220,2019-11-06 10:45:54:563,-0.7659,-0.2274,9.6281,-0.0405,-0.0175,9.8065,-0.0589,-0.0861,0.0105,-3.87,-36.44,5.56,114.17,-88.92,-37.07,0.0,18.240000000000002,1.0,52.5567466,-1.4771328000000001
52.5567539,-1.4771572,146.37,,3,296.08,25 / 25,247320,2019-11-06 10:45:54:663,1.9402,1.3418,9.8096,-0.0333,0.0128,9.8065,0.008,-0.3695,0.198,-3.62,-36.12,6.06,114.59,-88.71,-37.58,0.0,18.275000000000002,1.0,52.5567539,-1.4771572
52.5567612,-1.4771816,146.37,,3,296.08,25 / 25,247419,2019-11-06 10:45:54:762,2.334,1.0091,9.5505,0.0533,0.0195,9.8065,0.1559,-0.2946,0.2272,-3.81,-35.81,5.81,114.59,-88.71,-37.58,0.0,18.310000000000002,1.0,52.5567612,-1.4771816
52.5567685,-1.477206,146.37,,3,296.08,25 / 25,247519,2019-11-06 10:45:54:862,-0.8461,-2.8091,10.2437,0.013,-0.0164,9.8066,-0.0147,0.2519,-0.073,-3.19,-35.75,5.25,125.6,-88.92,-25.09,0.0,18.345000000000002,1.0,52.5567685,-1.477206
52.5567758,-1.4772304,146.37,,3,296.08,25 / 25,247620,2019-11-06 10:45:54:963,-1.4546,-2.1535,10.654,-0.018,0.0056,9.8066,-0.0266,0.257,-0.1582,-3.81,-35.87,5.63,114.79,-89.07,-35.72,0.0,18.38,1.0,52.5567758,-1.4772304
52.5567831,-1.4772548,146.37,,3,296.08,25 / 25,247720,2019-11-06 10:45:55:063,1.2908,-0.1705,9.4957,-0.0321,-0.0042,9.8065,-0.0183,0.1014,-0.0653,-3.75,-36.06,5.5,114.79,-89.07,-35.72,0.0,18.415,1.0,52.5567831,-1.4772548
52.5567904,-1.4772792,146.37,,3,296.08,25 / 25,247820,2019-11-06 10:45:55:163,1.1005,-0.1945,9.3135,0.0023,0.0102,9.8066,0.0746,-0.165,0.1677,-3.56,-36.0,5.88,110.39,-88.91,-41.03,0.0,18.45,1.0,52.5567904,-1.4772792
52.5567977,-1.4773036,146.37,,3,296.08,25 / 25,247920,2019-11-06 10:45:55:263,-0.4111,0.7188,9.936,0.004,0.0142,9.8066,0.0463,-0.0105,0.0714,-3.81,-36.06,5.69,115.36,-88.77,-36.52,0.0,18.485,1.0,52.5567977,-1.4773036
52.556805,-1.477328,146.3,18.52,3,295.31,25 / 25,248021,2019-11-06 10:45:55:364,-0.3129,-0.6723,9.8495,-0.0041,-0.0268,9.8066,-0.0036,-0.1173,0.1356,-3.87,-36.5,5.56,119.45,-88.68,-32.62,0.0,18.52,1.0,52.556805,-1.477328
52.5568125,-1.4773527,146.3,,3,295.31,25 / 25,248120,2019-11-06 10:45:55:463,0.3553,-0.4961,10.3361,-0.0055,-0.0413,9.8066,-0.0836,0.0878,-0.1139,-4.19,-36.31,5.94,119.45,-88.68,-32.62,0.0,18.547,1.0,52.5568125,-1.4773527
52.556819999999995,-1.4773774,146.3,,3,295.31,25 / 25,248220,2019-11-06 10:45:55:563,1.5168,-0.0364,9.5169,0.0088,0.0215,9.8066,0.0357,0.2041,-0.0029,-3.75,-36.62,6.19,112.01,-88.71,-40.43,0.0,18.573999999999998,1.0,52.556819999999995,-1.4773774
52.5568275,-1.4774021,146.3,,3,295.31,25 / 25,248320,2019-11-06 10:45:55:663,-1.0016,-0.2866,9.6823,-0.0014,-0.0201,9.8066,-0.0136,-0.0485,0.007,-3.44,-35.94,6.06,127.8,-88.66,-31.31,0.0,18.601,1.0,52.5568275,-1.4774021
52.556835,-1.4774268,146.3,,3,295.31,25 / 25,248420,2019-11-06 10:45:55:763,-1.7011,-1.8286,10.2393,-0.0065,-0.0171,9.8066,0.0708,-0.2454,0.1915,-4.0,-36.31,5.88,127.8,-88.66,-31.31,0.0,18.628,1.0,52.556835,-1.4774268
52.5568425,-1.4774515000000001,146.3,,3,295.31,25 / 25,248520,2019-11-06 10:45:55:863,-0.3803,-1.0589,9.9383,-0.0135,0.0094,9.8065,0.0226,-0.2119,-0.0009,-4.06,-36.44,6.13,116.4,-88.69,-35.78,0.0,18.655,1.0,52.5568425,-1.4774515000000001
52.55685,-1.4774762000000001,146.3,,3,295.31,25 / 25,248620,2019-11-06 10:45:55:963,1.3362,1.1878,9.5926,0.0056,0.0142,9.8066,-0.0329,0.0039,0.0525,-3.56,-35.94,5.63,119.44,-88.62,-32.89,0.0,18.682,1.0,52.55685,-1.4774762000000001
52.5568575,-1.4775009000000001,146.3,,3,295.31,25 / 25,248720,2019-11-06 10:45:56:063,0.4867,-1.1061,9.9304,0.0217,0.018,9.8065,-0.0383,0.3072,-0.2959,-3.81,-35.87,5.5,125.48,-88.66,-26.26,0.0,18.709,1.0,52.5568575,-1.4775009000000001
52.556865,-1.4775256,146.3,,3,295.31,25 / 25,248821,2019-11-06 10:45:56:164,-1.0601,-0.9834,9.7549,-0.0024,-0.0224,9.8066,0.0347,0.1126,0.0276,-3.75,-36.31,5.94,125.48,-88.66,-26.26,0.0,18.736,1.0,52.556865,-1.4775256
52.5568725,-1.4775503,146.3,,3,295.31,25 / 25,248920,2019-11-06 10:45:56:263,-1.9252,-1.159,9.9296,-0.0595,-0.0156,9.8064,-0.0441,-0.2423,0.1582,-3.5,-35.81,5.25,120.39,-88.72,-31.42,0.0,18.762999999999998,1.0,52.5568725,-1.4775503
52.55688,-1.477575,146.24,18.79,3,295.97,25 / 25,249020,2019-11-06 10:45:56:363,-0.9226,0.7583,9.3543,-0.0685,0.0033,9.8064,0.0151,-0.3016,0.1326,-3.62,-36.75,5.31,112.23,-88.36,-37.91,0.0,18.79,1.0,52.55688,-1.477575
52.5568873,-1.4775998000000001,146.24,,3,295.97,25 / 25,249120,2019-11-06 10:45:56:463,0.5927,0.8209,9.4549,0.0096,0.0194,9.8066,-0.0472,0.0427,-0.0615,-3.5,-36.31,6.19,112.23,-88.36,-37.91,0.0,18.77,1.0,52.5568873,-1.4775998000000001
52.5568946,-1.4776246000000002,146.24,,3,295.97,25 / 25,249220,2019-11-06 10:45:56:563,-0.394,1.4376,9.8139,0.0,0.0015,9.8066,-0.0635,0.1789,-0.1312,-3.75,-35.81,5.69,119.91,-88.36,-33.5,0.0,18.75,1.0,52.5568946,-1.4776246000000002
52.5569019,-1.4776494,146.24,,3,295.97,25 / 25,249320,2019-11-06 10:45:56:663,-0.4018,-0.8494,9.9834,-0.0029,0.0008,9.8066,0.0543,0.1036,0.0023,-3.75,-36.56,5.25,116.61,-88.36,-33.23,0.0,18.73,1.0,52.5569019,-1.4776494
52.5569092,-1.4776742,146.24,,3,295.97,25 / 25,249420,2019-11-06 10:45:56:763,-0.4728,-1.5493,10.6019,-0.0047,-0.0206,9.8066,-0.0022,-0.1002,-0.0573,-4.0,-36.44,5.38,112.28,-88.38,-37.49,0.0,18.71,1.0,52.5569092,-1.4776742
52.5569165,-1.477699,146.24,,3,295.97,25 / 25,249520,2019-11-06 10:45:56:863,1.248,0.0703,10.0435,0.0419,0.0328,9.8065,-0.0685,-0.1346,0.1259,-3.69,-36.06,5.5,112.28,-88.38,-37.49,0.0,18.69,1.0,52.5569165,-1.477699
52.5569238,-1.4777238000000001,146.24,,3,295.97,25 / 25,249620,2019-11-06 10:45:56:963,0.83,-0.8433,9.9797,0.0237,0.008,9.8065,-0.1585,-0.1971,0.0806,-3.87,-36.06,5.75,125.35,-88.51,-27.02,0.0,18.669999999999998,1.0,52.5569238,-1.4777238000000001
52.5569311,-1.4777486000000002,146.24,,3,295.97,25 / 25,249719,2019-11-06 10:45:57:062,-0.0002,0.5524,9.065,-0.025,0.0356,9.8065,0.0392,0.3119,-0.1532,-4.06,-36.12,4.56,123.68,-88.49,-24.73,0.0,18.65,1.0,52.5569311,-1.4777486000000002
52.5569384,-1.4777734,146.24,,3,295.97,25 / 25,249820,2019-11-06 10:45:57:163,-3.4684,-0.0668,9.0068,-0.0687,0.024,9.8064,0.1094,0.1757,-0.2704,-3.94,-35.94,5.19,123.68,-88.49,-24.73,0.0,18.63,1.0,52.5569384,-1.4777734
52.5569457,-1.4777982,146.24,,3,295.97,25 / 25,249920,2019-11-06 10:45:57:263,-5.1357,-1.3994,10.6201,-0.0049,-0.0385,9.8065,0.1268,-0.4682,0.3344,-3.56,-36.06,4.69,122.6,-88.08,-27.88,0.0,18.61,1.0,52.5569457,-1.4777982
52.556953,-1.477823,146.17,18.59,3,296.52,23 / 24,250019,2019-11-06 10:45:57:362,0.4015,-0.0713,10.0494,0.0365,-0.0134,9.8065,0.0944,-0.2587,0.0821,-3.81,-36.31,4.63,114.02,-88.3,-36.06,0.0,18.59,1.0,52.556953,-1.477823
52.5569607,-1.4778475000000002,146.17,,3,296.52,23 / 24,250119,2019-11-06 10:45:57:462,2.7057,2.3436,8.9214,-0.0024,0.0142,9.8066,-0.0925,0.2397,-0.1328,-3.37,-36.44,5.31,126.27,-88.59,-29.78,0.0,18.573,1.0,52.5569607,-1.4778475000000002
52.5569684,-1.477872,146.17,,3,296.52,23 / 24,250220,2019-11-06 10:45:57:563,-1.815,0.9343,10.104,-0.0195,0.0012,9.8066,-0.0222,0.4011,-0.1729,-3.25,-35.75,5.06,126.27,-88.59,-29.78,0.0,18.556,1.0,52.5569684,-1.477872
52.5569761,-1.4778965,146.17,,3,296.52,23 / 24,250320,2019-11-06 10:45:57:663,-2.7352,-0.8977,9.7382,-0.0178,0.0142,9.8065,-0.021,-0.0225,0.0663,-3.62,-35.94,5.06,117.01,-88.42,-32.26,0.0,18.539,1.0,52.5569761,-1.4778965
52.5569838,-1.477921,146.17,,3,296.52,23 / 24,250420,2019-11-06 10:45:57:763,0.7316,0.323,9.8219,0.0228,0.0179,9.8065,0.0992,-0.2308,0.1175,-3.75,-36.31,5.19,122.24,-88.2,-27.67,0.0,18.522000000000002,1.0,52.5569838,-1.477921
52.556991499999995,-1.4779455000000001,146.17,,3,296.52,23 / 24,250520,2019-11-06 10:45:57:863,3.3476,0.763,9.6819,0.0316,0.02,9.8065,-0.0153,-0.3225,0.1459,-3.94,-36.44,5.69,122.24,-88.2,-27.67,0.0,18.505000000000003,1.0,52.556991499999995,-1.4779455000000001
52.5569992,-1.47797,146.17,,3,296.52,23 / 24,250620,2019-11-06 10:45:57:963,2.2361,0.297,9.7816,0.0069,-0.0142,9.8066,0.0955,-0.0861,0.1396,-3.69,-36.37,5.5,131.65,-88.28,-21.06,0.0,18.488,1.0,52.5569992,-1.47797
52.5570069,-1.4779944999999999,146.17,,3,296.52,23 / 24,250720,2019-11-06 10:45:58:063,-1.2217,-1.1918,10.2766,-0.0376,-0.0079,9.8065,-0.0852,0.3033,-0.1165,-3.25,-36.37,5.25,129.44,-88.27,-27.88,0.0,18.471,1.0,52.5570069,-1.4779944999999999
52.557014599999995,-1.478019,146.17,,3,296.52,23 / 24,250820,2019-11-06 10:45:58:163,-1.2814,-0.0996,10.7997,-0.0544,-0.0294,9.8064,0.1081,0.1521,-0.0591,-3.44,-35.94,5.0,121.09,-88.1,-38.03,0.0,18.454,1.0,52.557014599999995,-1.478019
52.5570223,-1.4780435,146.17,,3,296.52,23 / 24,250920,2019-11-06 10:45:58:263,1.6811,0.7383,9.4677,0.0476,0.0203,9.8065,-0.0049,-0.1238,0.0078,-3.62,-36.19,5.44,121.09,-88.1,-38.03,0.0,18.437,1.0,52.5570223,-1.4780435
52.55703,-1.478068,146.08,18.42,3,296.38,26 / 26,251019,2019-11-06 10:45:58:362,2.8949,0.7829,8.7278,0.0236,-0.0084,9.8066,0.1023,-0.3117,0.1656,-3.31,-36.37,5.63,130.6,-88.26,-29.92,0.0,18.42,1.0,52.55703,-1.478068
52.557036999999994,-1.4780923,146.08,,3,296.38,26 / 26,251120,2019-11-06 10:45:58:463,-1.9067,-1.5417,9.5011,0.0138,0.0605,9.8064,-0.048,-0.0311,-0.0179,-3.94,-35.94,5.38,125.0,-88.4,-28.06,0.0,18.413,1.0,52.557036999999994,-1.4780923
52.557044,-1.4781166,146.08,,3,296.38,26 / 26,251220,2019-11-06 10:45:58:563,-2.4965,-1.4187,9.6577,0.0036,-0.0419,9.8065,0.0857,0.3972,-0.1543,-3.5,-36.44,5.19,138.29,-88.21,-18.1,0.0,18.406000000000002,1.0,52.557044,-1.4781166
52.557051,-1.4781408999999999,146.08,,3,296.38,26 / 26,251320,2019-11-06 10:45:58:663,2.1,-1.1214,9.5257,-0.0087,-0.0627,9.8064,-0.138,0.4212,-0.267,-3.75,-36.0,4.94,120.57,-88.43,-28.41,0.0,18.399,1.0,52.557051,-1.4781408999999999
52.557058,-1.4781651999999998,146.08,,3,296.38,26 / 26,251420,2019-11-06 10:45:58:763,3.3192,2.4058,8.8868,0.0303,-0.0288,9.8065,-0.0421,0.1143,-0.0357,-3.81,-35.87,5.06,120.57,-88.43,-28.41,0.0,18.392000000000003,1.0,52.557058,-1.4781651999999998
52.557064999999994,-1.4781895,146.08,,3,296.38,26 / 26,251520,2019-11-06 10:45:58:863,3.4103,1.5498,9.265,0.0347,0.0371,9.8064,0.0933,-0.3723,0.2177,-4.37,-36.0,5.56,121.26,-88.66,-30.77,0.0,18.385,1.0,52.557064999999994,-1.4781895
52.557072,-1.4782138,146.08,,3,296.38,26 / 26,251620,2019-11-06 10:45:58:963,-0.5836,-2.5068,10.6558,0.0546,0.0427,9.8064,0.0922,0.1007,-0.0232,-3.81,-36.31,5.38,133.31,-88.75,-13.15,0.0,18.378,1.0,52.557072,-1.4782138
52.557079,-1.4782381,146.08,,3,296.38,26 / 26,251720,2019-11-06 10:45:59:063,-1.8701,-3.9072,10.4734,0.009,-0.0394,9.8065,-0.0805,0.4648,-0.2963,-3.94,-35.94,5.5,133.31,-88.75,-13.15,0.0,18.371000000000002,1.0,52.557079,-1.4782381
52.557086,-1.4782624,146.08,,3,296.38,26 / 26,251820,2019-11-06 10:45:59:163,0.9376,0.0806,9.1475,-0.0232,-0.0756,9.8063,-0.0552,0.4079,-0.1961,-3.69,-36.19,5.38,125.94,-88.93,-20.25,0.0,18.364,1.0,52.557086,-1.4782624
52.557092999999995,-1.4782867,146.08,,3,296.38,26 / 26,251920,2019-11-06 10:45:59:263,2.2181,0.1079,9.809,0.0156,-0.0157,9.8066,0.0285,-0.2241,0.0726,-3.81,-35.75,5.38,101.17,-88.99,-45.77,0.0,18.357000000000003,1.0,52.557092999999995,-1.4782867
52.5571,-1.478311,146.01,18.35,3,295.83,26 / 26,252020,2019-11-06 10:45:59:363,0.9229,-0.3112,9.9244,0.0675,0.0069,9.8064,0.0106,-0.077,0.1085,-3.69,-35.56,5.38,101.17,-88.99,-45.77,0.0,18.35,1.0,52.5571,-1.478311
52.5571067,-1.4783351999999998,146.01,,3,295.83,26 / 26,252120,2019-11-06 10:45:59:463,-0.5465,-0.045,9.3879,0.0004,0.0098,9.8066,-0.0195,0.0191,-0.0676,-4.12,-36.12,5.75,117.16,-89.35,-35.43,0.0,18.342000000000002,1.0,52.5571067,-1.4783351999999998
52.5571134,-1.4783594,146.01,,3,295.83,26 / 26,252220,2019-11-06 10:45:59:563,-0.2158,-1.4369,10.2206,-0.0045,0.0025,9.8066,-0.0247,0.2807,-0.115,-3.44,-36.87,5.88,125.47,-89.33,-30.98,0.0,18.334,1.0,52.5571134,-1.4783594
52.5571201,-1.4783836,146.01,,3,295.83,26 / 26,252320,2019-11-06 10:45:59:663,2.2489,-0.2323,9.8083,-0.01,-0.0294,9.8066,0.0423,-0.0891,-0.0115,-3.75,-36.69,6.0,102.87,-89.36,-46.66,0.0,18.326,1.0,52.5571201,-1.4783836
52.5571268,-1.4784078,146.01,,3,295.83,26 / 26,252420,2019-11-06 10:45:59:763,2.6514,1.6136,9.7519,0.0202,-0.0356,9.8065,0.0048,-0.3031,0.298,-3.12,-36.19,5.75,102.87,-89.36,-46.66,0.0,18.318,1.0,52.5571268,-1.4784078
52.5571335,-1.478432,146.01,,3,295.83,26 / 26,252520,2019-11-06 10:45:59:863,2.0001,0.0429,10.1502,0.003,0.0182,9.8065,0.0227,-0.1818,0.0121,-3.69,-36.37,5.88,82.12,-89.49,-66.73,0.0,18.310000000000002,1.0,52.5571335,-1.478432
52.5571402,-1.4784561999999999,146.01,,3,295.83,26 / 26,252620,2019-11-06 10:45:59:963,-0.5965,-2.6757,10.2473,0.0051,0.0133,9.8066,0.0279,0.2863,-0.0964,-3.75,-36.56,5.69,108.26,-89.63,-39.87,0.0,18.302,1.0,52.5571402,-1.4784561999999999
52.5571469,-1.4784804,146.01,,3,295.83,26 / 26,252720,2019-11-06 10:46:00:063,-2.1997,-0.8543,10.2541,0.0128,-0.0116,9.8066,-0.0033,0.0158,-0.0728,-3.81,-36.25,5.56,108.26,-89.63,-39.87,0.0,18.294,1.0,52.5571469,-1.4784804
52.5571536,-1.4785046,146.01,,3,295.83,26 / 26,252820,2019-11-06 10:46:00:163,1.0549,-0.7705,10.6155,-0.0038,-0.0218,9.8066,0.1429,-0.2021,0.0924,-3.0,-36.5,5.44,106.75,-89.71,-48.15,0.0,18.286,1.0,52.5571536,-1.4785046
52.5571603,-1.4785288,146.01,,3,295.83,26 / 26,252920,2019-11-06 10:46:00:263,2.3169,0.3533,9.4614,0.0108,0.003,9.8066,-0.019,-0.3607,0.1466,-3.25,-36.06,5.63,70.76,-89.77,-83.84,0.0,18.278,1.0,52.5571603,-1.4785288
52.557167,-1.478553,145.93,18.27,3,295.75,25 / 25,253020,2019-11-06 10:46:00:363,0.3971,1.2254,9.4983,0.0146,0.0187,9.8066,0.0076,-0.1349,0.1351,-3.19,-36.44,5.75,43.93,-89.86,-110.02,0.0,18.27,1.0,52.557167,-1.478553
52.557174599999996,-1.4785772,145.93,,3,295.75,25 / 25,253119,2019-11-06 10:46:00:462,-0.892,-2.1749,9.9014,-0.0112,0.0186,9.8066,-0.0812,0.2212,-0.0753,-3.62,-36.25,6.0,43.93,-89.86,-110.02,0.0,18.253,1.0,52.557174599999996,-1.4785772
52.5571822,-1.4786014,145.93,,3,295.75,25 / 25,253219,2019-11-06 10:46:00:562,-2.3414,-1.0344,10.4609,-0.0268,-0.0006,9.8066,0.0212,0.2593,-0.1406,-3.5,-36.31,5.5,84.92,-89.76,-69.8,0.0,18.236,1.0,52.5571822,-1.4786014
52.5571898,-1.4786256,145.93,,3,295.75,25 / 25,253319,2019-11-06 10:46:00:662,0.72,2.2647,10.0534,0.0096,-0.0158,9.8066,-0.0447,-0.0724,-0.0534,-3.62,-36.19,5.13,60.49,-89.48,-83.39,0.0,18.219,1.0,52.5571898,-1.4786256
52.5571974,-1.4786498000000001,145.93,,3,295.75,25 / 25,253419,2019-11-06 10:46:00:762,1.4269,0.466,10.2095,0.0266,0.0062,9.8066,0.0392,-0.2744,0.1981,-4.19,-36.37,5.44,60.49,-89.48,-83.39,0.0,18.202,1.0,52.5571974,-1.4786498000000001
52.557204999999996,-1.478674,145.93,,3,295.75,25 / 25,253520,2019-11-06 10:46:00:863,-2.4479,-0.2795,10.255,0.0108,0.0305,9.8066,-0.0452,-0.0353,-0.004,-3.87,-36.19,5.56,77.78,-89.88,-69.12,0.0,18.185000000000002,1.0,52.557204999999996,-1.478674
52.5572126,-1.4786982,145.93,,3,295.75,25 / 25,253620,2019-11-06 10:46:00:963,-2.4758,0.2274,9.7512,-0.028,0.0071,9.8066,-0.0482,0.2584,-0.0659,-3.31,-36.19,5.25,137.55,-89.69,-12.79,0.0,18.168,1.0,52.5572126,-1.4786982
52.5572202,-1.4787224,145.93,,3,295.75,25 / 25,253720,2019-11-06 10:46:01:063,0.0839,0.6661,10.0555,-0.0443,-0.0264,9.8065,-0.0988,0.2521,-0.1699,-4.0,-36.19,5.0,92.87,-89.53,-51.14,0.0,18.151,1.0,52.5572202,-1.4787224
52.5572278,-1.4787466,145.93,,3,295.75,25 / 25,253820,2019-11-06 10:46:01:163,1.2432,1.9644,9.3814,-0.0003,0.0013,9.8066,0.0036,0.0812,-0.0203,-4.25,-36.44,5.38,92.87,-89.53,-51.14,0.0,18.134,1.0,52.5572278,-1.4787466
52.557235399999996,-1.4787708000000002,145.93,,3,295.75,25 / 25,253920,2019-11-06 10:46:01:263,0.0162,1.0485,9.2608,0.0134,0.0279,9.8066,-0.0205,-0.3213,0.2523,-4.0,-36.31,4.88,111.06,-89.56,-32.59,0.0,18.117,1.0,52.557235399999996,-1.4787708000000002
52.557243,-1.478795,145.84,18.1,3,296.57,25 / 25,254021,2019-11-06 10:46:01:364,-2.4686,-0.0402,9.4868,0.0106,0.0311,9.8065,0.0097,-0.1112,0.0967,-3.75,-35.87,4.81,111.06,-89.56,-32.59,0.0,18.1,1.0,52.557243,-1.478795
52.5572503,-1.4788186,145.84,,3,296.57,25 / 25,254120,2019-11-06 10:46:01:463,1.7599,1.8843,9.5017,-0.0577,0.032,9.8064,-0.0797,0.2767,-0.2109,-4.19,-36.12,5.0,136.18,-89.51,-9.38,0.0,18.076,1.0,52.5572503,-1.4788186
52.5572576,-1.4788422,145.84,,3,296.57,25 / 25,254220,2019-11-06 10:46:01:563,-2.1794,-1.7795,10.8315,-0.0049,-0.0329,9.8066,0.036,0.3854,-0.2173,-4.12,-36.12,5.06,120.16,-89.01,-26.01,0.0,18.052,1.0,52.5572576,-1.4788422
52.5572649,-1.4788658000000001,145.84,,3,296.57,25 / 25,254320,2019-11-06 10:46:01:663,0.5037,0.6091,9.8248,0.021,-0.0465,9.8064,0.0453,0.164,-0.1388,-3.94,-36.0,5.31,106.47,-89.23,-39.01,0.0,18.028000000000002,1.0,52.5572649,-1.4788658000000001
52.5572722,-1.4788894000000001,145.84,,3,296.57,25 / 25,254420,2019-11-06 10:46:01:763,1.0295,2.3268,9.2411,0.0681,0.0157,9.8064,0.0763,-0.3821,0.1195,-4.19,-36.12,5.25,106.47,-89.23,-39.01,0.0,18.004,1.0,52.5572722,-1.4788894000000001
52.5572795,-1.478913,145.84,,3,296.57,25 / 25,254520,2019-11-06 10:46:01:863,-0.1898,2.7519,9.209,-0.0272,0.0048,9.8066,-0.0388,-0.1135,0.1038,-4.0,-35.44,5.25,122.87,-89.5,-20.83,0.0,17.98,1.0,52.5572795,-1.478913
52.5572868,-1.4789366,145.84,,3,296.57,25 / 25,254620,2019-11-06 10:46:01:963,-2.9892,-1.0303,10.119,-0.0092,0.0314,9.8065,-0.0846,0.141,-0.0165,-3.0,-35.81,5.56,132.54,-89.2,-24.04,0.0,17.956,1.0,52.5572868,-1.4789366
52.5572941,-1.4789602,145.84,,3,296.57,25 / 25,254720,2019-11-06 10:46:02:063,-4.604,-0.7109,10.2742,-0.0154,0.0446,9.8065,-0.0109,0.1499,-0.0734,-3.5,-35.19,5.5,132.54,-89.2,-24.04,0.0,17.932,1.0,52.5572941,-1.4789602
52.5573014,-1.4789838,145.84,,3,296.57,25 / 25,254819,2019-11-06 10:46:02:162,0.3954,1.2131,9.6578,0.0013,0.0098,9.8066,0.0055,-0.2416,0.1185,-3.69,-35.44,5.0,136.63,-88.95,-16.85,0.0,17.908,1.0,52.5573014,-1.4789838
52.5573087,-1.4790074,145.84,,3,296.57,25 / 25,254919,2019-11-06 10:46:02:262,2.6171,1.7941,9.1528,0.0146,-0.0243,9.8065,0.1251,-0.3487,0.2231,-3.87,-35.81,5.13,128.02,-88.96,-17.93,0.0,17.884,1.0,52.5573087,-1.4790074
52.557316,-1.479031,145.77,17.86,3,296.59,24 / 24,255020,2019-11-06 10:46:02:363,0.9536,2.1247,9.4806,0.0232,-0.0318,9.8065,0.0043,-0.0712,0.0036,-3.81,-35.87,4.69,128.02,-88.96,-17.93,0.0,17.86,1.0,52.557316,-1.479031
52.5573228,-1.4790543,145.77,,3,296.59,24 / 24,255120,2019-11-06 10:46:02:463,-1.0896,0.1115,9.4174,0.0038,0.0356,9.8065,0.0214,0.3145,-0.2179,-3.56,-36.19,5.0,122.89,-89.18,-22.32,0.0,17.82,1.0,52.5573228,-1.4790543
52.5573296,-1.4790775999999999,145.77,,3,296.59,24 / 24,255220,2019-11-06 10:46:02:563,-2.1023,-0.1947,9.32,0.0155,0.0117,9.8066,-0.0574,0.0544,-0.0212,-3.87,-36.19,5.44,145.23,-89.06,0.89,0.0,17.78,1.0,52.5573296,-1.4790775999999999
52.5573364,-1.4791009,145.77,,3,296.59,24 / 24,255320,2019-11-06 10:46:02:663,1.8256,1.4428,9.2333,0.0152,0.0227,9.8066,-0.0252,-0.3908,0.2872,-3.37,-36.19,5.44,160.51,-88.99,9.4,0.0,17.74,1.0,52.5573364,-1.4791009
52.5573432,-1.4791242,145.77,,3,296.59,24 / 24,255420,2019-11-06 10:46:02:763,1.515,1.0239,10.2791,-0.0437,-0.022,9.8065,0.0448,-0.3198,0.2245,-3.75,-36.0,5.81,160.51,-88.99,9.4,0.0,17.7,1.0,52.5573432,-1.4791242
52.55735,-1.4791474999999998,145.77,,3,296.59,24 / 24,255520,2019-11-06 10:46:02:863,-2.4266,0.3958,10.3907,-0.0155,-0.0213,9.8066,-0.065,0.2777,-0.1414,-3.25,-36.31,5.56,142.37,-88.93,-14.57,0.0,17.66,1.0,52.55735,-1.4791474999999998
52.5573568,-1.4791708,145.77,,3,296.59,24 / 24,255623,2019-11-06 10:46:02:966,-2.0597,1.0809,10.4582,0.0049,-0.0366,9.8065,0.0929,0.212,-0.0743,-3.31,-36.37,5.38,131.6,-89.11,-21.54,0.0,17.62,1.0,52.5573568,-1.4791708
52.5573636,-1.4791941,145.77,,3,296.59,24 / 24,255720,2019-11-06 10:46:03:063,0.3579,0.9253,9.9275,0.0494,-0.0438,9.8064,0.0207,0.0493,-0.0596,-3.94,-35.75,5.81,131.6,-89.11,-21.54,0.0,17.580000000000002,1.0,52.5573636,-1.4791941
52.557370399999996,-1.4792174,145.77,,3,296.59,24 / 24,255820,2019-11-06 10:46:03:163,2.0951,0.5966,9.9775,-0.0245,-0.0161,9.8065,0.0794,-0.2748,0.2164,-3.5,-35.87,5.5,129.92,-89.5,-21.49,0.0,17.54,1.0,52.557370399999996,-1.4792174
52.5573772,-1.4792406999999999,145.77,,3,296.59,24 / 24,255920,2019-11-06 10:46:03:263,2.2593,0.0699,10.0507,-0.042,-0.032,9.8065,0.096,-0.136,0.1022,-3.5,-36.06,5.75,107.44,-89.36,-49.3,0.0,17.5,1.0,52.5573772,-1.4792406999999999
52.557384,-1.479264,145.65,17.46,3,295.33,25 / 25,256021,2019-11-06 10:46:03:364,-1.4044,-1.1125,9.7701,-0.029,0.0049,9.8065,-0.0179,0.0371,-0.1177,-3.94,-36.19,5.88,99.4,-89.18,-50.93,0.0,17.46,1.0,52.557384,-1.479264
52.5573909,-1.4792869,145.65,,3,295.33,25 / 25,256120,2019-11-06 10:46:03:463,-0.4233,0.8717,10.0138,0.0117,0.0521,9.8065,-0.0509,0.2022,-0.0701,-3.81,-36.0,5.5,99.4,-89.18,-50.93,0.0,17.444000000000003,1.0,52.5573909,-1.4792869
52.5573978,-1.4793098,145.65,,3,295.33,25 / 25,256220,2019-11-06 10:46:03:563,0.6754,1.1003,9.8937,-0.0054,0.0297,9.8066,-0.0474,0.0969,-0.1455,-3.94,-36.44,5.31,116.08,-89.14,-29.59,0.0,17.428,1.0,52.5573978,-1.4793098
52.5574047,-1.4793326999999998,145.65,,3,295.33,25 / 25,256320,2019-11-06 10:46:03:663,0.9928,2.2114,10.1246,0.0084,0.0096,9.8065,0.097,-0.288,0.1103,-3.44,-36.62,5.25,128.55,-89.16,-24.66,0.0,17.412,1.0,52.5574047,-1.4793326999999998
52.5574116,-1.4793555999999999,145.65,,3,295.33,25 / 25,256420,2019-11-06 10:46:03:763,-0.9976,0.3435,10.1093,0.0052,-0.0535,9.8064,0.0645,-0.0738,0.0345,-3.75,-36.31,5.31,128.55,-89.16,-24.66,0.0,17.396,1.0,52.5574116,-1.4793555999999999
52.557418500000004,-1.4793785,145.65,,3,295.33,25 / 25,256520,2019-11-06 10:46:03:863,-0.6669,-1.0667,9.4077,0.0106,-0.0179,9.8066,0.0072,0.0503,-0.0592,-4.0,-36.62,6.31,104.9,-89.34,-44.61,0.0,17.380000000000003,1.0,52.557418500000004,-1.4793785
52.5574254,-1.4794014,145.65,,3,295.33,25 / 25,256619,2019-11-06 10:46:03:962,0.8816,-1.4085,9.6553,-0.0082,0.0237,9.8066,-0.0778,0.1494,-0.0121,-3.44,-36.12,5.13,100.78,-89.45,-51.62,0.0,17.364,1.0,52.5574254,-1.4794014
52.5574323,-1.4794243,145.65,,3,295.33,25 / 25,256719,2019-11-06 10:46:04:062,0.4368,0.2092,9.6099,-0.0474,0.0662,9.8062,-0.0756,-0.0311,0.0531,-3.12,-36.19,5.44,122.45,-89.04,-31.58,0.0,17.348,1.0,52.5574323,-1.4794243
52.557439200000005,-1.4794471999999999,145.65,,3,295.33,25 / 25,256820,2019-11-06 10:46:04:163,-0.9526,0.2869,9.8166,-0.025,0.0041,9.8066,0.0412,-0.0863,0.0005,-2.87,-36.5,5.88,122.45,-89.04,-31.58,0.0,17.332,1.0,52.557439200000005,-1.4794471999999999
52.5574461,-1.4794701,145.65,,3,295.33,25 / 25,256919,2019-11-06 10:46:04:262,-0.9287,1.1268,9.439,0.0003,-0.0067,9.8066,-0.0386,0.036,-0.013,-3.56,-37.25,5.56,119.88,-88.85,-31.56,0.0,17.316000000000003,1.0,52.5574461,-1.4794701
52.557453,-1.479493,145.53,17.3,3,296.2,26 / 26,257020,2019-11-06 10:46:04:363,-0.6315,-0.8628,9.1343,0.0144,-0.0181,9.8066,0.1104,-0.0644,-0.0472,-4.0,-36.81,5.0,115.74,-88.94,-31.14,0.0,17.3,1.0,52.557453,-1.479493
52.5574603,-1.4795155,145.53,,3,296.2,26 / 26,257120,2019-11-06 10:46:04:463,-1.6704,-1.2454,10.5087,0.042,-0.0627,9.8063,0.091,-0.2062,0.1045,-3.87,-36.31,5.19,115.74,-88.94,-31.14,0.0,17.281,1.0,52.5574603,-1.4795155
52.5574676,-1.479538,145.53,,3,296.2,26 / 26,257220,2019-11-06 10:46:04:563,0.0398,-2.3644,9.8886,-0.0184,0.0193,9.8066,-0.0737,-0.1205,0.0643,-3.81,-36.56,5.25,92.69,-89.29,-52.75,0.0,17.262,1.0,52.5574676,-1.479538
52.5574749,-1.4795605,145.53,,3,296.2,26 / 26,257319,2019-11-06 10:46:04:662,0.5145,0.0723,9.0708,-0.0216,0.0553,9.8065,0.0274,-0.1409,0.0444,-3.37,-36.25,5.06,121.48,-89.09,-32.34,0.0,17.243000000000002,1.0,52.5574749,-1.4795605
52.5574822,-1.479583,145.53,,3,296.2,26 / 26,257420,2019-11-06 10:46:04:763,0.4477,0.8836,9.6375,-0.0137,0.0258,9.8065,-0.1049,0.0986,-0.0326,-3.81,-36.44,4.63,121.48,-89.09,-32.34,0.0,17.224,1.0,52.5574822,-1.479583
52.5574895,-1.4796055,145.53,,3,296.2,26 / 26,257520,2019-11-06 10:46:04:863,-1.8646,0.3237,10.6922,-0.0293,-0.0068,9.8066,-0.035,-0.0419,-0.0045,-3.87,-35.94,5.69,118.78,-88.94,-27.64,0.0,17.205,1.0,52.5574895,-1.4796055
52.5574968,-1.479628,145.53,,3,296.2,26 / 26,257620,2019-11-06 10:46:04:963,-4.7655,-0.8937,9.9018,-0.0121,-0.046,9.8065,-0.0266,-0.4961,0.2377,-3.5,-36.62,5.06,112.25,-88.97,-42.83,0.0,17.186,1.0,52.5574968,-1.479628
52.5575041,-1.4796505,145.53,,3,296.2,26 / 26,257720,2019-11-06 10:46:05:063,-5.6857,-1.7704,9.3695,0.0028,-0.0263,9.8066,0.0941,0.0286,0.0363,-4.19,-36.75,5.56,112.25,-88.97,-42.83,0.0,17.167,1.0,52.5575041,-1.4796505
52.5575114,-1.479673,145.53,,3,296.2,26 / 26,257820,2019-11-06 10:46:05:163,1.7634,1.1913,8.4222,-0.0256,0.07,9.8063,-0.0584,0.7013,-0.316,-4.19,-37.06,5.44,100.25,-89.04,-50.93,0.0,17.148,1.0,52.5575114,-1.479673
52.5575187,-1.4796955,145.53,,3,296.2,26 / 26,257920,2019-11-06 10:46:05:263,4.3957,3.7931,9.0618,0.0277,0.0339,9.8065,-0.012,0.1178,-0.0151,-4.0,-36.81,5.31,114.56,-88.76,-33.32,0.0,17.128999999999998,1.0,52.5575187,-1.4796955
52.557526,-1.479718,145.4,17.11,3,298.4,25 / 25,258020,2019-11-06 10:46:05:363,1.4192,0.4796,10.0499,0.0813,0.0331,9.8062,0.0592,-0.5678,0.2657,-3.81,-36.62,5.38,114.56,-88.76,-33.32,0.0,17.11,1.0,52.557526,-1.479718
52.557532800000004,-1.4797398000000002,145.4,,3,298.4,25 / 25,258120,2019-11-06 10:46:05:463,-2.7654,-3.9735,10.2968,-0.017,-0.0745,9.8063,0.1643,-0.6913,0.3671,-3.81,-36.06,5.0,134.61,-89.03,-10.6,0.0,17.08,1.0,52.557532800000004,-1.4797398000000002
52.557539600000005,-1.4797616,145.4,,3,298.4,25 / 25,258220,2019-11-06 10:46:05:563,2.0682,2.5511,9.2815,-0.0523,-0.0302,9.8065,-0.0999,-0.273,0.2299,-4.0,-36.19,4.44,102.07,-89.18,-38.06,0.0,17.05,1.0,52.557539600000005,-1.4797616
52.5575464,-1.4797834,145.4,,3,298.4,25 / 25,258320,2019-11-06 10:46:05:663,0.8778,3.1005,9.085,-0.1074,0.0367,9.8059,-0.3059,0.6993,-0.3288,-4.37,-36.06,4.25,108.94,-88.52,-35.03,0.0,17.02,1.0,52.5575464,-1.4797834
52.5575532,-1.4798052,145.4,,3,298.4,25 / 25,258420,2019-11-06 10:46:05:763,-3.1843,-0.7203,9.9477,-0.0192,0.0714,9.8064,-0.0879,0.3751,-0.2164,-3.94,-36.56,4.56,108.94,-88.52,-35.03,0.0,16.99,1.0,52.5575532,-1.4798052
52.55756,-1.479827,145.4,,3,298.4,25 / 25,258520,2019-11-06 10:46:05:863,-3.3499,-1.3589,9.7687,-0.0194,-0.0414,9.8065,-0.0157,-0.0096,-0.0016,-4.0,-36.94,4.5,121.56,-88.24,-23.3,0.0,16.959999999999997,1.0,52.55756,-1.479827
52.557566800000004,-1.4798488,145.4,,3,298.4,25 / 25,258620,2019-11-06 10:46:05:963,0.2852,0.0564,9.5482,-0.0208,-0.0214,9.8065,0.0682,-0.4127,0.2162,-4.19,-36.75,4.5,111.64,-88.23,-39.23,0.0,16.93,1.0,52.557566800000004,-1.4798488
52.557573600000005,-1.4798706,145.4,,3,298.4,25 / 25,258720,2019-11-06 10:46:06:063,-0.2998,0.1599,10.0291,-0.0326,0.0014,9.8065,0.0053,-0.0309,-0.0986,-4.5,-36.69,4.63,111.64,-88.23,-39.23,0.0,16.9,1.0,52.557573600000005,-1.4798706
52.5575804,-1.4798924,145.4,,3,298.4,25 / 25,258820,2019-11-06 10:46:06:163,-1.8233,-0.1138,10.0961,0.0095,0.0091,9.8066,-0.1007,0.1326,0.0078,-4.37,-36.19,4.19,106.26,-88.05,-41.07,0.0,16.869999999999997,1.0,52.5575804,-1.4798924
52.5575872,-1.4799141999999998,145.4,,3,298.4,25 / 25,258920,2019-11-06 10:46:06:263,0.2218,-0.4467,10.3787,0.0006,0.0129,9.8066,-0.0073,0.1845,-0.1855,-4.69,-35.62,4.38,103.72,-88.09,-35.4,0.0,16.84,1.0,52.5575872,-1.4799141999999998
52.557594,-1.479936,145.24,16.81,3,300.32,25 / 26,259019,2019-11-06 10:46:06:362,0.9611,-0.1307,10.327,-0.0089,-0.0187,9.8066,0.0886,0.135,0.0269,-4.5,-36.19,3.94,103.72,-88.09,-35.4,0.0,16.81,1.0,52.557594,-1.479936
52.5576016,-1.4799571,145.24,,3,300.32,25 / 26,259120,2019-11-06 10:46:06:463,0.7338,0.013,9.4512,0.0191,0.0027,9.8066,0.0038,-0.0932,0.2086,-5.0,-36.12,4.44,107.88,-88.07,-38.92,0.0,16.769,1.0,52.5576016,-1.4799571
52.5576092,-1.4799782,145.24,,3,300.32,25 / 26,259220,2019-11-06 10:46:06:563,0.6782,-0.7198,10.037,0.0132,0.0079,9.8066,-0.0091,-0.1162,-0.0568,-4.62,-36.56,4.75,109.76,-88.26,-33.83,0.0,16.727999999999998,1.0,52.5576092,-1.4799782
52.557616800000005,-1.4799993,145.24,,3,300.32,25 / 26,259320,2019-11-06 10:46:06:663,-0.1444,-0.7844,10.7079,0.0294,0.0054,9.8065,0.1003,0.1018,-0.0127,-4.12,-37.0,4.63,118.74,-88.41,-30.67,0.0,16.686999999999998,1.0,52.557616800000005,-1.4799993
52.5576244,-1.4800204,145.24,,3,300.32,25 / 26,259420,2019-11-06 10:46:06:763,-0.874,-0.4927,9.699,0.0155,0.0262,9.8065,-0.0642,0.2621,-0.1869,-4.62,-37.5,3.81,118.74,-88.41,-30.67,0.0,16.645999999999997,1.0,52.5576244,-1.4800204
52.557632,-1.4800415,145.24,,3,300.32,25 / 26,259520,2019-11-06 10:46:06:863,1.0931,1.6657,9.7887,-0.0257,0.0131,9.8066,-0.0447,0.1311,-0.0306,-4.37,-36.81,4.63,112.69,-88.41,-24.26,0.0,16.604999999999997,1.0,52.557632,-1.4800415
52.5576396,-1.4800626000000001,145.24,,3,300.32,25 / 26,259620,2019-11-06 10:46:06:963,1.3145,0.9199,9.6006,-0.0444,-0.0041,9.8065,0.0372,-0.0811,0.0468,-4.12,-36.5,4.13,117.3,-88.17,-28.09,0.0,16.564,1.0,52.5576396,-1.4800626000000001
52.557647200000005,-1.4800837,145.24,,3,300.32,25 / 26,259720,2019-11-06 10:46:07:063,-0.0956,0.1769,9.7445,0.0325,-0.0249,9.8065,0.0527,-0.0382,0.0729,-4.31,-36.19,4.0,117.3,-88.17,-28.09,0.0,16.523,1.0,52.557647200000005,-1.4800837
52.5576548,-1.4801048,145.24,,3,300.32,25 / 26,259820,2019-11-06 10:46:07:163,-0.4142,0.997,9.3153,0.0261,0.0351,9.8065,-0.0507,-0.105,0.0153,-3.94,-36.25,4.25,114.64,-88.41,-29.61,0.0,16.482,1.0,52.5576548,-1.4801048
52.5576624,-1.4801259,145.24,,3,300.32,25 / 26,259920,2019-11-06 10:46:07:263,0.7595,1.5094,9.3491,0.0186,0.0438,9.8065,-0.0226,0.13,-0.2662,-4.0,-36.87,4.56,128.06,-88.44,-20.39,0.0,16.441,1.0,52.5576624,-1.4801259
52.55767,-1.480147,145.08,16.4,3,299.35,25 / 25,260020,2019-11-06 10:46:07:363,0.4902,0.5472,9.6347,0.0617,0.0992,9.8059,0.0294,0.0497,-0.0179,-3.62,-36.06,4.63,128.06,-88.44,-20.39,0.0,16.4,1.0,52.55767,-1.480147
52.557677,-1.4801678,145.08,,3,299.35,25 / 25,260120,2019-11-06 10:46:07:463,1.0069,0.5459,9.9284,0.0724,-0.0079,9.8063,0.0336,0.0648,-0.079,-3.69,-37.12,4.19,151.4,-88.23,2.18,0.0,16.339,1.0,52.557677,-1.4801678
52.557684,-1.4801886000000002,145.08,,3,299.35,25 / 25,260220,2019-11-06 10:46:07:563,0.4284,0.471,10.1072,-0.006,-0.0174,9.8066,-0.006,-0.1137,0.1113,-3.69,-36.56,4.5,159.57,-88.43,15.08,0.0,16.278,1.0,52.557684,-1.4801886000000002
52.557691000000005,-1.4802094000000001,145.08,,3,299.35,25 / 25,260320,2019-11-06 10:46:07:663,-2.0371,-1.2732,10.6308,-0.0168,-0.0307,9.8065,0.0276,0.3205,-0.2059,-3.5,-36.5,5.06,160.86,-88.56,8.92,0.0,16.217,1.0,52.557691000000005,-1.4802094000000001
52.557698,-1.4802302,145.08,,3,299.35,25 / 25,260420,2019-11-06 10:46:07:763,1.3516,0.7722,9.5089,0.0013,-0.0114,9.8066,-0.0605,0.356,-0.0667,-3.12,-35.69,4.31,160.86,-88.56,8.92,0.0,16.156,1.0,52.557698,-1.4802302
52.557705,-1.4802510000000002,145.08,,3,299.35,25 / 25,260520,2019-11-06 10:46:07:863,2.2142,2.2417,9.2488,-0.0191,0.0022,9.8066,-0.054,0.1409,-0.1175,-3.5,-36.56,4.88,153.14,-88.63,8.31,0.0,16.095,1.0,52.557705,-1.4802510000000002
52.557712,-1.4802718000000001,145.08,,3,299.35,25 / 25,260620,2019-11-06 10:46:07:963,2.5108,0.9487,9.4777,-0.0117,0.0102,9.8066,-0.0179,-0.2457,0.2022,-3.12,-36.25,4.63,152.9,-88.44,-0.52,0.0,16.034,1.0,52.557712,-1.4802718000000001
52.557719000000006,-1.4802926,145.08,,3,299.35,25 / 25,260720,2019-11-06 10:46:08:063,-0.0918,0.0617,9.5803,0.0039,0.0109,9.8066,0.046,0.0694,-0.0981,-3.31,-36.0,5.19,154.54,-88.39,1.25,0.0,15.972999999999999,1.0,52.557719000000006,-1.4802926
52.557726,-1.4803134,145.08,,3,299.35,25 / 25,260820,2019-11-06 10:46:08:163,-0.1595,0.1027,10.625,0.0194,-0.003,9.8065,-0.0627,0.0319,0.0641,-3.37,-36.62,4.75,154.54,-88.39,1.25,0.0,15.911999999999999,1.0,52.557726,-1.4803134
52.557733,-1.4803342000000002,145.08,,3,299.35,25 / 25,260920,2019-11-06 10:46:08:263,0.5031,2.7168,9.8814,-0.0147,0.0137,9.8066,-0.0719,0.2051,-0.1314,-3.37,-36.56,5.0,156.36,-88.42,3.3,0.0,15.850999999999999,1.0,52.557733,-1.4803342000000002
52.55774,-1.480355,144.91,15.79,3,297.75,24 / 25,261020,2019-11-06 10:46:08:363,0.385,1.5014,9.741,-0.0332,0.0126,9.8065,-0.0299,0.0722,-0.0326,-3.06,-36.5,4.75,152.39,-88.27,-1.6,0.0,15.79,1.0,52.55774,-1.480355
52.5577464,-1.480375,144.91,,3,297.75,24 / 25,261119,2019-11-06 10:46:08:462,0.8449,0.5058,9.8697,-0.0097,0.0142,9.8066,-0.0002,-0.0124,-0.0349,-3.44,-36.5,4.75,152.39,-88.27,-1.6,0.0,15.696,1.0,52.5577464,-1.480375
52.5577528,-1.4803950000000001,144.91,,3,297.75,24 / 25,261221,2019-11-06 10:46:08:564,0.3834,-0.1812,10.3251,0.0066,-0.011,9.8066,-0.0031,-0.1279,0.1411,-3.25,-35.69,5.06,152.32,-88.17,-1.97,0.0,15.601999999999999,1.0,52.5577528,-1.4803950000000001
52.5577592,-1.480415,144.91,,3,297.75,24 / 25,261320,2019-11-06 10:46:08:663,-0.8208,-0.6756,10.297,-0.0067,-0.0186,9.8066,0.0424,0.0387,-0.0163,-3.31,-35.75,5.56,156.59,-88.35,-0.36,0.0,15.508,1.0,52.5577592,-1.480415
52.5577656,-1.4804350000000002,144.91,,3,297.75,24 / 25,261420,2019-11-06 10:46:08:763,-0.9223,0.0294,10.9797,0.003,-0.0377,9.8065,-0.0209,0.1957,-0.1356,-3.0,-35.81,4.69,150.26,-88.56,-3.2,0.0,15.414,1.0,52.5577656,-1.4804350000000002
52.557772,-1.480455,144.91,,3,297.75,24 / 25,261520,2019-11-06 10:46:08:863,0.107,0.6922,10.1235,0.0153,-0.0001,9.8066,0.0139,0.1233,-0.0355,-3.94,-36.06,5.38,150.26,-88.56,-3.2,0.0,15.32,1.0,52.557772,-1.480455
52.5577784,-1.480475,144.91,,3,297.75,24 / 25,261620,2019-11-06 10:46:08:963,0.9769,0.7152,9.772,0.0177,0.0003,9.8066,-0.115,0.118,-0.0536,-3.44,-36.5,5.88,156.29,-88.58,-0.21,0.0,15.225999999999999,1.0,52.5577784,-1.480475
52.5577848,-1.4804950000000001,144.91,,3,297.75,24 / 25,261720,2019-11-06 10:46:09:063,-0.4594,0.0467,10.4783,-0.0204,0.0401,9.8065,0.0819,-0.1948,0.1856,-3.19,-36.25,5.31,153.8,-88.45,0.54,0.0,15.132,1.0,52.5577848,-1.4804950000000001
52.5577912,-1.480515,144.91,,3,297.75,24 / 25,261820,2019-11-06 10:46:09:163,-0.3566,-1.0016,10.3872,-0.0097,0.0326,9.8065,0.0833,-0.0384,-0.0078,-3.31,-37.19,5.25,153.8,-88.45,0.54,0.0,15.038,1.0,52.5577912,-1.480515
52.5577976,-1.4805350000000002,144.91,,3,297.75,24 / 25,261919,2019-11-06 10:46:09:262,0.8945,-0.8533,10.3198,0.0154,-0.0044,9.8066,0.172,-0.1484,0.1484,-3.25,-35.94,4.75,153.37,-88.3,7.76,0.0,14.943999999999999,1.0,52.5577976,-1.4805350000000002
52.557804,-1.480555,144.74,14.85,3,295.55,26 / 26,262020,2019-11-06 10:46:09:363,-3.411,3.5272,11.3797,0.0225,-0.0294,9.8066,0.1163,-0.0857,0.0289,-3.37,-35.62,4.94,167.14,-88.48,16.01,0.0,14.85,1.0,52.557804,-1.480555
52.5578094,-1.4805737,144.74,,3,295.55,26 / 26,262120,2019-11-06 10:46:09:463,0.0504,2.5437,10.9386,0.0639,-0.0507,9.8063,-0.045,0.1208,-0.05,-3.12,-36.06,5.25,179.62,-88.81,30.53,0.0,14.64,1.0,52.5578094,-1.4805737
52.557814799999996,-1.4805924000000001,144.74,,3,295.55,26 / 26,262223,2019-11-06 10:46:09:566,-0.2509,1.7354,9.5992,0.0255,-0.0618,9.8063,-0.0131,0.0443,-0.0217,-3.56,-35.87,5.19,179.62,-88.81,30.53,0.0,14.43,1.0,52.557814799999996,-1.4805924000000001
52.5578202,-1.4806111,144.74,,3,295.55,26 / 26,262320,2019-11-06 10:46:09:663,-0.7651,3.4401,10.0359,-0.0127,-0.014,9.8066,-0.0979,-0.0155,-0.0283,-3.5,-35.62,5.31,188.81,-89.16,40.57,0.0,14.219999999999999,1.0,52.5578202,-1.4806111
52.5578256,-1.4806298,144.74,,3,295.55,26 / 26,262420,2019-11-06 10:46:09:763,-0.1507,3.2337,9.379,0.0097,-0.0133,9.8066,-0.0623,0.1935,0.0034,-3.06,-36.19,5.88,197.75,-89.23,45.58,0.0,14.01,1.0,52.5578256,-1.4806298
52.557831,-1.4806485,144.74,,3,295.55,26 / 26,262520,2019-11-06 10:46:09:863,-0.8138,2.5888,8.6616,0.0386,0.0085,9.8066,0.1602,0.2074,-0.1801,-3.37,-35.81,5.81,197.75,-89.23,45.58,0.0,13.8,1.0,52.557831,-1.4806485
52.5578364,-1.4806672,144.74,,3,295.55,26 / 26,262620,2019-11-06 10:46:09:963,-0.6793,3.8053,8.5551,0.0207,-0.0073,9.8066,0.0161,0.2299,-0.0532,-2.31,-36.31,6.5,209.26,-89.09,58.21,0.0,13.59,1.0,52.5578364,-1.4806672
52.5578418,-1.4806859,144.74,,3,295.55,26 / 26,262719,2019-11-06 10:46:10:062,-0.3683,4.0448,8.7615,-0.002,-0.0099,9.8066,-0.062,-0.0958,0.2174,-2.44,-35.62,6.75,238.39,-89.07,78.26,0.0,13.379999999999999,1.0,52.5578418,-1.4806859
52.557847200000005,-1.4807046,144.74,,3,295.55,26 / 26,262820,2019-11-06 10:46:10:163,0.4378,3.7588,9.6343,-0.0249,-0.0397,9.8065,0.1402,-0.0633,-0.0606,-2.62,-35.19,6.13,238.6,-89.3,88.27,0.0,13.17,1.0,52.557847200000005,-1.4807046
52.557852600000004,-1.4807233,144.74,,3,295.55,26 / 26,262920,2019-11-06 10:46:10:263,0.3163,2.83,9.103,-0.0011,-0.0098,9.8066,-0.0044,0.1603,0.0017,-2.87,-35.87,5.94,238.6,-89.3,88.27,0.0,12.96,1.0,52.557852600000004,-1.4807233
52.557858,-1.480742,144.58,12.75,3,292.01,25 / 26,263020,2019-11-06 10:46:10:363,-0.5492,2.7899,9.019,0.0187,-0.0017,9.8066,-0.188,0.2498,-0.0394,-2.25,-35.12,6.31,246.61,-89.43,87.95,0.0,12.75,1.0,52.557858,-1.480742
52.557861200000005,-1.4807578000000001,144.58,,3,292.01,25 / 26,263119,2019-11-06 10:46:10:462,-2.1751,4.3285,9.4333,-0.0032,-0.0123,9.8066,-0.0365,-0.1181,0.102,-2.37,-35.56,6.75,254.95,-89.23,94.57,0.0,12.504,1.0,52.557861200000005,-1.4807578000000001
52.5578644,-1.4807736,144.58,,3,292.01,25 / 26,263219,2019-11-06 10:46:10:562,-2.3183,0.294,10.8023,-0.0075,-0.0141,9.8065,0.1357,-0.2712,0.2047,-2.69,-36.44,6.56,254.95,-89.23,94.57,0.0,12.258,1.0,52.5578644,-1.4807736
52.5578676,-1.4807894,144.58,,3,292.01,25 / 26,263319,2019-11-06 10:46:10:662,-1.3598,2.8378,10.5443,-0.0315,-0.0039,9.8066,-0.0058,-0.3246,0.2619,-2.44,-36.12,6.69,269.18,-89.55,107.36,0.0,12.012,1.0,52.5578676,-1.4807894
52.5578708,-1.4808052,144.58,,3,292.01,25 / 26,263420,2019-11-06 10:46:10:763,2.9136,5.7574,9.9572,0.0091,0.0202,9.8066,-0.0337,0.0466,0.0138,-2.5,-35.81,6.5,254.55,-89.8,91.47,0.0,11.766,1.0,52.5578708,-1.4808052
52.557874,-1.4808210000000002,144.58,,3,292.01,25 / 26,263520,2019-11-06 10:46:10:863,-0.8216,1.7765,9.7764,0.0264,0.0415,9.8065,-0.2311,0.4114,-0.1772,-2.25,-35.94,6.19,226.42,-89.54,66.75,0.0,11.52,1.0,52.557874,-1.4808210000000002
52.5578772,-1.4808368,144.58,,3,292.01,25 / 26,263620,2019-11-06 10:46:10:963,-3.6888,2.4825,9.243,-0.0326,-0.0629,9.8064,0.2191,0.3455,-0.2194,-2.37,-35.56,6.25,226.42,-89.54,66.75,0.0,11.274,1.0,52.5578772,-1.4808368
52.5578804,-1.4808526,144.58,,3,292.01,25 / 26,263720,2019-11-06 10:46:11:063,-0.9782,1.0373,9.4257,-0.0273,-0.0261,9.8065,0.0432,-0.1417,0.0151,-2.75,-36.0,6.44,358.93,-89.77,-154.49,0.0,11.027999999999999,1.0,52.5578804,-1.4808526
52.557883600000004,-1.4808684,144.58,,3,292.01,25 / 26,263820,2019-11-06 10:46:11:163,2.3307,4.5157,8.434,-0.0215,-0.0259,9.8066,-0.1786,-0.3737,0.4053,-3.12,-35.81,7.19,21.85,-89.6,-135.65,0.0,10.782,1.0,52.557883600000004,-1.4808684
52.5578868,-1.4808842000000002,144.58,,3,292.01,25 / 26,263920,2019-11-06 10:46:11:263,2.4056,3.8997,9.0795,0.0383,0.0057,9.8065,0.0502,0.3203,-0.3496,-2.69,-35.94,7.13,21.85,-89.6,-135.65,0.0,10.536,1.0,52.5578868,-1.4808842000000002
52.55789,-1.4809,144.41,10.29,3,289.29,24 / 25,264021,2019-11-06 10:46:11:364,0.6569,1.6476,10.4312,0.0104,0.0167,9.8066,-0.2478,0.318,-0.0288,-2.62,-36.31,7.56,348.93,-89.66,-170.23,0.0,10.29,1.0,52.55789,-1.4809
52.557893,-1.4809131,144.41,,3,289.29,24 / 25,264120,2019-11-06 10:46:11:463,-1.846,0.4676,10.4548,0.0169,0.0265,9.8065,-0.0169,0.2911,-0.1219,-2.12,-35.94,7.75,329.11,-89.73,172.97,0.0,10.087,1.0,52.557893,-1.4809131
52.557896,-1.4809262,144.41,,3,289.29,24 / 25,264220,2019-11-06 10:46:11:563,1.631,1.0961,9.872,-0.0075,-0.0044,9.8066,0.0042,0.1586,-0.0934,-2.37,-36.0,8.0,283.72,-89.67,119.15,0.0,9.883999999999999,1.0,52.557896,-1.4809262
52.557899,-1.4809393000000002,144.41,,3,289.29,24 / 25,264319,2019-11-06 10:46:11:662,2.1767,2.1953,8.7843,-0.0078,-0.0101,9.8066,0.0665,-0.0727,0.08,-1.94,-35.44,8.06,296.79,-89.69,132.0,0.0,9.681,1.0,52.557899,-1.4809393000000002
52.557902,-1.4809524,144.41,,3,289.29,24 / 25,264419,2019-11-06 10:46:11:762,0.5467,1.2688,9.5227,-0.0027,0.0243,9.8066,-0.0875,0.0625,-0.0191,-2.25,-35.12,8.38,296.79,-89.69,132.0,0.0,9.478,1.0,52.557902,-1.4809524
52.557905000000005,-1.4809655,144.41,,3,289.29,24 / 25,264520,2019-11-06 10:46:11:863,0.6526,0.9247,9.5742,-0.0569,0.0525,9.8062,-0.0265,-0.1138,0.0835,-2.12,-34.69,8.31,269.37,-89.74,104.51,0.0,9.275,1.0,52.557905000000005,-1.4809655
52.557908000000005,-1.4809786,144.41,,3,289.29,24 / 25,264620,2019-11-06 10:46:11:963,2.7083,2.0427,10.0826,-0.0562,0.0693,9.8061,-0.0408,-0.1508,0.2025,-1.94,-35.0,8.38,171.73,-89.59,5.51,0.0,9.072,1.0,52.557908000000005,-1.4809786
52.557911000000004,-1.4809917000000001,144.41,,3,289.29,24 / 25,264720,2019-11-06 10:46:12:063,-3.2122,2.1997,10.1663,0.0197,0.0126,9.8065,-0.0128,0.6499,-0.2864,-1.75,-34.81,8.19,171.73,-89.59,5.51,0.0,8.869,1.0,52.557911000000004,-1.4809917000000001
52.557914000000004,-1.4810048,144.41,,3,289.29,24 / 25,264820,2019-11-06 10:46:12:163,1.4158,2.989,10.6235,0.0318,0.0352,9.8065,-0.1409,0.7275,-0.3734,-2.44,-34.69,8.69,187.54,-89.51,20.31,0.0,8.666,1.0,52.557914000000004,-1.4810048
52.557917,-1.4810178999999999,144.41,,3,289.29,24 / 25,264920,2019-11-06 10:46:12:263,4.9695,4.6183,9.8172,-0.0333,-0.0074,9.8066,0.0375,0.3309,-0.0682,-2.19,-34.19,8.06,197.76,-89.27,32.71,0.0,8.463,1.0,52.557917,-1.4810178999999999
52.55792,-1.481031,144.21,8.26,3,284.98,26 / 26,265020,2019-11-06 10:46:12:363,0.1549,2.8153,10.0414,-0.0808,-0.0664,9.8061,0.0242,-0.294,0.1697,-2.5,-34.44,8.44,143.06,-89.6,-23.89,0.0,8.26,1.0,52.55792,-1.481031
52.557921400000005,-1.4810414,144.21,,3,284.98,26 / 26,265120,2019-11-06 10:46:12:463,-0.2873,2.793,10.0279,0.0359,0.0168,9.8065,0.0297,-0.3982,0.1848,-1.5,-34.06,8.56,143.06,-89.6,-23.89,0.0,8.068,1.0,52.557921400000005,-1.4810414
52.5579228,-1.4810518,144.21,,3,284.98,26 / 26,265220,2019-11-06 10:46:12:563,-2.4051,2.6006,9.3283,0.0205,0.014,9.8066,0.0598,-0.0419,0.0745,-1.31,-33.37,8.75,176.37,-89.56,2.61,0.0,7.8759999999999994,1.0,52.5579228,-1.4810518
52.5579242,-1.4810622,144.21,,3,284.98,26 / 26,265320,2019-11-06 10:46:12:663,1.3725,3.761,9.1529,0.0118,-0.0013,9.8066,0.117,0.3301,-0.1734,-1.56,-33.62,8.31,197.86,-89.39,32.66,0.0,7.684,1.0,52.5579242,-1.4810622
52.557925600000004,-1.4810726,144.21,,3,284.98,26 / 26,265420,2019-11-06 10:46:12:763,2.4124,4.3486,8.8142,0.01,-0.0072,9.8066,-0.1042,0.4993,-0.1482,-1.31,-33.25,9.06,197.86,-89.39,32.66,0.0,7.492,1.0,52.557925600000004,-1.4810726
52.557927,-1.481083,144.21,,3,284.98,26 / 26,265520,2019-11-06 10:46:12:863,-0.6756,2.3127,9.7591,-0.0212,-0.0048,9.8065,0.0262,0.0456,0.0284,-1.56,-33.87,9.75,204.59,-89.51,37.84,0.0,7.3,1.0,52.557927,-1.481083
52.5579284,-1.4810934,144.21,,3,284.98,26 / 26,265620,2019-11-06 10:46:12:963,-2.0867,1.261,10.0386,0.0218,0.0202,9.8065,0.0013,-0.173,0.0675,-1.62,-34.25,9.44,186.73,-89.54,19.46,0.0,7.108,1.0,52.5579284,-1.4810934
52.557929800000004,-1.4811038,144.21,,3,284.98,26 / 26,265720,2019-11-06 10:46:13:063,0.0879,1.2464,10.0628,0.0582,0.034,9.8063,0.0104,-0.074,0.1191,-1.69,-33.75,9.88,210.99,-89.23,43.61,0.0,6.9159999999999995,1.0,52.557929800000004,-1.4811038
52.557931200000006,-1.4811142000000002,144.21,,3,284.98,26 / 26,265820,2019-11-06 10:46:13:163,2.1191,0.9705,9.7771,0.0192,-0.0036,9.8066,-0.0052,0.1476,-0.0348,-1.75,-33.81,10.0,210.99,-89.23,43.61,0.0,6.724,1.0,52.557931200000006,-1.4811142000000002
52.5579326,-1.4811246,144.21,,3,284.98,26 / 26,265920,2019-11-06 10:46:13:263,1.5969,0.4664,9.4531,-0.0103,-0.0038,9.8066,-0.0771,0.2429,-0.0637,-1.19,-33.5,10.13,223.62,-89.21,51.11,0.0,6.532,1.0,52.5579326,-1.4811246
52.557934,-1.481135,144.03,6.34,3,279.61,25 / 26,266019,2019-11-06 10:46:13:362,0.5313,-0.642,9.5155,-0.0301,0.0137,9.8066,-0.0416,0.0875,0.0491,-1.25,-33.62,10.5,210.59,-89.25,36.95,0.0,6.34,1.0,52.557934,-1.481135
52.5579344,-1.4811441,144.03,,3,279.61,25 / 26,266120,2019-11-06 10:46:13:463,-0.5511,0.7546,10.5142,0.0049,0.0649,9.8064,0.0055,-0.0131,0.0787,-1.06,-33.62,10.38,210.59,-89.25,36.95,0.0,6.311999999999999,1.0,52.5579344,-1.4811441
52.557934800000005,-1.4811532,144.03,,3,279.61,25 / 26,266220,2019-11-06 10:46:13:563,0.9929,0.8705,10.0336,-0.0088,0.0178,9.8066,0.0245,-0.1026,0.1336,-1.19,-33.31,10.31,201.12,-88.9,28.17,0.0,6.284,1.0,52.557934800000005,-1.4811532
52.5579352,-1.4811623,144.03,,3,279.61,25 / 26,266320,2019-11-06 10:46:13:663,0.7128,1.1799,10.1956,0.0029,-0.0044,9.8066,0.0119,0.3506,-0.2086,-1.31,-33.81,10.94,202.99,-88.92,29.48,0.0,6.256,1.0,52.5579352,-1.4811623
52.5579356,-1.4811714,144.03,,3,279.61,25 / 26,266419,2019-11-06 10:46:13:762,2.3364,0.5167,8.6281,0.068,-0.051,9.8063,0.0393,0.1979,-0.0331,-1.06,-33.87,11.25,228.41,-88.92,56.08,0.0,6.228,1.0,52.5579356,-1.4811714
52.557936,-1.4811805,144.03,,3,279.61,25 / 26,266520,2019-11-06 10:46:13:863,-0.0455,-0.9336,9.5981,0.0301,-0.0475,9.8065,0.0203,0.0762,-0.0494,-0.37,-33.56,11.69,228.41,-88.92,56.08,0.0,6.199999999999999,1.0,52.557936,-1.4811805
52.5579364,-1.4811896,144.03,,3,279.61,25 / 26,266620,2019-11-06 10:46:13:963,-0.1724,0.1689,9.4926,0.0112,0.0182,9.8065,-0.0294,-0.0445,0.1484,-0.44,-34.12,11.94,250.77,-88.93,73.64,0.0,6.172,1.0,52.5579364,-1.4811896
52.5579368,-1.4811987,144.03,,3,279.61,25 / 26,266720,2019-11-06 10:46:14:063,-0.1779,0.7471,10.397,-0.0011,0.0687,9.8063,-0.0026,0.1573,-0.024,-0.81,-33.75,12.31,228.6,-88.74,56.02,0.0,6.144,1.0,52.5579368,-1.4811987
52.5579372,-1.4812078,144.03,,3,279.61,25 / 26,266819,2019-11-06 10:46:14:162,0.8731,0.5059,9.5226,0.029,0.0552,9.8064,-0.0542,0.243,-0.1579,-0.5,-34.62,12.63,228.6,-88.74,56.02,0.0,6.116,1.0,52.5579372,-1.4812078
52.5579376,-1.4812169,144.03,,3,279.61,25 / 26,266920,2019-11-06 10:46:14:263,1.2372,0.2502,9.6404,0.0345,-0.0005,9.8066,0.01,0.1321,-0.0732,0.0,-33.87,12.63,228.26,-88.39,51.38,0.0,6.087999999999999,1.0,52.5579376,-1.4812169
52.557938,-1.481226,143.86,6.06,3,273.19,26 / 26,267020,2019-11-06 10:46:14:363,0.982,0.2307,9.1763,0.0426,-0.0087,9.8065,0.0195,0.0168,-0.0052,0.19,-34.31,12.81,235.89,-88.08,60.04,0.0,6.06,1.0,52.557938,-1.481226
52.5579382,-1.4812351,143.86,,3,273.19,26 / 26,267120,2019-11-06 10:46:14:463,-1.5889,-0.0164,9.9139,0.058,-0.0355,9.8063,-0.0067,-0.0421,0.0505,-0.19,-34.44,12.94,244.89,-87.89,69.89,0.0,6.0489999999999995,1.0,52.5579382,-1.4812351
52.5579384,-1.4812442,143.86,,3,273.19,26 / 26,267220,2019-11-06 10:46:14:563,-0.1384,-0.3347,9.5792,0.046,0.028,9.8065,-0.0325,0.0583,-0.008,-0.25,-34.19,13.56,244.89,-87.89,69.89,0.0,6.037999999999999,1.0,52.5579384,-1.4812442
52.5579386,-1.4812532999999999,143.86,,3,273.19,26 / 26,267320,2019-11-06 10:46:14:663,0.8316,0.7008,9.8617,0.0267,0.0324,9.8065,-0.0474,0.201,-0.1227,-0.19,-34.87,13.38,239.79,-87.38,65.88,0.0,6.027,1.0,52.5579386,-1.4812532999999999
52.5579388,-1.4812623999999999,143.86,,3,273.19,26 / 26,267420,2019-11-06 10:46:14:763,0.7256,-0.1891,9.4302,0.0574,0.0416,9.8064,0.0052,0.1217,-0.1212,0.44,-34.19,12.56,238.36,-86.97,65.1,0.0,6.016,1.0,52.5579388,-1.4812623999999999
52.557939,-1.4812714999999999,143.86,,3,273.19,26 / 26,267520,2019-11-06 10:46:14:863,-0.5392,-0.2393,9.9849,0.0268,0.0063,9.8065,0.0313,-0.0096,-0.0134,0.44,-34.19,13.19,238.36,-86.97,65.1,0.0,6.005,1.0,52.557939,-1.4812714999999999
52.5579392,-1.4812806,143.86,,3,273.19,26 / 26,267620,2019-11-06 10:46:14:963,-0.1305,-0.1111,9.4824,0.0245,0.0133,9.8065,-0.0081,-0.0276,0.0125,0.06,-34.0,13.25,239.38,-86.81,66.02,0.0,5.994,1.0,52.5579392,-1.4812806
52.5579394,-1.4812897,143.86,,3,273.19,26 / 26,267720,2019-11-06 10:46:15:063,-0.3475,-0.1878,9.7691,0.025,0.012,9.8066,-0.0009,-0.0512,0.0334,0.38,-33.31,13.06,238.99,-86.65,66.26,0.0,5.983,1.0,52.5579394,-1.4812897
52.557939600000005,-1.4812988,143.86,,3,273.19,26 / 26,267820,2019-11-06 10:46:15:163,-0.4951,0.1298,10.0531,0.0344,0.0099,9.8066,0.0117,-0.0195,-0.0587,0.56,-33.81,14.06,243.53,-86.45,67.13,0.0,5.972,1.0,52.557939600000005,-1.4812988
52.5579398,-1.4813079,143.86,,3,273.19,26 / 26,267920,2019-11-06 10:46:15:263,-0.3353,-0.0813,9.8226,0.0099,-0.0086,9.8066,0.0309,-0.0432,0.0478,0.44,-34.5,14.0,243.53,-86.45,67.13,0.0,5.961,1.0,52.5579398,-1.4813079
52.55794,-1.481317,143.68,5.95,3,272.24,26 / 26,268020,2019-11-06 10:46:15:363,-1.4459,-0.0697,10.2887,-0.0166,-0.0196,9.8065,0.0123,-0.0938,0.0019,0.0,-34.81,13.69,240.49,-86.42,68.26,0.0,5.95,1.0,52.55794,-1.481317
52.5579405,-1.4813262,143.68,,3,272.24,26 / 26,268120,2019-11-06 10:46:15:463,-1.2928,-0.3498,9.8965,-0.0341,-0.0465,9.8065,0.0289,-0.1602,0.0505,-0.31,-34.56,14.13,243.37,-86.72,70.68,0.0,5.958,1.0,52.5579405,-1.4813262
52.557941,-1.4813354,143.68,,3,272.24,26 / 26,268220,2019-11-06 10:46:15:563,-1.1372,-0.1317,9.8183,-0.0084,-0.0136,9.8066,0.0295,-0.1743,0.0416,0.0,-34.31,13.69,243.37,-86.72,70.68,0.0,5.966,1.0,52.557941,-1.4813354
52.5579415,-1.4813446,143.68,,3,272.24,26 / 26,268320,2019-11-06 10:46:15:663,-2.0165,-0.1626,9.7277,-0.0081,-0.0108,9.8066,0.0266,-0.1953,-0.0305,-0.06,-34.12,12.75,244.05,-86.8,71.56,0.0,5.974,1.0,52.5579415,-1.4813446
52.557942,-1.4813538,143.68,,3,272.24,26 / 26,268420,2019-11-06 10:46:15:763,-1.0223,-0.6523,9.9616,0.0243,0.0003,9.8066,-0.0116,-0.2251,-0.0094,0.31,-34.62,13.31,244.16,-86.77,71.97,0.0,5.982,1.0,52.557942,-1.4813538
52.557942499999996,-1.481363,143.68,,3,272.24,26 / 26,268520,2019-11-06 10:46:15:863,-1.3073,0.0061,9.7497,0.0319,0.0281,9.8065,0.0007,-0.2225,0.0462,-0.25,-34.06,12.75,242.81,-86.53,70.87,0.0,5.99,1.0,52.557942499999996,-1.481363
52.557943,-1.4813722,143.68,,3,272.24,26 / 26,268620,2019-11-06 10:46:15:963,-1.0962,0.0841,9.6571,-0.0099,-0.0011,9.8066,0.0658,-0.2811,0.0149,-0.69,-33.75,11.88,242.81,-86.53,70.87,0.0,5.998,1.0,52.557943,-1.4813722
52.5579435,-1.4813814,143.68,,3,272.24,26 / 26,268720,2019-11-06 10:46:16:063,-1.6918,-0.0593,9.7427,-0.0035,0.0076,9.8066,-0.0335,-0.1847,-0.0265,-0.06,-34.56,11.19,240.09,-86.59,69.51,0.0,6.006,1.0,52.5579435,-1.4813814
52.557944,-1.4813906,143.68,,3,272.24,26 / 26,268821,2019-11-06 10:46:16:164,-1.6866,-0.635,9.702,-0.0039,0.0065,9.8066,-0.0056,-0.2077,-0.0066,-0.69,-35.31,10.94,233.21,-86.53,67.19,0.0,6.014,1.0,52.557944,-1.4813906
52.5579445,-1.4813998,143.68,,3,272.24,26 / 26,268920,2019-11-06 10:46:16:263,-2.3007,-0.6625,10.2373,-0.0193,0.0158,9.8066,0.0358,-0.2913,0.0499,-0.62,-34.94,10.38,233.21,-86.53,67.19,0.0,6.022,1.0,52.5579445,-1.4813998
52.557945,-1.481409,143.51,6.03,3,283.02,25 / 25,269020,2019-11-06 10:46:16:363,-2.5687,-0.3906,10.0978,-0.0165,0.0084,9.8066,0.0399,-0.3003,-0.0006,-1.31,-34.94,10.13,227.92,-86.59,62.43,0.0,6.03,1.0,52.557945,-1.481409
52.55794727272727,-1.4814165454545454,143.51,,3,283.02,25 / 25,269120,2019-11-06 10:46:16:463,-1.3728,-0.4088,9.9623,-0.0118,0.0072,9.8066,0.0203,-0.3814,0.0816,-1.19,-35.0,9.75,225.12,-86.58,59.25,0.0,6.054545454545455,1.0,52.55794727272727,-1.4814165454545454
52.55794954545454,-1.481424090909091,143.51,,3,283.02,25 / 25,269220,2019-11-06 10:46:16:563,-2.8251,-1.4861,9.7547,-0.0341,0.0087,9.8066,0.0667,-0.3353,0.0161,-1.25,-34.81,8.63,221.39,-86.68,56.2,0.0,6.079090909090909,1.0,52.55794954545454,-1.481424090909091
52.55795181818181,-1.4814316363636364,143.51,,3,283.02,25 / 25,269320,2019-11-06 10:46:16:663,-4.4835,-1.8319,10.4757,-0.0397,0.0131,9.8065,0.0161,-0.3145,0.0211,-1.19,-34.94,8.44,221.39,-86.68,56.2,0.0,6.1036363636363635,1.0,52.55795181818181,-1.4814316363636364
52.557954090909085,-1.4814391818181818,143.51,,3,283.02,25 / 25,269420,2019-11-06 10:46:16:763,-1.6198,-1.6352,10.5553,-0.0189,0.0086,9.8066,-0.1349,-0.059,-0.1092,-2.25,-35.0,8.25,209.21,-86.8,49.86,0.0,6.128181818181818,1.0,52.557954090909085,-1.4814391818181818
52.55795636363636,-1.4814467272727272,143.51,,3,283.02,25 / 25,269520,2019-11-06 10:46:16:863,-0.003,-0.6446,10.5071,-0.0144,0.005,9.8066,0.0408,-0.327,-0.0479,-2.44,-35.87,8.13,207.78,-86.81,48.28,0.0,6.152727272727272,1.0,52.55795636363636,-1.4814467272727272
52.55795863636364,-1.4814542727272728,143.51,,3,283.02,25 / 25,269620,2019-11-06 10:46:16:963,-1.7269,-1.1499,10.0701,-0.0114,-0.0107,9.8066,0.0434,-0.679,0.1774,-1.94,-35.44,7.5,207.78,-86.81,48.28,0.0,6.177272727272728,1.0,52.55795863636364,-1.4814542727272728
52.55796090909091,-1.4814618181818182,143.51,,3,283.02,25 / 25,269720,2019-11-06 10:46:17:063,-4.8218,-1.948,9.963,-0.0096,-0.0819,9.8062,0.1334,-0.7264,0.1119,-2.62,-35.94,5.63,205.26,-86.9,47.73,0.0,6.201818181818182,1.0,52.55796090909091,-1.4814618181818182
52.55796318181818,-1.4814693636363636,143.51,,3,283.02,25 / 25,269820,2019-11-06 10:46:17:163,-0.4162,-3.2628,9.9749,-0.0124,-0.1051,9.806,0.0312,-0.5436,0.0998,-2.75,-35.62,5.31,196.75,-87.48,52.2,0.0,6.2263636363636365,1.0,52.55796318181818,-1.4814693636363636
52.55796545454545,-1.481476909090909,143.51,,3,283.02,25 / 25,269921,2019-11-06 10:46:17:264,-0.0467,-2.9544,9.6033,-0.0026,0.0192,9.8066,-0.0494,-0.2975,-0.1179,-3.0,-35.25,4.44,190.85,-87.37,51.17,0.0,6.250909090909091,1.0,52.55796545454545,-1.481476909090909
52.557967727272725,-1.4814844545454546,143.51,,3,283.02,25 / 26,270020,2019-11-06 10:46:17:363,1.2292,-3.8691,9.4504,-0.0081,0.0375,9.8065,-0.0494,-0.2975,-0.1179,-3.0,-35.25,4.44,190.85,-87.37,51.17,0.0,6.275454545454545,1.0,52.557967727272725,-1.4814844545454546
52.55797,-1.481492,143.35,6.3,3,303.32,25 / 26,270120,2019-11-06 10:46:17:463,2.3628,-3.7675,9.085,-0.1237,0.07,9.8055,-0.0752,-0.5133,0.0771,-4.25,-35.87,3.63,189.25,-87.16,49.4,0.0,6.3,1.0,52.55797,-1.481492
52.557973999999994,-1.4815002222222222,143.35,,3,303.32,25 / 26,270220,2019-11-06 10:46:17:563,-6.6439,-8.0641,10.4884,-0.0721,-0.0847,9.806,-0.0218,-1.0202,0.3794,-4.37,-35.69,3.06,159.96,-86.69,24.94,0.0,6.445555555555555,1.0,52.557973999999994,-1.4815002222222222
52.557978,-1.4815084444444444,143.35,,3,303.32,25 / 26,270320,2019-11-06 10:46:17:663,-5.6696,-6.9731,11.3329,-0.0528,-0.0614,9.8063,0.0845,-0.5419,0.212,-5.44,-36.69,2.38,142.24,-86.9,17.3,0.0,6.591111111111111,1.0,52.557978,-1.4815084444444444
52.557981999999996,-1.4815166666666666,143.35,,3,303.32,25 / 26,270420,2019-11-06 10:46:17:763,-1.7767,-2.8081,11.2116,0.1449,0.0005,9.8055,0.1431,0.0393,-0.3054,-5.5,-35.62,1.94,142.24,-86.9,17.3,0.0,6.736666666666666,1.0,52.557981999999996,-1.4815166666666666
52.557986,-1.4815248888888888,143.35,,3,303.32,25 / 26,270520,2019-11-06 10:46:17:863,4.6305,1.8758,7.6212,0.0573,0.0601,9.8063,-0.3129,-0.3106,0.4211,-6.19,-36.37,0.44,144.22,-87.33,31.84,0.0,6.8822222222222225,1.0,52.557986,-1.4815248888888888
52.55799,-1.4815331111111112,143.35,,3,303.32,25 / 26,270620,2019-11-06 10:46:17:963,5.7085,-4.5231,10.0463,0.0225,-0.0251,9.8065,-0.0384,-0.3917,-0.1252,-6.19,-35.5,0.19,132.94,-87.52,32.32,0.0,7.027777777777778,1.0,52.55799,-1.4815331111111112
52.557994,-1.4815413333333334,143.35,,3,303.32,25 / 26,270719,2019-11-06 10:46:18:062,4.2191,-0.4411,10.5787,-0.1674,0.0325,9.8051,0.0965,-0.336,-0.1432,-6.19,-35.31,0.25,132.94,-87.52,32.32,0.0,7.173333333333334,1.0,52.557994,-1.4815413333333334
52.557998,-1.4815495555555556,143.35,,3,303.32,25 / 26,270820,2019-11-06 10:46:18:163,4.5518,0.3129,8.9863,-0.1263,0.0275,9.8058,-0.1341,-0.3737,0.0417,-6.62,-35.75,-0.31,127.19,-86.63,23.3,0.0,7.318888888888889,1.0,52.557998,-1.4815495555555556
52.558002,-1.4815577777777778,143.35,,3,303.32,25 / 26,270920,2019-11-06 10:46:18:263,3.0118,-0.8517,9.4436,-0.0156,0.0387,9.8065,-0.0021,-0.2307,0.0494,-6.19,-35.25,-0.31,127.82,-85.94,18.81,0.0,7.464444444444444,1.0,52.558002,-1.4815577777777778
52.558006,-1.481566,143.22,7.61,3,320.5,25 / 25,271020,2019-11-06 10:46:18:363,-2.157,0.9529,9.1865,0.0186,0.0899,9.8062,0.082,0.1226,-0.1637,-6.06,-35.81,0.25,127.82,-85.94,18.81,0.0,7.61,1.0,52.558006,-1.481566
52.5580114,-1.4815730999999999,143.22,,3,320.5,25 / 25,271120,2019-11-06 10:46:18:463,4.7816,-4.1208,9.4576,0.0549,0.0117,9.8065,0.012,0.2326,-0.1913,-6.19,-35.25,0.0,134.11,-85.67,25.2,0.0,7.726,1.0,52.5580114,-1.4815730999999999
52.5580168,-1.4815802,143.22,,3,320.5,25 / 25,271220,2019-11-06 10:46:18:563,2.2739,-0.4874,9.6135,-0.0282,0.0402,9.8065,-0.0607,-0.0781,0.0198,-6.19,-35.75,-0.19,136.36,-85.85,28.97,0.0,7.8420000000000005,1.0,52.5580168,-1.4815802
52.558022199999996,-1.4815873,143.22,,3,320.5,25 / 25,271320,2019-11-06 10:46:18:663,2.6351,2.7262,10.1161,-0.0325,0.0107,9.8065,0.0729,-0.3491,0.1514,-5.69,-35.19,-0.25,135.61,-85.67,27.72,0.0,7.958,1.0,52.558022199999996,-1.4815873
52.558027599999996,-1.4815944,143.22,,3,320.5,25 / 25,271420,2019-11-06 10:46:18:763,1.8539,-1.0103,10.2987,0.0089,-0.076,9.8063,0.0861,-0.0125,0.0685,-5.75,-35.75,0.0,135.61,-85.67,27.72,0.0,8.074,1.0,52.558027599999996,-1.4815944
52.558033,-1.4816015,143.22,,3,320.5,25 / 25,271520,2019-11-06 10:46:18:863,2.0804,-2.6393,9.3301,0.0113,0.0143,9.8066,0.0043,0.1737,-0.1651,-6.31,-35.87,0.06,131.84,-86.02,23.79,0.0,8.19,1.0,52.558033,-1.4816015
52.5580384,-1.4816086,143.22,,3,320.5,25 / 25,271620,2019-11-06 10:46:18:963,3.0213,0.9813,8.8789,0.0217,0.0558,9.8064,-0.0057,0.483,-0.1974,-5.5,-36.0,0.5,146.86,-85.87,29.47,0.0,8.306,1.0,52.5580384,-1.4816086
52.5580438,-1.4816157,143.22,,3,320.5,25 / 25,271720,2019-11-06 10:46:19:063,6.6975,1.6559,8.5777,0.026,0.1106,9.8059,-0.1175,0.2113,-0.0306,-5.31,-35.75,0.31,146.86,-85.87,29.47,0.0,8.422,1.0,52.5580438,-1.4816157
52.5580492,-1.4816228,143.22,,3,320.5,25 / 25,271820,2019-11-06 10:46:19:163,4.1792,0.7232,9.2603,-0.0454,0.0047,9.8065,-0.0352,-0.1348,0.0961,-4.81,-35.19,1.25,151.81,-85.39,35.45,0.0,8.538,1.0,52.5580492,-1.4816228
52.5580546,-1.4816299000000002,143.22,,3,320.5,25 / 25,271920,2019-11-06 10:46:19:263,0.5695,-3.1236,9.7183,-0.0316,0.0087,9.8065,-0.0067,-0.2593,0.2421,-4.69,-35.81,0.56,148.98,-85.1,29.66,0.0,8.654,1.0,52.5580546,-1.4816299000000002
52.55806,-1.481637,143.05,8.77,3,316.19,26 / 26,272020,2019-11-06 10:46:19:363,1.5105,0.2491,9.2707,-0.0287,0.0602,9.8063,0.0552,-0.2025,0.0988,-4.69,-34.94,0.44,148.98,-85.1,29.66,0.0,8.77,1.0,52.55806,-1.481637
52.5580657,-1.4816470000000002,143.05,,3,316.19,26 / 26,272120,2019-11-06 10:46:19:463,1.0359,-0.4593,9.9072,0.038,0.004,9.8065,0.0256,0.4606,-0.243,-4.94,-35.12,0.44,146.44,-84.72,30.07,0.0,8.924,1.0,52.5580657,-1.4816470000000002
52.558071399999996,-1.481657,143.05,,3,316.19,26 / 26,272220,2019-11-06 10:46:19:563,3.0322,2.9891,9.0661,0.0374,0.0167,9.8065,-0.1117,0.5386,-0.2313,-4.19,-35.12,0.88,156.43,-84.87,34.79,0.0,9.078,1.0,52.558071399999996,-1.481657
52.5580771,-1.481667,143.05,,3,316.19,26 / 26,272320,2019-11-06 10:46:19:663,3.3672,3.7244,8.353,0.0606,0.0119,9.8064,0.0532,0.1305,-0.0009,-3.94,-35.0,1.44,158.61,-84.93,38.77,0.0,9.232,1.0,52.5580771,-1.481667
52.5580828,-1.4816770000000001,143.05,,3,316.19,26 / 26,272420,2019-11-06 10:46:19:763,1.473,-0.6842,9.1709,0.0119,-0.0442,9.8065,0.1577,-0.282,0.1157,-3.81,-35.94,1.63,158.61,-84.93,38.77,0.0,9.386,1.0,52.5580828,-1.4816770000000001
52.558088500000004,-1.481687,143.05,,3,316.19,26 / 26,272520,2019-11-06 10:46:19:863,1.1663,-2.973,9.0524,0.0055,0.0159,9.8066,-0.0648,0.1359,0.0467,-3.37,-35.0,1.75,157.9,-85.2,38.42,0.0,9.54,1.0,52.558088500000004,-1.481687
52.5580942,-1.481697,143.05,,3,316.19,26 / 26,272620,2019-11-06 10:46:19:963,0.9858,-1.5396,9.0915,-0.0003,0.041,9.8065,0.0166,0.465,-0.2596,-3.62,-35.44,1.94,165.7,-84.97,39.44,0.0,9.694,1.0,52.5580942,-1.481697
52.5580999,-1.481707,143.05,,3,316.19,26 / 26,272720,2019-11-06 10:46:20:063,2.8335,1.7274,9.3448,0.0041,0.0201,9.8065,-0.1199,0.3824,-0.119,-3.25,-35.37,2.06,165.7,-84.97,39.44,0.0,9.848,1.0,52.5580999,-1.481707
52.558105600000005,-1.4817170000000002,143.05,,3,316.19,26 / 26,272820,2019-11-06 10:46:20:163,3.1688,1.035,9.502,0.0195,-0.0652,9.8063,-0.0189,0.0206,0.0734,-3.31,-35.87,2.56,171.26,-84.87,40.02,0.0,10.002,1.0,52.558105600000005,-1.4817170000000002
52.5581113,-1.481727,143.05,,3,316.19,26 / 26,272919,2019-11-06 10:46:20:262,2.5584,-0.1366,9.8919,0.0205,-0.0182,9.8066,-0.0152,0.0607,-0.0796,-3.31,-35.19,2.88,177.43,-85.26,40.69,0.0,10.156,1.0,52.5581113,-1.481727
52.558117,-1.481737,142.81,10.31,3,308.04,25 / 26,273020,2019-11-06 10:46:20:363,0.4256,-3.1693,9.4892,0.0398,-0.0324,9.8064,-0.1343,0.2678,0.1543,-2.69,-34.94,2.19,172.75,-85.45,43.51,0.0,10.31,1.0,52.558117,-1.481737
52.558122000000004,-1.4817500000000001,142.81,,3,308.04,25 / 26,273120,2019-11-06 10:46:20:463,1.6707,-0.6928,9.5894,0.0084,0.0451,9.8065,-0.0139,0.5736,-0.468,-2.75,-35.5,2.56,172.75,-85.45,43.51,0.0,10.434000000000001,1.0,52.558122000000004,-1.4817500000000001
52.558127,-1.4817630000000002,142.81,,3,308.04,25 / 26,273220,2019-11-06 10:46:20:563,4.9866,1.435,9.6074,0.0044,0.0101,9.8066,-0.0748,0.6357,-0.0463,-2.69,-35.81,2.88,179.7,-85.2,44.49,0.0,10.558,1.0,52.558127,-1.4817630000000002
52.558132,-1.481776,142.81,,3,308.04,25 / 26,273320,2019-11-06 10:46:20:663,4.2753,-1.1586,9.5713,-0.0357,0.0147,9.8066,-0.0666,0.0796,0.2061,-2.44,-35.62,2.56,184.52,-85.11,42.05,0.0,10.682,1.0,52.558132,-1.481776
52.558137,-1.481789,142.81,,3,308.04,25 / 26,273420,2019-11-06 10:46:20:763,1.796,-1.6516,10.5787,0.0098,0.0304,9.8065,0.0832,-0.0976,-0.0602,-2.19,-34.75,2.69,184.52,-85.11,42.05,0.0,10.806000000000001,1.0,52.558137,-1.481789
52.558142000000004,-1.481802,142.81,,3,308.04,25 / 26,273520,2019-11-06 10:46:20:863,2.6749,-2.3254,10.1945,0.0083,0.0072,9.8066,-0.0305,0.0296,0.1621,-2.37,-35.12,3.31,184.77,-84.92,42.53,0.0,10.930000000000001,1.0,52.558142000000004,-1.481802
52.558147,-1.481815,142.81,,3,308.04,25 / 26,273620,2019-11-06 10:46:20:963,4.1589,0.8296,10.0687,0.0104,0.0149,9.8065,-0.097,0.3442,-0.0966,-2.56,-35.12,3.38,179.25,-84.83,43.69,0.0,11.054,1.0,52.558147,-1.481815
52.558152,-1.4818280000000001,142.81,,3,308.04,25 / 26,273719,2019-11-06 10:46:21:062,3.2685,0.8878,10.7445,0.0187,-0.0368,9.8065,-0.0636,0.5797,-0.3368,-2.37,-35.25,3.88,190.99,-85.04,44.93,0.0,11.178,1.0,52.558152,-1.4818280000000001
52.558157,-1.481841,142.81,,3,308.04,25 / 26,273820,2019-11-06 10:46:21:163,0.4586,-1.6507,10.3128,-0.0135,-0.0205,9.8066,-0.0308,0.2087,0.108,-2.5,-34.56,4.25,190.99,-85.04,44.93,0.0,11.302000000000001,1.0,52.558157,-1.481841
52.558161999999996,-1.481854,142.81,,3,308.04,25 / 26,273920,2019-11-06 10:46:21:263,0.0682,-3.3358,9.1243,0.0133,0.0039,9.8065,0.0121,-0.3421,0.1836,-1.94,-34.87,4.38,191.54,-85.15,45.67,0.0,11.426,1.0,52.558161999999996,-1.481854
52.558167,-1.481867,142.53,11.55,3,300.82,24 / 25,274020,2019-11-06 10:46:21:363,2.014,-1.3163,10.072,-0.0133,-0.0083,9.8066,-0.0082,-0.0903,0.2376,-1.44,-34.75,4.81,202.54,-85.05,46.89,0.0,11.55,1.0,52.558167,-1.481867
52.5581727,-1.4818825,142.53,,3,300.82,24 / 25,274120,2019-11-06 10:46:21:463,2.4027,-0.5493,9.3544,-0.0172,-0.0066,9.8066,-0.0032,0.1034,-0.0079,-1.75,-34.62,4.5,202.54,-85.05,46.89,0.0,11.668000000000001,1.0,52.5581727,-1.4818825
52.558178399999996,-1.481898,142.53,,3,300.82,24 / 25,274220,2019-11-06 10:46:21:563,0.6332,-0.5539,9.3238,0.0027,-0.0166,9.8066,0.019,0.1445,-0.1576,-1.44,-35.25,5.31,196.07,-85.14,46.59,0.0,11.786000000000001,1.0,52.558178399999996,-1.481898
52.5581841,-1.4819135,142.53,,3,300.82,24 / 25,274319,2019-11-06 10:46:21:662,2.537,-0.3656,9.4625,0.0323,-0.0409,9.8065,0.0257,0.1552,0.0425,-1.75,-35.37,5.19,198.28,-85.31,49.62,0.0,11.904,1.0,52.5581841,-1.4819135
52.5581898,-1.481929,142.53,,3,300.82,24 / 25,274420,2019-11-06 10:46:21:763,2.0113,-1.2502,9.9369,0.0039,-0.0228,9.8066,-0.0621,0.1583,0.0214,-1.37,-35.69,5.44,205.27,-85.43,50.41,0.0,12.022,1.0,52.5581898,-1.481929
52.558195500000004,-1.4819445,142.53,,3,300.82,24 / 25,274520,2019-11-06 10:46:21:863,0.4767,-0.5636,10.2067,-0.0092,0.0213,9.8066,-0.086,-0.0438,-0.0309,-1.25,-35.25,5.56,205.27,-85.43,50.41,0.0,12.14,1.0,52.558195500000004,-1.4819445
52.5582012,-1.48196,142.53,,3,300.82,24 / 25,274620,2019-11-06 10:46:21:963,1.282,-1.6954,10.5621,-0.0297,-0.0003,9.8065,-0.0193,0.0526,0.0805,-1.62,-35.37,6.06,201.36,-85.34,49.16,0.0,12.258000000000001,1.0,52.5582012,-1.48196
52.5582069,-1.4819755,142.53,,3,300.82,24 / 25,274720,2019-11-06 10:46:22:063,1.5172,-0.7545,9.9483,-0.0492,-0.0266,9.8065,0.0755,0.0029,0.0244,-1.69,-36.0,6.63,202.24,-85.58,46.42,0.0,12.376000000000001,1.0,52.5582069,-1.4819755
52.558212600000004,-1.481991,142.53,,3,300.82,24 / 25,274820,2019-11-06 10:46:22:163,5.0051,0.8807,8.878,-0.0096,-0.029,9.8066,-0.0789,0.276,-0.0058,-2.0,-35.31,6.31,202.24,-85.58,46.42,0.0,12.494,1.0,52.558212600000004,-1.481991
52.5582183,-1.4820065,142.53,,3,300.82,24 / 25,274920,2019-11-06 10:46:22:263,4.7567,-1.485,9.2352,0.0776,-0.0017,9.8063,-0.0953,-0.2096,0.3915,-2.0,-35.56,6.69,199.17,-86.19,44.51,0.0,12.612,1.0,52.5582183,-1.4820065
52.558224,-1.482022,142.2,12.73,3,296.58,23 / 24,275020,2019-11-06 10:46:22:363,1.3553,-2.1982,10.7696,0.0864,-0.0179,9.8062,0.1776,0.4226,-0.4037,-1.87,-35.25,5.88,204.59,-86.09,52.02,0.0,12.73,1.0,52.558224,-1.482022
52.5582293,-1.4820398,142.2,,3,296.58,23 / 24,275120,2019-11-06 10:46:22:463,4.9414,0.6614,10.7319,0.0263,0.0333,9.8065,-0.0476,0.3996,-0.2415,-1.37,-35.56,5.88,204.59,-86.09,52.02,0.0,12.789,1.0,52.5582293,-1.4820398
52.5582346,-1.4820575999999999,142.2,,3,296.58,23 / 24,275220,2019-11-06 10:46:22:563,1.0693,-2.4585,11.5242,0.0091,-0.0767,9.8063,-0.2141,0.1938,0.1719,-1.69,-35.0,5.94,213.38,-85.85,52.83,0.0,12.848,1.0,52.5582346,-1.4820575999999999
52.558239900000004,-1.4820754,142.2,,3,296.58,23 / 24,275320,2019-11-06 10:46:22:663,2.3489,-0.3359,11.3929,0.0171,-0.0225,9.8065,0.1186,0.1928,-0.1238,-1.19,-35.25,6.13,215.07,-86.18,57.2,0.0,12.907,1.0,52.558239900000004,-1.4820754
52.5582452,-1.4820932,142.2,,3,296.58,23 / 24,275420,2019-11-06 10:46:22:763,1.5421,-0.7596,11.4146,0.0279,-0.0193,9.8065,-0.105,-0.0256,0.0334,-1.62,-35.69,5.94,210.63,-86.17,60.18,0.0,12.966000000000001,1.0,52.5582452,-1.4820932
52.5582505,-1.482111,142.2,,3,296.58,23 / 24,275520,2019-11-06 10:46:22:863,0.2245,-1.0872,10.0352,0.0039,-0.0189,9.8066,-0.0208,-0.1237,0.1289,-1.37,-35.94,6.44,210.63,-86.17,60.18,0.0,13.025,1.0,52.5582505,-1.482111
52.5582558,-1.4821288,142.2,,3,296.58,23 / 24,275619,2019-11-06 10:46:22:962,-0.673,-1.3131,9.2695,-0.0157,0.0066,9.8066,-0.015,0.0057,0.0049,-1.0,-35.69,6.44,221.02,-86.26,61.34,0.0,13.084,1.0,52.5582558,-1.4821288
52.558261099999996,-1.4821465999999999,142.2,,3,296.58,23 / 24,275720,2019-11-06 10:46:23:063,0.0127,-0.7437,8.8095,-0.0059,0.0239,9.8066,-0.0317,0.2117,-0.1183,-1.25,-35.5,5.88,216.07,-86.26,58.27,0.0,13.143,1.0,52.558261099999996,-1.4821465999999999
52.5582664,-1.4821644,142.2,,3,296.58,23 / 24,275820,2019-11-06 10:46:23:163,0.4249,-0.4798,9.4323,-0.0047,0.0121,9.8066,-0.0906,0.0972,0.0619,-1.37,-35.44,6.5,216.07,-86.26,58.27,0.0,13.202,1.0,52.5582664,-1.4821644
52.5582717,-1.4821822,142.2,,3,296.58,23 / 24,275920,2019-11-06 10:46:23:263,-0.6395,-0.9368,10.2319,-0.0059,-0.0122,9.8066,0.0151,-0.0726,-0.0294,-0.94,-35.44,5.75,217.69,-86.21,57.3,0.0,13.261000000000001,1.0,52.5582717,-1.4821822
52.558277,-1.4822,141.97,13.32,3,295.21,25 / 26,276021,2019-11-06 10:46:23:364,-2.0775,-0.1748,10.0154,-0.0245,0.0024,9.8066,-0.0299,-0.1789,0.085,-1.5,-35.31,6.69,217.79,-86.38,56.93,0.0,13.32,1.0,52.558277,-1.4822
52.558282299999995,-1.4822196,141.97,,3,295.21,25 / 26,276120,2019-11-06 10:46:23:463,-0.2039,-0.7624,10.3379,-0.0175,-0.0036,9.8066,0.0516,-0.0981,-0.0318,-1.31,-35.25,7.19,217.11,-86.45,55.84,0.0,13.398,1.0,52.558282299999995,-1.4822196
52.5582876,-1.4822392,141.97,,3,295.21,25 / 26,276220,2019-11-06 10:46:23:563,1.4745,-2.2087,10.4269,-0.0126,-0.0292,9.8066,-0.103,0.0327,0.0893,-1.06,-35.56,7.06,217.11,-86.45,55.84,0.0,13.476,1.0,52.5582876,-1.4822392
52.5582929,-1.4822587999999999,141.97,,3,295.21,25 / 26,276320,2019-11-06 10:46:23:663,1.6246,-2.5125,10.1052,0.0148,-0.0195,9.8066,0.1563,0.1278,-0.1522,-1.81,-36.25,6.44,211.87,-86.63,56.59,0.0,13.554,1.0,52.5582929,-1.4822587999999999
52.558298199999996,-1.4822784,141.97,,3,295.21,25 / 26,276420,2019-11-06 10:46:23:763,-0.4392,-1.1258,10.4805,0.0243,-0.0255,9.8065,-0.0133,0.0387,-0.0124,-1.25,-35.5,6.06,218.61,-86.68,60.03,0.0,13.632,1.0,52.558298199999996,-1.4822784
52.558303499999994,-1.4822980000000001,141.97,,3,295.21,25 / 26,276520,2019-11-06 10:46:23:863,-0.0273,-1.4108,10.5571,-0.0091,-0.0082,9.8066,0.0988,-0.1405,0.0094,-2.0,-35.81,6.19,218.61,-86.68,60.03,0.0,13.709999999999999,1.0,52.558303499999994,-1.4822980000000001
52.5583088,-1.4823176,141.97,,3,295.21,25 / 26,276620,2019-11-06 10:46:23:963,1.0233,-0.8442,10.4422,-0.0053,-0.011,9.8066,-0.0483,-0.0769,0.0736,-1.37,-35.69,6.13,211.67,-86.75,59.82,0.0,13.788,1.0,52.5583088,-1.4823176
52.5583141,-1.4823372,141.97,,3,295.21,25 / 26,276719,2019-11-06 10:46:24:062,0.0723,0.2667,10.1537,0.0057,-0.015,9.8066,0.065,-0.028,-0.023,-1.5,-35.25,6.56,221.41,-86.82,59.96,0.0,13.866,1.0,52.5583141,-1.4823372
52.558319399999995,-1.4823568,141.97,,3,295.21,25 / 26,276820,2019-11-06 10:46:24:163,-0.451,-0.0099,9.2187,-0.0024,-0.0044,9.8066,-0.0504,0.0316,0.0164,-1.75,-35.37,6.13,214.0,-86.86,62.17,0.0,13.943999999999999,1.0,52.558319399999995,-1.4823568
52.5583247,-1.4823764000000001,141.97,,3,295.21,25 / 26,276921,2019-11-06 10:46:24:264,-1.2459,-0.3335,9.6639,0.015,-0.016,9.8066,-0.0041,-0.0124,-0.0246,-1.94,-34.94,6.19,214.0,-86.86,62.17,0.0,14.022,1.0,52.5583247,-1.4823764000000001
52.55833,-1.482396,141.7,14.1,3,295.69,23 / 23,277020,2019-11-06 10:46:24:363,0.5097,0.7114,9.1164,0.0052,0.0065,9.8066,-0.0576,-0.0496,0.0437,-1.0,-35.19,6.63,215.92,-86.85,64.58,0.0,14.1,1.0,52.55833,-1.482396
52.558336,-1.482416,141.7,,3,295.69,23 / 23,277120,2019-11-06 10:46:24:463,0.0519,0.2747,9.7397,-0.0129,0.0195,9.8065,-0.0943,0.0352,-0.0057,-2.0,-35.12,6.44,213.96,-86.8,62.29,0.0,14.105,1.0,52.558336,-1.482416
52.558341999999996,-1.482436,141.7,,3,295.69,23 / 23,277220,2019-11-06 10:46:24:563,-0.3402,0.73,9.9084,-0.0186,0.026,9.8065,0.003,-0.0086,-0.0081,-1.69,-35.75,5.75,213.96,-86.8,62.29,0.0,14.11,1.0,52.558341999999996,-1.482436
52.558348,-1.482456,141.7,,3,295.69,23 / 23,277320,2019-11-06 10:46:24:663,0.4459,-0.0714,10.3535,0.0001,-0.0326,9.8066,0.0381,-0.0358,0.0752,-1.37,-35.25,6.06,211.37,-86.73,59.22,0.0,14.115,1.0,52.558348,-1.482456
52.558354,-1.4824760000000001,141.7,,3,295.69,23 / 23,277420,2019-11-06 10:46:24:763,-0.201,-0.8006,10.5998,0.0149,-0.0384,9.8065,0.0764,-0.0145,0.0043,-1.56,-35.19,6.06,213.2,-86.89,61.05,0.0,14.12,1.0,52.558354,-1.4824760000000001
52.55836,-1.482496,141.7,,3,295.69,23 / 23,277520,2019-11-06 10:46:24:863,-0.0702,-0.2213,10.4803,0.0205,-0.0756,9.8063,-0.0675,0.0322,-0.01,-1.81,-35.19,6.06,219.6,-87.18,68.02,0.0,14.125,1.0,52.55836,-1.482496
52.558366,-1.482516,141.7,,3,295.69,23 / 23,277620,2019-11-06 10:46:24:963,1.536,-0.6233,9.7179,-0.0105,0.0249,9.8065,-0.0443,0.1323,-0.0521,-1.87,-35.56,6.06,219.6,-87.18,68.02,0.0,14.13,1.0,52.558366,-1.482516
52.558372,-1.482536,141.7,,3,295.69,23 / 23,277720,2019-11-06 10:46:25:063,1.0355,0.5115,9.5268,-0.0005,-0.0001,9.8066,0.0401,0.0398,-0.0484,-1.44,-35.75,6.13,223.84,-87.1,65.25,0.0,14.135,1.0,52.558372,-1.482536
52.558378000000005,-1.482556,141.7,,3,295.69,23 / 23,277820,2019-11-06 10:46:25:163,0.0693,0.1245,9.7001,-0.006,-0.0105,9.8066,-0.0722,-0.0355,0.0649,-1.37,-34.94,6.63,226.26,-87.09,64.83,0.0,14.14,1.0,52.558378000000005,-1.482556
52.558384000000004,-1.4825760000000001,141.7,,3,295.69,23 / 23,277920,2019-11-06 10:46:25:263,-0.7334,0.5099,10.0817,-0.0104,-0.027,9.8065,0.0346,-0.02,0.0103,-1.62,-35.0,6.38,226.26,-87.09,64.83,0.0,14.145,1.0,52.558384000000004,-1.4825760000000001
52.55839,-1.482596,141.37,14.15,3,294.94,24 / 25,278020,2019-11-06 10:46:25:363,-0.332,0.0313,10.0564,0.0158,-0.0239,9.8066,0.0712,0.0449,-0.0507,-2.0,-35.5,6.0,218.39,-87.24,66.33,0.0,14.15,1.0,52.55839,-1.482596
52.5583955,-1.4826151,141.37,,3,294.94,24 / 25,278120,2019-11-06 10:46:25:463,0.0023,0.1843,9.907,0.0115,-0.0095,9.8066,-0.0108,0.0168,0.0195,-1.69,-35.56,6.75,227.71,-87.31,73.5,0.0,14.117,1.0,52.5583955,-1.4826151
52.558401,-1.4826342000000001,141.37,,3,294.94,24 / 25,278220,2019-11-06 10:46:25:563,-0.8881,0.3382,9.6671,0.0052,0.0004,9.8066,0.0143,0.026,-0.0406,-1.56,-35.44,6.56,229.59,-87.25,75.61,0.0,14.084,1.0,52.558401,-1.4826342000000001
52.558406500000004,-1.4826533,141.37,,3,294.94,24 / 25,278320,2019-11-06 10:46:25:663,-0.1322,-0.4511,9.7164,0.0204,-0.0089,9.8065,0.0659,-0.062,-0.0149,-1.37,-35.31,6.25,229.59,-87.25,75.61,0.0,14.051,1.0,52.558406500000004,-1.4826533
52.558412000000004,-1.4826724,141.37,,3,294.94,24 / 25,278420,2019-11-06 10:46:25:763,0.0703,1.1593,10.2152,0.0074,-0.0123,9.8066,0.0036,-0.1252,0.1133,-1.06,-35.5,5.69,234.81,-87.21,77.88,0.0,14.018,1.0,52.558412000000004,-1.4826724
52.5584175,-1.4826915,141.37,,3,294.94,24 / 25,278520,2019-11-06 10:46:25:863,0.9519,1.3723,10.5526,0.0119,-0.005,9.8066,-0.0843,0.0458,0.0475,-1.5,-35.12,6.81,241.04,-87.21,81.33,0.0,13.985,1.0,52.5584175,-1.4826915
52.558423,-1.4827106,141.37,,3,294.94,24 / 25,278620,2019-11-06 10:46:25:963,0.2027,-0.2615,10.0499,0.014,-0.0109,9.8066,0.022,0.0397,-0.0517,-1.31,-35.31,6.44,241.04,-87.21,81.33,0.0,13.952,1.0,52.558423,-1.4827106
52.5584285,-1.4827297000000002,141.37,,3,294.94,24 / 25,278720,2019-11-06 10:46:26:063,-0.3873,0.1715,9.5061,-0.0162,0.003,9.8065,-0.0291,-0.0409,0.0336,-1.87,-36.0,6.69,232.34,-87.17,83.26,0.0,13.919,1.0,52.5584285,-1.4827297000000002
52.558434,-1.4827488,141.37,,3,294.94,24 / 25,278820,2019-11-06 10:46:26:163,-0.4975,-0.3307,9.0708,-0.0292,0.0109,9.8066,-0.0975,-0.0707,0.0759,-2.12,-36.0,6.44,229.85,-87.22,80.43,0.0,13.886000000000001,1.0,52.558434,-1.4827488
52.5584395,-1.4827679,141.37,,3,294.94,24 / 25,278920,2019-11-06 10:46:26:263,-0.674,0.1003,9.4509,-0.0405,0.0182,9.8065,-0.0193,0.0234,-0.0062,-2.12,-36.0,6.31,225.99,-87.32,75.41,0.0,13.853,1.0,52.5584395,-1.4827679
52.558445,-1.482787,141.07,13.82,3,294.73,22 / 23,279020,2019-11-06 10:46:26:363,-1.0812,0.4815,9.2302,0.019,-0.0101,9.8066,0.0901,0.0274,-0.0583,-1.56,-35.69,6.25,225.99,-87.32,75.41,0.0,13.82,1.0,52.558445,-1.482787
52.55845,-1.4828056,141.07,,3,294.73,22 / 23,279120,2019-11-06 10:46:26:463,0.3092,-0.5377,9.6403,0.0081,-0.0041,9.8066,0.0497,0.065,-0.0483,-1.69,-35.5,6.13,238.93,-87.26,79.06,0.0,13.789,1.0,52.55845,-1.4828056
52.558455,-1.4828242,141.07,,3,294.73,22 / 23,279219,2019-11-06 10:46:26:562,0.7683,-0.3103,10.0936,-0.0093,-0.0079,9.8066,0.0314,0.0593,-0.0528,-2.5,-35.75,6.06,228.63,-87.21,79.06,0.0,13.758000000000001,1.0,52.558455,-1.4828242
52.55846,-1.4828428,141.07,,3,294.73,22 / 23,279319,2019-11-06 10:46:26:662,0.9346,0.116,9.8498,-0.0107,-0.0059,9.8066,-0.0147,0.0251,-0.026,-2.25,-35.87,6.75,228.63,-87.21,79.06,0.0,13.727,1.0,52.55846,-1.4828428
52.558465,-1.4828614,141.07,,3,294.73,22 / 23,279421,2019-11-06 10:46:26:764,0.5973,-0.5461,9.6189,-0.0115,-0.002,9.8066,-0.0508,-0.0984,0.0995,-1.75,-35.25,6.5,228.9,-87.28,78.74,0.0,13.696,1.0,52.558465,-1.4828614
52.55847,-1.4828800000000002,141.07,,3,294.73,22 / 23,279520,2019-11-06 10:46:26:863,-0.973,-0.6363,9.3046,-0.0144,0.0081,9.8066,0.0158,0.1243,-0.0927,-1.75,-35.62,6.81,230.07,-87.34,76.12,0.0,13.665000000000001,1.0,52.55847,-1.4828800000000002
52.558475,-1.4828986000000002,141.07,,3,294.73,22 / 23,279620,2019-11-06 10:46:26:963,-1.6273,0.034,9.8546,-0.0066,0.0022,9.8066,0.0585,0.1168,-0.0921,-1.44,-36.25,6.69,236.05,-87.36,75.37,0.0,13.634,1.0,52.558475,-1.4828986000000002
52.55848,-1.4829172000000002,141.07,,3,294.73,22 / 23,279720,2019-11-06 10:46:27:063,-0.3883,1.0093,9.4953,0.0345,-0.0303,9.8065,0.0046,0.0023,0.0107,-1.87,-36.25,6.5,236.05,-87.36,75.37,0.0,13.603,1.0,52.55848,-1.4829172000000002
52.558485,-1.4829358000000001,141.07,,3,294.73,22 / 23,279820,2019-11-06 10:46:27:163,0.7148,1.3006,9.8169,0.0293,-0.0162,9.8065,-0.0226,-0.1162,0.0771,-1.44,-36.0,6.5,230.42,-87.28,80.84,0.0,13.572,1.0,52.558485,-1.4829358000000001
52.55849,-1.4829544000000001,141.07,,3,294.73,22 / 23,279920,2019-11-06 10:46:27:263,0.6403,1.2071,9.8374,0.0247,-0.0144,9.8066,-0.0296,0.1647,-0.0937,-1.62,-35.62,6.13,232.94,-87.22,84.07,0.0,13.541,1.0,52.55849,-1.4829544000000001
52.558495,-1.482973,140.79,13.51,3,294.59,24 / 25,280021,2019-11-06 10:46:27:364,-0.4001,0.888,9.2954,0.0034,-0.0081,9.8066,0.0273,0.1598,-0.0553,-1.94,-35.44,6.19,232.94,-87.22,84.07,0.0,13.51,1.0,52.558495,-1.482973
52.5584999,-1.4829913000000001,140.79,,3,294.59,24 / 25,280120,2019-11-06 10:46:27:463,-1.5482,0.2033,9.3574,0.0149,-0.0287,9.8065,0.0766,0.0311,-0.085,-1.56,-35.5,6.44,234.18,-87.23,85.11,0.0,13.465,1.0,52.5584999,-1.4829913000000001
52.5585048,-1.4830096000000001,140.79,,3,294.59,24 / 25,280219,2019-11-06 10:46:27:562,-2.0487,-0.2914,9.3216,0.0079,-0.0077,9.8066,-0.0478,-0.171,0.1823,-1.87,-35.81,6.0,237.32,-87.25,89.01,0.0,13.42,1.0,52.5585048,-1.4830096000000001
52.5585097,-1.4830279,140.79,,3,294.59,24 / 25,280319,2019-11-06 10:46:27:662,0.1795,-0.6602,9.3481,0.0077,0.0023,9.8066,0.0345,0.0861,-0.0759,-1.5,-36.62,6.63,247.54,-87.21,89.28,0.0,13.375,1.0,52.5585097,-1.4830279
52.5585146,-1.4830462,140.79,,3,294.59,24 / 25,280419,2019-11-06 10:46:27:762,1.0355,0.1443,9.3204,-0.0244,0.0276,9.8065,-0.0764,0.1416,-0.0617,-1.81,-36.5,6.94,247.54,-87.21,89.28,0.0,13.33,1.0,52.5585146,-1.4830462
52.558519499999996,-1.4830645,140.79,,3,294.59,24 / 25,280520,2019-11-06 10:46:27:863,0.9311,0.9533,9.4916,-0.0106,0.0031,9.8066,0.005,0.0779,-0.0252,-1.25,-36.19,6.69,237.32,-87.27,85.0,0.0,13.285,1.0,52.558519499999996,-1.4830645
52.558524399999996,-1.4830828,140.79,,3,294.59,24 / 25,280620,2019-11-06 10:46:27:963,-1.7112,-0.2565,9.4126,-0.0206,0.0035,9.8065,0.0118,-0.1461,0.0417,-1.37,-36.5,6.94,243.27,-87.37,83.42,0.0,13.24,1.0,52.558524399999996,-1.4830828
52.5585293,-1.4831011,140.79,,3,294.59,24 / 25,280720,2019-11-06 10:46:28:063,-2.7973,-0.931,9.5623,-0.0301,0.0352,9.8065,-0.0703,-0.0519,0.0736,-1.12,-35.94,6.63,243.27,-87.37,83.42,0.0,13.195,1.0,52.5585293,-1.4831011
52.5585342,-1.4831193999999999,140.79,,3,294.59,24 / 25,280820,2019-11-06 10:46:28:163,-1.7531,0.2222,9.7315,0.0101,0.0279,9.8066,-0.014,0.2869,-0.1943,-1.37,-35.56,6.75,238.24,-87.42,77.57,0.0,13.15,1.0,52.5585342,-1.4831193999999999
52.5585391,-1.4831377,140.79,,3,294.59,24 / 25,280920,2019-11-06 10:46:28:263,2.141,1.6717,9.9848,0.0149,-0.0082,9.8066,-0.0017,0.3379,-0.1978,-1.87,-35.25,6.88,229.27,-87.22,75.36,0.0,13.105,1.0,52.5585391,-1.4831377
52.558544,-1.483156,140.56,13.06,3,294.08,22 / 25,281020,2019-11-06 10:46:28:363,1.8451,1.71,9.8422,0.0165,-0.0294,9.8066,0.0153,0.0192,-0.0415,-2.0,-34.5,6.5,229.27,-87.22,75.36,0.0,13.06,1.0,52.558544,-1.483156
52.558549,-1.4831727,140.56,,3,294.08,22 / 25,281120,2019-11-06 10:46:28:463,2.643,2.0561,9.0929,0.0052,0.0275,9.8066,0.0257,-0.437,0.2122,-2.12,-35.37,5.06,229.38,-87.26,79.4,0.0,12.84,1.0,52.558549,-1.4831727
52.558554,-1.4831893999999999,140.56,,3,294.08,22 / 25,281220,2019-11-06 10:46:28:563,-1.5659,0.6138,9.5614,-0.021,-0.0062,9.8066,-0.0338,-0.1071,0.0967,-1.81,-35.94,4.44,214.56,-87.26,73.68,0.0,12.620000000000001,1.0,52.558554,-1.4831893999999999
52.558558999999995,-1.4832060999999999,140.56,,3,294.08,22 / 25,281320,2019-11-06 10:46:28:663,-3.9516,-0.6391,9.696,-0.0378,-0.0064,9.8065,-0.1107,0.3056,-0.1207,-1.44,-37.75,4.25,220.46,-87.42,70.12,0.0,12.4,1.0,52.558558999999995,-1.4832060999999999
52.558564,-1.4832227999999998,140.56,,3,294.08,22 / 25,281420,2019-11-06 10:46:28:763,-2.4603,0.7289,10.0207,0.0005,0.0569,9.8064,-0.0707,0.4002,-0.2313,-1.56,-37.69,5.0,220.46,-87.42,70.12,0.0,12.18,1.0,52.558564,-1.4832227999999998
52.558569,-1.4832395,140.56,,3,294.08,22 / 25,281520,2019-11-06 10:46:28:863,0.4857,3.7988,10.4569,0.0235,-0.0239,9.8065,0.0509,-0.2006,0.0989,-1.75,-37.19,5.13,214.81,-87.06,68.2,0.0,11.959999999999999,1.0,52.558569,-1.4832395
52.558574,-1.4832562,140.56,,3,294.08,22 / 25,281620,2019-11-06 10:46:28:963,-0.0687,2.7933,10.2273,0.0205,-0.0541,9.8064,0.0933,-0.3719,0.1776,-1.87,-36.19,5.25,220.21,-87.24,73.99,0.0,11.74,1.0,52.558574,-1.4832562
52.558579,-1.4832729,140.56,,3,294.08,22 / 25,281720,2019-11-06 10:46:29:063,-3.1052,0.8491,9.5952,-0.018,-0.0201,9.8066,-0.021,-0.2491,0.1187,-1.81,-36.44,5.38,220.21,-87.24,73.99,0.0,11.52,1.0,52.558579,-1.4832729
52.558583999999996,-1.4832896,140.56,,3,294.08,22 / 25,281820,2019-11-06 10:46:29:163,-4.2854,1.7243,9.5632,-0.0161,0.0126,9.8066,0.021,0.0193,0.0032,-2.56,-38.19,4.44,220.43,-87.39,73.9,0.0,11.299999999999999,1.0,52.558583999999996,-1.4832896
52.558589,-1.4833063,140.56,,3,294.08,22 / 25,281921,2019-11-06 10:46:29:264,-4.2376,2.007,9.7758,-0.0378,0.0089,9.8065,-0.0008,0.0883,-0.0423,-2.44,-39.25,4.88,216.6,-87.49,69.28,0.0,11.08,1.0,52.558589,-1.4833063
52.558594,-1.483323,140.36,10.86,3,296.2,23 / 24,282020,2019-11-06 10:46:29:363,-0.778,4.0304,9.1959,-0.0011,0.0007,9.8066,-0.0799,-0.1733,-0.0079,-2.75,-40.0,5.81,216.6,-87.49,69.28,0.0,10.86,1.0,52.558594,-1.483323
52.5585982,-1.4833359,140.36,,3,296.2,23 / 24,282120,2019-11-06 10:46:29:463,-3.0958,2.2321,9.2596,-0.0393,-0.0192,9.8065,0.0954,-0.4176,0.143,-3.5,-39.19,8.31,217.82,-87.49,69.11,0.0,10.584999999999999,1.0,52.5585982,-1.4833359
52.5586024,-1.4833488,140.36,,3,296.2,23 / 24,282219,2019-11-06 10:46:29:562,-4.3718,1.77,10.3598,-0.0236,-0.001,9.8065,0.0032,-0.2997,0.1417,-3.5,-37.62,8.75,221.77,-87.72,66.29,0.0,10.309999999999999,1.0,52.5586024,-1.4833488
52.5586066,-1.4833617,140.36,,3,296.2,23 / 24,282320,2019-11-06 10:46:29:663,-4.8586,2.6236,10.7893,-0.0111,0.0254,9.8066,0.0084,0.0605,-0.1585,-3.25,-34.94,7.25,213.53,-87.64,62.7,0.0,10.035,1.0,52.5586066,-1.4833617
52.5586108,-1.4833745999999999,140.36,,3,296.2,23 / 24,282419,2019-11-06 10:46:29:762,-1.4434,1.5752,10.015,0.047,-0.0203,9.8065,0.0798,-0.0712,-0.0941,-3.12,-34.5,6.56,213.53,-87.64,62.7,0.0,9.76,1.0,52.5586108,-1.4833745999999999
52.558615,-1.4833874999999999,140.36,,3,296.2,23 / 24,282519,2019-11-06 10:46:29:862,-1.1796,1.7106,9.7805,0.0005,-0.0152,9.8066,0.0619,-0.1938,-0.0032,-3.06,-35.06,5.31,211.17,-87.57,69.67,0.0,9.485,1.0,52.558615,-1.4833874999999999
52.5586192,-1.4834004,140.36,,3,296.2,23 / 24,282619,2019-11-06 10:46:29:962,-3.9096,0.0319,9.5435,-0.0268,0.019,9.8065,-0.087,-0.2741,0.1064,-3.19,-35.31,4.81,211.62,-87.8,69.5,0.0,9.209999999999999,1.0,52.5586192,-1.4834004
52.5586234,-1.4834133,140.36,,3,296.2,23 / 24,282721,2019-11-06 10:46:30:064,-3.8802,0.8551,9.5729,-0.0717,0.0828,9.806,-0.0056,-0.3796,0.017,-3.5,-36.25,4.06,211.62,-87.8,69.5,0.0,8.934999999999999,1.0,52.5586234,-1.4834133
52.5586276,-1.4834262,140.36,,3,296.2,23 / 24,282820,2019-11-06 10:46:30:163,-3.1653,1.6878,10.1512,-0.0087,0.0196,9.8066,-0.0065,-0.2164,0.0347,-4.12,-35.81,3.19,188.0,-87.53,55.17,0.0,8.66,1.0,52.5586276,-1.4834262
52.5586318,-1.4834391,140.36,,3,296.2,23 / 24,282920,2019-11-06 10:46:30:263,-2.175,-0.8229,9.6388,-0.009,-0.0151,9.8066,-0.0047,-0.208,-0.0141,-4.0,-36.31,3.44,179.37,-87.5,52.3,0.0,8.385,1.0,52.5586318,-1.4834391
52.558636,-1.483452,140.2,8.11,3,305.68,23 / 25,283020,2019-11-06 10:46:30:363,-2.4102,-1.221,9.8539,-0.0074,-0.0455,9.8065,0.0035,-0.2476,-0.0096,-4.44,-35.62,3.0,179.37,-87.5,52.3,0.0,8.11,1.0,52.558636,-1.483452
52.5586414,-1.4834603,140.2,,3,305.68,23 / 25,283120,2019-11-06 10:46:30:463,-2.3835,-2.3891,9.8431,-0.0332,-0.0767,9.8062,-0.0412,-0.2962,0.0224,-5.0,-36.0,3.69,173.58,-87.76,51.12,0.0,8.003,1.0,52.5586414,-1.4834603
52.5586468,-1.4834686,140.2,,3,305.68,23 / 25,283220,2019-11-06 10:46:30:563,-3.4521,-1.9875,9.9921,-0.0455,-0.0762,9.8062,0.0191,-0.2453,-0.0653,-5.69,-35.56,2.56,161.12,-88.15,41.35,0.0,7.896,1.0,52.5586468,-1.4834686
52.5586522,-1.4834769,140.2,,3,305.68,23 / 25,283320,2019-11-06 10:46:30:663,-3.5362,-2.9001,10.0982,0.0083,-0.0468,9.8065,0.0811,-0.2936,-0.0598,-5.56,-36.0,1.56,152.39,-88.42,39.8,0.0,7.789,1.0,52.5586522,-1.4834769
52.5586576,-1.4834852,140.2,,3,305.68,23 / 25,283420,2019-11-06 10:46:30:763,-2.3828,-3.4302,9.1348,0.0087,-0.0517,9.8064,-0.0102,-0.437,0.0583,-6.12,-35.81,1.63,152.39,-88.42,39.8,0.0,7.6819999999999995,1.0,52.5586576,-1.4834852
52.558663,-1.4834935,140.2,,3,305.68,23 / 25,283521,2019-11-06 10:46:30:864,-2.0178,-4.3642,8.6123,-0.0166,-0.0305,9.8065,-0.0239,-0.5102,0.0954,-7.19,-36.19,1.0,138.08,-88.71,35.57,0.0,7.574999999999999,1.0,52.558663,-1.4834935
52.5586684,-1.4835018,140.2,,3,305.68,23 / 25,283619,2019-11-06 10:46:30:962,-2.3002,-2.4719,9.2589,-0.1101,-0.0246,9.8059,-0.1347,-0.634,0.1487,-8.12,-37.06,0.06,113.22,-88.29,15.94,0.0,7.468,1.0,52.5586684,-1.4835018
52.5586738,-1.4835101,140.2,,3,305.68,23 / 25,283719,2019-11-06 10:46:31:062,-3.4807,-4.7988,10.0937,-0.1191,-0.0874,9.8055,-0.0819,-0.461,0.0567,-9.0,-36.81,0.0,113.22,-88.29,15.94,0.0,7.361,1.0,52.5586738,-1.4835101
52.5586792,-1.4835184000000001,140.2,,3,305.68,23 / 25,283819,2019-11-06 10:46:31:162,-2.8761,-3.7555,10.2409,-0.0245,-0.0424,9.8065,0.0623,-0.461,-0.1307,-10.06,-36.12,-0.75,95.93,-87.73,-3.15,0.0,7.254,1.0,52.5586792,-1.4835184000000001
52.5586846,-1.4835267,140.2,,3,305.68,23 / 25,283919,2019-11-06 10:46:31:262,-1.1556,-6.0654,10.2573,0.074,-0.0731,9.8061,0.1432,-0.7396,0.1763,-11.19,-36.06,-1.19,76.96,-87.63,-15.4,0.0,7.147,1.0,52.5586846,-1.4835267
52.55869,-1.483535,140.01,7.04,4,331.97,24 / 25,284020,2019-11-06 10:46:31:363,-1.0465,-4.0855,10.1555,0.1532,-0.1015,9.8049,0.1069,-0.7226,0.0316,-11.69,-36.81,-1.69,76.96,-87.63,-15.4,0.0,7.04,1.0,52.55869,-1.483535
52.558696,-1.4835373,140.01,,4,331.97,24 / 25,284120,2019-11-06 10:46:31:463,-0.309,-4.7863,9.6471,0.0457,-0.014,9.8065,0.0115,-0.6924,0.0427,-12.94,-37.44,-1.75,34.52,-88.55,-53.05,0.0,6.967,1.0,52.558696,-1.4835373
52.558702,-1.4835396,140.01,,4,331.97,24 / 25,284220,2019-11-06 10:46:31:563,-0.7405,-4.6659,9.6716,-0.007,-0.0002,9.8066,-0.0252,-0.7367,-0.002,-13.81,-37.12,-2.19,15.29,-88.56,-67.58,0.0,6.894,1.0,52.558702,-1.4835396
52.558708,-1.4835419,140.01,,4,331.97,24 / 25,284320,2019-11-06 10:46:31:663,-1.5675,-5.1942,10.689,-0.0257,-0.0003,9.8066,-0.0045,-0.7618,-0.01,-15.12,-37.12,-2.44,21.72,-88.51,-62.04,0.0,6.821,1.0,52.558708,-1.4835419
52.558714,-1.4835442,140.01,,4,331.97,24 / 25,284420,2019-11-06 10:46:31:763,-1.6465,-4.425,9.917,-0.0145,-0.0072,9.8065,-0.0245,-0.7538,-0.0423,-16.19,-37.62,-2.94,21.72,-88.51,-62.04,0.0,6.748,1.0,52.558714,-1.4835442
52.55872,-1.4835464999999999,140.01,,4,331.97,24 / 25,284520,2019-11-06 10:46:31:863,-1.8967,-5.29,9.8463,0.0296,0.0145,9.8065,-0.0078,-0.7296,0.0291,-16.06,-37.56,-3.37,17.9,-88.57,-62.52,0.0,6.675,1.0,52.55872,-1.4835464999999999
52.558726,-1.4835488,140.01,,4,331.97,24 / 25,284620,2019-11-06 10:46:31:963,-0.3763,-5.4031,10.2027,0.0552,0.0172,9.8064,0.0275,-0.686,-0.0546,-18.0,-36.62,-3.81,2.52,-88.73,-75.07,0.0,6.601999999999999,1.0,52.558726,-1.4835488
52.558732,-1.4835511,140.01,,4,331.97,24 / 25,284720,2019-11-06 10:46:32:063,-0.4967,-4.0768,9.5193,0.0699,0.0379,9.8063,0.074,-0.6622,-0.0782,-18.69,-36.5,-3.69,2.52,-88.73,-75.07,0.0,6.529,1.0,52.558732,-1.4835511
52.558738000000005,-1.4835534,140.01,,4,331.97,24 / 25,284820,2019-11-06 10:46:32:163,-0.8442,-3.1768,9.5825,0.0283,0.0284,9.8065,0.0224,-0.6606,-0.0653,-19.87,-36.75,-3.25,341.26,-88.89,-96.19,0.0,6.4559999999999995,1.0,52.558738000000005,-1.4835534
52.558744000000004,-1.4835557,140.01,,4,331.97,24 / 25,284920,2019-11-06 10:46:32:263,-0.1364,-3.712,10.119,0.0359,0.0202,9.8065,-0.0369,-0.6778,-0.0152,-20.69,-37.0,-3.81,329.5,-88.91,-108.76,0.0,6.383,1.0,52.558744000000004,-1.4835557
52.55875,-1.483558,139.87,6.31,4,11.92,24 / 26,285020,2019-11-06 10:46:32:363,-0.1293,-2.5137,9.999,-0.0144,0.0099,9.8066,-0.0648,-0.5537,-0.0389,-21.94,-36.94,-3.69,329.5,-88.91,-108.76,0.0,6.31,1.0,52.55875,-1.483558
52.5587542,-1.4835539999999998,139.87,,4,11.92,24 / 26,285120,2019-11-06 10:46:32:463,-0.2312,-2.228,10.2958,-0.0303,0.0492,9.8065,-0.0051,-0.4246,-0.1493,-22.87,-37.75,-3.31,333.15,-89.0,-106.26,0.0,6.329,1.0,52.5587542,-1.4835539999999998
52.5587584,-1.48355,139.87,,4,11.92,24 / 26,285220,2019-11-06 10:46:32:563,0.1799,-3.2981,9.6572,0.023,0.0172,9.8066,0.0346,-0.4481,-0.0966,-23.31,-37.56,-3.12,338.38,-89.34,-103.79,0.0,6.348,1.0,52.5587584,-1.48355
52.5587626,-1.483546,139.87,,4,11.92,24 / 26,285320,2019-11-06 10:46:32:663,0.6628,-2.6941,10.2536,0.0663,0.0312,9.8063,0.1119,-0.6968,0.0843,-25.06,-37.5,-3.19,304.41,-89.24,-137.82,0.0,6.367,1.0,52.5587626,-1.483546
52.5587668,-1.483542,139.87,,4,11.92,24 / 26,285420,2019-11-06 10:46:32:763,0.4396,-1.452,10.1138,0.0448,-0.0201,9.8065,0.012,-0.5782,0.0684,-25.12,-37.19,-2.12,304.41,-89.24,-137.82,0.0,6.386,1.0,52.5587668,-1.483542
52.558771,-1.4835379999999998,139.87,,4,11.92,24 / 26,285520,2019-11-06 10:46:32:863,0.7349,0.2425,9.921,0.0269,-0.0084,9.8065,-0.0143,-0.3563,0.0003,-26.12,-37.31,-2.31,303.75,-88.95,-140.62,0.0,6.404999999999999,1.0,52.558771,-1.4835379999999998
52.5587752,-1.483534,139.87,,4,11.92,24 / 26,285620,2019-11-06 10:46:32:963,2.217,-2.7457,10.4817,0.032,0.0024,9.8065,0.0663,-0.1929,-0.1506,-27.31,-37.19,-1.31,298.07,-88.7,-148.23,0.0,6.4239999999999995,1.0,52.5587752,-1.483534
52.5587794,-1.48353,139.87,,4,11.92,24 / 26,285720,2019-11-06 10:46:33:063,2.0148,-3.5749,10.6282,0.1098,-0.0334,9.8059,0.041,-0.4112,0.0448,-28.0,-36.75,-0.12,298.07,-88.7,-148.23,0.0,6.443,1.0,52.5587794,-1.48353
52.5587836,-1.483526,139.87,,4,11.92,24 / 26,285820,2019-11-06 10:46:33:163,2.7474,-2.4083,10.1675,0.0374,-0.0175,9.8065,0.1211,-0.5965,0.1251,-28.56,-37.69,1.44,295.63,-88.04,-152.02,0.0,6.462,1.0,52.5587836,-1.483526
52.5587878,-1.4835219999999998,139.87,,4,11.92,24 / 26,285920,2019-11-06 10:46:33:263,2.5043,-0.2767,10.0564,0.0138,-0.0239,9.8066,-0.0291,-0.5154,0.1401,-29.25,-37.25,2.13,300.3,-87.52,-150.9,0.0,6.481,1.0,52.5587878,-1.4835219999999998
52.558792,-1.483518,139.77,6.5,4,39.31,25 / 25,286019,2019-11-06 10:46:33:362,2.6951,-0.8697,9.3015,-0.016,-0.0363,9.8065,0.0136,-0.4409,0.1219,-30.0,-37.25,1.88,304.5,-87.25,-146.49,0.0,6.5,1.0,52.558792,-1.483518
52.558797799999994,-1.4835098999999998,139.77,,4,39.31,25 / 25,286119,2019-11-06 10:46:33:462,2.0511,-1.4266,10.2708,-0.0078,-0.1046,9.806,0.0382,-0.514,0.1336,-30.69,-35.94,1.88,304.5,-87.25,-146.49,0.0,6.693,1.0,52.558797799999994,-1.4835098999999998
52.5588036,-1.4835018,139.77,,4,39.31,25 / 25,286220,2019-11-06 10:46:33:563,1.1293,-2.504,11.6701,0.0049,-0.0385,9.8065,-0.0527,0.1167,-0.1906,-31.44,-36.0,1.75,318.96,-86.86,-132.3,0.0,6.886,1.0,52.5588036,-1.4835018
52.5588094,-1.4834937,139.77,,4,39.31,25 / 25,286320,2019-11-06 10:46:33:663,1.1298,1.6329,9.1793,0.0313,0.0447,9.8065,0.032,-0.0834,-0.1647,-31.75,-35.56,1.88,317.91,-86.89,-133.29,0.0,7.079,1.0,52.5588094,-1.4834937
52.5588152,-1.4834855999999998,139.77,,4,39.31,25 / 25,286420,2019-11-06 10:46:33:763,-0.2311,1.5427,7.6253,0.0785,0.0379,9.8062,0.1556,-0.4192,0.204,-31.25,-35.62,2.13,317.91,-86.89,-133.29,0.0,7.272,1.0,52.5588152,-1.4834855999999998
52.558820999999995,-1.4834775,139.77,,4,39.31,25 / 25,286520,2019-11-06 10:46:33:863,3.2913,-2.0751,9.6466,0.0533,-0.0471,9.8063,-0.0509,-0.3379,0.1698,-31.87,-35.94,1.56,310.76,-86.71,-141.84,0.0,7.465,1.0,52.558820999999995,-1.4834775
52.5588268,-1.4834694,139.77,,4,39.31,25 / 25,286620,2019-11-06 10:46:33:963,0.7569,-2.3499,10.0239,-0.038,0.0154,9.8065,-0.2157,0.4589,-0.2606,-30.94,-36.31,1.13,309.76,-86.45,-138.87,0.0,7.6579999999999995,1.0,52.5588268,-1.4834694
52.5588326,-1.4834612999999999,139.77,,4,39.31,25 / 25,286720,2019-11-06 10:46:34:063,0.6442,4.48,9.283,-0.0877,0.043,9.8061,-0.0738,0.4225,-0.3188,-30.81,-36.87,0.44,310.96,-87.0,-136.3,0.0,7.851,1.0,52.5588326,-1.4834612999999999
52.5588384,-1.4834531999999998,139.77,,4,39.31,25 / 25,286820,2019-11-06 10:46:34:163,1.4605,2.3096,9.2082,-0.0483,0.0983,9.806,0.0081,0.0286,-0.0755,-30.75,-36.25,0.69,310.96,-87.0,-136.3,0.0,8.044,1.0,52.5588384,-1.4834531999999998
52.558844199999996,-1.4834451,139.77,,4,39.31,25 / 25,286921,2019-11-06 10:46:34:264,1.3811,-2.4091,10.3801,0.0322,-0.0002,9.8065,0.0916,-0.3147,0.1993,-30.31,-37.0,1.19,307.38,-87.58,-142.19,0.0,8.237,1.0,52.558844199999996,-1.4834451
52.55885,-1.483437,139.65,8.43,4,45.58,25 / 26,287020,2019-11-06 10:46:34:363,0.2399,0.7058,10.3695,0.0608,-0.0076,9.8064,0.0486,-0.1499,0.1763,-30.06,-37.31,1.75,305.05,-87.27,-145.98,0.0,8.43,1.0,52.55885,-1.483437
52.558856,-1.4834277,139.65,,4,45.58,25 / 26,287120,2019-11-06 10:46:34:463,0.7526,3.3187,9.246,0.0638,-0.02,9.8064,-0.0107,0.2792,-0.0791,-29.75,-37.44,2.0,305.05,-87.27,-145.98,0.0,8.518,1.0,52.558856,-1.4834277
52.558862,-1.4834184,139.65,,4,45.58,25 / 26,287220,2019-11-06 10:46:34:563,0.6023,0.6955,9.1822,0.0319,-0.0016,9.8065,0.0575,0.1674,-0.1103,-30.25,-36.81,2.44,302.38,-86.89,-148.17,0.0,8.606,1.0,52.558862,-1.4834184
52.558868,-1.4834090999999998,139.65,,4,45.58,25 / 26,287320,2019-11-06 10:46:34:663,1.0136,1.4712,9.5942,-0.0206,0.0134,9.8066,-0.0111,0.1493,0.0416,-30.0,-37.06,1.94,300.52,-86.73,-149.78,0.0,8.693999999999999,1.0,52.558868,-1.4834090999999998
52.558873999999996,-1.4833998,139.65,,4,45.58,25 / 26,287420,2019-11-06 10:46:34:763,-0.6692,3.6095,9.0398,-0.1001,-0.0323,9.806,-0.0848,-0.1588,0.0889,-29.75,-36.25,1.44,308.5,-87.1,-140.65,0.0,8.782,1.0,52.558873999999996,-1.4833998
52.55888,-1.4833905,139.65,,4,45.58,25 / 26,287520,2019-11-06 10:46:34:863,-0.5193,5.2467,9.356,-0.0909,-0.006,9.8062,-0.0426,0.4009,-0.1287,-29.87,-36.12,1.06,308.5,-87.1,-140.65,0.0,8.870000000000001,1.0,52.55888,-1.4833905
52.558886,-1.4833812,139.65,,4,45.58,25 / 26,287620,2019-11-06 10:46:34:963,-0.6238,6.0617,9.646,-0.0307,0.0203,9.8065,-0.015,0.718,-0.3843,-29.87,-35.31,0.19,317.3,-87.47,-132.52,0.0,8.958,1.0,52.558886,-1.4833812
52.558892,-1.4833718999999999,139.65,,4,45.58,25 / 26,287720,2019-11-06 10:46:35:063,-0.1903,3.2151,10.0272,0.0241,-0.0215,9.8066,-0.0759,0.1871,0.0307,-30.44,-35.12,0.44,319.11,-87.82,-129.2,0.0,9.046,1.0,52.558892,-1.4833718999999999
52.558898,-1.4833626,139.65,,4,45.58,25 / 26,287820,2019-11-06 10:46:35:163,0.2084,-0.2965,9.9324,0.0583,-0.0038,9.8064,0.0668,-0.3867,0.3693,-30.5,-35.06,0.31,319.11,-87.82,-129.2,0.0,9.134,1.0,52.558898,-1.4833626
52.558904,-1.4833533,139.65,,4,45.58,25 / 26,287920,2019-11-06 10:46:35:263,-0.009,2.3867,9.4948,0.0404,-0.0268,9.8064,0.1119,-0.0679,-0.003,-30.56,-36.0,-1.31,313.03,-87.57,-134.94,0.0,9.222000000000001,1.0,52.558904,-1.4833533
52.55891,-1.483344,139.52,9.31,4,36.39,25 / 25,288020,2019-11-06 10:46:35:363,0.238,4.1214,10.5387,0.0779,-0.0661,9.806,0.1119,-0.0679,-0.003,-30.0,-35.62,-1.94,307.81,-86.98,-135.48,0.0,9.31,1.0,52.55891,-1.483344
52.5589173,-1.4833366,139.52,,4,36.39,25 / 25,288120,2019-11-06 10:46:35:463,0.1019,1.7583,10.3807,0.068,0.0418,9.8062,0.1473,0.4356,-0.1807,-28.81,-36.75,-0.31,303.24,-86.78,-143.28,0.0,9.352,1.0,52.5589173,-1.4833366
52.5589246,-1.4833292,139.52,,4,36.39,25 / 25,288220,2019-11-06 10:46:35:563,0.3652,6.7181,9.7453,0.0864,-0.0137,9.8062,0.0586,0.7359,-0.2047,-28.69,-36.31,0.0,303.24,-86.78,-143.28,0.0,9.394,1.0,52.5589246,-1.4833292
52.5589319,-1.4833218000000001,139.52,,4,36.39,25 / 25,288320,2019-11-06 10:46:35:663,1.4065,2.2122,10.446,0.0263,-0.0439,9.8065,-0.0826,0.8947,-0.4101,-28.12,-36.31,0.0,299.14,-86.31,-146.54,0.0,9.436,1.0,52.5589319,-1.4833218000000001
52.5589392,-1.4833144,139.52,,4,36.39,25 / 25,288420,2019-11-06 10:46:35:763,0.3935,-1.2705,10.7351,-0.0306,-0.0021,9.8066,-0.1172,0.363,-0.0408,-28.31,-36.5,-0.19,304.05,-86.0,-141.63,0.0,9.478,1.0,52.5589392,-1.4833144
52.5589465,-1.483307,139.52,,4,36.39,25 / 25,288520,2019-11-06 10:46:35:863,-1.3968,6.1151,9.69,-0.0758,0.0387,9.8063,0.0546,-0.2943,0.4026,-27.81,-36.12,-1.19,304.05,-86.0,-141.63,0.0,9.520000000000001,1.0,52.5589465,-1.483307
52.5589538,-1.4832996,139.52,,4,36.39,25 / 25,288620,2019-11-06 10:46:35:963,-0.6227,7.4126,9.6344,-0.0113,0.0135,9.8066,-0.0121,0.1894,0.0825,-27.62,-35.62,-0.62,303.51,-86.5,-140.64,0.0,9.562000000000001,1.0,52.5589538,-1.4832996
52.5589611,-1.4832922000000002,139.52,,4,36.39,25 / 25,288719,2019-11-06 10:46:36:062,0.9496,3.2394,10.2051,0.0293,-0.0524,9.8064,0.0809,0.7497,-0.3799,-27.5,-36.56,-1.44,303.53,-86.33,-140.1,0.0,9.604000000000001,1.0,52.5589611,-1.4832922000000002
52.5589684,-1.4832848,139.52,,4,36.39,25 / 25,288820,2019-11-06 10:46:36:163,1.5299,-1.6149,11.2509,0.0609,-0.1164,9.8057,-0.1639,0.8334,-0.2743,-27.25,-36.0,-0.69,303.53,-86.33,-140.1,0.0,9.646,1.0,52.5589684,-1.4832848
52.5589757,-1.4832774,139.52,,4,36.39,25 / 25,288920,2019-11-06 10:46:36:263,1.3634,-0.2076,10.5906,-0.0199,-0.0744,9.8063,0.0776,-0.2625,0.2766,-26.87,-36.12,-1.25,308.0,-85.64,-135.22,0.0,9.688,1.0,52.5589757,-1.4832774
52.558983,-1.48327,139.39,9.73,4,25.02,24 / 24,289020,2019-11-06 10:46:36:363,1.1131,0.9074,10.2797,0.0053,-0.0412,9.8065,0.0771,-0.3461,0.2242,-27.12,-36.25,-1.44,315.43,-85.16,-127.81,0.0,9.73,1.0,52.558983,-1.48327
52.558991,-1.4832636000000001,139.39,,4,25.02,24 / 24,289120,2019-11-06 10:46:36:463,0.5122,3.8609,9.4924,-0.0088,-0.0984,9.8061,0.042,0.5562,-0.3714,-26.5,-35.81,-1.44,320.05,-84.77,-122.98,0.0,9.769,1.0,52.558991,-1.4832636000000001
52.558999,-1.4832572000000002,139.39,,4,25.02,24 / 24,289220,2019-11-06 10:46:36:563,0.4283,5.5813,10.1932,-0.0249,-0.0465,9.8065,-0.0475,0.3131,-0.0184,-26.62,-36.25,-2.06,320.05,-84.77,-122.98,0.0,9.808,1.0,52.558999,-1.4832572000000002
52.559007,-1.4832508,139.39,,4,25.02,24 / 24,289320,2019-11-06 10:46:36:663,0.2626,0.6839,10.6849,-0.0328,0.04,9.8065,-0.1756,-0.1685,0.1026,-26.69,-36.31,-1.81,321.27,-84.64,-119.91,0.0,9.847,1.0,52.559007,-1.4832508
52.559015,-1.4832444,139.39,,4,25.02,24 / 24,289420,2019-11-06 10:46:36:763,0.1202,-1.4148,10.1949,0.0191,-0.0158,9.8065,0.0442,-0.1868,0.0405,-26.37,-36.56,-1.81,321.33,-84.97,-119.7,0.0,9.886,1.0,52.559015,-1.4832444
52.559023,-1.483238,139.39,,4,25.02,24 / 24,289520,2019-11-06 10:46:36:863,-2.1793,-2.4589,10.8822,0.0002,-0.0248,9.8065,-0.1038,0.1186,-0.0711,-26.0,-36.69,-1.56,321.33,-84.97,-119.7,0.0,9.925,1.0,52.559023,-1.483238
52.559031,-1.4832316,139.39,,4,25.02,24 / 24,289620,2019-11-06 10:46:36:963,1.2479,3.4912,9.4201,-0.0232,-0.0081,9.8066,-0.0483,0.3327,-0.256,-26.5,-36.62,-1.94,324.9,-84.86,-118.7,0.0,9.964,1.0,52.559031,-1.4832316
52.559039,-1.4832252000000001,139.39,,4,25.02,24 / 24,289720,2019-11-06 10:46:37:063,-1.2964,1.7924,10.1043,0.0134,0.0111,9.8066,0.0052,0.2765,-0.1247,-26.56,-36.25,-1.5,327.47,-85.02,-116.74,0.0,10.003,1.0,52.559039,-1.4832252000000001
52.559047,-1.4832188,139.39,,4,25.02,24 / 24,289820,2019-11-06 10:46:37:163,0.2648,-0.2244,10.9512,-0.015,0.0,9.8066,0.058,-0.2708,0.1274,-27.06,-36.44,-1.75,325.02,-85.11,-116.92,0.0,10.042,1.0,52.559047,-1.4832188
52.559055,-1.4832124,139.39,,4,25.02,24 / 24,289920,2019-11-06 10:46:37:263,0.7468,-1.1847,10.0576,0.0021,-0.016,9.8066,-0.0248,-0.2162,0.1534,-26.75,-36.81,-1.19,325.02,-85.11,-116.92,0.0,10.081,1.0,52.559055,-1.4832124
52.559063,-1.483206,139.23,10.12,4,24.14,22 / 23,290020,2019-11-06 10:46:37:363,1.1854,0.8564,9.1063,-0.0009,0.0128,9.8066,0.06,-0.0537,-0.0145,-26.75,-36.25,-1.81,326.17,-84.89,-115.71,0.0,10.12,1.0,52.559063,-1.483206
52.5590722,-1.4831984,139.23,,4,24.14,22 / 23,290120,2019-11-06 10:46:37:463,-0.0936,1.8016,8.3654,0.0054,-0.0126,9.8065,0.0163,0.1388,-0.0861,-26.0,-36.5,-1.25,327.08,-84.91,-116.78,0.0,10.175999999999998,1.0,52.5590722,-1.4831984
52.559081400000004,-1.4831908,139.23,,4,24.14,22 / 23,290220,2019-11-06 10:46:37:563,-1.0843,0.7676,9.3516,0.0167,-0.0239,9.8065,-0.0201,-0.0601,0.0444,-25.12,-35.94,-1.19,327.08,-84.91,-116.78,0.0,10.232,1.0,52.559081400000004,-1.4831908
52.5590906,-1.4831832,139.23,,4,24.14,22 / 23,290320,2019-11-06 10:46:37:663,0.5845,-1.148,9.8949,-0.0078,0.0178,9.8066,0.0576,-0.1779,0.017,-25.62,-34.25,0.31,329.85,-84.85,-116.43,0.0,10.288,1.0,52.5590906,-1.4831832
52.5590998,-1.4831756,139.23,,4,24.14,22 / 23,290420,2019-11-06 10:46:37:763,-1.6061,-2.3457,10.3648,-0.0085,-0.0064,9.8065,-0.0397,-0.2216,0.1581,-26.5,-34.06,0.44,329.49,-84.96,-117.07,0.0,10.344,1.0,52.5590998,-1.4831756
52.559109,-1.483168,139.23,,4,24.14,22 / 23,290520,2019-11-06 10:46:37:863,0.0964,-0.0485,9.4524,-0.0099,0.0011,9.8066,0.0202,0.0714,-0.1154,-27.81,-34.5,-0.44,330.36,-84.99,-116.54,0.0,10.399999999999999,1.0,52.559109,-1.483168
52.5591182,-1.4831604,139.23,,4,24.14,22 / 23,290620,2019-11-06 10:46:37:963,0.3575,1.6771,9.2874,0.0497,0.0122,9.8064,-0.0025,0.0714,-0.0442,-27.69,-34.69,-1.0,330.36,-84.99,-116.54,0.0,10.456,1.0,52.5591182,-1.4831604
52.5591274,-1.4831528,139.23,,4,24.14,22 / 23,290720,2019-11-06 10:46:38:063,-0.1865,1.9288,9.434,0.001,0.0296,9.8066,0.0137,-0.0898,-0.0356,-27.69,-34.69,-1.5,322.87,-84.99,-121.19,0.0,10.512,1.0,52.5591274,-1.4831528
52.559136599999995,-1.4831452,139.23,,4,24.14,22 / 23,290820,2019-11-06 10:46:38:163,0.7942,-1.3955,10.9191,-0.0197,0.0537,9.8064,-0.0535,-0.3031,0.1924,-26.75,-34.94,-0.94,321.62,-85.31,-122.39,0.0,10.568,1.0,52.559136599999995,-1.4831452
52.559145799999996,-1.4831376,139.23,,4,24.14,22 / 23,290920,2019-11-06 10:46:38:263,-0.5793,1.0999,10.4366,-0.0098,0.0122,9.8066,0.0479,-0.2192,0.0522,-26.87,-34.81,-0.87,321.62,-85.31,-122.39,0.0,10.623999999999999,1.0,52.559145799999996,-1.4831376
52.559155,-1.48313,139.09,10.68,3,25.43,24 / 24,291020,2019-11-06 10:46:38:363,0.8521,3.4782,9.6498,0.0284,-0.0261,9.8065,-0.0188,-0.0485,0.1206,-27.0,-35.31,-0.94,321.71,-85.4,-122.38,0.0,10.68,1.0,52.559155,-1.48313
52.5591637,-1.4831223,139.09,,3,25.43,24 / 24,291120,2019-11-06 10:46:38:463,-0.4594,1.8173,9.4232,0.0545,-0.0037,9.8065,-0.0641,-0.1091,0.1219,-26.81,-35.31,-0.87,321.04,-85.17,-122.81,0.0,10.722999999999999,1.0,52.5591637,-1.4831223
52.559172399999994,-1.4831146,139.09,,3,25.43,24 / 24,291220,2019-11-06 10:46:38:563,0.1141,-1.4497,10.2433,0.0341,-0.0237,9.8065,0.0517,-0.2454,0.0752,-26.06,-35.37,-0.62,319.7,-84.94,-123.58,0.0,10.766,1.0,52.559172399999994,-1.4831146
52.559181099999996,-1.4831069000000001,139.09,,3,25.43,24 / 24,291320,2019-11-06 10:46:38:663,-1.2369,-2.6555,10.7426,-0.006,-0.0385,9.8066,-0.0666,-0.1625,0.1848,-26.81,-34.44,-0.81,322.04,-84.79,-121.68,0.0,10.809,1.0,52.559181099999996,-1.4831069000000001
52.5591898,-1.4830992,139.09,,3,25.43,24 / 24,291420,2019-11-06 10:46:38:763,0.3375,-0.1001,10.0388,0.0537,0.0578,9.8063,0.0655,0.0515,-0.1603,-25.94,-34.94,-0.81,322.04,-84.79,-121.68,0.0,10.852,1.0,52.5591898,-1.4830992
52.5591985,-1.4830915,139.09,,3,25.43,24 / 24,291520,2019-11-06 10:46:38:863,1.5766,1.2417,9.342,0.0229,0.0511,9.8064,0.0273,0.1539,-0.1214,-26.44,-35.0,-0.87,316.11,-84.84,-126.75,0.0,10.895,1.0,52.5591985,-1.4830915
52.559207199999996,-1.4830838,139.09,,3,25.43,24 / 24,291619,2019-11-06 10:46:38:962,-0.5809,2.7112,9.1839,0.0493,0.1552,9.8052,-0.0283,-0.2166,0.0799,-25.87,-36.5,-0.75,305.46,-85.22,-136.85,0.0,10.937999999999999,1.0,52.559207199999996,-1.4830838
52.5592159,-1.4830761,139.09,,3,25.43,24 / 24,291720,2019-11-06 10:46:39:063,-1.3555,0.0397,9.4609,-0.0251,0.0378,9.8065,0.0049,-0.0191,-0.0344,-25.37,-36.69,-0.69,305.46,-85.22,-136.85,0.0,10.981,1.0,52.5592159,-1.4830761
52.5592246,-1.4830684,139.09,,3,25.43,24 / 24,291820,2019-11-06 10:46:39:163,-0.2597,-1.1056,9.3378,-0.0071,0.0209,9.8066,-0.0433,0.1674,-0.1652,-25.25,-36.06,-1.44,304.01,-85.47,-138.05,0.0,11.024,1.0,52.5592246,-1.4830684
52.559233299999995,-1.4830607,139.09,,3,25.43,24 / 24,291920,2019-11-06 10:46:39:263,-0.6763,-1.0448,9.2023,-0.0226,0.0057,9.8066,-0.0437,0.1511,-0.0457,-25.44,-35.75,-0.75,303.42,-85.8,-139.17,0.0,11.067,1.0,52.559233299999995,-1.4830607
52.559242,-1.483053,138.95,11.11,3,26.2,24 / 25,292020,2019-11-06 10:46:39:363,-1.4846,-0.3848,9.0452,-0.0376,0.0148,9.8065,-0.1167,-0.0386,0.0163,-25.81,-35.75,-0.87,303.42,-85.8,-139.17,0.0,11.11,1.0,52.559242,-1.483053
52.5592512,-1.4830448999999999,138.95,,3,26.2,24 / 25,292120,2019-11-06 10:46:39:463,-1.072,0.6327,10.24,0.0748,-0.0254,9.8062,0.0406,0.1794,0.0427,-25.69,-35.62,-1.19,304.88,-86.03,-138.47,0.0,11.133,1.0,52.5592512,-1.4830448999999999
52.5592604,-1.4830368,138.95,,3,26.2,24 / 25,292220,2019-11-06 10:46:39:563,-0.8677,2.2268,8.9393,0.0342,0.0027,9.8065,-0.0226,0.1526,-0.1383,-26.12,-35.81,-1.87,299.45,-85.52,-140.68,0.0,11.155999999999999,1.0,52.5592604,-1.4830368
52.5592696,-1.4830287,138.95,,3,26.2,24 / 25,292320,2019-11-06 10:46:39:663,-0.4465,0.3125,9.3597,0.0514,-0.0216,9.8064,-0.0226,-0.0604,0.1567,-26.25,-36.5,-1.5,300.86,-85.2,-141.13,0.0,11.179,1.0,52.5592696,-1.4830287
52.5592788,-1.4830206,138.95,,3,26.2,24 / 25,292420,2019-11-06 10:46:39:763,-0.8438,-1.5202,10.0346,-0.0284,-0.0672,9.8063,-0.1205,-0.1337,0.0109,-26.62,-36.37,-0.87,300.86,-85.2,-141.13,0.0,11.202,1.0,52.5592788,-1.4830206
52.559288,-1.4830125,138.95,,3,26.2,24 / 25,292520,2019-11-06 10:46:39:863,-0.7715,-0.198,9.7156,0.0021,0.0005,9.8066,0.026,-0.0472,-0.0532,-26.19,-35.5,-1.06,303.73,-85.12,-136.16,0.0,11.225,1.0,52.559288,-1.4830125
52.559297199999996,-1.4830044,138.95,,3,26.2,24 / 25,292620,2019-11-06 10:46:39:963,0.009,2.1402,10.1744,0.0085,0.0025,9.8066,-0.0095,0.1366,0.0328,-26.75,-35.62,-0.94,305.83,-85.09,-136.63,0.0,11.248,1.0,52.559297199999996,-1.4830044
52.5593064,-1.4829963,138.95,,3,26.2,24 / 25,292721,2019-11-06 10:46:40:064,-1.4953,2.4107,9.0196,-0.0186,0.0061,9.8066,-0.0621,0.1321,-0.1386,-26.0,-35.44,-1.62,303.94,-85.2,-136.21,0.0,11.270999999999999,1.0,52.5593064,-1.4829963
52.5593156,-1.4829881999999999,138.95,,3,26.2,24 / 25,292820,2019-11-06 10:46:40:163,-0.0487,1.2312,9.3225,0.0086,-0.08,9.8063,0.0024,0.0018,0.1646,-26.37,-35.12,-1.37,303.94,-85.2,-136.21,0.0,11.294,1.0,52.5593156,-1.4829881999999999
52.5593248,-1.4829801,138.95,,3,26.2,24 / 25,292921,2019-11-06 10:46:40:264,0.0275,-0.9768,9.8361,0.006,-0.0496,9.8064,-0.0155,-0.0187,0.2004,-25.87,-35.0,-1.69,307.88,-84.88,-132.17,0.0,11.317,1.0,52.5593248,-1.4829801
52.559334,-1.482972,138.8,11.34,3,26.78,23 / 24,293020,2019-11-06 10:46:40:363,0.3076,-1.9341,10.0244,0.0207,-0.0987,9.806,-0.0443,0.1841,-0.1364,-26.31,-34.56,-2.56,309.24,-84.42,-128.25,0.0,11.34,1.0,52.559334,-1.482972
52.5593431,-1.4829639,138.8,,3,26.78,23 / 24,293120,2019-11-06 10:46:40:463,-0.4733,1.7526,8.7035,-0.0324,-0.0035,9.8065,-0.0187,0.2817,-0.0692,-26.81,-34.87,-2.44,309.24,-84.42,-128.25,0.0,11.350999999999999,1.0,52.5593431,-1.4829639
52.5593522,-1.4829558,138.8,,3,26.78,23 / 24,293220,2019-11-06 10:46:40:563,0.2525,2.5284,8.6148,-0.0198,0.0032,9.8066,-0.1612,0.207,-0.0979,-26.75,-35.44,-1.56,313.55,-84.55,-126.83,0.0,11.362,1.0,52.5593522,-1.4829558
52.5593613,-1.4829477,138.8,,3,26.78,23 / 24,293320,2019-11-06 10:46:40:663,-0.5257,0.3105,9.1517,-0.0022,-0.0109,9.8066,-0.0469,-0.2676,0.1469,-26.37,-34.75,-1.19,316.99,-84.68,-125.8,0.0,11.373,1.0,52.5593613,-1.4829477
52.5593704,-1.4829396,138.8,,3,26.78,23 / 24,293420,2019-11-06 10:46:40:763,-0.3826,-1.8777,10.2517,0.0039,-0.0146,9.8066,0.0209,-0.1762,0.0857,-26.94,-35.12,-1.56,315.37,-84.6,-125.36,0.0,11.384,1.0,52.5593704,-1.4829396
52.5593795,-1.4829315,138.8,,3,26.78,23 / 24,293520,2019-11-06 10:46:40:863,-0.2047,0.6223,9.8179,-0.0032,0.0092,9.8066,-0.0143,0.0958,-0.0456,-26.5,-35.19,-1.44,315.37,-84.6,-125.36,0.0,11.395,1.0,52.5593795,-1.4829315
52.5593886,-1.4829234,138.8,,3,26.78,23 / 24,293620,2019-11-06 10:46:40:963,-0.2877,2.2166,9.3577,-0.004,0.0291,9.8066,0.0045,0.2106,-0.134,-26.56,-35.19,-1.31,316.24,-84.74,-126.8,0.0,11.405999999999999,1.0,52.5593886,-1.4829234
52.5593977,-1.4829153,138.8,,3,26.78,23 / 24,293720,2019-11-06 10:46:41:063,-1.1276,0.1829,9.6023,-0.0038,0.0,9.8066,-0.0107,0.108,-0.0328,-26.12,-34.75,-1.0,313.56,-84.91,-129.15,0.0,11.417,1.0,52.5593977,-1.4829153
52.5594068,-1.4829071999999999,138.8,,3,26.78,23 / 24,293820,2019-11-06 10:46:41:163,-0.4099,-1.3668,9.5858,0.0012,-0.0082,9.8066,-0.0403,-0.0296,-0.0066,-26.5,-34.62,-0.87,313.56,-84.91,-129.15,0.0,11.427999999999999,1.0,52.5594068,-1.4829071999999999
52.5594159,-1.4828991,138.8,,3,26.78,23 / 24,293920,2019-11-06 10:46:41:263,-0.6274,-0.5614,9.71,0.0058,0.0151,9.8065,0.0037,-0.1368,0.1116,-26.62,-35.0,-1.19,314.95,-84.87,-128.1,0.0,11.439,1.0,52.5594159,-1.4828991
52.559425,-1.482891,138.66,11.45,3,27.51,24 / 24,294020,2019-11-06 10:46:41:363,0.415,0.7615,9.8482,0.0089,0.0091,9.8066,-0.0134,-0.1005,0.0372,-27.0,-35.0,-1.5,312.86,-84.95,-130.1,0.0,11.45,1.0,52.559425,-1.482891
52.5594338,-1.4828824999999999,138.66,,3,27.51,24 / 24,294120,2019-11-06 10:46:41:463,-1.0399,0.8238,9.4708,0.0119,0.029,9.8066,-0.0061,0.1546,-0.1368,-26.5,-35.75,-1.25,310.34,-85.01,-132.08,0.0,11.475,1.0,52.5594338,-1.4828824999999999
52.5594426,-1.482874,138.66,,3,27.51,24 / 24,294220,2019-11-06 10:46:41:563,-0.644,-0.9793,10.218,0.0023,0.0086,9.8066,-0.0452,0.1572,-0.0834,-27.25,-36.19,-1.62,310.34,-85.01,-132.08,0.0,11.5,1.0,52.5594426,-1.482874
52.5594514,-1.4828655,138.66,,3,27.51,24 / 24,294320,2019-11-06 10:46:41:663,-2.5537,-1.2047,10.6265,-0.0245,0.023,9.8066,-0.1744,0.0763,-0.1114,-26.87,-35.25,-1.56,309.33,-85.15,-131.47,0.0,11.524999999999999,1.0,52.5594514,-1.4828655
52.5594602,-1.482857,138.66,,3,27.51,24 / 24,294420,2019-11-06 10:46:41:763,-0.0417,2.1711,10.0217,-0.0381,0.0247,9.8065,0.101,-0.274,0.2103,-27.31,-35.56,-1.31,312.15,-85.41,-131.1,0.0,11.549999999999999,1.0,52.5594602,-1.482857
52.559469,-1.4828485,138.66,,3,27.51,24 / 24,294520,2019-11-06 10:46:41:863,1.6945,2.7842,10.1264,0.002,0.0645,9.8063,0.075,-0.1011,0.1671,-26.69,-36.5,-1.56,312.15,-85.41,-131.1,0.0,11.575,1.0,52.559469,-1.4828485
52.5594778,-1.48284,138.66,,3,27.51,24 / 24,294620,2019-11-06 10:46:41:963,1.8987,1.1873,9.6554,0.0258,0.017,9.8066,0.0172,0.1982,-0.162,-26.12,-36.25,-1.25,308.36,-85.65,-134.89,0.0,11.6,1.0,52.5594778,-1.48284
52.5594866,-1.4828315,138.66,,3,27.51,24 / 24,294720,2019-11-06 10:46:42:063,0.8119,-1.2877,10.168,0.0526,0.0021,9.8065,-0.0515,0.4496,-0.1682,-26.5,-36.31,-1.0,305.11,-85.41,-137.39,0.0,11.625,1.0,52.5594866,-1.4828315
52.5594954,-1.482823,138.66,,3,27.51,24 / 24,294820,2019-11-06 10:46:42:163,-0.7691,1.2306,9.5236,-0.0269,0.0074,9.8065,-0.0841,0.3526,-0.1551,-27.0,-36.0,-1.62,304.11,-85.56,-136.68,0.0,11.649999999999999,1.0,52.5594954,-1.482823
52.5595042,-1.4828145000000001,138.66,,3,27.51,24 / 24,294920,2019-11-06 10:46:42:263,-2.0281,3.9026,8.9288,-0.0591,-0.0049,9.8064,0.0442,-0.3017,0.2462,-26.75,-35.69,-2.12,304.11,-85.56,-136.68,0.0,11.674999999999999,1.0,52.5595042,-1.4828145000000001
52.559513,-1.482806,138.53,11.7,3,27.95,24 / 25,295020,2019-11-06 10:46:42:363,-0.2097,-0.9109,9.9327,0.0247,-0.0206,9.8065,0.0506,-0.188,0.0969,-26.87,-35.81,-1.56,307.59,-85.83,-133.69,0.0,11.7,1.0,52.559513,-1.482806
52.5595227,-1.4827975,138.53,,3,27.95,24 / 25,295119,2019-11-06 10:46:42:462,-0.4602,-0.8391,10.2535,0.0536,-0.0532,9.8063,0.0378,0.005,0.0316,-27.19,-35.75,-1.69,307.82,-85.39,-133.01,0.0,11.741,1.0,52.5595227,-1.4827975
52.5595324,-1.4827890000000001,138.53,,3,27.95,24 / 25,295220,2019-11-06 10:46:42:563,0.4615,-1.4888,10.4812,0.0239,0.0031,9.8066,-0.042,0.3108,-0.2098,-27.06,-34.87,-0.87,307.82,-85.39,-133.01,0.0,11.782,1.0,52.5595324,-1.4827890000000001
52.5595421,-1.4827805,138.53,,3,27.95,24 / 25,295320,2019-11-06 10:46:42:663,-0.185,1.6258,8.972,0.0104,0.0097,9.8066,-0.0611,-0.1574,0.076,-26.69,-34.06,-0.94,308.8,-85.29,-134.22,0.0,11.822999999999999,1.0,52.5595421,-1.4827805
52.5595518,-1.482772,138.53,,3,27.95,24 / 25,295420,2019-11-06 10:46:42:763,-0.9601,2.2159,8.3891,-0.0125,0.0064,9.8066,0.0608,-0.266,0.2328,-26.69,-34.75,-1.25,307.27,-85.44,-135.81,0.0,11.863999999999999,1.0,52.5595518,-1.482772
52.5595615,-1.4827635000000001,138.53,,3,27.95,24 / 25,295520,2019-11-06 10:46:42:863,-0.207,2.3862,9.6448,-0.0366,0.006,9.8065,-0.0026,0.0643,-0.0975,-27.0,-35.06,-1.06,308.91,-85.63,-134.48,0.0,11.905,1.0,52.5595615,-1.4827635000000001
52.5595712,-1.482755,138.53,,3,27.95,24 / 25,295620,2019-11-06 10:46:42:963,0.4185,0.3433,10.6987,0.0042,-0.0183,9.8066,0.101,0.2518,-0.0906,-26.81,-35.87,-1.44,308.91,-85.63,-134.48,0.0,11.946,1.0,52.5595712,-1.482755
52.5595809,-1.4827465,138.53,,3,27.95,24 / 25,295720,2019-11-06 10:46:43:063,0.7617,-1.5677,10.4168,0.0113,-0.0223,9.8065,0.0237,-0.2916,0.3508,-27.12,-35.44,-1.44,309.95,-85.52,-133.38,0.0,11.987,1.0,52.5595809,-1.4827465
52.5595906,-1.482738,138.53,,3,27.95,24 / 25,295820,2019-11-06 10:46:43:163,0.463,-3.4142,10.2585,0.0064,-0.0214,9.8066,0.0447,-0.4486,0.1511,-27.25,-36.0,-1.19,309.86,-85.28,-133.08,0.0,12.027999999999999,1.0,52.5595906,-1.482738
52.5596003,-1.4827295,138.53,,3,27.95,24 / 25,295920,2019-11-06 10:46:43:263,-1.462,0.6418,10.1878,0.0087,-0.0395,9.8065,-0.0439,-0.037,-0.0137,-26.87,-35.5,-1.31,309.86,-85.28,-133.08,0.0,12.068999999999999,1.0,52.5596003,-1.4827295
52.55961,-1.482721,138.41,12.11,3,29.11,24 / 25,296020,2019-11-06 10:46:43:363,-1.1023,2.488,10.0446,-0.0329,0.0384,9.8065,-0.014,0.2658,-0.1815,-27.31,-35.5,-0.87,312.02,-85.46,-131.39,0.0,12.11,1.0,52.55961,-1.482721
52.559619,-1.4827116999999999,138.41,,3,29.11,24 / 25,296120,2019-11-06 10:46:43:463,1.2321,1.0294,10.2687,-0.0007,0.0167,9.8066,-0.1726,-0.0176,0.1589,-28.12,-35.31,-1.19,311.66,-85.75,-131.9,0.0,12.184,1.0,52.559619,-1.4827116999999999
52.559628,-1.4827024,138.41,,3,29.11,24 / 25,296220,2019-11-06 10:46:43:563,1.1948,-0.8392,10.6499,-0.0211,-0.014,9.8066,0.0327,-0.1277,-0.0454,-28.19,-35.12,-1.12,311.07,-85.82,-132.87,0.0,12.258,1.0,52.559628,-1.4827024
52.559637,-1.4826931,138.41,,3,29.11,24 / 25,296320,2019-11-06 10:46:43:663,-0.208,0.5483,9.2047,-0.0636,0.0239,9.8064,-0.0349,-0.1721,-0.0138,-27.75,-35.62,-1.62,311.4,-86.19,-130.78,0.0,12.331999999999999,1.0,52.559637,-1.4826931
52.559646,-1.4826838,138.41,,3,29.11,24 / 25,296420,2019-11-06 10:46:43:763,-0.0114,0.3052,9.8573,-0.0164,-0.0018,9.8066,0.0371,-0.2018,0.0533,-27.69,-36.12,-1.12,311.4,-86.19,-130.78,0.0,12.405999999999999,1.0,52.559646,-1.4826838
52.559655,-1.4826745,138.41,,3,29.11,24 / 25,296520,2019-11-06 10:46:43:863,0.7974,-1.268,9.5252,-0.0077,-0.0078,9.8066,-0.0312,-0.0272,0.0246,-27.87,-36.0,-1.25,314.46,-86.25,-129.69,0.0,12.48,1.0,52.559655,-1.4826745
52.559664,-1.4826652,138.41,,3,29.11,24 / 25,296619,2019-11-06 10:46:43:962,1.0171,-0.5995,9.4139,0.0132,-0.0118,9.8066,0.1021,-0.4489,-0.0057,-27.69,-36.56,-0.69,315.73,-86.26,-128.71,0.0,12.554,1.0,52.559664,-1.4826652
52.559673,-1.4826559000000001,138.41,,3,29.11,24 / 25,296719,2019-11-06 10:46:44:062,-0.0402,2.1875,9.2562,0.0502,0.0855,9.8061,0.2562,-0.2105,0.112,-27.81,-35.94,-0.75,315.73,-86.26,-128.71,0.0,12.628,1.0,52.559673,-1.4826559000000001
52.559682,-1.4826466,138.41,,3,29.11,24 / 25,296820,2019-11-06 10:46:44:163,0.4288,-4.594,10.9695,0.0168,-0.0078,9.8066,-0.0889,0.3009,-0.0982,-27.69,-36.5,-0.5,308.59,-86.37,-137.56,0.0,12.702,1.0,52.559682,-1.4826466
52.559691,-1.4826373,138.41,,3,29.11,24 / 25,296920,2019-11-06 10:46:44:263,0.4171,-6.2137,10.3284,-0.0347,-0.0084,9.8065,-0.0031,0.2998,-0.1234,-27.75,-36.81,-0.44,310.7,-86.29,-135.52,0.0,12.776,1.0,52.559691,-1.4826373
52.5597,-1.482628,138.28,12.85,3,31.18,26 / 26,297020,2019-11-06 10:46:44:363,-0.8591,-2.6788,9.8997,-0.066,0.093,9.8059,-0.0842,-0.3838,0.2097,-27.12,-36.19,-0.62,306.02,-86.93,-138.51,0.0,12.85,1.0,52.5597,-1.482628
52.5597095,-1.4826181,138.28,,3,31.18,26 / 26,297120,2019-11-06 10:46:44:463,0.4502,-1.5391,10.6185,-0.0052,-0.0697,9.8063,-0.0136,-0.587,0.4365,-26.81,-36.56,-1.5,311.99,-86.7,-132.47,0.0,12.850999999999999,1.0,52.5597095,-1.4826181
52.559719,-1.4826082,138.28,,3,31.18,26 / 26,297220,2019-11-06 10:46:44:563,1.249,-2.2177,9.9298,0.0096,-0.0376,9.8065,0.1269,-0.3562,0.1404,-27.37,-36.75,-1.12,311.99,-86.7,-132.47,0.0,12.852,1.0,52.559719,-1.4826082
52.5597285,-1.4825983,138.28,,3,31.18,26 / 26,297320,2019-11-06 10:46:44:663,-0.4671,-0.7,10.0463,0.0077,0.0132,9.8066,-0.0346,0.3567,-0.1532,-27.5,-36.31,-0.75,312.83,-86.5,-131.57,0.0,12.853,1.0,52.5597285,-1.4825983
52.559738,-1.4825884,138.28,,3,31.18,26 / 26,297419,2019-11-06 10:46:44:762,-1.3338,3.1856,9.9887,-0.0151,0.0193,9.8065,0.0144,0.0828,-0.0383,-27.25,-36.5,-0.5,312.73,-86.61,-133.9,0.0,12.854,1.0,52.559738,-1.4825884
52.5597475,-1.4825785,138.28,,3,31.18,26 / 26,297520,2019-11-06 10:46:44:863,-0.2978,2.425,9.0908,-0.0174,0.0035,9.8066,0.0443,-0.3047,0.1677,-27.56,-36.62,-1.31,312.73,-86.61,-133.9,0.0,12.855,1.0,52.5597475,-1.4825785
52.559757,-1.4825686,138.28,,3,31.18,26 / 26,297620,2019-11-06 10:46:44:963,-0.3066,-0.2095,8.6004,-0.0136,-0.0452,9.8065,-0.0772,-0.2424,0.1441,-27.75,-36.19,-0.31,313.83,-86.67,-130.99,0.0,12.856,1.0,52.559757,-1.4825686
52.5597665,-1.4825587,138.28,,3,31.18,26 / 26,297720,2019-11-06 10:46:45:063,-0.6085,-2.2763,9.5084,-0.008,-0.0046,9.8066,-0.023,0.3553,-0.1736,-28.0,-36.19,-1.0,321.66,-86.51,-123.46,0.0,12.857,1.0,52.5597665,-1.4825587
52.559776,-1.4825488,138.28,,3,31.18,26 / 26,297820,2019-11-06 10:46:45:163,-0.7248,0.8599,9.6907,-0.0175,-0.0035,9.8066,-0.0215,0.39,-0.3444,-28.06,-36.62,-0.5,325.46,-86.56,-121.91,0.0,12.857999999999999,1.0,52.559776,-1.4825488
52.559785500000004,-1.4825389,138.28,,3,31.18,26 / 26,297920,2019-11-06 10:46:45:263,-0.1498,4.877,9.0648,-0.0176,0.0528,9.8064,-0.0179,-0.0393,0.0548,-28.06,-36.37,-1.0,325.46,-86.56,-121.91,0.0,12.859,1.0,52.559785500000004,-1.4825389
52.559795,-1.482529,138.18,12.86,3,30.92,26 / 26,298020,2019-11-06 10:46:45:363,-1.6831,0.9398,9.4743,-0.0142,0.0814,9.8062,0.1917,-0.4759,0.3419,-27.56,-36.06,-0.62,319.66,-86.99,-125.75,0.0,12.86,1.0,52.559795,-1.482529
52.55980409090909,-1.482520181818182,138.18,,3,30.92,26 / 26,298120,2019-11-06 10:46:45:463,0.744,-4.0725,11.4062,0.0243,-0.0335,9.8065,-0.1027,0.1647,0.0087,-27.69,-36.37,-0.56,319.79,-86.75,-125.42,0.0,12.84,1.0,52.55980409090909,-1.482520181818182
52.559813181818186,-1.4825113636363636,138.18,,3,30.92,26 / 26,298220,2019-11-06 10:46:45:563,1.3651,-2.6315,11.1837,-0.0018,-0.0528,9.8064,-0.1277,0.6459,-0.238,-27.75,-36.31,-0.37,319.79,-86.75,-125.42,0.0,12.82,1.0,52.559813181818186,-1.4825113636363636
52.559822272727274,-1.4825025454545455,138.18,,3,30.92,26 / 26,298320,2019-11-06 10:46:45:663,-0.7064,5.2277,8.7597,0.0078,-0.0337,9.8065,-0.0628,0.5786,-0.3336,-27.19,-35.62,-1.31,323.01,-86.51,-122.02,0.0,12.799999999999999,1.0,52.559822272727274,-1.4825025454545455
52.55983136363636,-1.4824937272727272,138.18,,3,30.92,26 / 26,298420,2019-11-06 10:46:45:763,-0.7584,1.9471,9.1589,-0.0068,0.014,9.8066,-0.0325,0.1776,-0.1189,-26.5,-35.62,-0.56,324.52,-86.11,-120.1,0.0,12.78,1.0,52.55983136363636,-1.4824937272727272
52.55984045454545,-1.4824849090909091,138.18,,3,30.92,26 / 26,298520,2019-11-06 10:46:45:863,1.2617,-2.4,10.5532,-0.0655,0.0829,9.806,0.0516,-0.6762,0.3966,-27.69,-36.12,-1.62,323.83,-86.73,-119.56,0.0,12.76,1.0,52.55984045454545,-1.4824849090909091
52.55984954545455,-1.4824760909090908,138.18,,3,30.92,26 / 26,298620,2019-11-06 10:46:45:963,-0.2308,-3.7938,9.8186,-0.0252,0.0068,9.8066,0.1205,-0.3445,0.2265,-27.81,-36.37,-1.37,323.83,-86.73,-119.56,0.0,12.74,1.0,52.55984954545455,-1.4824760909090908
52.559858636363636,-1.4824672727272727,138.18,,3,30.92,26 / 26,298720,2019-11-06 10:46:46:063,-0.9451,5.0834,8.294,0.0059,-0.038,9.8066,-0.0082,0.2955,-0.1588,-28.12,-36.0,-1.25,328.71,-86.75,-117.04,0.0,12.72,1.0,52.559858636363636,-1.4824672727272727
52.559867727272724,-1.4824584545454544,138.18,,3,30.92,26 / 26,298820,2019-11-06 10:46:46:163,-1.9508,5.5699,9.1765,-0.0288,0.0257,9.8065,-0.0689,0.6772,-0.3497,-27.31,-35.94,-1.5,331.89,-86.38,-113.66,0.0,12.700000000000001,1.0,52.559867727272724,-1.4824584545454544
52.55987681818181,-1.4824496363636364,138.18,,3,30.92,26 / 26,298920,2019-11-06 10:46:46:263,0.5822,-0.6122,10.4757,-0.0536,0.0442,9.8063,-0.0715,0.1603,0.0928,-27.25,-36.31,-1.94,331.89,-86.38,-113.66,0.0,12.68,1.0,52.55987681818181,-1.4824496363636364
52.55988590909091,-1.482440818181818,138.18,,3,30.92,24 / 24,299020,2019-11-06 10:46:46:363,-0.1747,-0.7452,10.4029,0.0096,0.0028,9.8066,0.0717,-0.2598,0.091,-28.06,-36.44,-1.56,336.93,-86.92,-109.31,0.0,12.66,1.0,52.55988590909091,-1.482440818181818
52.559895,-1.482432,138.18,12.64,3,28.49,24 / 24,299120,2019-11-06 10:46:46:463,0.1229,1.381,9.6842,0.0415,-0.0123,9.8065,0.003,0.1697,-0.0395,-27.69,-36.31,-1.12,333.28,-86.76,-112.76,0.0,12.64,1.0,52.559895,-1.482432
52.559906,-1.4824227777777776,138.18,,3,28.49,24 / 24,299220,2019-11-06 10:46:46:563,-0.4331,1.2013,11.0596,0.0022,-0.05,9.8065,-0.0288,-0.1473,0.1282,-27.75,-36.25,-1.56,333.02,-86.49,-110.8,0.0,12.6,1.0,52.559906,-1.4824227777777776
52.559917,-1.4824135555555555,138.18,,3,28.49,24 / 24,299319,2019-11-06 10:46:46:662,0.5137,-1.8459,10.1983,0.0121,0.0098,9.8066,-0.0004,0.1693,-0.0213,-26.75,-36.5,-1.94,333.02,-86.49,-110.8,0.0,12.56,1.0,52.559917,-1.4824135555555555
52.559928,-1.4824043333333332,138.18,,3,28.49,24 / 24,299419,2019-11-06 10:46:46:762,0.0016,-0.3265,8.9653,-0.0095,0.0107,9.8066,0.1084,0.1677,-0.1904,-27.0,-36.56,-2.0,331.15,-86.51,-112.26,0.0,12.52,1.0,52.559928,-1.4824043333333332
52.559939,-1.482395111111111,138.18,,3,28.49,24 / 24,299520,2019-11-06 10:46:46:863,-1.1911,-1.3487,10.7949,-0.0228,0.0407,9.8065,0.1554,-0.2697,0.057,-26.87,-36.19,-2.12,331.44,-86.78,-112.24,0.0,12.48,1.0,52.559939,-1.482395111111111
52.55995,-1.4823858888888888,138.18,,3,28.49,24 / 24,299620,2019-11-06 10:46:46:963,-0.9787,5.458,9.4835,-0.0474,-0.0165,9.8064,-0.0292,-0.5441,0.3763,-26.94,-36.12,-1.56,331.44,-86.78,-112.24,0.0,12.44,1.0,52.55995,-1.4823858888888888
52.559961,-1.4823766666666667,138.18,,3,28.49,24 / 24,299720,2019-11-06 10:46:47:063,-1.0255,7.09,8.844,-0.0051,-0.0384,9.8065,-0.0857,0.3859,-0.1054,-27.25,-36.37,-2.19,337.05,-86.81,-107.03,0.0,12.4,1.0,52.559961,-1.4823766666666667
52.559972,-1.4823674444444443,138.18,,3,28.49,24 / 24,299820,2019-11-06 10:46:47:163,-0.6083,-4.1885,10.7668,0.0463,-0.0449,9.8064,-0.0268,0.9506,-0.4843,-27.0,-36.37,-1.94,337.88,-86.21,-105.94,0.0,12.36,1.0,52.559972,-1.4823674444444443
52.559983,-1.4823582222222222,138.18,,3,28.49,24 / 24,299920,2019-11-06 10:46:47:263,0.0123,-5.0417,10.3948,0.0378,0.0078,9.8065,-0.065,0.7713,-0.4829,-27.62,-36.31,-2.0,334.49,-86.16,-109.25,0.0,12.32,1.0,52.559983,-1.4823582222222222
