timestamp,true_lat,true_lon,true_velocity,true_heading,gnss_lat,gnss_lon,gnss_status,acc_x,acc_y,acc_z,gyro_x,gyro_y,gyro_z
0.0,28.6139,77.209,15.0,0.7855080815473419,28.6138726545008,77.20904338683796,1.0,0.6289965916353797,0.38197085644022544,10.393864372470002,0.018789014550609842,-0.021079401391110066,0.00857404546590683
0.1,28.6139095467823,77.20901083801004,15.003999997333334,0.7836955935065054,28.61394142029077,77.20897228685986,1.0,0.6382685773356013,-0.31269745856767783,9.96240631322894,-0.07164118798100787,0.03096124158999114,-0.028840726675918173
0.2,28.613919095479712,77.20902167962949,15.007999978666684,0.783761789649615,28.613931781824125,77.20903522627324,1.0,0.573074085755031,-0.15698149006126866,9.502975924518855,-0.09736089268765419,-0.006469321200542413,-0.019349400649781495
0.30000000000000004,28.613928551818475,77.20903263152928,15.01199992800013,0.7936814193674009,28.613913798049165,77.2091349539202,1.0,0.14063263728849076,-0.07982483249181596,9.73469025784746,-0.00867045087427208,-0.04310791613637276,0.11446370121826126
0.4,28.61393799039182,77.20904360902685,15.015999829333879,0.795788554719078,28.61391713569397,77.20899650503758,1.0,0.5116400044465801,0.6741484964647279,9.270069299414635,-0.026901688652223307,-0.0024180432264884846,-0.0030796722629250154
0.5,28.61394752517235,77.20905448388955,15.019999666668333,0.7860218358414776,28.61396082278912,77.20901703592831,1.0,0.3517563331070145,-0.8696176281377223,10.24169896388987,0.024336742516536586,-0.006934102529658703,-0.09863636173438883
0.6000000000000001,28.613957133729528,77.20906527999165,15.023999424004147,0.7785337260485098,28.613968594645343,77.20906227176842,1.0,0.4483816644397056,0.22565689686700358,9.570159306309273,-0.022698661441282176,-0.04626238337547653,-0.0888221648972721
0.7000000000000001,28.61396675738935,77.20907606446117,15.027999085342296,0.7772095681205737,28.61393312721746,77.209096821902,1.0,0.1930163882840791,0.21281268532088818,9.78388862880195,-0.03118009460768937,-0.004112461519068107,0.006640726166374884
0.8,28.61397643480786,77.20908679219522,15.031998634684143,0.7717882386760414,28.61398430133817,77.2090540119465,1.0,0.22949365055476495,0.6884306137864176,9.412909964210504,0.024379580510522775,0.024479822326378547,-0.05460382812932999
0.9,28.61398617692981,77.20909744957497,15.035998056031493,0.765170307622909,28.61400419956277,77.2090914662064,1.0,0.5923096942685808,-0.45786570367113216,9.707608286367345,0.011222590060287996,-0.06205541155825727,-0.06881090282444055
1.0,28.613995901475676,77.20910813365967,15.039997333386665,0.7673229256802884,28.614017138088528,77.20913680878287,1.0,-0.004118670867517438,0.21063888881984655,9.989500911441615,0.011445958872132928,0.013983591118470577,-0.013242539113892901
1.1,28.614005577530335,77.20911888058377,15.043996450752559,0.7727519910869147,28.613972230581133,77.20912391669277,1.0,0.12330811108678683,0.35809168912203676,9.298534445635557,-0.020397619449508228,0.036645124018680864,0.07625748306663084
1.2000000000000002,28.614015281386063,77.20912960081033,15.047995392132709,0.7700748630420505,28.614050189203752,77.20918369821062,1.0,-0.5194150234387218,-0.24266286017784594,10.372052840335009,-0.07293193759565866,0.04462320671270418,-0.019361141733098407
1.3,28.614024936550184,77.20914038378035,15.051994141531353,0.7755061794054431,28.61398616679824,77.20916326465358,1.0,-0.5705358040544368,-0.2949912373614973,10.110618165933362,-0.06803223387984511,0.06154443607188115,0.057813299490723946
1.4000000000000001,28.61403457127308,77.20915119628056,15.055992682953502,0.7779329235687525,28.6140415226054,77.20912199467101,1.0,0.2996724415937816,0.07460594783336938,9.585153805020399,-0.003030171062301582,0.025073050994950496,0.0014931390086367641
1.5,28.614044137751005,77.20916209291359,15.059991000404992,0.7853623412666348,28.614030451757806,77.2091541845847,1.0,0.3989414996112255,-0.5458895615496627,9.132488700851235,0.03802633551426221,0.10268326239127593,0.09905939188256686
1.6,28.614053749379412,77.20917294367976,15.06398907789256,0.7808990492123241,28.613995326678356,77.20923240293499,1.0,-0.13878806280607478,-0.2777927571013575,9.50660336407704,-0.035319300316241094,-0.03108112078176635,-0.03633608955066705
1.7000000000000002,28.614063377750842,77.20918378098845,15.067986899423904,0.7794084110137469,28.61405290312484,77.20916707548791,1.0,0.26336229798711364,0.028510423625956398,10.979576191406538,0.038018270144559864,-0.018271926392767247,-0.05661817698044103
1.8,28.61407307023797,77.20919454973897,15.071984449007738,0.7729179706210889,28.6141028631061,77.20923894785675,1.0,0.35504251935519515,-0.8057550315801021,10.292416430441534,0.06629625384814322,-0.030100096180307567,-0.06171773736531368
1.9000000000000001,28.614082743898607,77.20920534627906,15.075981710653874,0.7751781466721248,28.614086582519985,77.20916255264166,1.0,0.3642461662029307,-0.06927087061243772,9.773772775120833,-0.09057886471582552,0.032820897134224786,0.09212426621183226
2.0,28.614092401404328,77.209216167403,15.079978668373268,0.7771507130193374,28.614134842742104,77.20920703606038,1.0,0.03285225139891605,-0.3877455323528211,10.63088560967249,-0.043512527336895826,0.08651111270959166,0.017424394673978928
2.1,28.61410212255598,77.20922692019457,15.083975306178095,0.7707007421451005,28.61404512962142,77.20920887508154,1.0,0.05761259764582358,-0.24718072132531588,9.149473638828516,0.009097525663335162,0.04841676872531997,-0.0720196967734613
2.2,28.614111926860314,77.20923758049473,15.08797160808181,0.7621289099596864,28.614118338278875,77.20926653265592,1.0,0.16943815741174473,0.006610733113978672,10.092920376369886,0.011071646937885276,0.10684349491869705,-0.09722885376392985
2.3000000000000003,28.6141216532716,77.20924833885594,15.09196755809921,0.7706892142262216,28.614118416409017,77.20927777473719,1.0,-0.254458259875728,0.1411593633043221,9.542956535558673,0.04496737817227998,-0.07451127836174928,0.0857653702770958
2.4000000000000004,28.614131363713128,77.20925912177842,15.0959631402465,0.7726502913659267,28.614167315449116,77.20926284609565,1.0,-0.08086953074816905,0.5403743089924661,9.36482921078454,-0.04682561689457453,0.004117333211436101,0.037170355284051146
2.5,28.614141048467943,77.20926994047547,15.099958338541356,0.775630025474818,28.614137491598424,77.20926966723808,1.0,-0.11564747597829186,0.7611871898650702,10.44186684866535,0.032060301158471353,-0.06317855390743775,0.008422374080464997
2.6,28.614150661580222,77.20928084756271,15.103953137002993,0.7834103539471616,28.61419381733286,77.20925062467147,1.0,0.46196469772569804,-0.5091892200829419,9.756013346863181,0.0029652969050219954,-0.011376080227691631,0.10179071713366628
2.7,28.614160240632735,77.20929179923546,15.10794751965222,0.7872247288791736,28.61418256756516,77.20931142910345,1.0,0.4888665185228266,0.3931282922174556,10.433071391056906,0.03697575763457804,0.05772414317966312,0.052638850268963415
2.8000000000000003,28.61416985811628,77.20930271290675,15.11194147051151,0.7834847783729131,28.61417639915369,77.20928776902561,1.0,0.15609999581634054,0.27871810183325396,8.403378103956227,0.031143988469545032,0.04689233301190951,-0.06261364803369739
2.9000000000000004,28.614179503794865,77.20931360004876,15.11593497360507,0.780804266552226,28.61420314299071,77.20929387690663,1.0,0.0390742780886847,0.42463797248046375,10.445409417763557,0.05108114946730631,-0.019262290043946022,-0.011381446231871154
3.0,28.614189107847526,77.20932454061725,15.119928012958889,0.7854142703117241,28.614191172127928,77.20933209477273,1.0,0.36877501793204737,-0.6549260975312906,9.534389084888211,0.05779171177483407,0.06657621692090125,0.03986166107722057
3.1,28.614198713154458,77.20933548553454,15.123920572600817,0.7855476830239275,28.61422567456321,77.20932837521495,1.0,0.061286857115040325,1.2778989384597574,9.381419298844628,-0.04752140014441136,-0.03198604249902427,0.024350305368851313
3.2,28.614208254867513,77.20934650813315,15.127912636560618,0.7924050171017722,28.61420512697789,77.20930819494524,1.0,0.45442741796099395,0.5777453822795021,10.183845697530957,0.005422553730525029,-0.023474384278789135,0.08095967227448217
3.3000000000000003,28.614217852499497,77.2093574733231,15.131904188870045,0.7868726218128216,28.614209997500485,77.20938883989898,1.0,0.2565231297879075,0.33739355491746287,9.735620150874547,-0.10900548532937565,0.007384601755317128,-0.01640216585653713
3.4000000000000004,28.614227450609445,77.20936844373679,15.135895213562891,0.7870858615681549,28.61422780987868,77.20939005231101,1.0,0.033754278135968804,0.4100684985844368,9.625418442704715,-0.009470293055673576,-0.011933898230096544,0.011794648224212712
3.5,28.614237066372976,77.20937939984672,15.139885694675066,0.7855147205559875,28.614251382608025,77.20934182213065,1.0,0.3150463915603413,-0.42257059698880495,10.181234900430395,-0.05431011591694029,-0.048366919943422515,-0.020873268617054325
3.6,28.614246769505225,77.20939026136973,15.143875616244648,0.77665731604416,28.61425624146921,77.20942705996997,1.0,0.22165445462326122,0.0918277809431223,9.593231186968335,0.04779611989207476,-0.012009630914540147,-0.07379213758509665
3.7,28.61425647587237,77.20940112496706,15.147864962311955,0.7765861414989184,28.614290588061454,77.20942688247952,1.0,-0.3732941295580978,0.404121671178058,9.525354098881376,-0.01648325954923756,-0.04153020821688563,0.018867590928234007
3.8000000000000003,28.614266206410957,77.20941196630744,15.151853716919613,0.7743175743200869,28.61421172732958,77.20948032374137,1.0,0.29835578030331333,-0.1931873465967894,10.714499642386942,0.02826296520233068,-0.10118530922014597,-0.009637349080353949
3.9000000000000004,28.61427599261516,77.20942274830607,15.155841864112602,0.76872320829366,28.614264009365442,77.2094392864843,1.0,0.38208052300443196,-0.615095619655465,10.177596272257622,-0.05243412187926382,0.007375943465826814,-0.04535336595607375
4.0,28.61428587252055,77.20943342477214,15.159829387938345,0.7590496500281744,28.6142915793968,77.2094542134137,1.0,0.03515781522611201,0.34667791574440504,10.671031408256981,0.009681653714935196,0.10552857064253647,-0.06698622246440264
4.1000000000000005,28.6142957363366,77.20944412644133,15.163816272446748,0.7610409160203465,28.614296212464655,77.209433062211,1.0,-0.16738432706713027,0.14269735589120036,9.95925558669604,0.11161351924987079,0.07916130549983813,0.030109998616387128
4.2,28.61430551344044,77.2094549367277,15.167802501690282,0.7704975840411296,28.614312961452605,77.20945222776476,1.0,0.1373794712422241,-0.34273828705897647,10.294745024392705,-0.011692954392782028,-0.03758193385919126,0.0697219468535127
4.3,28.61431530294639,77.20946573830271,15.171788059724031,0.7694611543518829,28.614303830178635,77.20950333254156,1.0,-0.5018696361033061,-0.078381598482634,10.45780793756368,-0.006548925704527889,-0.04747767782465653,0.008651183209322224
4.4,28.61432505326331,77.20947659161048,15.17577293060577,0.7738540510376118,28.61431569345349,77.20950317790178,1.0,0.14938876338391693,0.08030607834050177,10.28658574527489,0.025195252055968433,-0.05445814975871915,0.0744664234920976
4.5,28.614334713984626,77.20948755416732,15.179757098396022,0.7834765896188957,28.614295910280436,77.20944785286758,1.0,0.08095553579141879,-0.44708448724898825,10.592637471076749,0.010644315534501106,0.02774822929768436,0.12717321792748898
4.6000000000000005,28.614344376631152,77.20949852029837,15.18374054715812,0.7835399498185186,28.614323937176117,77.20948346566057,1.0,-0.07429601799841473,0.34260081328780106,9.811375396262017,-0.01704652180186833,-0.0273694545115755,-0.003456648070725486
4.7,28.614354069869794,77.20950945713199,15.187723260958274,0.7806219082937941,28.614335676707825,77.20949937968909,1.0,0.3568932070258469,-0.4161346162400096,9.799037231582814,0.05308149237673457,-0.01847853762996543,-0.0333554418934337
4.800000000000001,28.614363815300816,77.20952033943473,15.191705223865634,0.7754382832196731,28.614419727737335,77.20952568039294,1.0,0.150626200613588,0.326192475985209,10.405357436201921,0.036535895906483755,0.038576554728566,-0.03111484113219712
4.9,28.614373571387738,77.20953121516649,15.195686419952354,0.7745900494428073,28.614425751263493,77.20954552505448,1.0,0.2313205671083651,0.10587671765375052,10.0571275490096,0.033843654733085975,-0.050874725151380897,-0.014759073480038224
5.0,28.614383342940485,77.20954207869892,15.199666833293657,0.7732372443755567,28.61442001598989,77.20951153252688,1.0,0.1602607308217078,-0.3580696745384825,8.82592785332134,0.006753222677562648,0.010278568002935995,-0.01026695691066762
5.1000000000000005,28.614393102245188,77.20955296233056,15.203646447967891,0.7747881770733237,28.614421060008798,77.20952551174,1.0,0.4557229145091871,0.37376770157798817,10.67744955878363,-0.058763925118979855,0.05740592394790738,0.026535601255579
5.2,28.61440290040068,77.20956380641603,15.207625248056605,0.7709827984683748,28.614382644208785,77.20954419284669,1.0,0.03640345837681551,-0.1599786998177546,10.6374486739536,0.01926387815823504,-0.06097890657371418,0.002490965434621467
5.300000000000001,28.614412730906643,77.20957461830407,15.211603217644605,0.7678495100053154,28.614430574758053,77.20960140679925,1.0,-0.026278143417387267,0.2237130314190704,10.061267496758111,0.005817918376184282,0.030407123217892636,0.01923756259702688
5.4,28.614422595187033,77.20958539608196,15.215580340820015,0.7645571190658248,28.614405789787764,77.20958558148999,1.0,-0.2899279062346145,0.07095745702850614,9.183850225909815,0.05798018353993169,0.026568194428702892,-0.0436499536902593
5.5,28.61443258582003,77.20959602772753,15.21955660167435,0.7513877434064593,28.61445134957261,77.20959930170255,1.0,0.2041520674594851,0.03638432328152397,9.620837345516955,0.029369738571147788,-0.04929283850385577,-0.09676058680628769
5.6000000000000005,28.614442467508297,77.20960679656726,15.22353198430257,0.7632618961521975,28.61452799725197,77.2096549418357,1.0,0.12403212742113931,-0.5752943964541116,9.466820901104928,-0.02951340259455609,-0.036624532680184625,0.11323187616488944
5.7,28.614452399564055,77.20961751102803,15.227506472803151,0.7581948126812618,28.614440111758988,77.20956786480329,1.0,0.23789339219742864,0.02198918467578417,10.45638550774154,-0.013508317650590719,0.11402150715714963,-0.05533608152193098
5.800000000000001,28.61446232850443,77.20962823514536,15.231480051278146,0.7588012224460686,28.614419799565532,77.20964217188687,1.0,0.05936187569433375,-0.08341192391939312,10.141675770690092,-0.023565181637063615,-0.04577597352156452,-0.01119587637541722
5.9,28.6144722498013,77.2096389743404,15.235452703833243,0.7598872922873388,28.614465891978835,77.20969721771668,1.0,0.35043278221947516,-0.9052490839571222,9.933790868028108,0.0677717455039661,0.03912035409842829,0.006145834276367748
6.0,28.614482122680506,77.20964977714836,15.239424414577838,0.7652806881656797,28.614494208016385,77.20964461221654,1.0,0.21632117483592173,-0.8933282705845915,9.625893918846902,-0.03566493699404779,-0.08293488878822555,0.06364389751786952
6.1000000000000005,28.61449201344232,77.20966056458532,15.243395167625096,0.7636653385998399,28.614504352744916,77.2096987961397,1.0,-0.23951867746650599,-0.7820989453251643,10.293880210157438,0.11197482134597517,-0.046101158516430894,-0.016972948941586755
6.2,28.614501915560023,77.20967134437585,15.247364947092006,0.7627379777169319,28.614497717695954,77.20964505408423,1.0,-0.34253858862895525,0.3223926925883065,9.517001219973494,-0.018507211805201217,-0.03099655248697393,0.007143974858938081
6.300000000000001,28.614511765773486,77.2096821915402,15.251333737099458,0.7684764869647135,28.614527994014068,77.20970642448206,1.0,0.4868909513252532,-0.6057024822225755,9.745051243647268,0.0018477572019702114,-0.09804589674917838,0.03033146913608184
6.4,28.614521633252846,77.20969302417423,15.255301521772298,0.7669315763248443,28.614498213278715,77.20968250349664,1.0,0.10226996366594579,0.3558760214348238,9.474376842342451,0.06450603519260467,0.04082525087968246,0.0016497703371261274
6.5,28.614531475337305,77.20970389257744,15.25926828523939,0.7698666036289319,28.61452632096398,77.2097160696178,1.0,-0.25835832628231326,-1.083782563858584,9.943204446815173,0.1085661814818856,-0.07604345825907131,0.061099501655962535
6.6000000000000005,28.614541347846338,77.20971473096391,15.263234011633687,0.7669422170728126,28.614548085711313,77.20979419294741,1.0,0.8986061400157146,-0.2692066248144815,9.535803504106534,0.11294915093640255,-0.053977698907846976,-0.037285827471444905
6.7,28.614551175710112,77.20972562769043,15.267198685092287,0.7718900307809758,28.614527572528605,77.20968929905995,1.0,0.18964814605268654,-0.12991626841923654,8.603791246686356,0.017090046518645405,0.10165815533371057,0.05461750290040943
6.800000000000001,28.614560975821043,77.20973656259976,15.271162289756505,0.7750520381677558,28.61458856506612,77.20968132917228,1.0,-0.6494689774437629,-0.8240035556965258,9.360450439528456,0.0006291779995118011,-0.0063659607742156555,0.030592677963563297
6.9,28.614570771717457,77.20974750819941,15.275124809771926,0.77575554544833,28.614559177427957,77.20977614567347,1.0,0.037355854889136855,0.36309258667609473,9.44976254849787,-0.011833092013375141,-0.09885783156224234,0.004458380233586031
7.0,28.61458051443247,77.20975852097487,15.279086229288472,0.781536098063072,28.61461854276763,77.20974411925354,1.0,0.002886334870556506,-0.18208736515219975,10.364557615940482,-0.010383524820646068,-0.049706060043508145,0.066769128304707
7.1000000000000005,28.6145903155645,77.20976947207043,15.283046532460476,0.7757393772916839,28.61456694954057,77.20971070138778,1.0,0.261207245033658,-0.7123786949070844,9.494082638313193,0.033203636161872926,-0.03273809756238702,-0.03316263309162101
7.2,28.614600146552483,77.20978039418819,15.287005703446725,0.7728944989592051,28.614586421783866,77.20977187122566,1.0,0.21439205088319407,-0.311523649291936,10.838019715234452,0.06399963311436689,0.011997490663404099,-0.014557378495343375
7.300000000000001,28.614610054110628,77.20979123200195,15.290963726410546,0.7651452013664912,28.614641894901453,77.20980098469717,1.0,-0.4704531778373082,0.033220893551400586,9.903180923358152,-0.0644766112096674,0.00784317810564609,-0.07450220769479303
7.4,28.61462002228485,77.20980200333395,15.294920585519845,0.7590255682417836,28.614600911867683,77.2098744165157,1.0,0.4062265992318078,0.24816544503512386,9.01441243643951,-0.034885110585571394,-0.04021236493218056,-0.07559974503784142
7.5,28.61463000575943,77.20981276215349,15.298876264947198,0.7576795085440521,28.6146112093383,77.20975466052164,1.0,0.08741783730508948,0.8204069835657197,8.437450257723414,-0.06565042785258936,-0.08347125492270716,-0.014898413389783002
7.6000000000000005,28.61463997684024,77.20982354175588,15.302830748869889,0.759263228505883,28.614652269920153,77.20983457628942,1.0,0.3067384090824198,-0.34285310103986655,10.59950131227394,-0.009326838888064416,0.022225059609064,0.004380018626766121
7.7,28.614649878960947,77.2098344093615,15.306784021469989,0.7667909956513196,28.614702892571497,77.20983628246415,1.0,0.13212855974549748,0.18047491699641105,9.423941294164786,0.0008636734660844884,0.02472969522379344,0.0883985168136876
7.800000000000001,28.614659740573835,77.20984533046034,15.310736066934412,0.7712932710857517,28.614675830351214,77.2098357902967,1.0,0.28031641594523826,-0.23875770535097376,10.535098548638723,-0.09130083771715294,0.0003620860167224272,0.045531600377884326
7.9,28.614669722432502,77.20985611474926,15.314686869454981,0.7589408429561662,28.614707043862225,77.20983295109237,1.0,-0.10288419833513243,0.22590259656120995,10.218974265085611,0.029262815276944795,0.002706875863691822,-0.14322967522334606
8.0,28.614679631671162,77.20986699141955,15.318636413228491,0.7668485453360646,28.61467609858697,77.20985412904004,1.0,0.4233244063318381,-0.32703544063337014,9.641565280190388,-0.027914199125818457,0.07380867147845774,0.04371928462131583
8.1,28.61468961088821,77.2098777906176,15.322584682456775,0.7597628307096912,28.614634316964274,77.20991696509853,1.0,0.6692297190780131,-0.4026474580543696,9.37541762730789,-0.009318630743877709,0.0633204203410099,-0.04318090571138922
8.200000000000001,28.614699631329845,77.20988854605822,15.326531661346758,0.7556777688638496,28.614688383775178,77.20988976112712,1.0,-0.3659211442154823,-0.1537063955540893,10.198642627526736,0.019777581460767364,-0.0767564440707836,-0.039136800191269014
8.3,28.61470968544003,77.20989926655906,15.330477334110531,0.7523801698975263,28.61470762168804,77.20990164976465,1.0,-0.5602891680072822,-0.30481167337871723,10.17237554255254,-0.027968362831584954,-0.003883060939264991,0.014047973644511288
8.4,28.614719723196504,77.20991001282137,15.334421684965408,0.7543900519348008,28.614706469803185,77.20994822651387,1.0,-0.11779977806784023,0.31280164523776033,9.680515000765082,-0.05223899060046932,-0.012511267171226609,0.003933331333500207
8.5,28.61472980235735,77.20992071459612,15.338364698133992,0.7502667054705445,28.614758715803898,77.20988870412269,1.0,0.4543023216269262,0.639077679673051,9.604896474580597,-0.03757261966641415,-0.021913264989801895,-0.04747311175334477
8.6,28.614739948478242,77.20993133990953,15.342306357844233,0.7433913535436192,28.614715584754293,77.20999100946892,1.0,0.03222160218786503,-0.9458232003875935,10.260899062349754,0.10891048230150246,-0.004130288271788722,-0.024133937069670354
8.700000000000001,28.614750164873897,77.20994188348904,15.346246648329501,0.7361096171482009,28.61476684228271,77.20992223164731,1.0,-0.0390259654843573,0.4643793164553974,9.868068753896607,-0.09083980538213406,0.025502626478051182,-0.07776235165115808
8.8,28.614760423140122,77.20995238021507,15.350185553828636,0.7318603493987453,28.61474241281425,77.20993389760945,1.0,0.5678390336749738,0.5472267785885314,9.881441218477987,-0.038493465215644715,-0.025044243649447663,-0.01753332479276981
8.9,28.614770705022877,77.20996285296069,15.354123058586023,0.7295806884420415,28.614753523715887,77.21000512139052,1.0,-0.5504156967570477,0.5472663959967822,10.337280562517474,0.05961158928430518,-0.002386129852238273,-0.011319321083285164
9.0,28.614781000035418,77.20997331500678,15.358059146851648,0.7284388163921902,28.614764310043554,77.20994112308509,1.0,0.20826024108394361,-0.3375835714342087,9.610562032681674,0.017823231573587752,-0.010146613666338756,-0.012639102864271858
9.1,28.614791339384556,77.20998372624362,15.361993802881162,0.7238880927818351,28.6147863037044,77.20994531046631,1.0,0.3160500851800201,0.2945472150791889,10.17248734359683,0.005738674705934617,0.049889253070028575,-0.050306004671688845
9.200000000000001,28.614801748874793,77.20999405251793,15.36592701093595,0.7164741162823546,28.614811080109174,77.20999948733382,1.0,0.3722366317139413,0.41979302451816586,10.10661664627757,-0.021084752826474956,-0.03370951689225476,-0.049648061047661424
9.3,28.614812167095064,77.21000437349372,15.369858755283179,0.7158048134385546,28.614759231290233,77.20994351111531,1.0,-0.22937261298767705,-0.6268878189239567,10.286448858045906,-0.0744285500793722,-0.015557999248650718,-0.0054328342702868754
9.4,28.614822503785092,77.21001480636545,15.373789020195881,0.7250459880028356,28.614763930401978,77.20997645559311,1.0,0.42846367563641896,0.5490328929540078,9.72417692321485,0.02199468682978733,0.0806578769517745,0.09444645742094317
9.5,28.614832835305993,77.21002525193641,15.377717789953001,0.7258981770912616,28.61486376556693,77.21004885139635,1.0,0.015654980799941903,-0.2924360467539213,9.270379082230162,-0.07925282366644461,-0.043785969612340735,0.003767714902521901
9.600000000000001,28.61484315303295,77.21003572122711,15.381645048839465,0.7276879326547777,28.61485269788791,77.21004107166496,1.0,0.6425135708535346,0.3184367773416685,11.18199622837455,-0.03300624954484322,-0.03081156908157919,-0.0041959278801454464
9.700000000000001,28.614853535665794,77.21004611300714,15.385570781146242,0.7208880047409596,28.614834858094838,77.2100210055399,1.0,0.3206126534416878,-0.07568370322712947,9.707049060081788,-0.0648823608227805,-0.05302169696278191,-0.047290232820520764
9.8,28.61486389977877,77.2100565348172,15.389494971170409,0.7232047555282073,28.61484508397297,77.21005562126155,1.0,-0.0912781342951724,-0.6653748025063286,10.921806843878002,0.049775134987997564,-0.04178497231285584,0.04008912247177874
9.9,28.614874251736556,77.21006697834686,15.393417603215209,0.7248201969399785,28.614848800942287,77.21005372309841,1.0,0.3709729608515171,1.0708120589377883,10.32873402687621,-0.03056347368894173,0.00957525493154835,0.02794196644996999
10.0,28.61488455836377,77.21007748591062,15.397338661590123,0.7300355681890341,28.614907439307053,77.21005553640474,1.0,0.08642197794819392,-0.7094648409892197,10.117096750857856,-0.0384299526022841,0.00953201423475003,0.06111804060486396
10.100000000000001,28.61489481240631,77.2100880659975,15.40125813061092,0.7359993396569992,28.61490490853661,77.2100826883452,1.0,0.46538686867337586,-0.2183493970266069,10.480265468292679,-0.0620918898666885,0.08953070512358761,0.067765627460951
10.200000000000001,28.614905081237602,77.21009863343747,15.405175994599727,0.7346873109172407,28.614888668193924,77.2100595387426,1.0,-0.27807579487840184,0.30119430455224344,9.462493324096892,0.041342159019235526,-0.030073909135286955,-0.012383571723954417
10.3,28.614915338499923,77.21010922141589,15.409092237885098,0.7362141195308489,28.614877102243142,77.21010089510379,1.0,0.2591201140591583,-0.616039462465299,9.307944616986202,-0.06812983717583214,-0.01769925784091479,0.0007790836999277666
10.4,28.61492555431711,77.21011986719718,15.413006844802062,0.7409399032234248,28.61495154725761,77.21003460649611,1.0,0.010339270728409983,-0.2569900571425673,10.75885165768576,-0.028660546879349443,0.04058466250036877,0.0671486834945586
10.5,28.614935796626717,77.21013048584571,15.416919799692199,0.7383797265726184,28.614918787258965,77.21009163134696,1.0,-0.27390645417081905,0.23936525248735965,9.430943310262622,-0.020634354541894884,0.0678872059594884,-0.008844912090043974
10.600000000000001,28.61494599884831,77.2101411603709,15.420831086903693,0.7429463561342329,28.614972013023195,77.21012991694731,1.0,0.8816159415232544,0.5756280108362681,10.047601331991997,-0.001144711570996038,-0.023621286587677905,0.09028134230535824
10.700000000000001,28.614956234720772,77.21015179894802,15.424740690791399,0.7396261801418416,28.614960245416498,77.21014089535348,1.0,0.13094440318187972,-0.12724837327753966,9.912847662473363,0.03682408264699073,0.05567530706240791,-0.011494891869486027
10.8,28.614966418443405,77.2101625081669,15.42864859571691,0.7454676453762747,28.614920087722275,77.21016907876775,1.0,-0.10592914848199464,-0.48125305458272416,9.060115249243406,-0.029600340880066252,-0.05621557234398888,0.06253980888511475
10.9,28.614976578118544,77.21017325285851,15.432554786048607,0.748294751602687,28.614976233603656,77.21013738902259,1.0,0.36765029926777193,0.04382705243039429,9.559766860052413,0.0004536311778454926,-0.014023685930267203,0.02377748440156393
11.0,28.6149868078476,77.21018391687083,15.43645924616174,0.7411143025235067,28.61505147911299,77.21016895502599,1.0,-0.11330107564302941,0.6219045184652373,8.966231875439902,-0.06341656367085953,0.07781073706632448,-0.07872810729392946
11.100000000000001,28.614996978391396,77.21019465996459,15.440361960438468,0.747687488346004,28.614985295742343,77.21018804479993,1.0,0.34013487260500863,-0.11909549683662987,9.698528261864157,0.029361781342132166,0.028017735374713273,0.054135712922185664
11.200000000000001,28.615007134784666,77.21020542627589,15.444262913267941,0.7494582345549208,28.614978051922417,77.21024631933658,1.0,0.4547380312312411,0.5271968908522371,10.072014039868817,-0.10763599893033877,-0.006623954796461057,0.013796799616722961
11.3,28.61501728356653,77.21021620774778,15.448162089046354,0.7505339628175134,28.615023593781924,77.21021718053538,1.0,0.6077467032674957,-0.40444368430348754,9.806969251841267,-0.024887632562847158,-0.05941710831067645,0.017938945912276037
11.4,28.61502748773789,77.21022692704804,15.452059472177009,0.7449368467154808,28.61498659080015,77.21024976109781,1.0,0.06504765990562614,0.6947056072116949,10.261147200862272,0.090534707374403,-0.032452562046749164,-0.0815226911143942
11.5,28.6150376967099,77.2102376462978,15.455955047070377,0.7447000984546961,28.615033473319333,77.21022914463656,1.0,0.1758176689853739,-0.3262364065138203,9.741304793264296,-0.012522061665223362,0.007139955664123576,-0.01929204690475019
11.600000000000001,28.615047846605805,77.21024844393763,15.459848798144165,0.7512266666169486,28.61501649535759,77.21019068516463,1.0,0.016225845959694493,-0.48086327623178815,9.396962896620945,0.04330592325486153,0.004806658072189038,0.041430230919309516
11.700000000000001,28.61505802405812,77.21025921371927,15.463740709823373,0.74858602323128,28.61504660712014,77.21021692599106,1.0,-0.1560306300448596,0.35498463849911355,10.299330841340778,-0.02342728527321111,0.006812997655617018,0.009969506404144601
11.8,28.6150682922021,77.21026987711984,15.467630766540362,0.7392193050989855,28.615030924890277,77.2102740880279,1.0,0.28776315724350826,-0.9187727466370016,9.742575588161179,-0.00749702541833696,-0.033941630974123914,-0.07198038785523156
11.9,28.615078594857856,77.21028050316623,15.471518952734906,0.7358027445920442,28.615108009272376,77.21023314644377,1.0,0.6436030271520149,0.08804939574607447,9.843147909030469,0.00021947200622822612,0.0005990358798532722,-0.05608031356775454
12.0,28.615088890122042,77.21029114442366,15.47540525285427,0.7368716597297298,28.615169688647573,77.21030567223353,1.0,0.5638942496164217,-0.1346893202078887,11.245455718790325,0.11006956135049822,0.05717394625345851,0.018254671405701833
12.100000000000001,28.615099176986465,77.21030180212522,15.479289651353254,0.7380464107503439,28.615088242040727,77.21027960170495,1.0,0.4299710939018201,0.06889519361328926,10.740026340190237,0.048597498011660495,-0.013113236808518773,0.016022632390336987
12.200000000000001,28.615109413557803,77.21031252834773,15.483172132694273,0.7436788203391071,28.615119552288043,77.21029792799467,1.0,0.29018791489541684,-0.6306361266463469,9.250191690075992,-0.04995793168794452,-0.0139690663712117,0.07862181194139511
12.3,28.615119666004727,77.21032324075246,15.487052681347405,0.7422645656910059,28.615101546581272,77.21027090689603,1.0,0.162650895881135,-1.119741676024217,10.364499553270523,0.0007668077986685493,-0.08162707687379321,-0.007014913044726409
12.4,28.61512987389891,77.21033401406572,15.490931281790463,0.7472603666914897,28.615119544696615,77.21037665428625,1.0,0.03215748065573894,-0.4815705680130189,9.164789528280762,-0.052679631373200864,-0.07446498484564916,0.0500082856876025
12.5,28.615140130792298,77.2103447326885,15.494807918509046,0.7423376337947003,28.615134030357158,77.2103355975233,1.0,0.075830990655945,-0.3497962501450863,10.140834534917563,0.05011035224476349,0.006158560632470521,-0.06492504838117946
12.600000000000001,28.615150314907506,77.21035554680044,15.498682575996616,0.7503081955852245,28.615157125015358,77.21037868995006,1.0,0.07932303084558032,-0.6466103960557725,10.223637582281537,0.010373262049675076,-0.005651899379878402,0.070843075226458
12.700000000000001,28.615160469111405,77.21036640314074,15.502555238754546,0.7537199210584882,28.615157682025732,77.21038870114161,1.0,0.5741378388450716,0.33289857923286265,8.932070594511575,-0.060103475018520314,0.08889838885677573,0.022438869815043137
12.8,28.6151706167545,77.21037727322084,15.506425891292192,0.7546736251209862,28.615201582557546,77.21036951668182,1.0,0.8207027537037692,-0.7528814680671165,10.039504976811486,-0.10299735954933927,-0.06993729235675886,0.05651043766268536
12.9,28.615180701182318,77.21038822511082,15.510294518126948,0.7615368378195883,28.615232254633487,77.21037315518058,1.0,0.2562915929358739,-0.3629265653580181,10.010611618723711,-0.019580634210298296,0.07539196734879527,0.06076127613533462
13.0,28.61519072389496,77.21039925596412,15.51416110378431,0.7681925730002582,28.615167783293906,77.21038977927174,1.0,-0.05166345697265706,0.5959654427446754,9.360349325815564,-0.012192189490728417,0.027212509069691623,0.02941853735308774
13.100000000000001,28.615200736747468,77.21041030411538,15.518025632797944,0.7694674618449329,28.615155698018498,77.21036365699854,1.0,0.30839570417450857,-0.4516889415021954,8.766379449755696,-0.007816995711832276,-0.0017879742848030782,0.026828363656282224
13.200000000000001,28.615210791693876,77.21042130825356,15.521888089709737,0.7653766774230345,28.615190074874597,77.2104064251861,1.0,0.10769534669574143,0.3415043381625107,9.772326804938654,0.019758700135817334,0.021747630444458408,-0.05723174072410171
13.3,28.615220819147208,77.21043235058134,15.525748459069868,0.7684758050624181,28.615210095874318,77.21048586617799,1.0,0.18416608049486213,0.2334290841615179,9.502335290478797,0.013238126835734188,0.012531179408255502,0.04884062587326889
13.4,28.615230882768106,77.21044335583326,15.529606725436864,0.764996422763276,28.61522345798183,77.21045197893037,1.0,0.48870207088203643,0.5396970656763784,9.421784873830253,-0.04749510980634273,-0.02750765064437742,-0.04482350515924432
13.5,28.615241054519586,77.21045423709033,15.533462873377662,0.7540023020422468,28.61523292263207,77.2105023938395,1.0,0.22183371906128585,-0.052193430098751784,10.245567629284889,-0.020909552023289313,-0.008487544435267155,-0.08995238998800252
13.600000000000001,28.615251281205964,77.21046505712111,15.53731688746768,0.7485007569894052,28.615223147758492,77.21050481453672,1.0,0.23888500794837697,0.018460777314931707,10.487479477293274,0.008065452511585545,0.08199565260509145,-0.0648004639333526
13.700000000000001,28.61526147599826,77.2104759219073,15.541168752290863,0.7521175253152159,28.61527832917602,77.21048341233833,1.0,0.2013753422212073,0.6241881025911415,9.687347181474578,-0.08954126636859083,-0.026249494028669485,0.045570249111363585
13.8,28.615271671310108,77.21048679182653,15.54501845243976,0.7523277486991357,28.615271712082308,77.21047647260009,1.0,-0.3638485338621871,-0.15064816806645753,9.32984973176995,-0.11347457276653328,0.012731459509390067,-0.022886280814208418
13.9,28.615281930454806,77.21049758933437,15.548865972515573,0.7458821115228114,28.615287423398737,77.21050488020587,1.0,0.12332114062188765,0.4309077252359618,9.34512452756501,0.06542357561865259,-0.04256341642587674,-0.0649849598277997
14.0,28.615292200929094,77.21050837866213,15.552711297128228,0.7449542818771874,28.615287588944238,77.2104765231289,1.0,-0.156192117651504,-0.4643610750276301,9.307464242175474,-0.04396900051588802,0.01578423118943791,0.010458135460128906
14.100000000000001,28.615302490222465,77.21051915051058,15.556554410896432,0.743234148343398,28.615273428014227,77.2104615352649,1.0,0.16104462657011737,-0.3411060780022692,9.908537791187536,-0.02693536512892072,-0.07390706534840973,-0.022839159023298174
14.200000000000001,28.61531271196393,77.21053001125536,15.560395298447732,0.7506150230238501,28.61535757509838,77.21058199518681,1.0,-0.5157778351437776,-0.38763971948525316,10.550466021590005,-0.023794814403417335,-0.030422748104482245,0.04623075748030194
14.3,28.615322881924754,77.21054094062036,15.564233944418588,0.756291847016199,28.615360756222024,77.2105357943705,1.0,-0.06791864172862117,-0.15794122636836228,9.553481155750465,0.07198080240963528,0.005020818542847834,0.04185307001149979
14.4,28.61533309343919,77.21055182533944,15.568070333454418,0.7522143271532926,28.615345913307234,77.21056010550868,1.0,0.16457111420179196,0.2507513217651631,10.391033205558347,-0.11731229952789156,-0.02428640340699313,-0.05678309269300777
14.5,28.61534330924677,77.21056271057405,15.57190445020967,0.7520282543775965,28.61535920108229,77.21055116381926,1.0,0.3747532020730534,-0.21398595676400978,9.3824773290142,0.059296345548691676,-0.0003013309396767278,-0.010266143443551227
14.600000000000001,28.615353589204283,77.21057352293803,15.575736279347886,0.745557280415166,28.615295295263536,77.21055398765155,1.0,-0.1761280647551006,-0.2898278420195216,9.283358000402671,0.022025040609898162,0.03343262920833865,-0.09225689389449938
14.700000000000001,28.615363860574785,77.21058435165638,15.579565805541751,0.746727206758036,28.61532226374001,77.21052828466506,1.0,0.2865393173885764,0.06098849775617566,9.585964313806667,0.026282141394850456,-0.010367857702005065,0.04940685153368575
14.8,28.615374131257656,77.21059518698549,15.583393013473168,0.7470648269846808,28.615401268325456,77.21057939500947,1.0,-0.0706582147578288,-0.7067413693356941,9.515521002006611,-0.013290029129369078,0.015114586692559426,0.017812185323824732
14.9,28.615384401063324,77.2106060291522,15.587217887833308,0.747421914770617,28.61534796062688,77.21059862850149,1.0,0.47347877950526784,0.44513864330208774,10.160161804929942,-0.03911228467532824,0.023067522875713342,0.02210223862966596
15.0,28.615394673218198,77.21061687418587,15.591040413322679,0.7474396979430248,28.615387998654874,77.2106225773315,1.0,0.22832765115315162,-0.6395630026775257,8.973148636929663,0.06652445772696262,-0.026925550645869174,-0.019652428417193182
15.100000000000001,28.61540486748817,77.21062781986633,15.594860574651186,0.7558447466946008,28.615397851978393,77.2106266067947,1.0,0.5777556854396273,0.27813041750403616,9.259740196360879,0.021971483075892733,-0.03130879019137135,0.089673547469139
15.200000000000001,28.615415095579085,77.21063873024494,15.598678356538187,0.7525798393618525,28.615385238204738,77.21062788324001,1.0,-0.013352383792524791,-0.6529402898639574,9.64408079464161,-0.04274154875487927,0.05198448985837722,-0.02272192967332253
15.3,28.6154253329104,77.21064963508913,15.602493743712559,0.7518761823642607,28.615408614156426,77.21059028313489,1.0,0.3798942362723561,0.07863430562031365,10.425813002690633,-0.0034896946181506953,-0.051500541546357026,0.0010860060519442168
15.4,28.615435614013723,77.21066049210575,15.60630672091276,0.7475561415967165,28.615435900635617,77.21069216777026,1.0,0.5748735202093345,0.05197845192344808,9.57743342719556,-0.022616342718490768,0.04397822546725456,-0.03250570180997091
15.5,28.615445811990128,77.21067145606317,15.610117272886887,0.756496073017102,28.615432792862816,77.21061680809102,1.0,0.33081435455593566,-0.0490821062347658,10.085377588956922,0.04393023671246796,-0.03000133319076735,0.11605796536740437
15.600000000000001,28.615455928421643,77.21068252323988,15.613925384392735,0.7651848243761288,28.615456188888473,77.21064459726236,1.0,0.025266240406493737,0.21755601283866044,10.07925302260917,0.01865846358067177,-0.05671390444012775,0.06240523731549094
15.700000000000001,28.615466034119848,77.2106936087486,15.617731040197864,0.7665420882691479,28.61544723434711,77.21071738196751,1.0,-0.018552071223896294,-0.38265905086265517,10.075446083830078,0.0548139871318058,-0.058559530408661666,0.04383150260999835
15.8,28.61547614568576,77.21070469292548,15.621534225079657,0.7661920341005111,28.615486839130003,77.21071108562478,1.0,0.003147832164703629,0.21400529700792603,9.183577370566377,-0.008842009649219,0.0009646188822585961,0.028230795478548114
15.9,28.615486280007133,77.21071575572441,15.625334923825378,0.7641045173524008,28.61547520804094,77.21070799001237,1.0,-0.04022544293162808,0.714578688946733,9.934120357267842,-0.047049929221775866,-0.004799579350243791,-0.034393978183942304
16.0,28.61549634511642,77.21072690578876,15.629133121232236,0.7714549549907435,28.61551402530347,77.21075652253408,1.0,0.5035950108873436,-0.2987889071432733,9.777319591926316,-0.02696633498481753,-0.08174196871473118,0.11003418544616693
16.1,28.61550643399068,77.21073803353279,15.632928802107449,0.7692748633876354,28.615499167242042,77.2107346723296,1.0,0.21156947614440516,-0.20732310272036422,8.766735161094001,-0.08734962502471606,0.023517637291044485,-0.026039100216512484
16.2,28.615516611436284,77.21074906175409,15.636721951268296,0.7604201185441049,28.615504149874095,77.21075628378529,1.0,0.2756507191239068,-0.8848016199181675,10.09034414926374,-0.02547284703036845,-0.0041543469336882775,-0.06841808887003238
16.3,28.615526855654636,77.21076001512718,15.64051255354219,0.7537560979697738,28.615522005603047,77.2107650660447,1.0,0.4014183703344607,0.13938284229184195,9.644198430800367,-0.05995581435959049,0.0976308475768477,-0.09320212837335978
16.400000000000002,28.615537042043915,77.21077104388837,15.64430059376672,0.7600059276808843,28.6155522025987,77.21077515532176,1.0,0.013115626020950358,-0.3848510493365995,10.78628359365975,-0.029735874289727012,-0.07710988290671555,0.05205345039822733
16.5,28.615547189931036,77.21078212420986,15.648086056789737,0.7642268892200045,28.615497159773845,77.21077030849955,1.0,-0.3523390276352185,0.026225628119777265,9.435194037103855,-0.04927055025105096,0.05118692898148001,0.024848248397046406
16.6,28.615557371309457,77.21079317020586,15.65186892746939,0.7610314232531225,28.61555871901276,77.21080011434086,1.0,-0.1817803421665871,0.34822960828875454,9.383083802357296,0.008542192547063813,0.08709126958104069,-0.056118951342920206
16.7,28.615567542109975,77.21080423444138,15.655649190674202,0.7623745925007789,28.615622061957335,77.21084644998938,1.0,0.5242417192875494,0.3840682171286669,10.149708545689604,-0.01643966337651839,0.03530886822353583,0.014820109589325453
16.8,28.61557769508147,77.2108153254905,15.659426831283126,0.7644600814227033,28.615582581010994,77.21082851734678,1.0,-0.19568024997485614,0.5912078254006924,9.29062092363956,0.006379183524450705,0.04971231695862197,0.029850840453379657
16.900000000000002,28.61558791408776,77.21082634318394,15.663201834185603,0.7579083942667081,28.615572931162912,77.21082931792733,1.0,1.0309579135007285,0.16619983501462976,9.79399366063685,0.02841170387441896,0.05201371187083451,-0.05114851060137849
17.0,28.615598161099655,77.2108373327056,15.666974184281628,0.7552642809949133,28.61556475252997,77.21081616664365,1.0,0.37412715673568064,-0.18604720634631897,10.057127967352946,0.015541677292251919,-0.034651085062657176,-0.003820325678544548
17.1,28.61560828203771,77.21084847834882,15.670743866481807,0.7684923570225407,28.615614247994586,77.21088189467866,1.0,0.39917080018548423,-0.16074817829198426,9.642153769995522,0.009268819805081171,0.06804881440624248,0.1534517560996253
17.2,28.61561830587686,77.21085974276924,15.674510865707413,0.7786096559170519,28.615591289496376,77.21090541070978,1.0,-0.009152228622725078,-0.057846515118869686,8.970549879498211,0.049260154357984864,0.06055338259970697,0.09288780867789859
17.3,28.615628387088666,77.21087094607178,15.678275166890455,0.7730367954490425,28.615587886493028,77.21088075678112,1.0,0.44299621838922676,-0.8524717938343032,9.95697595282977,-0.015262402515989702,0.057499379017780065,-0.053292590178851844
17.400000000000002,28.61563840326113,77.21088223029253,15.682036754973733,0.779870245100427,28.61563977811501,77.21084857246426,1.0,-0.23731459202269647,-0.08278501418304503,9.815186845268775,-0.02118565068871993,-0.036704796237446456,0.07537996821221254
17.5,28.615648446865862,77.210893488314,15.685795614910903,0.7773407240366398,28.615630593024903,77.2108837080146,1.0,0.030014560939480725,0.5985108295721915,9.464571186280677,0.010840939633973968,-0.06026063299238225,0.01705206554353641
17.6,28.61565853851348,77.21090469595443,15.689551731666526,0.7727131391489168,28.615668657494403,77.21088403141188,1.0,0.08671656907512768,-0.6994992608627024,9.111483351624173,0.021548353529203704,-0.004339827485607991,-0.03775804752560231
17.7,28.615668643536,77.21091589345527,15.693305090216143,0.7715987409126337,28.615653186461188,77.21086250105468,1.0,0.04695411502427227,-0.10156306411287677,9.42974131080593,-0.0037749875709158134,-0.019109050369415452,-0.006105750476470653
17.8,28.615678822747707,77.21092700896587,15.697055675546322,0.7642712165882397,28.61562575080817,77.21093512283109,1.0,0.32926675890812696,1.1050766481595875,9.480334191933975,-0.06709898144295394,-0.01633726461401242,-0.11271843210224475
17.900000000000002,28.615689004416588,77.21093812709853,15.70080347265473,0.7642684704217895,28.6157110308055,77.21090253182962,1.0,-0.33722313099200296,-0.14677599557434604,10.3723910539334,-0.05757631282372838,-0.012927945932254875,0.024947769901208595
18.0,28.615699181613778,77.21094925607696,15.70454846655018,0.7649750164393553,28.615750763389087,77.21092502656195,1.0,0.37821272801742,-0.07934260126889851,9.26734029498382,0.022440351318462694,0.125885198383042,0.03688733101491436
18.1,28.615709255151355,77.21096051223813,15.708290642252704,0.7757704137254786,28.615699717859485,77.21090878272706,1.0,-0.219574921573333,0.23353452404844632,10.162517949313525,-0.013919477731238495,-0.0029219887455639425,0.11915695636920794
18.2,28.615719408951648,77.21097167993832,15.712029984793602,0.7678603947705199,28.615689685336168,77.21094949379336,1.0,0.12298176989931373,0.16350176140031747,9.911635113276024,-0.022292612406599053,-0.048142711515733724,-0.09611683986034884
18.3,28.61572948393063,77.21098294534865,15.715766479215514,0.7761094938191718,28.61569288907867,77.21094434426855,1.0,0.09959900532585256,0.9219369858046685,9.84164502368257,0.039368365983443315,0.02663725840072801,0.10010821079020762
18.400000000000002,28.615739578430478,77.21099419352481,15.71950011057246,0.7743765092278942,28.61575765523309,77.21101180544039,1.0,-0.25995467308322395,0.06984075481915418,9.81062860978339,0.004922310779176427,0.027196706412808642,-0.042081210495389584
18.5,28.61574963146733,77.21100549521891,15.723230863929924,0.7788070983640493,28.615765426711864,77.21098140057356,1.0,0.3872250074473478,-0.4191081378751031,10.148419180583547,-0.07739778418065464,0.10748407397421329,0.0606299834696154
18.6,28.61575968800523,77.2110167983025,15.726958724364897,0.7786944782479247,28.61573597853038,77.2110276009323,1.0,-0.15475204911722742,-0.2549265648879764,9.516224506597712,0.0024344118687563455,-0.06865656744856799,0.01851100391131908
18.7,28.615769764117225,77.21102808418038,15.730683676965942,0.7769607353029737,28.61577824901079,77.2110019943925,1.0,-0.1699365604992625,-0.554425837798801,10.119244307009591,-0.09190737828469484,0.11224997001574387,-0.03228959584855262
18.8,28.61577984871875,77.21103936565106,15.734405706833252,0.776344445004358,28.61574711962807,77.21107762423148,1.0,0.01409134326265371,-0.3095534814309609,9.524732545645751,-0.018426150803759447,0.09455794018386365,-0.0021156524100157063
18.900000000000002,28.615790000233066,77.21105057444741,15.738124799078715,0.7698084830123151,28.61579171516945,77.21104292492375,1.0,0.06652128223798817,-0.6848033252889132,9.198397865903425,0.03796845410419012,0.046463682692017824,-0.06963445483609994
19.0,28.615800135573924,77.21106180767346,15.741840938825966,0.7716934810450138,28.615810512331734,77.21109203772876,1.0,-0.04581481354563946,-0.33425014722669466,9.443229294760593,0.10182592098960003,0.057706248399687826,0.00814400945642192
19.1,28.61581029791358,77.21107301466637,15.74555411121045,0.7691954347898369,28.615877601389617,77.21103574563541,1.0,0.09636968713707633,0.14474214341435082,9.731924481080982,0.007541103729250849,0.0339499359329472,-0.0055657960439585
19.200000000000003,28.61582052538681,77.21108415000417,15.749264301379483,0.7627987120967535,28.61585477492024,77.21107528533538,1.0,0.7554341668782214,-0.8030264071766474,10.087053436906395,0.02889276192945476,-0.05164717649865313,-0.07093289789215511
19.3,28.615830742785665,77.21109530282007,15.75297149449231,0.7640744262125523,28.615796321639973,77.21115387055227,1.0,-0.32446939649583106,-0.07361986230339108,9.839003131084285,0.004312498495115522,0.05119025258333829,0.001634459560471247
19.400000000000002,28.61584099508298,77.21110641949947,15.756675675720164,0.760750370177083,28.615871372605927,77.21105171641605,1.0,-0.18944576330556032,0.16082457450050153,10.114725165369213,-0.0031173329747641045,0.05734174197270108,-0.04038503524209573
19.5,28.615851250694803,77.21111753770545,15.760376830246322,0.7606575191154935,28.615856064728945,77.21107510526011,1.0,-0.004022700525253192,-0.4678479747521256,9.955378806435782,0.005236005027148016,0.07994872704237109,0.02146604412764943
19.6,28.615861488858,77.21112868223715,15.764074943266175,0.7626891419650088,28.615885216619507,77.21114612091385,1.0,0.1560263696096335,-0.9412259440627053,9.866540371299918,0.04167076827318218,-0.05302489920155889,0.02468408343479115
19.700000000000003,28.615871697549025,77.21113986725136,15.767769999987273,0.7659406076295563,28.61586028441696,77.21116876810856,1.0,0.03582435032230158,-0.3037438545366153,9.21580483220013,-0.08618695138034387,0.023473301301934583,0.0687141519156379
19.8,28.61588192612289,77.21115103413047,15.771461985629394,0.7641578684348995,28.615821577516222,77.21113808765088,1.0,0.37213889100099884,0.09448651885725831,9.820583384857432,0.014030854822983788,0.011462579168771397,-0.0063617267310840855
19.900000000000002,28.615892084145937,77.2111622896793,15.775150885424601,0.7715684322590277,28.615856787219943,77.21110766936644,1.0,0.36737446251802564,0.01852301950204272,9.437274476757217,-0.012481115951109423,-0.02806162064279727,0.08183006579095656
20.0,28.615902248982152,77.21117354265625,15.778836684617302,0.7711191017714062,28.615897779138226,77.21119061083921,1.0,0.4072443847024231,0.05937580447121375,9.971683854461,0.0703026913088002,-0.09278124859879482,-0.03550618006292221
20.1,28.615912407861494,77.21118480801437,15.7825193684643,0.7719617031466444,28.615916782715527,77.21119805295551,1.0,0.14282500255569394,0.06300924884696799,9.875659432987353,-0.0370267452973518,0.02500116982522102,0.00394561858730432
20.200000000000003,28.615922487851222,77.2111961703086,15.786198922234869,0.7801421214143054,28.61594363773875,77.21121534796495,1.0,0.20433784275996572,-0.8021753952138656,9.231136509683438,-0.023377906624498825,0.013444113297736754,0.08801688993389295
20.3,28.61593256534193,77.2112075408254,15.789875331210798,0.7806277770005982,28.615927065548874,77.21124287716522,1.0,0.3359450555123681,-1.0677778780394875,9.532681583275089,-0.07414772505907717,-0.060481080364662355,0.04702593821183943
20.400000000000002,28.615942670323747,77.21121888499444,15.793548580686455,0.7781058893068874,28.615956764974094,77.21122275423022,1.0,0.0447031414685541,0.23735476810692557,9.088412244505125,0.03707444720298411,0.01308068968536589,0.005353673897511681
20.5,28.615952788707865,77.21123021900839,15.797218655968846,0.7769955214115934,28.615935869839575,77.21125922751793,1.0,0.14331441393070657,-0.42004168164879774,9.877437664863514,0.07823932651756538,0.05807792415475427,0.0015702929084015597
20.6,28.615962949790696,77.21124150872018,15.800885542377676,0.7729326809815108,28.615961389782452,77.21123223196803,1.0,0.8576140686161999,-0.6940120087776761,9.5108426826955,-0.0662074327273876,-0.017680038169373413,-0.0370211060296209
20.700000000000003,28.61597306384445,77.21125285843978,15.804549225245406,0.7779018128050309,28.6159332913313,77.21119948443965,1.0,-0.3216897066007588,-0.6673879885992439,10.009602331223483,-0.006995491477950213,0.03650155944425394,0.1003681332997225
20.8,28.615983251704645,77.21126412755495,15.808209689917307,0.7707045766623984,28.616015651166858,77.21128350226209,1.0,0.1590175476949618,-0.5555551801308394,10.110678789438616,0.051342507982421765,-0.011082996251763113,-0.06012885369477878
20.900000000000002,28.615993457424405,77.21127538106256,15.811866921751527,0.7691366102584236,28.61598064693556,77.21132504062557,1.0,0.09191337706352867,0.3262346494811204,10.594273571688017,-0.042194042526702655,-0.016875341702321526,-0.010908053038453614
21.0,28.616003650281627,77.21128665505509,15.81552090611914,0.7706757610701366,28.615996485056407,77.21122847482968,1.0,0.021009781144896433,-0.08909848140611207,9.923867844422334,-0.008692318684814314,0.08043756778210864,0.007080465996895409
21.1,28.616013881746934,77.21129788895999,15.819171628404218,0.7670064317662121,28.615976080220573,77.21132413596793,1.0,-0.6515104112095531,0.019950409923229315,9.446073300982333,0.06843845780673218,0.10916743366038789,-0.032452443910361596
21.200000000000003,28.61602412959419,77.21130910885906,15.822819074003874,0.7655837817147753,28.61599185966317,77.21133215253612,1.0,0.18239631464312175,0.3635001164826221,9.523257817461564,-0.0425264749484964,0.0027490723488489063,-0.036808185301307465
21.3,28.616034391957214,77.21132031691774,15.82646322832833,0.7643491501301947,28.616056425263384,77.21130627114701,1.0,0.5611964566912626,0.11857955606779798,9.592527037249734,0.005333364270428154,-0.05502843100011865,0.04178842305913721
21.400000000000002,28.616044555699954,77.21133164631316,15.830104076800977,0.7745558004783845,28.616051577212065,77.21136062255346,1.0,0.21208466850378577,0.43503478685965563,10.120297570879293,-0.003539184734598363,0.0010298290627600046,0.12180462181492552
21.5,28.6160547417386,77.21134295502928,15.833741604858421,0.7725472584577945,28.616058403500126,77.21133718608195,1.0,0.024165448743720647,0.35826445398879414,9.943078673389405,-0.06908348741331072,0.04510844933426781,-0.008917339808452789
21.6,28.616064913294018,77.21135428596807,15.837375797950559,0.7742397925576596,28.61602079815752,77.2113658987947,1.0,0.12983476147477946,-0.05566983342305345,10.090685643627756,-0.0032895514671279604,-0.0029647264025635923,0.03932446428391108
21.700000000000003,28.616075077825126,77.21136563039276,15.841006641540622,0.7751797271818939,28.616093432692413,77.21141102744973,1.0,-0.1781877877166085,-0.34834630915014764,10.211862585106184,0.07402830675852984,0.030125584070820645,0.02450548132168876
21.8,28.61608526419882,77.21137695468168,15.844634121105239,0.7732186592543234,28.616138185512153,77.2114088000526,1.0,0.22554063484951634,0.3015125318189935,9.268727304797292,-0.007692489845048033,-0.03423412394708502,-0.01751811919207818
21.900000000000002,28.61609547729821,77.21138825301554,15.848258222134497,0.7707621215019865,28.61614224759172,77.21141386058352,1.0,-0.5046106134535713,-0.5136529516735882,9.461012597967294,-0.0013211315665239982,0.08470471492342051,-0.01990258943062171
22.0,28.616105646616244,77.21139960777127,15.851878930132,0.7753993933971226,28.616071390573318,77.21141312042148,1.0,0.43203431935240777,-0.3090054666427756,9.626473211553053,0.006267810303305036,-0.009672678622118904,0.0827510740411632
22.1,28.616115861764293,77.21141091433252,15.855496230614916,0.7710256898059217,28.616112994669674,77.21140504010872,1.0,-0.3321220368605087,0.5303052283157353,8.646199242779792,-0.02130928301405399,0.06738252598431947,-0.04965165020854985
22.200000000000003,28.61612608988191,77.21142221098215,15.85911010911405,0.7699532443370628,28.616070224489167,77.2113948647919,1.0,-0.019850309620412065,0.4708828823866913,10.900114906414437,-0.040200646532350864,0.03908143561091222,-0.02074900124576367
22.3,28.616136271954023,77.21143356676068,15.862720551173895,0.7748178599077676,28.616155403599098,77.21143846483747,1.0,0.20034823651536207,0.7500599284815644,10.154928396011655,-0.07158230649484588,0.049934018242755354,0.12442422420258936
22.400000000000002,28.616146464183718,77.21144491598976,15.866327542352685,0.7740310427515547,28.616106912136498,77.21139018503702,1.0,0.25926910893081456,-0.35512425711747037,10.356981182845166,0.021852732277475542,0.06059829637765132,-0.005701142833861563
22.5,28.616156689325283,77.21145623203124,15.86993106822246,0.7709558661699111,28.616165898741656,77.21143784608641,1.0,0.08168184227151465,0.7138085939301883,10.436788208169844,0.020526392893376096,-0.03381446732516504,-0.020042475131428157
22.6,28.61616695862727,77.2114675013732,15.873531114369122,0.7667357471849221,28.616123501321777,77.2114657530172,1.0,0.04554147052985895,-0.05226145736848968,9.68470652839707,-0.006961994894572672,0.08520956285757303,-0.0636102658756804
22.700000000000003,28.61617720111434,77.21147880762605,15.877127666392493,0.7696762897369684,28.616139761481822,77.21147541497069,1.0,-0.4341619949382388,0.2773650862883996,9.882903983175904,0.04542701576002711,0.051447012244265726,0.04006354284590895
22.8,28.61618747649926,77.21149008037912,15.880720709906367,0.7665910873971833,28.616161413285678,77.21148209470729,1.0,-0.13738882969356556,0.40111793323772027,9.943046699338211,0.05718041793552604,0.04543600483177147,-0.02522901094550197
22.900000000000002,28.61619771068334,77.21150140693408,15.884310230538574,0.7709782043745571,28.616195247800807,77.21149364688996,1.0,0.3069856676741274,0.5875054965868735,11.382107802021288,0.015906401737756766,-0.060384415205575075,0.021204578067547344
23.0,28.616207905758724,77.21151278440689,15.88789621393104,0.7751339590814226,28.61621567711363,77.21150008980574,1.0,0.473663380245232,0.30800975866099695,9.71849921202594,0.0014243233045164742,-0.01384941283548135,0.05418326081818321
23.1,28.616218119652956,77.21152414520456,15.891478645739832,0.7734789283184159,28.616226392864135,77.2114887513042,1.0,0.02590070070078622,0.07986845804841798,9.862598562186571,-0.062199193985643955,0.03135536133027902,0.04007525001819084
23.200000000000003,28.61622828965883,77.2115355621964,15.895057511635232,0.7780982155791896,28.616199531266403,77.21151470451305,1.0,0.2808213474353273,-0.1909695737079157,9.648508228594231,0.06744406583697167,0.023900751247117415,0.020046764569304508
23.3,28.61623853808563,77.21154689308172,15.898632797301778,0.7704741880453319,28.61627176897775,77.21157675108473,1.0,0.265534197987064,0.4500690570007786,10.332288004966342,-0.0673892922650479,-0.06182935528847321,-0.08949258768216242
23.400000000000002,28.616248765779744,77.211558253485,15.902204488438333,0.7727866901066716,28.61621551947632,77.2115726440632,1.0,-0.2142821020426787,-0.4104285936565889,9.217409233996758,0.12402847940742899,0.0071471947283959815,0.015182976774899253
23.5,28.616259072930205,77.21156952559215,15.905772570758137,0.7650203188477394,28.6162151296227,77.21154335758142,1.0,0.07573436342796722,0.26772367539150926,10.098441332030928,-0.0616505942409033,0.05108615105528596,-0.10068126216075785
23.6,28.616269382933726,77.21158079958077,15.909337029988865,0.7649654309127301,28.616261435793007,77.21161168827292,1.0,-0.2181399861331366,1.2919344235230668,10.226815926318933,0.02249038556225015,0.03612552047714573,-0.010038731840943664
23.700000000000003,28.616279659529074,77.21159211832249,15.912897851872687,0.7685665999436337,28.616290108562346,77.21155894690308,1.0,0.485341219147875,0.2130117009787176,8.981263378962256,0.08944214305674088,-0.04613970976913693,0.052677758815063425
23.8,28.61628989191702,77.2116034941277,15.916455022166318,0.7732345569772461,28.61628125240551,77.21161822242225,1.0,-0.48360535622562084,0.898529836639372,8.330632122049641,-0.045170740981319416,0.034831502020067205,0.053029736890353035
23.900000000000002,28.61630000989818,77.21161500709943,15.920008526641082,0.7848480823082115,28.616274474692545,77.21157940982798,1.0,0.4449452962372473,0.4420397180865505,9.731363456840814,0.008103563003633393,0.007339884532638798,0.1042082893142196
24.0,28.616310185023487,77.2116264597034,15.923558351082965,0.7794036545353779,28.61634158507167,77.21163878890252,1.0,0.07209995694966274,-0.4008917094124948,10.066568730082727,-0.009302754572741403,-0.045118430968325046,-0.05301075661648151
24.1,28.616320302512456,77.21163798350814,15.927104481292677,0.7853426542231152,28.616306647585443,77.21159258913129,1.0,0.5197984212208924,0.557702599540748,10.050649216813643,0.012774772026390081,-0.03662536071974345,0.041458480846385044
24.200000000000003,28.616330442067024,77.211649487257,15.9306469030857,0.7833824277436225,28.616302021306073,77.21164009164644,1.0,-0.057267070266184106,-0.034400648530698484,10.458324216556951,-0.019582631269798766,0.01045487900634931,-0.00018790619365562956
24.3,28.616340562905435,77.21166101749374,15.93418560229235,0.7854561507860139,28.616345134342858,77.21157664234029,1.0,0.053272480408026776,0.2941476459679575,10.075322878146274,0.011715466781221305,-0.0346492794604448,0.030106329640842353
24.400000000000002,28.61635068463692,77.21167255182839,15.937720564757837,0.7855897034064555,28.616366891982267,77.21163585461545,1.0,0.5293754929280419,-0.7240905428861288,9.31023734361877,0.045058169906775795,0.011975790604693507,0.00892014498148012
24.5,28.61636076881476,77.21168413385678,15.941251776342316,0.7895114125468264,28.616374652430192,77.2116750275194,1.0,0.24881120118431863,0.47274459425166315,10.283734013369113,0.02833285462948701,0.06293673556830617,0.05018976645968585
24.6,28.616370893156517,77.21169567543171,15.944779222920944,0.7857745358089717,28.616359046317157,77.21170251945601,1.0,-0.299737682385516,-0.17733664431173227,9.278555127223521,-0.0024422793685741186,-0.049779650813992465,-0.04178537878722602
24.700000000000003,28.616381031174207,77.21170720652242,15.94830289038394,0.7846451925644005,28.616400275685166,77.21174577610915,1.0,-0.09148176344317,-0.41246819934543144,8.994869138180713,0.05310465752477394,0.0567106823236186,-0.047878667906615095
24.8,28.616391181070405,77.21171872914877,15.95182276463664,0.7836925407365163,28.61640447523358,77.21168736783372,1.0,0.19908483899636392,-0.5029165060491837,9.384514766762164,-0.00587205648400886,-0.014379381755956927,-0.0369285528983873
24.900000000000002,28.616401352821715,77.21173023184775,15.95533883159955,0.7817516552521205,28.616365858742153,77.21174576068402,1.0,0.4460887437594637,0.2308537984323651,9.74447818551593,-0.11245442221680182,0.0161156012809944,-0.026881976960519742
25.0,28.616411567661128,77.21174169001574,15.958851077208406,0.7776989404894693,28.61642221586612,77.21176690120544,1.0,0.3130654130216972,-0.21755518429893536,10.01713256556827,0.027583828602423754,-0.04305347622057439,-0.02800781261340047
25.1,28.6164217100812,77.21175323643904,15.962359487414233,0.7850925121069574,28.616380060810222,77.21177450896818,1.0,0.24513990919793935,-0.08922670432860517,9.633775733818206,0.06483907157463752,-0.016783631490735924,0.07096459077964457
25.200000000000003,28.616431819813236,77.21176482505744,15.965864048183393,0.788530409362284,28.61641578161156,77.21178706592926,1.0,-0.3777442317801314,-0.9558056899648311,9.98833605714098,0.07084309149221446,0.06459744508147851,0.011092446096797331
25.3,28.61644198072087,77.21177636052678,15.969364745497648,0.7837073779848003,28.61641625379364,77.21177374593596,1.0,0.24035908879312776,-0.006603364380873617,9.404719607537487,0.026842277544841277,-0.006735372150673505,-0.028350574820196164
25.400000000000002,28.616452184449408,77.21178785193482,15.972861565354213,0.7796913111608826,28.61648504068893,77.2117954171493,1.0,-0.2308707649087873,-0.031048954639615448,10.028017482107867,-0.07014295473893531,0.07291223917255417,-0.05947599493919714
25.5,28.61646247798313,77.21179924406947,15.976354493765815,0.7709736078571741,28.61647141078331,77.21181527284942,1.0,1.0626048425180095,0.2670000663646533,9.780121190116379,-0.058895207400961325,0.025795877531200002,-0.05751632102714902
25.6,28.61647272346571,77.21181069737112,15.979843516760743,0.7759891056087052,28.61645089445145,77.21187635512804,1.0,-0.23889478708843584,0.22548112940095355,10.722713572058167,0.012001031467294154,0.045541408454445514,0.022862593842420717
25.700000000000003,28.616483003186023,77.21182211590377,15.983328620382911,0.7728016307405025,28.616503062142574,77.21180397891716,1.0,-0.5675990370984441,-0.5732961305718439,10.134030353290347,0.014017099911345915,-0.038901444714093604,-0.03175003971778214
25.8,28.616493304790314,77.21183351392914,15.986809790691908,0.7708402721953649,28.61651090787919,77.21180438175597,1.0,-0.48385086408259825,0.5242527415578306,8.948681277684882,-0.01833982357107732,-0.06932118112167938,-0.02060809491768438
25.900000000000002,28.616503594784778,77.2118449306548,15.990287013763059,0.7722232122287886,28.616525754799998,77.21190021947938,1.0,0.09530367040217516,-0.16457577590317432,9.494282080188652,-0.033469262670891946,-0.010133421377418501,0.0020903058470784046
26.0,28.616513891721798,77.21185634435214,15.993760275687473,0.7717535054551821,28.616500149624702,77.21185162260304,1.0,0.24195234386797373,-1.0289052624091397,9.288483625629453,0.016292761925549987,-0.09888109775932644,0.023970300630239694
26.1,28.61652414236755,77.21186781705674,15.99722956257211,0.7765834266990453,28.616530808302727,77.21184248461937,1.0,0.15585844610197042,-0.3007578041811562,8.796611965153454,0.018118523181357968,-0.019210645187835163,0.061604174236595095
26.200000000000003,28.61653430784604,77.21187939269132,16.000694860539827,0.7852204225355269,28.616523252061395,77.21187665117644,1.0,0.24768556086815482,-0.46653640737476326,10.277991025081018,-0.10438012110130486,0.04776150127677454,0.09696623536245934
26.3,28.616544482341663,77.21189096305528,16.004156155729437,0.7845493908461249,28.6165187408332,77.21185875263238,1.0,0.052552661114434254,-0.39518988173632136,10.517857213097198,-0.03710601274245192,0.010649014530398624,-0.020919178317048502
26.400000000000002,28.61655455323117,77.21190265540312,16.007613434295763,0.7949101784273743,28.616548767274985,77.21187436482117,1.0,-0.43243488342493863,-0.9399253872143868,10.110254213555004,-0.026950634010507638,0.004246165579394075,0.08160490002894762
26.5,28.61656460199662,77.21191437736445,16.011066682409695,0.7972740208397076,28.616571012491843,77.21190426940589,1.0,0.10552593100603455,0.17712524171915828,9.584318755013214,0.026949088823439438,-0.09026530092697624,-0.007240297892343041
26.6,28.61657448224975,77.21192628861019,16.014515886258245,0.8137252266555933,28.61655198876575,77.211927378961,1.0,0.4368105869554101,0.18551985916221783,9.91098019879365,-0.047223249768250326,-0.003509635423516613,0.1377198689817264
26.700000000000003,28.616584337384648,77.21193823166583,16.017961032044603,0.8163269098124906,28.61657425310375,77.21194156407196,1.0,-0.0009655099493177943,0.5613262485262066,10.029732146960875,0.05878657794906216,0.027620012866611938,0.040087879615509046
26.8,28.616594233218656,77.21195013582252,16.021402105988187,0.8126413713106737,28.61660147071912,77.21190455895172,1.0,-0.07190396095353299,0.11532028404090382,10.889610595208467,0.04815229490155295,-0.10812251083401975,-0.05420310926247024
26.900000000000002,28.61660411988044,77.21196205470372,16.02483909432471,0.813721433559222,28.6166161477617,77.21197552309049,1.0,-0.20535003547042494,-0.07164014114549047,9.190593081604982,0.0012981128827294275,0.05997743629121122,0.03993983289124632
27.0,28.616613951083355,77.21197403777177,16.028271983306226,0.8192088537599463,28.616635847630697,77.2119496773558,1.0,-0.03501690736758614,-0.037262478558867385,9.442716846746963,-0.04146073134259518,-0.0170797510211155,0.04682798567601458
27.1,28.616623724375355,77.21198608693008,16.03170075920118,0.8248975471348278,28.6166286161078,77.2119779279779,1.0,0.585665745870538,-0.20772854924209314,10.390970754231034,0.053579055602981464,-0.041657537721461045,0.0502079250131799
27.200000000000003,28.61663354140081,77.21199809465601,16.03512540829447,0.8209540165354864,28.616637754732736,77.21202229686804,1.0,0.25212662838114797,0.2796727810489795,9.197182742833244,-0.037944097667122145,-0.053559126685353946,-0.0715702553349495
27.3,28.61664342747634,77.21201003345688,16.038545916887504,0.8145845912208991,28.61663404700441,77.21199965223585,1.0,0.3084299528035055,-0.43854203826602156,10.141797529199236,0.009916648221664407,-0.12966420529125625,-0.03577495343636648
27.400000000000002,28.616653296267458,77.21202199559707,16.04196227129826,0.8164326813415643,28.61664585525907,77.21200287872541,1.0,0.2944046657525732,0.058855409825852134,9.44501739461194,-0.02886757945209203,-0.041093208944992285,0.005694572998831304
27.5,28.61666313670554,77.21203399278708,16.045374457861318,0.819328013731925,28.616602919904583,77.21199368807518,1.0,-0.03861762143895586,0.06241537456447561,9.844351461590463,-0.06554176668584365,-0.05122474300129401,0.027904828611266516
27.6,28.61667286919648,77.21204610842717,16.04878246292794,0.8297234574328612,28.616645131349404,77.21205996077332,1.0,0.15175533739890337,0.1708401600977063,8.331570081513902,-0.042854039998919444,0.10453315223329787,0.11554087101497401
27.700000000000003,28.61668263691409,77.21205819196094,16.052186272866106,0.8266016833685502,28.616668100117995,77.21204514478129,1.0,-0.04820126302857117,0.20241012422732976,9.801110432734932,0.04474407254940613,-0.10940095584905847,-0.031869633195336124
27.8,28.616692461518987,77.21207022025396,16.055585874060586,0.8214226053856292,28.616684711810002,77.21210515556824,1.0,0.5860289818805855,0.10238231111550203,9.53434388921879,0.055228004341640546,-0.03188923259349651,-0.07324894866817364
27.900000000000002,28.616702375603843,77.21208215768077,16.058981252912975,0.8131148233908211,28.616715796341214,77.21213118902405,1.0,0.7288104006331332,0.2662411945939732,9.510529084885269,0.031527312417941364,-0.0006068838396994418,-0.05102934006123744
28.0,28.616712289099095,77.21209410051918,16.062372395841766,0.813370776435456,28.616699116994283,77.21206973589874,1.0,0.9266757857670908,-0.6556311788003936,11.072018070316398,-0.03055530053946755,-0.004154329181379051,-0.02537504448370681
28.1,28.616722331163135,77.21210590797925,16.06575928928239,0.8012397535888336,28.616748746172014,77.21206402421535,1.0,-0.1733178161619063,0.04241161734791967,9.574367077299806,-0.044395017177645574,-0.05855449478053132,-0.12350115505046297
28.200000000000003,28.61673233846454,77.21211775847824,16.06914191968728,0.8047906121203665,28.616760504666754,77.21213934604476,1.0,0.5090560751677798,-0.2549930523142653,10.238561744704871,-0.030642905777416407,0.05439857821617492,0.04000494934413736
28.3,28.616742332871336,77.21212962788007,16.072520273525914,0.8062310401261165,28.616755577135823,77.21210439438782,1.0,-0.19241767207555385,-0.27792885617509633,9.591967560805504,-0.10085680173568223,0.028299074272553792,0.03396677894366003
28.400000000000002,28.6167523673685,77.21214145811035,16.075894337284883,0.8025792245945045,28.61673556096662,77.21215319612016,1.0,0.441818488555775,-0.74084311456096,9.671238606625947,0.018855866400847115,0.019018243202102634,-0.03310943700981619
28.5,28.61676232934122,77.21215337237237,16.079264097467938,0.8097388792630305,28.61674038328308,77.21212943685714,1.0,-0.2412584339462626,0.7389152993594058,10.118148349684306,0.031853920672139005,-0.12512930890576124,0.08289466757067736
28.6,28.616772355711948,77.21216522111443,16.082629540596045,0.8037653452142477,28.616790757943917,77.21219139394795,1.0,0.0612501084609855,-0.2846952650494963,10.095015753019261,-0.07655025175239592,0.026394556734565974,-0.07127285546616594
28.700000000000003,28.61678238406893,77.21217707245263,16.08599065320743,0.8037758375288321,28.616761742281685,77.21217532946504,1.0,0.24077876485955432,-0.16761143235006826,9.641884268416643,0.010448260272488095,0.05964233437630065,-0.01482119374895644
28.8,28.616792426938904,77.21218891261003,16.08934742185765,0.8025815856952407,28.6167856644554,77.21220664670933,1.0,0.08061034162864542,0.29099059868477223,9.482940752559887,-0.020139564731156964,0.02844349968396408,-0.030349066791345775
28.900000000000002,28.616802389938588,77.21220084473933,16.092699833119635,0.810435752514607,28.616786127327806,77.21224223054423,1.0,0.18792793788061724,-0.0634466017807299,10.339677201149945,-0.0054441596944132635,0.01932328528199362,0.08104934577365558
29.0,28.616812365818998,77.21221276762891,16.096047873583746,0.8094036572930223,28.616809116543696,77.21224506804292,1.0,0.6411094803540102,0.19238874877750628,9.393120532910698,-0.05397134475671872,0.002914440248057548,-0.003991575828625512
29.1,28.616822409667208,77.21222462099853,16.099391529857826,0.8030902052322937,28.616828618599673,77.21221746308608,1.0,0.058319243262742654,-0.8599034621722565,9.97041649290429,-0.029693852105822267,0.042122614584807316,-0.07917162348530497
29.200000000000003,28.616832447296964,77.21223648594727,16.10273078856725,0.8038875378687247,28.6168168907181,77.2122424973461,1.0,0.347702936736479,-0.15125309585031704,9.698115963062836,0.020273487831436787,0.0638166023216947,0.05186604227891179
29.3,28.616842437827387,77.2122484070852,16.106065636354987,0.8085973600914479,28.6168220158986,77.21231242226048,1.0,0.5495226107244616,-0.03930273157522777,9.135614325336542,0.05131926813501145,-0.03525492298932789,0.06833077415985764
29.400000000000002,28.616852439851847,77.21226032042615,16.109396059881657,0.8076962477755363,28.61686892236734,77.21221305529106,1.0,-0.2516293796891863,0.24616329323233943,9.463518960739991,0.09448512922716162,-0.035346848799627,-0.0032245542729896076
29.5,28.61686236054914,77.21227232635675,16.112722045825567,0.815638285747024,28.616880315879076,77.21226194801444,1.0,-0.31912527268435553,0.9572219274095493,9.323316942680082,-0.04244425010632539,-0.13866379778795554,0.08757315645656545
29.6,28.616872242173258,77.21228437867899,16.116043580882778,0.8195316655572605,28.616953116193248,77.21228409673296,1.0,0.3924989527769791,0.640254042840025,9.376034173801802,-0.02521018319196948,-0.06574327567006064,0.053001288169456325
29.700000000000003,28.61688200316782,77.21229656248332,16.119360651767153,0.8310609940623439,28.61687734046525,77.21227977697717,1.0,-0.4801513033027831,0.16025668758928518,9.72585112850739,-0.007891258914089164,0.06120836753743676,0.10905766517950163
29.8,28.61689175389764,77.21230876153301,16.12267324521041,0.8322074050172507,28.616878455250177,77.21232082287261,1.0,0.1622454084908043,0.22971700829092537,9.818742097819694,-0.10124999123061316,0.01933229689304697,-0.02050847300401174
29.900000000000002,28.61690154816537,77.2123209198358,16.125981347962185,0.8283226506077906,28.61687068937326,77.21233291436707,1.0,0.057815092441697705,0.3813360168853197,11.009409592610249,-0.014888330432689813,0.06502869230835767,-0.04730107440149345
30.0,28.616911357906645,77.21233306653437,16.129284946790072,0.8270604323758514,28.616898898786896,77.21235507117157,1.0,0.0326059361127715,-0.6419718489195869,9.367612741630433,0.049475112495010326,0.028902716145340374,-0.008118404336436708
30.1,28.616921178306423,77.21234520664312,16.132584028479673,0.826248903626654,28.616894716584024,77.21233331250141,1.0,-0.3840310239732313,0.22387820019815613,9.837628554777439,-0.0561362191889224,-0.033822353512145166,0.032210126918394345
30.200000000000003,28.616930958115862,77.2123573937637,16.135878579834674,0.830237600259732,28.616969543303778,77.21231822102868,1.0,0.5404676293040384,-0.0867924638084309,9.756575234720394,-0.03566779581796064,0.09468075728993229,0.015607117323080786
30.3,28.616940784266305,77.21236953699818,16.13916858767687,0.8260854619799213,28.616966233162554,77.21237352676697,1.0,0.41588761237195393,-0.19075204533958043,9.985437094964638,0.015412517696954382,0.05912000572697804,-0.060945391655302814
30.400000000000002,28.616950648728913,77.21238164444632,16.142454038846232,0.8226744666083725,28.616921550945236,77.21235125365972,1.0,0.15115241259780415,-0.35368967806153084,9.399433834867073,0.12434358980465575,-0.11987070997709502,-0.06428683373335164
30.5,28.61696051144559,77.2123937583193,16.14573492020096,0.8230272336041758,28.61693614195103,77.21241199301375,1.0,-0.17014653391798015,-0.5603751522895498,9.81255473624176,0.019840441167337974,0.029870767341206774,0.020955607218413948
30.6,28.61697038818288,77.21240586193804,16.14901121861754,0.8218966410187861,28.61697823284947,77.21241648537635,1.0,-0.08375672628321706,1.0771224384064328,10.094502642925793,0.055893269621093616,-0.05527554922890813,-0.012529935232900552
30.700000000000003,28.616980206638416,77.2124180314791,16.152282920990775,0.8275541197808786,28.61695651584519,77.21240730041399,1.0,0.005522436703558564,-0.22575180357729552,10.146300129413817,-0.0359722735092352,0.03970248258398687,0.04136356567426078
30.8,28.616989975959836,77.21243025674426,16.155550014233864,0.8323277726089421,28.617019485944255,77.21244767016243,1.0,0.2139032293297991,-0.2548188278836751,10.307814937915587,-0.03316298291951501,-0.10091976736104394,0.05298153143554231
30.900000000000002,28.616999732407447,77.21244249985173,16.158812485278435,0.8337100030980434,28.61704957563349,77.21245169571532,1.0,0.527391196617365,-0.22359748045036565,9.93380783606044,-0.11669535507866154,-0.01516530277735375,0.010604393402996166
31.0,28.617009373090344,77.21245486584203,16.16207032107461,0.8446081185492459,28.617013751955316,77.21249633370228,1.0,0.12135101849587869,-0.14136244458933747,10.20268226838355,0.06616141779665219,-0.030166031875208523,0.1283699190730729
31.1,28.61701903488409,77.21246721489362,16.16532350859105,0.8428411631416959,28.617060460207327,77.21243505397861,1.0,0.24259024098125,-0.21343334317820284,8.993997176541638,0.11321187019812912,-0.005330065721971279,-0.018387474170205774
31.200000000000003,28.617028722441493,77.21247954218823,16.16857203481501,0.8406420078203133,28.61703079579717,77.21248636541121,1.0,0.16269193829297085,-0.054666309568010316,9.162899611928342,0.0011748711411214158,0.01096274877865481,-0.030647148670461352
31.3,28.617038364647886,77.212491919973,16.17181588675239,0.8450029713138992,28.617010198685612,77.21247975849035,1.0,0.4220087100332379,0.2127299414280472,10.082742269900931,0.045814660272404176,-0.019826669177356655,0.05797065524247733
31.400000000000002,28.617047884434196,77.21250442450057,16.175055051427783,0.8563874539831886,28.617071817357743,77.21250481145526,1.0,-0.044410929348136396,-0.242158349993456,10.095200485062808,-0.01576860908028877,0.06202902070560558,0.10795950617502195
31.5,28.617057374909244,77.21251696227674,16.17828951588454,0.8592269766909922,28.617056415442207,77.21250030559051,1.0,0.6233639124040499,-0.2508301784872019,9.849281673446923,-0.027787415691955888,0.002877045282853886,0.04654461858802862
31.6,28.617066820953657,77.21252954786475,16.1815192671848,0.8634274438143643,28.61709284323662,77.21256167563452,1.0,0.1562808002552144,-0.15386526314271395,9.947969861244195,0.023175250678521612,-0.037007060346608146,0.03878769911401234
31.700000000000003,28.617076226125686,77.21254217743812,16.184744292409572,0.8672900714954631,28.617054309564136,77.2124886398657,1.0,0.251445140749619,-0.5576441956128398,9.82984692293151,0.033577919998873565,0.07737951710778836,0.03295001241764089
31.8,28.617085535765934,77.2125549028152,16.18796457865875,0.8760412330539706,28.617115288159805,77.21255091141907,1.0,0.7725110329386098,-0.024042967315066995,9.459561535900933,0.09634690283200964,-0.043426488302234154,0.07817648636135528
31.900000000000002,28.617094811005582,77.21256766501891,16.1911801130512,0.879281161576418,28.617065807833452,77.21256095831421,1.0,-0.07754714096354137,-0.765463166890542,10.675435525236072,-0.03364857399251917,-0.03422484957346524,0.042351975821104046
32.0,28.6171041215704,77.21258039807773,16.194390882724782,0.8762891737990666,28.617091468736536,77.2125734381475,1.0,0.24426373171457794,0.2505769300199906,9.132888281810638,0.0069634173761029886,0.013050007811509843,-0.02529589403660492
32.1,28.617113495299943,77.21259307514796,16.19759687483643,0.8707916990011495,28.61708918044305,77.21254394032094,1.0,0.16155303883478073,0.11563872427806286,10.474866400945787,-0.04107561121536957,-0.1111790250751912,-0.02488632837960187
32.2,28.61712281851644,77.21260580472851,16.200798076562176,0.8754869256172071,28.617106328621638,77.21258419794727,1.0,0.4772684171201409,0.18207804149008322,9.202731556312093,0.015811104247143826,-0.012027071439229804,0.07985814789125467
32.300000000000004,28.617132141757548,77.21261853854509,16.203994475097215,0.8756492870461546,28.61717948996907,77.21263297208054,1.0,0.24052303099630548,0.24148919926112886,9.954742790416656,-0.05513678309639611,-0.050382513550785726,0.01003781257280252
32.4,28.617141417551196,77.21263132148327,16.207186057655957,0.8800491246158106,28.617201357125772,77.21262905931805,1.0,0.11778001642038954,-0.1112761882176256,10.033408470230361,-0.0028434898463379353,-0.0273311608411996,0.045523977151190054
32.5,28.617150707228017,77.21264409556753,16.21037281147208,0.8789742177100689,28.617151699956413,77.21264109239343,1.0,-0.05233715607876538,1.1483597406171966,9.99931527867456,-0.13488084758897453,-0.037826946639452325,0.004768221448462728
32.6,28.61716000096175,77.21265687005115,16.21355472379857,0.8787750727243904,28.61718496186387,77.21264242993055,1.0,0.033700046595123684,0.8750273692403269,9.755610146745376,-0.027217436523259683,0.00829163738687634,0.01648744331771071
32.7,28.617169383797485,77.21266956398468,16.216731781907782,0.8709682615249419,28.61716916733623,77.21267227372503,1.0,0.39003819570416254,-0.5927393261007623,9.876529701640818,-0.08329243989598673,-0.11115506903815975,-0.07830915380630736
32.800000000000004,28.617178764761448,77.21268226395578,16.21990397309149,0.8713008229431444,28.617135095166272,77.21267927343328,1.0,0.11393416624834557,0.34721178957411075,10.262421551651709,-0.017562571603816076,-0.09144712351692574,-0.02674305492533565
32.9,28.61718816482788,77.21269494982708,16.223071284660932,0.8697510246685173,28.61715498351435,77.2126441734985,1.0,-0.2417919852699483,0.6482480153222611,8.968787596850353,0.07084747692356892,-0.12398819082434463,-0.024627882791504012
33.0,28.617197515093892,77.21270768758416,16.226233703946868,0.8743774607425226,28.617208128210507,77.2126962543884,1.0,-0.18767171040564415,0.909385005488855,10.411897734078362,0.00596196367761894,-0.0020356504515249836,0.05958193007262218
33.1,28.617206911674785,77.21272038526531,16.22939121829962,0.8703924068690085,28.61722430816107,77.21272752835921,1.0,-0.006936957247219738,0.2659541265163672,9.948429094984077,0.046941381868155496,-0.053672782274375774,-0.04578926942825705
33.2,28.617216336674105,77.21273305981482,16.23254381508914,0.8680047628189369,28.617189483415356,77.2127681438354,1.0,0.40381428158083266,-0.01528665516025033,9.477204109086866,-0.003605433819726744,-0.035418782273053534,-0.009323368838050945
33.300000000000004,28.617225710228755,77.21274578797713,16.235691481705043,0.8727820320342279,28.617233622557933,77.21277336226353,1.0,0.2315624436950745,0.35129210938609334,10.008657461510511,-0.09602914974624321,0.01997973399399259,0.03391272051964392
33.4,28.617235106952574,77.21275849815672,16.238834205556667,0.8708696941499817,28.617247813846955,77.21274275481426,1.0,-0.13756182392522784,-0.6197437519608959,9.892514133889714,0.047527757418808825,-0.05733388980198728,0.04019415897217187
33.5,28.61724450952879,77.21277120691829,16.24197197407312,0.8705079273970425,28.61724120306492,77.21275698135051,1.0,0.30112314814046875,-0.5168147182877543,10.186894717609032,0.05915973526062564,0.03481332316934171,0.014116530405295652
33.6,28.617253825336665,77.21278400249234,16.245104774703332,0.8784199679374851,28.617234922235124,77.21280436880153,1.0,-0.14124101245381646,-0.5309022673827475,9.038555262824266,-0.023065809660352113,-0.02962037473310651,0.06438333236999984
33.7,28.617263095469923,77.21279684518218,16.248232594916107,0.8826376500929672,28.617269496290444,77.21277002390785,1.0,0.5045869276291581,-0.18152806845286282,9.420517866924815,-0.055310296049265545,0.04131841814493757,0.03306232892203824
33.800000000000004,28.617272407163913,77.21280965294731,16.251355422200163,0.8791048540599342,28.617298288017516,77.21284631137965,1.0,0.3252561832315687,0.19613627661458613,9.089269184854448,0.07615514874464045,0.03654270059402177,-0.022029060485142256
33.9,28.617281811037973,77.21282237718945,16.2544732440642,0.8710397487129142,28.617287755296083,77.2127702203339,1.0,0.1129337419935189,0.7158197007392296,9.63295140721674,-0.07149160131380755,-0.055648650604371186,-0.07122803855123473
34.0,28.61729123906161,77.21283508239242,16.257586048036938,0.8690376989987877,28.617259794116148,77.21285202365313,1.0,1.1584869108026228,0.31490520292392815,10.604498746791505,0.018116248372013165,0.057027586068620476,-0.009247976983554167
34.1,28.61730069449832,77.21284776530585,16.260693821667157,0.8667396847239011,28.617279775273094,77.21285042122993,1.0,0.5651034987974052,-0.29384635868486114,10.117351868603606,0.00037179000520391444,-0.012456734683696648,-0.043172923567364185
34.2,28.617310346310177,77.21286025902835,16.263796552523768,0.8491349823990919,28.617323142979718,77.21288713657549,1.0,-0.28248847555040313,0.22757432431786845,9.509838716350384,-0.060074368597737474,-0.01793617113211542,-0.19717701746346766
34.300000000000004,28.617320165636443,77.21287258648648,16.26689422819586,0.8339299015318012,28.617307111125434,77.2129257927639,1.0,0.3045686151247723,-0.12456101361753115,10.476044079237923,-0.020205722134737286,0.05827778820929283,-0.1473354800141856
34.4,28.617330151676743,77.21288474325878,16.269986836292723,0.8185926889333341,28.617331932479953,77.21279066005533,1.0,-0.3030934161571547,0.4211338315189264,9.946988567298728,0.0706601294587814,-0.08492103529125834,-0.1256579238261442
34.5,28.61734017657434,77.21289686280268,16.273074364443936,0.81512423877984,28.617342754940648,77.21290257035645,1.0,0.19961220839913432,-0.1291490610382118,9.864834206163756,-0.08470018550406405,0.06831491073259792,-0.00957674759059625
34.6,28.617350135793398,77.21290905671698,16.27615680029939,0.8214558463784731,28.61737649125179,77.21295463103961,1.0,0.03863061847538063,1.418849783526845,9.320026285241859,0.05763253085650675,0.06496797731100518,0.0841366224857579
34.7,28.617360138178803,77.21292120901482,16.279234131529343,0.8175930363630796,28.61739941276486,77.21290058481341,1.0,0.2449072193278584,0.26632015822670674,9.421744752861436,-0.045701708846156555,-0.0016427090805596696,-0.025911163859054814
34.800000000000004,28.617370139377382,77.21293336688876,16.282306345824473,0.8178811364818367,28.617416746064528,77.2129280434599,1.0,0.25946448850066334,0.5963004949797087,10.395930338580337,-0.017448808888097692,-0.008729694227717393,-0.004366554405460812
34.9,28.61738011916116,77.21294555186822,16.285373430895934,0.8200614594507996,28.617374728549905,77.2128839145427,1.0,0.43772367538098467,0.10503710722000757,10.285999307870124,0.08066304275273005,-0.0035714329427661224,0.054683058552231704
35.0,28.617390124829356,77.21295771356614,16.288435374475384,0.817815110718439,28.617431892472425,77.21292404785666,1.0,0.42476043137278363,0.3604883566509218,9.921208490781884,0.022830393840219107,-0.0991659692874681,0.018173306160375616
35.1,28.617400095450584,77.21296991682979,16.291492164315052,0.8212674336032315,28.617429942329277,77.21302244417795,1.0,-0.005327014372498079,0.21249622127304613,10.081930416243466,-0.03818165264427186,-0.027398709564410696,0.014590974668261177
35.2,28.617410071047885,77.21298211908275,16.294543788187784,0.8209772888625968,28.617433954990872,77.21298536869315,1.0,-0.1106716754740949,0.24677444382109098,9.17918012740583,-0.027103465382477515,0.03530337607661436,0.030320190328983025
35.300000000000004,28.617420088579568,77.21299428095078,16.297590233887092,0.8172308248085299,28.617491341779584,77.21300810730965,1.0,-0.3146052725838855,0.7680567328254385,9.66565136010014,0.01832250259568592,0.03625593439610449,-0.01715379010159082
35.4,28.617430172806856,77.21300637537703,16.300631489227193,0.8111426671290021,28.61743732120701,77.21299059255345,1.0,0.13491372336396396,0.48575897383052125,9.916526947171262,-0.00835948091888225,0.02494615655483681,-0.06408727522442013
35.5,28.617440283563177,77.21301844532329,16.303667542043073,0.8088187733292656,28.617472353094033,77.21297842475461,1.0,0.5888194234934288,0.6608607792456642,10.228649420959291,-0.09072579289245736,-0.054965472566226185,-0.02611384961761541
35.6,28.61745039683555,77.21303051682145,16.30669838019052,0.8087587144825146,28.61746887441633,77.21299863970766,1.0,0.04255642652955087,0.3681296969940951,9.662192822925492,-0.07320471680223452,-0.006972829894317256,0.000820392941757819
35.7,28.617460533211496,77.21304256743686,16.309723991546193,0.8067540739220374,28.61743240259027,77.21305728471307,1.0,0.2381590607959577,0.004321859042986129,9.001700388742874,-0.033942382585963486,-0.025413917592823104,0.03097454300702493
35.800000000000004,28.61747057637435,77.21305472314741,16.312744364007642,0.8157028870488081,28.61745452607025,77.21307775774201,1.0,0.4921674537376348,0.2398375544283647,10.314630163959373,0.03135136286939009,0.05396150775383233,0.07487122363330939
35.9,28.617480634911818,77.21306686659342,16.315759485493388,0.8144355494441354,28.61745060865994,77.21304792944223,1.0,0.5970068882359878,0.28805474252450647,10.049392111971994,0.10347691380644566,0.03730432397227511,5.555398332842895e-05
36.0,28.617490682543526,77.2130790259793,16.318769343942947,0.8156317384394801,28.617474357469206,77.21307702779647,1.0,0.30864596931660904,-0.5336186761495744,9.533895176263163,-0.02611854495591137,-0.0459375903248484,-0.007500739588489227
36.1,28.61750075133258,77.21309116686406,16.321773927316887,0.8138217582103663,28.61749047806068,77.21306666085484,1.0,-0.21584835484451612,0.37539333976941974,9.481798644137308,0.028515250361689226,0.054097143981201315,-0.02101321290401595
36.2,28.617510796225105,77.21310333762015,16.32477322359688,0.8162342727102252,28.617526653058334,77.21307754044423,1.0,0.14916636107612252,-0.3801866601370082,9.549112383416384,-0.03444504987909626,0.022923336102372807,0.04666313428075934
36.300000000000004,28.61752092756967,77.21311541927105,16.327767220785745,0.8082868760416562,28.617529884235328,77.21310842058166,1.0,-0.0718490914143966,-0.8364115312443159,9.686476437243288,-0.020424204389841237,-0.024206941143199923,-0.052490252887984895
36.4,28.617531119067017,77.21312743934604,16.3307559069075,0.8027766655636156,28.617549481830153,77.21311159322343,1.0,-0.011953027873286975,-0.9539470474043442,9.4615176927734,-0.05444552513151797,-0.0069854949645597915,-0.050155706954801815
36.5,28.617541284601884,77.21313949214877,16.333739270007396,0.8054097070001818,28.61753008926265,77.21311656712177,1.0,0.6132701885074564,-1.028416373735861,10.629881559050194,-0.08076592692025679,0.08098316438199406,0.04928998806826827
36.6,28.617551471472467,77.21315152578781,16.336717298151992,0.8035671151497371,28.61756646054919,77.21316357397275,1.0,0.4259535150890512,0.48554432992887403,10.022330003369829,0.017885942889947486,-0.0034964689771588685,-0.008651323134166297
36.7,28.617561613971425,77.21316361217202,16.33968997942918,0.8079329057460797,28.6175568024946,77.21316076759446,1.0,0.40533551068519225,0.3334947587040878,10.269084666013761,-0.04380669120546961,-0.08522802851432659,0.06537243467524428
36.800000000000004,28.617571746612892,77.21317571347667,16.342657301948236,0.8090347767876893,28.61756970658085,77.21317348881617,1.0,0.2908254813255884,-0.40962754153122277,9.98898454638613,0.0814281212806151,-0.007570282274867242,0.009343331376928811
36.9,28.617581831328916,77.21318787078893,16.345619253839875,0.8137077373922132,28.61760491988394,77.21315145921288,1.0,0.05582340789701931,0.053414249165631734,10.133208659307376,-0.0034682887548027844,0.08203706156926933,0.08244539460106468
37.0,28.61759195430948,77.21319999094158,16.34857582325629,0.8102884015557935,28.617584565741435,77.21317731482596,1.0,-0.28520110927973175,0.4184747776941483,10.739231001708072,-0.03964684763601695,0.10909408892421182,-0.03589993891102844
37.1,28.617602083317312,77.2132121087285,16.351526998371213,0.8098936654286187,28.617593419926397,77.21325651598866,1.0,-0.03142048908848283,0.8501802132840215,9.965771857982613,-0.08652436432896232,-0.05024117642081023,-0.02013043378666545
37.2,28.617612157065377,77.21322429028385,16.354472767379942,0.8152452853022902,28.617621080233246,77.21318468479436,1.0,0.05797959480062277,-0.8662152210059492,9.815364783197237,-0.019451858335460915,-0.08433914015653377,0.036097711120570794
37.300000000000004,28.617622160873992,77.21323655050907,16.35741311849941,0.8219326269182099,28.617607405197727,77.21324239411182,1.0,0.19783346533610552,-0.8820572899951122,9.500612870221099,0.036698693067306415,-0.013295807369841867,0.06821857520033146
37.4,28.61763215382065,77.21324882631926,16.360348039968212,0.8231077540283559,28.617612614821287,77.21320544351798,1.0,0.3512719975029813,-0.24306247468632908,9.886209662756116,-0.061639112481011164,0.02815852540961174,-0.003439705811844619
37.5,28.61764217722194,77.21326107396753,16.36327752004667,0.8204449643772351,28.61763195381507,77.21320700441032,1.0,0.5464230464318502,-0.6389424702177159,9.872721131197725,0.004507530829824985,0.08781627811216575,-0.01760401155596733
37.6,28.61765222118355,77.21327330383745,16.366201547016864,0.8186981739047453,28.617654662487954,77.2132607720922,1.0,0.28289962007587394,0.026394395088254193,10.12990601707179,-0.03125624573565477,0.06362957167234613,-0.016098325883847894
37.7,28.617662286774635,77.21328551470782,16.369120109182692,0.8168491030771791,28.61763393792992,77.21331544870206,1.0,0.12874040333831116,0.9152571086239184,9.954451005886558,-0.00838893914067025,0.04665691827649304,-0.028798341291804815
37.800000000000004,28.617672287058564,77.21329779907464,16.372033194869907,0.8230892134235854,28.617723267530884,77.21334280362183,1.0,0.38702759901797157,0.5533455697314786,9.874774398973827,0.011742681300864338,0.021300288913547197,0.05959503327610878
37.9,28.61768233173629,77.21331004042533,16.374940792426173,0.8191307063638381,28.61765151261109,77.21331580883069,1.0,-0.09364879877221352,0.4460678209629829,9.947023747742728,0.05019919957702046,0.03643125917024567,0.009450941940412632
38.0,28.61769247956671,77.21332217497927,16.377842890221103,0.8096570231325378,28.617718240740558,77.21333386499816,1.0,-0.3998354831414688,0.21865845610265466,9.945762807291088,-0.05688609108770403,0.040665396443633484,-0.10879838726330135
38.1,28.617702632670508,77.21333430790324,16.38073947664631,0.8093304754985506,28.617710300048053,77.21331572896628,1.0,0.3531436489196419,0.32450118738131956,9.897614342389572,0.0841728197222349,0.05062109629245215,-0.01254309332365077
38.2,28.617712819137374,77.21334640858456,16.383630540115448,0.8063626743902125,28.617724671079284,77.2133445465682,1.0,0.08985329890050348,0.6400249372839435,9.510781580820035,0.015514752898503764,-0.02948961470498066,-0.0345686742029215
38.300000000000004,28.617722956910526,77.21335856628562,16.386516069064275,0.8111038590261216,28.617725466696303,77.21332332303749,1.0,0.6171151897743885,0.18898700592931766,9.891864360259929,-0.043077082403146054,0.052394021938175064,0.07789218378713099
38.400000000000006,28.617733071075282,77.21337075353071,16.389396051950673,0.8134797108431325,28.61773805406826,77.2133781845228,1.0,-0.049495042292965225,0.1008552690398742,10.153845673193446,-0.024178034918998025,-0.010621119136612027,0.041139703492991904
38.5,28.61774322316337,77.21338290385246,16.392270477254712,0.8100960435177379,28.61771497064138,77.21339269756572,1.0,0.17617178111075082,-0.17489555849948737,10.144722528303369,0.0005692786591550159,-0.0072599016001208055,-0.0732390366636772
38.6,28.6177533767904,77.2133950565585,16.395139333478703,0.8101183338927624,28.617768246873116,77.21346265177877,1.0,0.6284164214783831,0.5802143959614474,10.097744821137125,0.016455919915591168,-0.0016301891575544775,0.01962683424624244
38.7,28.617763579724173,77.21340715962243,16.39800260914722,0.8056540960076253,28.61781347681981,77.21348683216625,1.0,0.5088034636062223,-0.2394069298883544,9.946620955463118,-0.0770926075149156,-0.008406488660076539,-0.02000212373541052
38.800000000000004,28.617773760110893,77.21341929134368,16.400860292807163,0.807940638077459,28.617761756022677,77.21341340214693,1.0,0.3211627371364668,0.4461257953036135,9.504114746003397,0.05796163662451174,-0.07170577477767133,-0.0006001194461897116
38.900000000000006,28.61778394029936,77.21343142731781,16.4037123730278,0.8081254344378497,28.61781815830079,77.21342008053527,1.0,0.2824364527912748,0.33288203586061493,10.022281614246346,-0.055363757345562585,-0.03237133852866001,0.012901572828825333
39.0,28.617794118313533,77.21344356968581,16.40655883840082,0.8084952041498705,28.617770974405705,77.21338908579483,1.0,0.1054001706838344,0.7779343987424134,9.268436009680721,-0.011393315905293466,-0.07205344917272416,0.015626935001956777
39.1,28.61780431967459,77.21345569063148,16.40939967754036,0.8064686594940641,28.617834137368668,77.21344250740337,1.0,-0.14453463064716396,0.8060422009658514,9.556079314863373,0.022754911635755923,-0.03766304046435305,-0.014869431086931133
39.2,28.617814501013466,77.21346783741399,16.412234879083073,0.8085136316425072,28.61775995012065,77.21344164240541,1.0,-0.14881532371619596,-0.051797897950655473,10.819773570994798,-0.06329514886942875,-0.06500565893659606,0.002468151251056353
39.300000000000004,28.617824639194282,77.21348003493526,16.415064431688148,0.8127164605273532,28.617797770180402,77.21343569644553,1.0,-0.00973007527726455,0.23290977884436384,9.708978468096,0.028130380242784716,-0.05811675615728418,0.07907160194894094
39.400000000000006,28.617834765547425,77.21349224917384,16.417888324037385,0.8139829476665615,28.61788617981761,77.21349965435402,1.0,0.779315355957545,-0.526718717370518,10.364946941719344,-0.011509967010487933,-0.025860491382030695,0.030400659720730444
39.5,28.617844871782466,77.2135044889741,16.420706544835216,0.816019009179042,28.617848647294192,77.21352561218013,1.0,0.0805657424435465,-0.16956676043064942,9.366847882614787,-0.023049910332370353,-0.024218852849643813,0.047876623687327605
39.6,28.617855016031548,77.21351669186465,16.423519082808763,0.8126374390965295,28.61784127485139,77.2134815351183,1.0,0.644560605442533,0.24754615254896592,9.424878392781011,-0.0035192879034855115,-0.01880683252058825,-0.03028472284400411
39.7,28.617865135041594,77.21352892586299,16.426325926707875,0.8151518892281097,28.61788456707356,77.21357301382177,1.0,0.5741731131543811,-0.3844772240083837,9.496516460399095,-0.015041762588979442,0.013245460208757413,0.02323103453952361
39.800000000000004,28.617875236997712,77.21354118206794,16.42912706530518,0.8168987397927708,28.617883112445877,77.21349279110194,1.0,-0.4062058147236086,-0.3022901414171603,9.607856388351527,0.04239224127486568,0.04551991369118644,-0.007220111779887824
39.900000000000006,28.617885390032498,77.2135533873229,16.431922487396132,0.8123019491275831,28.617922133623455,77.21358617468896,1.0,-0.18790008142215772,0.2387068456789115,10.053777316123014,0.06617292490112324,0.01723341422057686,-0.043758847253324684
40.0,28.61789556971161,77.21356556768731,16.434712181799046,0.8099739156071862,28.61789362870351,77.2136014400643,1.0,-0.23417491452321568,-0.07403047392636618,10.286370950965624,-0.0030352144451802447,-0.010783350052304611,-0.017724631659394557
40.1,28.617905677436468,77.21357782946953,16.437496137355144,0.816840887088866,28.617947950176152,77.21354454600916,1.0,0.3711561095969731,0.5212911877345636,10.50953512293692,-0.06966840222673577,0.02797327289909657,0.0667701350030863
40.2,28.617915854710677,77.21359002029703,16.440274342928607,0.8105206987412771,28.617906735317526,77.21359869814717,1.0,-0.6974742608919846,-0.7257495690134588,10.03581934914204,-0.038291609016818495,-0.0287812050189888,-0.08949063846012487
40.300000000000004,28.617926024779944,77.21360222283649,16.443046787406622,0.8113538366548309,28.617948147656307,77.21355468328555,1.0,0.657467680014036,-0.6144458427512055,10.411351301562936,-3.549279570596273e-06,-0.03723219662425411,-0.004619107778451554
40.400000000000006,28.617936194919253,77.2136144292037,16.44581345969941,0.8115070036665961,28.617878722531938,77.21358878927592,1.0,-0.23929437384506466,0.11387366564633139,9.908793174002671,-0.004952958202638244,-0.09645873203922627,-0.02573644350281442
40.5,28.617946317200477,77.21362669096034,16.448574348740284,0.8161216920280518,28.61797990785004,77.2135832919359,1.0,0.16386083298192644,-0.11566329093803289,9.94930722975873,-0.11175432502146712,-0.009775921177654197,0.05662999191259484
40.6,28.617956533683067,77.21363885481891,16.451329443485697,0.8074941694217539,28.617945448422088,77.2136532488822,1.0,0.022288492786617334,0.21972558864150307,9.833720968073228,-0.052415808689078885,-0.005945525385768133,-0.07842880548936579
40.7,28.617966858624474,77.21365090319021,16.45407873291527,0.7974503166776628,28.617996169409828,77.21360244560667,1.0,-0.11794739649500854,0.8210662830475921,10.279187302308777,0.025890457553778556,0.008362308876481421,-0.11093258058119779
40.800000000000004,28.617977155205857,77.21366298692598,16.456822206031855,0.800290000270067,28.617974294652598,77.2136322220283,1.0,-0.13498234128747674,0.40757801182064657,10.542039993254226,0.012278339565963832,0.0708272439974736,0.04367255975283549
40.900000000000006,28.617987433992237,77.21367509420203,16.459559851861552,0.8021270503586585,28.61797059422433,77.21370840720941,1.0,0.3120855398192943,0.8680559174291954,9.502707247367043,-0.03908125848555949,-0.051501113850146524,0.0495345343231251
41.0,28.617997703186298,77.21368721592093,16.462291659453793,0.8031893401876601,28.617979784730455,77.21365140683089,1.0,0.5681489275660081,-0.999254012050434,10.517376628937967,-0.008548276471892593,-0.04001842384955004,-0.006619785515562903
41.1,28.618007964949996,77.2136993496759,16.465017617881344,0.804046901700813,28.61801610215051,77.21368616185708,1.0,-0.11257152654923111,-0.5507504361755994,9.914470924170883,-0.1797065287855942,0.021779802635810905,0.0010331259400015794
41.2,28.61801816636002,77.21371155313403,16.467737716240375,0.8098549210820885,28.61803027517829,77.21371307348431,1.0,0.0009351612313018287,0.0527543208769322,9.938756021375022,0.006877246385947361,0.022890665592840156,0.07661111357275148
41.300000000000004,28.618028334242247,77.21372379667062,16.4704519436505,0.813135843686436,28.618037395913376,77.2137479931368,1.0,0.219525284298993,-0.5781532788070172,9.038240651574144,0.018293592486641114,-0.006840561933167018,0.05830556576074294
41.400000000000006,28.61803852496796,77.21373601936052,16.473160289254807,0.8111645540827762,28.618029059373896,77.21371142801338,1.0,0.2608734366690552,0.3240448131306234,9.721977369371434,0.16109799017800797,-0.08853842784906417,-0.028896262113017754
41.5,28.618048683788917,77.21374828026809,16.475862742219924,0.814288665204756,28.61799415649096,77.21373369504362,1.0,0.33588789100826977,-0.18388867981935372,10.190655380805616,-0.09726765943911343,-0.0033226514648135204,0.006327495018485259
41.6,28.61805873380166,77.21376066074437,16.47855929173604,0.8245014672267972,28.61802841942537,77.21377891051962,1.0,-0.01887841666330925,-0.3312860412129022,10.791129459982045,-0.004220705326921626,0.013530451979117323,0.08743046712578582
41.7,28.618068872221766,77.2137729511097,16.48124992701696,0.8164896505363272,28.618042994319453,77.21372352114373,1.0,-0.34256472357007395,-0.44635630092862894,8.833287487951768,0.0645789791826097,-0.09097020772965292,-0.04188938378719871
41.800000000000004,28.618079068870376,77.21378518259704,16.483934637300152,0.8112336959622433,28.618080627436512,77.21374221127577,1.0,0.19588707158490068,0.09212177170210224,9.112139603757692,-0.052969762343852235,-0.013297734023418049,-0.06458344789413883
41.900000000000006,28.618089217186174,77.21379746989692,16.48661341184677,0.8158782952132829,28.61808858616704,77.21382006584707,1.0,-0.02951872749986606,-0.7317188644990422,9.541443411493752,-0.04531255269172777,0.08275270658644703,0.06097239736548203
42.0,28.618099409283513,77.2138097138533,16.48928623994172,0.8119653658752861,28.618105861947434,77.21382136342547,1.0,-0.19698164578222846,0.2802199917331181,9.011948307400923,-0.058773719387936935,0.030142142063681716,-0.045697768975474944
42.1,28.618109586172867,77.21382197796882,16.491953110893697,0.8135321946681765,28.618101874643454,77.21382030115615,1.0,-0.08963846184076221,-0.5323728077116721,9.52514762613216,0.02975089019673264,0.018040538168714558,0.0276095035568987
42.2,28.618119749345826,77.21383426057692,16.49461401403522,0.8149575346766896,28.61817868029212,77.21385110559866,1.0,0.5590004263033999,0.3704525774932473,9.678875838927683,0.02572852394202904,-0.02330204115195229,-0.003873010840527361
42.300000000000004,28.61812991482013,77.21384654444739,16.49726893872268,0.8148958214094559,28.61814042354103,77.21389928766405,1.0,0.15825298402727278,-0.11688776793337924,9.571846997635822,0.02962875765923603,0.02290263644993526,0.04216628099221412
42.400000000000006,28.618140117901042,77.21385879153047,16.499917874336383,0.8115550662465847,28.618145107675893,77.21389068952459,1.0,-0.2562871383262121,-0.30093802184937546,10.481401045368303,0.08871685501478443,0.024563245069096157,-0.044383054519526635
42.5,28.618150373482685,77.21387098532503,16.502560810280585,0.8068139565095225,28.618164906262834,77.21382926548628,1.0,0.2235242384749198,-0.8692377475238504,10.06436206510202,-0.045020501141761295,-0.03560834924914692,-0.06993837543228515
42.6,28.618160579929132,77.21388323621832,16.50519773598355,0.8115457104500021,28.618123634944407,77.21386116852241,1.0,-0.21729334662749114,-0.1405856800716596,10.157337486648657,0.0276271131864073,-0.09119673092802676,0.05587883109820529
42.7,28.61817077736179,77.2138955005562,16.507828640897582,0.8125344917403281,28.618100341580774,77.21387665888908,1.0,0.11853712093415986,0.39983293819568505,9.562041641547827,-0.03888837751885797,0.03893226775819935,0.032239435780600185
42.800000000000004,28.618181014788824,77.21390772529465,16.51045351449906,0.808964899691708,28.618165835343756,77.21387627445766,1.0,0.2631637375270498,0.49334069978707595,9.055958470819062,0.045182682300422376,0.03861666798332355,-0.031016105107853464
42.900000000000006,28.618191360190348,77.2139198352477,16.51307234628849,0.7990090682445042,28.618100206872864,77.21387714377639,1.0,0.5579012643118766,-0.18036468273876452,9.97071978533172,-0.021367733775844614,0.02278738841713056,-0.10328659309198543
43.0,28.61820169607394,77.21393195946935,16.515685125790554,0.800057649134605,28.618221467573125,77.21390531262684,1.0,0.10785809542917316,0.002095317818934453,9.061502445459698,-0.04328754192609973,0.005776570544609448,-0.023027173825742174
43.1,28.61821208973735,77.21394402316331,16.518291842554135,0.7947694772900082,28.618202091787275,77.21393346628037,1.0,0.0768992070375592,-0.6976505015238813,9.766870782762545,0.10811192560172816,-0.03320883055460129,-0.03341641897093962
43.2,28.618222494499307,77.21395607816868,16.520892486152373,0.7938757528230663,28.618234019220854,77.213992850813,1.0,0.31710814761100103,0.43247658890892293,9.87419278413811,-0.05418289108093445,0.0022358288326000883,-0.04598891516660134
43.300000000000004,28.618232878077063,77.21396816056807,16.52348704618269,0.7960293210911944,28.61824449564071,77.21391483002692,1.0,-0.13464893873434028,-0.9954709553653841,9.469793675182189,-0.026748085960500163,-0.026581185266919622,-0.0015327272121993824
43.400000000000006,28.6182432842397,77.21398022144217,16.526075512266857,0.7940517773368921,28.61823642529138,77.21396940270665,1.0,0.45136853227449547,0.4470894993405305,10.613188837441212,-0.051770867711512736,-0.016945406155827743,-0.016459251872944378
43.5,28.61825367510278,77.21399230312022,16.52865787405101,0.7956488655003441,28.6182778745232,77.21396678649471,1.0,0.37695170689608826,0.00308562102978858,10.05222711089966,0.025149688473933576,0.02402496918972975,0.012251292689116835
43.6,28.618264095107882,77.21400435588622,16.531234121205703,0.7930509978950665,28.618260230662916,77.21400021358343,1.0,-0.1617361077405022,0.2811751126558576,10.389632713956521,-0.016674218425276468,0.014705596349052302,-0.0001934257530165958
43.7,28.618274504230246,77.21401642453536,16.533804243425955,0.7942317809338887,28.618295489177484,77.2140834480729,1.0,0.0051758619109364135,0.024357599090005226,9.896369595971512,0.0814670460898777,0.15511822419019738,2.1298274891019126e-05
43.800000000000004,28.618284900464577,77.21402851126442,16.536368230431275,0.7955994741001456,28.618310069530576,77.21403096354798,1.0,0.07316633146068022,0.7243582617626184,10.012578531633231,-0.011160970519084573,0.04220889788261115,0.01246615860254995
43.900000000000006,28.61829536859193,77.21404052089372,16.538926071965726,0.7889547508374031,28.61830500148254,77.21403708546208,1.0,-0.11308749409150526,0.2805651158179018,10.830523597618388,0.00480705328780196,-0.02472114796278558,-0.07017951604801406
44.0,28.618305876138123,77.21405248946407,16.54147775779794,0.7853631672360536,28.61827071513688,77.21404998344394,1.0,0.2552381841548,-0.8268838222492129,10.232769924048437,0.00604846972629635,0.03152979356643629,-0.058895304708941665
44.1,28.61831637735473,77.21406446892213,16.544023277721177,0.7861190899039603,28.618287155080765,77.21402578300736,1.0,0.28088983764264475,-0.3741195496919348,9.64527770206953,0.01853319048556121,0.06540880953475513,-0.02799888786542904
44.2,28.61832693354297,77.21407638921353,16.54656262155336,0.7810329552474377,28.618320420760384,77.21404839205145,1.0,0.6017274574162451,0.7220360493951944,10.276848937633881,0.033355278742524135,-0.022416421668185738,-0.04008139896729186
44.300000000000004,28.618337572953756,77.2140882168177,16.549095779137122,0.7732046952657867,28.618329185115147,77.21408468959923,1.0,-0.22936479586707184,-0.4319944459531796,9.749880642256748,0.024077682805769298,-0.030540373792550885,-0.06643671500675391
44.400000000000006,28.6183482196803,77.21410003958121,16.55162274033983,0.7726565040382811,28.61832044763605,77.21409515097764,1.0,0.03516450833086851,-0.2328664428959928,10.35301040267074,0.024626899566751893,-0.010629729477225501,0.028242660406039705
44.5,28.61835891192071,77.21411181263781,16.554143495053648,0.7684188852272498,28.618367288448063,77.2141411429619,1.0,0.139496344648727,-0.059938906729517426,9.107367695596027,-0.01874565929952264,-0.038291130051053696,-0.09679895617478038
44.6,28.618369572842063,77.2141236261822,16.556658033195557,0.771600651253927,28.61839321496675,77.21410588585385,1.0,0.22342249403693437,0.5993766901297056,10.835330579884895,0.03067466962083633,0.08992109109704234,0.033566060742450055
44.7,28.61838025448637,77.21413541909972,16.559166344707407,0.7697567021862317,28.61836117893651,77.21416037224712,1.0,0.259873561920276,0.41474862336806356,9.782008196540845,0.0003067881962238494,0.07677894997364414,0.0035596574690883887
44.800000000000004,28.618390986280605,77.21414715648459,16.56166841955596,0.765057722161663,28.618339994747487,77.21417257453749,1.0,0.3615032917823843,0.17677633512721339,10.327282486124329,0.07130777257175597,0.030888332221280592,-0.03638970264749127
44.900000000000006,28.618401675532688,77.21415894780682,16.564164247732915,0.7693332855988079,28.618377157940166,77.21413549545073,1.0,0.15954838380642697,0.38373397097535894,9.48784321229915,-0.010921317539784682,0.04645930267364587,0.03139868103639926
45.0,28.618412357905953,77.2141707508747,16.566653819254967,0.7701525654282432,28.618440754775268,77.21421385143498,1.0,0.48991445354431196,0.10986728544001866,9.63073897614619,-0.08114426997626359,0.025844874572200183,0.03278412038290292
45.1,28.618423025633746,77.21418257476209,16.56913712416383,0.7717190535556969,28.61837782396608,77.21418782445777,1.0,-0.11760178730899215,0.46435096972811524,9.38954128255796,-0.028012884189108158,-0.021654745683533917,-0.021017963900353556
45.2,28.61843369385509,77.21419440170622,16.571614152526287,0.771825126310366,28.618371739054766,77.21420748705316,1.0,0.4230058765908523,0.3760028923585458,9.37741666245179,-0.07526837496301683,0.03493058869329341,0.04849943379111707
45.300000000000004,28.618444354182696,77.21420624150471,16.57408489443423,0.7727380538161115,28.618446557075117,77.21422703366069,1.0,0.3208579025512351,0.16080969346993745,9.389701790119146,-0.007928245992955975,-0.04354930405549674,-0.009808232660679575
45.400000000000006,28.61845499616872,77.21421810630028,16.576549340004696,0.7746530670037973,28.618460292476573,77.21422023564554,1.0,0.13988764256764474,0.29919107011280105,9.856888958714366,-0.022799184386439127,-0.024358976014052177,0.005173762951082893
45.5,28.618465669646884,77.21422993793888,16.5790074793799,0.7717772523234139,28.618412549657187,77.2141782028359,1.0,-0.3006266537882829,0.8426166025855207,9.354379973824503,0.048828220185166915,0.0057043529059629915,-0.07695300209274357
45.6,28.61847640760785,77.21424169724337,16.581459302727296,0.7657028569547135,28.61847302838854,77.21425284659097,1.0,0.13738975699362196,0.35266958030651174,9.346404501347578,0.03314071446884873,-0.04661213716055776,-0.03985236523098791
45.7,28.61848719849218,77.21425339714528,16.583904800239587,0.7607173623318643,28.618471511451705,77.21431520496036,1.0,-0.17839146810992582,0.24163418726295163,9.5548589254208,0.020449056035591735,-0.006906042889994715,-0.08114383376586289
45.800000000000004,28.618497982571217,77.21426510880376,16.58634396213479,0.7615339937203495,28.61849221649368,77.21421542300843,1.0,0.48464566027023703,-0.0438208984779188,10.0095294417848,-0.011786723666000939,0.033651756073126114,0.015873623135527426
45.900000000000006,28.618508817771893,77.2142767627012,16.58877677865626,0.7567039908549479,28.618491811810582,77.21426992964443,1.0,0.044164804813658656,0.26562745260108855,10.000134658874183,0.05284916180401792,-0.01106223863360312,-0.06882670677625778
46.0,28.61851964878892,77.21428842525877,16.591203240072733,0.7572675924532061,28.618508237555695,77.21431521701255,1.0,0.36850769050352183,0.6580143460180303,10.188080970103876,-0.0336403324896599,0.031525363292390314,0.03099836396327927
46.1,28.618530493785652,77.21430007455652,16.593623336678366,0.7560558555013014,28.61856284958717,77.21431962641626,1.0,-0.02086878226438199,0.5183021214187051,9.723536737282766,0.03251252051404715,0.020945875139424835,0.006742302419953985
46.2,28.61854133379449,77.2143117334748,16.596037058792778,0.7566975422519039,28.618563794316067,77.21432528354912,1.0,-0.26341860763761227,-0.9554491319340312,9.628413249943318,0.011774100746268302,-0.0870067524655929,0.025302106885597198
46.300000000000004,28.618552139816853,77.21432343683601,16.598444396761085,0.7601649285202323,28.618519571743445,77.2143405126707,1.0,0.07328922224085885,-0.24498625002164678,8.490028960227487,-0.05370026508508416,0.11239501618594977,0.023907716799644055
46.400000000000006,28.61856300082128,77.2143350775531,16.600845340953935,0.7549519278591112,28.61858110437447,77.21439301200671,1.0,0.3751617826250302,0.6601436568606128,9.15769376062117,0.0603345635139149,-0.009433073050184912,-0.038676344100497785
46.5,28.618573874405445,77.21434670660139,16.603239881767553,0.7538737546593444,28.618612804706615,77.21435859210729,1.0,-0.256776665555687,-0.1295598788286213,9.800728534807016,-0.03701505201670029,0.034561225486429765,-0.015250337824208903
46.6,28.618584800348216,77.21435827538396,16.605628009623786,0.7488856064441759,28.618600564622703,77.2143506375419,1.0,-0.2713910525390252,0.44771495957811847,10.207307243146044,0.02896543536405123,0.07261549087353233,-0.07607353829691225
46.7,28.618595758551773,77.21436980809628,16.60800971497012,0.7458588390393934,28.618593259255963,77.21439679249686,1.0,0.9567993222185764,-0.7973982742783151,9.92090072097614,-0.06946524023667244,-0.03548758873477978,-0.02753184977239312
46.800000000000004,28.618606699453288,77.21438136567976,16.610384988279737,0.7477204808127045,28.618616487219004,77.21432598583951,1.0,0.671713453705307,0.19841325074834693,9.29906705096284,0.016533701916391107,0.0351251341443774,0.026210745698201345
46.900000000000006,28.61861763555117,77.21439293272381,16.612753820051548,0.7483474134065456,28.61860536867058,77.2144170172547,1.0,0.25811134501599975,-0.0363988516013972,9.836859503471501,-0.046191470580505586,-0.04609314968132865,0.014397676240595821
47.0,28.618628567690113,77.21440450817387,16.615116200810228,0.7488902059265053,28.618624153373727,77.21439937206577,1.0,0.22353279917857463,-0.023672096723119065,9.446485459207238,-0.1426310923085746,-0.0126782147557406,-0.011328335092229505
47.1,28.618639485724007,77.21441610442093,16.61747212110626,0.7504293177103292,28.618633969009466,77.21442864603077,1.0,0.29807896822903635,0.3729690394083032,9.59058444288529,0.009840545774056832,-0.05471127891331706,-0.0030707018544962866
47.2,28.6186503996795,77.21442770917226,16.619821571515963,0.750981341760455,28.618639517412277,77.21439289939006,1.0,0.08240658723763675,0.1978169946402516,9.895447393558834,-0.016860168144484478,-0.0066192691816430345,-0.006519188867982955
47.300000000000004,28.61866124239299,77.21443940374715,16.622164542641542,0.7580974285887601,28.6186774758476,77.2144149088697,1.0,-0.02111405764011423,-0.08563907775771319,10.011645908141858,0.01058414529956687,0.0012198691389004469,0.08992848660400142
47.400000000000006,28.618672006620606,77.21445119547958,16.624501025111112,0.7658580798407841,28.61875775567588,77.21439198941226,1.0,0.06879323782909197,-0.18839048629896624,9.435463268284709,0.022078941128665108,0.026437684024922692,0.09438472463528928
47.5,28.618682756410248,77.21446300772493,16.626831009578748,0.7673971355551128,28.61869229524362,77.21440596266919,1.0,0.013576631813200027,0.3267402091098364,9.97900890153758,0.04893182334387927,-0.10600448442886674,0.01340488960264053
47.6,28.61869354205927,77.21447478091387,16.629154486724513,0.7640786179586518,28.618716279178724,77.21447359329102,1.0,-0.036855366913363274,-0.5292471320090439,8.908127169755616,0.03366107686645433,0.007070365100019748,-0.025559957580681164
47.7,28.618704398846123,77.21448647240156,16.631471447254505,0.7573180572983583,28.618749232579244,77.21449267987101,1.0,0.25386208257667786,-0.33789218624449874,10.599578365901131,-0.0038150182941980187,-0.0026476176893517013,-0.05476947022923352
47.800000000000004,28.618715219043732,77.21449821124953,16.633781881900884,0.7610222051274976,28.618675421957914,77.21448429619575,1.0,-0.08879033882261056,-0.03787595487481747,9.638753414457103,0.09596120969959876,0.017059544681816623,0.06678293378915176
47.900000000000006,28.618726114412592,77.2145098629713,16.63608578142191,0.7538469994634416,28.618743975177036,77.21450570595769,1.0,0.28806641838759306,0.18401558318132058,9.833143208146927,-0.0034676865736168756,0.07954629309226333,-0.025577633700925563
48.0,28.618736976693636,77.21452155813392,16.638383136601995,0.7572223810984042,28.61873580506294,77.21455580957375,1.0,0.12084704868984743,-0.2121887261569514,10.384951976429246,-0.009756333486647147,0.09975833387527969,0.035064852090234945
48.1,28.6187477622623,77.21453334844928,16.64067393825172,0.7648085209229278,28.618729750466883,77.21454000748565,1.0,-0.026681876853309333,-0.06581273711786036,9.475267265387682,0.00570274240004143,-0.03869441367146777,0.05626581496957468
48.2,28.618758513283296,77.21454518300104,16.642958177207877,0.7682826354521191,28.618777279092757,77.21453618440322,1.0,-0.4078782203340431,-0.43284182226127516,9.866176472255056,0.11958802382269909,-0.07738980196509088,0.014631815521679666
48.300000000000004,28.618769317629432,77.21455695774026,16.645235844333516,0.7632791990019059,28.618774242267506,77.21455030776583,1.0,0.16973302579640376,-0.08460060801898649,9.03787808465369,-0.11958444126008878,-0.0389415328171673,-0.05727069190248721
48.400000000000006,28.618780189024704,77.21456865550907,16.64750693051797,0.7569149249610884,28.6187785388127,77.21454781932742,1.0,-0.08999072250875456,0.40195399750221306,10.76527534605044,0.031881057410130954,0.07530652398090193,-0.05782449698088048
48.5,28.61879105045446,77.21458036865484,16.6497714266769,0.7580285607247226,28.61881511091747,77.21457227842595,1.0,0.30302601761532855,0.012145650876938573,9.284211101534428,0.045905654172791875,0.0507562160989794,0.03546307513886636
48.6,28.6188018878641,77.2145921139876,16.652029323752323,0.760504235092751,28.61882565671459,77.21453737150158,1.0,0.14933170499042395,-0.8073309822362815,10.121534474665204,-0.014897179960050872,-0.02405257505319775,0.03410662794838464
48.7,28.618812709265715,77.21460388179354,16.654280612712654,0.7621971454008201,28.61885741744027,77.21461992465856,1.0,0.09637024434597802,0.0026808394542748117,9.6228072844009,0.006290637523777981,-0.06879066160400402,0.00840589213078743
48.800000000000004,28.61882359869371,77.21461557123773,16.65652528455274,0.7557323017319049,28.618799020688904,77.21464783768664,1.0,0.11639907347287252,0.23423350915719052,9.722997796508404,-0.07514422573162322,0.04414364382898764,-0.058193086279458114
48.900000000000006,28.618834385126632,77.21462738724779,16.658763330293894,0.7658560797353589,28.6188521600507,77.21456126600141,1.0,0.4657209726508751,-0.6505778506954966,9.549174488737696,0.041138466671814006,0.06494690986670817,0.13779267648441476
49.0,28.618845224971473,77.21463914297327,16.66099474098394,0.7608337161202907,28.61884622196059,77.21464950025589,1.0,-0.21077743385610895,-0.05119302267396063,9.749127627746809,-0.0014731003599827237,0.021598479790069434,-0.03951491683553
49.1,28.61885611707609,77.21465083916982,16.66321950769724,0.7558978660173261,28.618847746110834,77.21467980562163,1.0,0.2944779529320789,0.9479974571952537,10.394245714599569,0.050337666675129324,0.04427216700065851,-0.05419562548830665
49.2,28.618866983573202,77.21466256953335,16.66543762153472,0.7585290411416001,28.618845296231566,77.2146396360121,1.0,-0.3860924995365782,-0.6568346124347519,9.930690089714052,-0.0641035354885843,0.05189022142138802,-0.0009680247665720901
49.300000000000004,28.618877933886406,77.21467420163613,16.66764907362394,0.7504966972698748,28.61887157859486,77.21463023739354,1.0,-0.10607403516624184,0.7874761419953752,9.313921335760252,0.006787089023484228,0.11653492363615264,-0.07222998505631986
49.400000000000006,28.6188889805011,77.2146857183203,16.669853855119086,0.741162173896993,28.61891765791097,77.21467652491171,1.0,0.229681523816037,0.01975548544376022,9.921677188955824,-0.01905700993686074,-0.07545368414125486,-0.1011935373458168
49.5,28.618900026248,77.21469723941546,16.67205195720104,0.7413920244540745,28.618907568765927,77.21468889808638,1.0,-0.04628887317670491,-0.27319457065062536,10.878735661562443,-0.0815406213768843,0.04923738267921584,-0.0042085401762462955
49.6,28.618911060823407,77.21470877770966,16.674243371077395,0.7426391216105518,28.618978918345924,77.21471771571343,1.0,0.25169939816088166,0.39728334566312157,10.089949658866514,-0.009803772507815533,-0.01467991335808524,0.031875938143965735
49.7,28.618922110244064,77.2147203008654,16.676428087982497,0.7413154705859543,28.618923156439976,77.21472365190009,1.0,0.37403962851216654,0.933578728072703,9.763161597534094,-0.04723661387117423,-0.02992331510445268,0.0022990070880607415
49.800000000000004,28.618933201336922,77.21473177526998,16.678606099177482,0.7373304465145577,28.618886778406562,77.21472720191485,1.0,0.5615978740369781,0.13432515104509302,9.76187928190761,-0.0016020522336825244,0.07687988389625072,-0.030249716608917822
49.900000000000006,28.61894427614371,77.21474327336706,16.680777395950308,0.7390886632367777,28.618957667722377,77.21475861631164,1.0,-0.21940573337789807,-0.6383634393128056,10.088633430742442,-0.0129160290555613,-0.031494545378051776,0.03785312688825326
50.0,28.618955370670935,77.2147547500634,16.682941969615793,0.7372757527009643,28.618921649879965,77.21471607611585,1.0,-0.11165470707866632,-0.847325304317695,10.403728179373596,-0.027158235965202067,0.0630631994602182,-0.0033330447109088824
50.1,28.618966451678975,77.21476624697475,16.68509981151564,0.7387586364535894,28.618988480275977,77.2147979239561,1.0,0.3854143333006821,0.800214850812027,10.38682429618972,0.014571010717895917,0.03516187749175363,-0.021750249636790814
50.2,28.618977618877413,77.21477763845733,16.68725091301849,0.7303222688563237,28.618996608129784,77.21475399342253,1.0,-0.06884382383026005,-0.04614879380783349,10.119469715778846,-0.014497164265445978,-0.08652531977123618,-0.08300900029977457
50.300000000000004,28.618988808868565,77.21478900417702,16.68939526551994,0.7281842630048618,28.619002035294994,77.21478540167406,1.0,0.037664233627299704,0.002320941369881754,10.112199438111778,-0.06026204840649514,-0.03672940584778059,-0.0008122681622146442
50.400000000000006,28.61900004102219,77.21480031910431,16.691532860442578,0.7240933161586742,28.619038942141756,77.21483538006899,1.0,0.06489080774519898,0.09065504679710286,9.728952467800507,0.061375703305254097,0.016925715930448417,-0.04170524339668977
50.5,28.619011204501394,77.21481172514642,16.69366368923603,0.731122656850028,28.618994554890154,77.21476182140417,1.0,0.11569491506165616,0.21392976010090028,9.69761837021991,0.01565032095574797,0.01791131455662188,0.05560368798613402
50.6,28.61902234709059,77.21482316091092,16.695787743376982,0.7333477638639844,28.619019526564163,77.214935989926,1.0,0.5037945992514783,0.018763367117102282,9.371511962653749,0.032639932663383935,-0.007834657284035885,0.033217797315099606
50.7,28.619033484597207,77.21483460633299,16.697905014369223,0.7339944833502341,28.619019348933048,77.21482008672723,1.0,-0.15474622569052596,1.0749833181011343,9.722245911146992,0.05655009556578925,-0.007814462742025989,-0.0015140341150847707
50.800000000000004,28.619044619302585,77.21484605851401,16.70001549374367,0.7344132339590249,28.619061688839825,77.21485904757729,1.0,-0.15319101012476474,1.005993284849508,10.480555055225244,0.004246104168491376,-0.03663862348266111,0.03954188755459014
50.900000000000006,28.61905561603196,77.21485768556894,16.70211917305841,0.7481708162437801,28.619011384698943,77.21486811311043,1.0,0.5843410545186036,0.7705752769276797,9.460317056299651,-0.03974574940207572,0.01478635841854974,0.149392528129846
51.0,28.619066643634024,77.21486927778393,16.704216043898725,0.7452772667360786,28.619055206597626,77.21488967396562,1.0,0.15742665416536014,-0.40494985599746236,9.566021734788274,-0.024013724042806234,-0.030945497906209787,-0.04121127530894099
51.1,28.619077691802037,77.21488084772099,16.70630609787714,0.7433902177179119,28.619135707949525,77.21491215447774,1.0,0.3273501496662307,-0.5694252530810536,9.472619755132397,0.08333315285066463,-0.05580190677197099,-0.0465459796440727
51.2,28.619088770782522,77.21489238252211,16.708389326633434,0.7404879735690183,28.61906675916712,77.21488033242234,1.0,0.7709278766431985,-0.7886565252083123,9.900443766478842,0.08427914673177497,0.05682811059863612,0.002034805631402207
51.300000000000004,28.61909980408681,77.21490397712799,16.7104657218347,0.7451224063908702,28.61911241554925,77.21490318428448,1.0,-0.38156949028818354,-0.21572784503369416,9.104116325319273,0.07110511233612962,0.004551825581644928,0.07055662857654388
51.400000000000006,28.61911078349539,77.21491564103741,16.712535275175362,0.7505351737128296,28.61913097825611,77.21490808214129,1.0,-0.2676297427624269,0.17833976608007557,9.791885410545321,-0.024832499107339152,0.04411492556330163,0.0573405590829757
51.5,28.619121831436527,77.21492722378875,16.714597978377206,0.7439519920140902,28.61916493427318,77.2148925390598,1.0,0.04428762175603804,0.9899251654626829,10.676540795710588,0.03644471455164213,-0.08831748438914944,-0.07464513829007469
51.6,28.619132876839362,77.21493881278637,16.71665382318942,0.7443351382180152,28.61911514872274,77.21499876769415,1.0,0.0051474083327629205,1.2131372826186988,8.95870078178175,0.10895889151368106,-0.008280781456153121,0.010089412580145668
51.7,28.61914389892761,77.21495043363889,16.718702801388634,0.7467564113528357,28.619132580629582,77.21495425867111,1.0,0.046832931471507216,0.4274165342730002,10.411513789371316,0.057078595898888654,-0.04462741605249179,0.021734327453108868
51.800000000000004,28.61915491798604,77.21496206129439,16.720744904778932,0.7471852242395236,28.619161443639715,77.21491933239739,1.0,0.5534351753940744,-0.7193476051711604,9.400529160587297,0.036877092204158995,-0.01655709236159482,0.006540140578785037
51.900000000000006,28.619165929907783,77.2149737007817,16.722780125191907,0.7480153055338975,28.619142028812536,77.21498749721474,1.0,0.037840755695936604,0.578887634316975,9.508743609975157,0.0008221246210169833,0.02900486514576799,-0.004498487816683664
52.0,28.619176941975194,77.21498534314148,16.724808454486677,0.7481317445247555,28.619157140055368,77.21493509980077,1.0,0.14370121110576908,0.10870568412650947,9.411696795460395,0.027945936780219862,-0.06539157208137102,0.022583972847693798
52.1,28.619187993245,77.21499694025329,16.72682988454993,0.7444192995852483,28.619156683491838,77.21494875867354,1.0,-0.17418100667885586,0.16219923197050007,9.91887427930975,0.07073265791343852,-0.009302239188674713,-0.04023705486801875
52.2,28.619199026207063,77.2150085629988,16.728844407295945,0.7463460643750666,28.61914552939703,77.21503733374574,1.0,0.8357474174011826,0.27195858939165185,9.630135623254542,0.03900109056796838,0.0004295969525248782,0.011709446786588385
52.300000000000004,28.619210119492436,77.2150201140421,16.730852014666635,0.740546124343344,28.619178549753325,77.21499812879793,1.0,-0.18822933398686112,0.4263683158121482,9.99843847430512,-0.03426936255872126,0.02219873103373132,-0.03733897475254101
52.400000000000006,28.619221127209112,77.21503177383106,16.732852698631575,0.7490747322791033,28.619185082418777,77.21499739359356,1.0,-0.19903727122282752,0.25349926427792746,9.50280402878392,0.04472745515649427,0.03451959285424113,0.08685920003706382
52.5,28.619232116580427,77.21504345904353,16.734846451188034,0.7509929488130783,28.619245754839845,77.21506445431176,1.0,0.570957189430816,0.2707084223017064,9.730422749411133,-0.0015661060641124138,-0.023576534617612905,0.014077600793085206
52.6,28.61924309774289,77.21505515724223,16.736833264361,0.7519198003733194,28.619217463867884,77.21509864011804,1.0,-0.06886739782723203,0.1418519574994036,9.611688049941927,0.03045172290286698,0.017127843617295534,0.043440994970660375
52.7,28.619254070115066,77.21506686910213,16.738813130203223,0.7529016246036169,28.619231680065234,77.2150565345111,1.0,-0.16902363173067678,0.16522013948000971,9.587016979638824,-0.04400610874043695,0.022475536813163215,0.024696817379499837
52.800000000000004,28.619265059155882,77.21507856362292,16.740786040795243,0.7514051566232489,28.619229682029804,77.21507319852357,1.0,-0.21704326578404295,0.3119045030771652,8.837605091364706,0.04665211167688976,0.03363127222115299,-0.003481704283941421
52.900000000000006,28.61927604179871,77.2150902688848,16.742751988245423,0.7521536788264228,28.619275673100102,77.21504695080388,1.0,-0.16459735928925537,0.521690351212406,9.70916978631905,0.012272714442224174,0.03728917965035355,-0.0018645434320108106
53.0,28.619286928822607,77.21510209239278,16.744710964689972,0.7615361045312323,28.619283403286087,77.21506955810513,1.0,-0.016221549842995314,-0.38983330058786525,9.809189582095497,-0.03854817099426861,0.040703510504896026,0.10627840646682031
53.1,28.61929778297268,77.2151139579402,16.74666296229299,0.76481954593246,28.61928321409729,77.21513116813847,1.0,-0.4180145294610178,0.40434591203108194,10.948456919400897,0.0459066993121065,-0.024966090953611103,0.04427834367354148
53.2,28.61930868050005,77.2151257746701,16.748607973246486,0.7607681376349765,28.619321702406307,77.2151348863408,1.0,-0.16365893182471106,-0.2805171635681624,10.703264534344651,-0.05562438473460293,-0.005624206400104757,-0.062369857208985024
53.300000000000004,28.619319488782565,77.21513770013529,16.750545989770423,0.769452327972316,28.61929988039638,77.21504570333897,1.0,0.13214007165806937,0.48253141908888225,10.138893080517363,-0.019021689082534956,-0.011674584943553551,0.11526613114669416
53.400000000000006,28.619330270681896,77.21514965938286,16.752477004112734,0.7720875907399718,28.61933302136093,77.21515193521358,1.0,-0.023148395735766936,-0.4039707107564949,10.46108882019198,-0.05913411108089779,-0.016697220343234908,0.03051260749084294
53.5,28.619341117044794,77.21516154559085,16.75440100854936,0.7660472679377821,28.619351608859855,77.21516352156536,1.0,0.4152568958867041,-0.14471798416616796,10.367142039953261,0.003958181946122816,0.04425199033331837,-0.032954104176944485
53.6,28.619351966922842,77.21517343046544,16.7563179953843,0.765829323654859,28.61932757803541,77.2151645286321,1.0,0.5104499444017792,0.550087958874759,10.52636309186346,0.07969572673327849,0.08212792107148825,-0.01733518446346593
53.7,28.619362849540664,77.215185279263,16.758227956949593,0.7628054476422438,28.619366152413143,77.21521831412795,1.0,0.8268572697839693,0.4642814899788345,9.435995317944363,0.05963956682101456,-0.10664416249747388,-0.02548087791397178
53.800000000000004,28.619373773520707,77.21519708139803,16.760130885605406,0.758940364192016,28.619378577803673,77.21521343473829,1.0,-0.24896860300995935,0.34863709372261237,9.98504222595109,0.08131727354938174,-0.03873332273338389,-0.049523520602770904
53.900000000000006,28.61938464200793,77.21520895263082,16.762026773740025,0.7643994163276235,28.6193781263365,77.21522150063606,1.0,-0.17072326625951453,0.638248263035204,9.756038738486195,0.020512419520724304,-0.004293435609551605,0.061954653205599244
54.0,28.619395490198666,77.21522085071577,16.763915613769896,0.7664620721619362,28.61939871563206,77.21522890570726,1.0,-0.10382040516876281,-0.10400606230766068,10.587475211118,0.04001644807651039,0.03947396338841664,0.024229553651424138
54.1,28.619406317846643,77.21523277582767,16.765797398139664,0.7685429447473001,28.61941244592042,77.2152173076257,1.0,0.0036012982346398242,-0.34979528635896895,9.582125081058372,-0.06751630323261402,0.011742176669276287,0.03976091756006237
54.2,28.619417214003047,77.21524462247035,16.767672119322192,0.7620936167290369,28.619419472980226,77.2152553979284,1.0,-0.10376591060428597,0.4648755613795805,8.901992693851057,0.020582853012357395,0.05816931231521051,-0.0888295191118223
54.300000000000004,28.61942809218057,77.21525649329654,16.769539769818604,0.7639371083763209,28.619445386141663,77.21531974492561,1.0,0.23609142335361255,0.6602979517004707,9.961419311707182,0.011052291308655315,-0.037023538585169956,0.011755480356679499
54.400000000000006,28.619438923107275,77.21526842279397,16.77140034215829,0.7685753877258008,28.619453249145007,77.21522986295368,1.0,-0.06497190212917789,0.07655879255655068,9.903489679880913,-0.034729908390484045,-0.06636023977213848,0.0573795834349323
54.5,28.6194497644558,77.2152803427323,16.773253828898973,0.7676942203954108,28.619455768457403,77.21533657072209,1.0,-0.12357610266862157,-0.10511385623262198,10.15665870883995,0.08345255202545009,0.028941592960530272,-0.0016099809693456892
54.6,28.61946054109558,77.21529234127294,16.775100222626705,0.7739710768367624,28.619443348649718,77.21526330626624,1.0,0.07863338337443945,0.24816320899075386,9.726048763834621,0.05561578949159177,-0.06789910558412407,0.053387001845658685
54.7,28.619471179430008,77.21530450157118,16.776939515955913,0.7871242025609273,28.61944149037389,77.21535093709149,1.0,0.25560419720377525,0.4442349859792257,10.05251783776656,-0.06968843914342872,-0.017738400208426427,0.1505116782484524
54.800000000000004,28.61948180891827,77.21531667454782,16.778771701529426,0.7880611662779743,28.61950660821785,77.21538833285554,1.0,0.415470919858828,-0.019815430956306033,9.684541638077274,-0.0025638286226585313,-0.02362915982977587,-0.01477714567432238
54.900000000000006,28.6194925070719,77.2153287718694,16.780596772018505,0.7817244555995864,28.619491239260697,77.21524510748688,1.0,0.6732791921916698,-0.9516891981383511,9.731974771775581,-0.09147503356798622,0.010888997266596218,-0.06997640391363241
55.0,28.619503189380357,77.21534088998308,16.782414720122873,0.7833241643871715,28.619532157775893,77.21529104774062,1.0,0.3006420421469665,-0.4072306827660379,9.390513572855955,-0.05311046861650757,-0.04648400788284145,0.018067487101276203
55.1,28.619513926305434,77.2153529479401,16.78422553857073,0.7782862279121173,28.619514081520713,77.21535072065637,1.0,-0.017356408397722317,0.04736214457111024,10.710158346811271,0.02216614200151524,-0.05242861521859513,-0.03965933594761488
55.2,28.61952462464444,77.2153650529384,16.786029220118817,0.7820329731437207,28.619487917002864,77.21537219834447,1.0,-0.46647585850965445,0.8280514480706584,10.22004839256141,-0.05739664167637512,0.060151447577994024,0.04581687698536122
55.300000000000004,28.619535333204247,77.21537714881505,16.787825757552405,0.7811786307146961,28.619525257981564,77.21538645114435,1.0,0.1006108081023113,-0.05120936044944522,9.89437463733617,0.07857318948389493,-0.09391487321658441,0.03029168062751591
55.400000000000006,28.619546113800702,77.21538916399061,16.789615143685342,0.7744801326107765,28.61954004599504,77.21541051421156,1.0,-0.5631003171263114,-0.6035052552103454,9.522968912759469,0.031806886037414245,0.02449869354520745,-0.0709353370093041
55.5,28.619556928609434,77.21540114182035,16.791397371360095,0.7713403469406597,28.619556404621132,77.21544902037822,1.0,0.12627863631880368,0.16802920055154552,10.144768513010897,-0.05380678840304905,0.12186433918783351,-0.0366692021430949
55.6,28.619567734734286,77.21541313241914,16.79317243344775,0.7722743880636137,28.619557226140778,77.21542996896274,1.0,0.10148448915349625,-0.6264329165121892,9.738815572418611,0.01594748448032424,-0.034251471766926826,0.03259243759032394
55.7,28.61957836519004,77.21542532762678,16.794940322848063,0.7889279376848402,28.619604354026013,77.21544940015839,1.0,0.23054842402757794,-0.029663150041948312,9.69909526908548,0.0772654731625958,-0.02843960588417063,0.18104359316019783
55.800000000000004,28.619588948344173,77.21543757863033,16.796701032489477,0.7934398009424842,28.619603399820836,77.21539816081511,1.0,0.2568972237393626,-0.7073778619491807,10.50429719769995,0.047589864594533446,-0.013457442265162193,0.04058951675607724
55.900000000000006,28.619599513858077,77.21544985188858,16.798454555329155,0.7951810860105941,28.61955433285541,77.21551635849377,1.0,0.294760705098931,0.42941408596503566,9.777674784437313,-0.034058614924956855,-0.0021256138732981553,0.01518058666228333
56.0,28.61961008917137,77.21546211669538,16.80020088435301,0.7943732768329023,28.619604999545224,77.21546493433662,1.0,0.4805168771563355,0.3898276741688708,9.631874339190096,-0.0594139050979711,0.0728237709413514,0.009731341001258475
56.1,28.61962064439573,77.2154744064268,16.801940012575727,0.7963386644805142,28.619596882942748,77.21549460445914,1.0,0.03455147251261907,-0.3229263200530315,9.814411823159691,0.03745900701575107,0.0269100165832023,0.039045424596149514
56.2,28.61963118766615,77.21548671194232,16.8036719330408,0.797546674550925,28.619587136773458,77.21549676236165,1.0,-0.04324532568321185,-0.5797912756950425,9.89832780888769,0.020041908544639067,0.07778973789794703,0.017902005760450576
56.300000000000004,28.619641747401328,77.21549900159442,16.805396638820543,0.7961218571895717,28.61964521343514,77.21556414475005,1.0,0.4339384564168328,0.1703489322621432,9.741629953378286,-0.00869879361517902,-0.010421616135694676,0.004201274484904137
56.400000000000006,28.619652258987273,77.21551134714046,16.807114123016138,0.800674234992495,28.61962299805822,77.21549476031791,1.0,0.1271880050029847,0.08948532890444207,10.535940170194579,-0.07108138807685824,-0.020425759015734304,0.044061743691623245
56.5,28.619662712021128,77.21552375945483,16.808824378757652,0.8061604101878036,28.619655939733114,77.21552606228933,1.0,-0.1583408463489793,0.7002490135924105,9.494845466257955,-0.051927135805789996,-0.13464918420892955,0.03840634329151784
56.6,28.61967308896675,77.21553625673839,16.810527399204062,0.8132159731226415,28.619665011413957,77.21548205555693,1.0,0.1302379117128148,0.07406375282302897,10.233518180611744,0.007463338930658672,-0.04922409648163824,0.07200327643176214
56.7,28.619683396284373,77.2155488309428,16.812223177543288,0.8196378565010363,28.61965237863112,77.21557699026151,1.0,0.010831085428788093,-0.5251085922579731,10.074689271228431,0.014790506763273323,0.0029580349782390896,0.05958881538936162
56.800000000000004,28.61969364771419,77.2155614666461,16.813911706992222,0.8247817893732412,28.619703823956378,77.21556447158183,1.0,-0.05048134643605029,-0.9509466728414213,9.091676647131901,0.003835360658126903,-0.04096106054938348,0.031022090381452726
56.900000000000006,28.619703896064205,77.2155741079327,16.815592980796744,0.8251517487779432,28.619692275944917,77.21557091672418,1.0,0.3972169655478258,0.6456033592945093,10.048699691535228,-0.011900352091042182,-0.028033461224244372,-0.0012180135744723364
57.0,28.61971428827753,77.21558659824677,16.817266992231765,0.8122034536967488,28.61970565844787,77.21556392480582,1.0,-0.6949886189463104,0.5850404296154758,9.522880753171501,-0.01240125806931644,0.038398419218687245,-0.08231408143694788
57.1,28.619724760136084,77.21559900430934,16.81893373460124,0.8050098147922395,28.61971328873343,77.21556421238961,1.0,0.30015991681674004,-0.09986963496909633,9.970669671140408,0.09526551284121348,0.013492159850267395,-0.1128289779715668
57.2,28.61973525142809,77.21561139140809,16.820593201238204,0.8033190969784241,28.619723011662163,77.21558286704388,1.0,0.41059891946268146,0.42060770173195,10.051726398281996,0.0569643485125918,0.014031768597182706,-0.0035921746397085327
57.300000000000004,28.61974582023105,77.21562369507514,16.82224538550479,0.7962625199536743,28.619731771933342,77.21564948847376,1.0,-0.07204942531656433,0.6306569844005862,9.951160641588144,0.012440757290772037,-0.03387362500186794,-0.09174388700980392
57.400000000000006,28.619756379863748,77.21563601130794,16.823890280792263,0.7972066916878767,28.619757807593114,77.21560331979963,1.0,-0.12138396224609066,-0.31543019406425665,9.93578050043585,0.013331128060632278,0.09178215274330279,0.028173434074931003
57.5,28.619766997995367,77.21564826445929,16.825527880521044,0.7918778336626038,28.619800232445307,77.21567268733754,1.0,0.549412175547369,-0.3157035701607248,10.138718330540962,-0.021055817431098703,-0.017684792229524668,-0.04838553319722151
57.6,28.619777629790573,77.21566050457396,16.827158178140735,0.7907026648171804,28.619778030720973,77.21560284258757,1.0,0.24331793913924343,0.46605561488496494,10.825817854903683,0.019222506028065134,-0.005673879764653152,0.008806821203856905
57.7,28.61978826487331,77.21567274331905,16.828781167130153,0.7904921421221213,28.619811543033606,77.21566520620304,1.0,0.02467929950944947,0.7187982675891536,9.831139101155566,-0.04000148056215406,0.02801847870287132,-0.0014961531548143238
57.800000000000004,28.6197989516276,77.21568492585621,16.830396840997338,0.785767215676563,28.619794398669175,77.2156989234375,1.0,-0.035914841435229994,-0.1459178229612875,9.862175119501652,-0.0021598574639949903,0.05866412186835529,-0.06656663195975202
57.900000000000006,28.619809570760587,77.21569718719405,16.832005193279603,0.7921646022809384,28.61978909977617,77.21565197781682,1.0,0.4415584722109357,-0.6377477065666193,9.705112889147767,-0.03789817357359875,0.06783551445309674,0.03678088619826478
58.0,28.619820229533204,77.21570940612942,16.833606217543533,0.7885697276960009,28.619797612862918,77.21572819356601,1.0,0.38320108216141546,-0.59628967758521,9.933710011863587,0.11356424593926817,0.026559037895341527,-0.030101046305483055
58.1,28.619830805867654,77.21572171994826,16.83519990738504,0.7963187073866602,28.619862241535834,77.21568193594864,1.0,0.29843799097356705,0.2541354353046743,9.709567687876486,-0.012568519906597426,0.04295337539332705,0.09081879518740017
58.2,28.619841349491253,77.21573407237798,16.836786256429367,0.799431880232494,28.61982719885993,77.21570630088307,1.0,-0.7803679332587307,0.7875624383549514,8.965251581028623,-0.0010736993724071503,-0.003915925384395369,-0.0020851556435828606
58.300000000000004,28.619851941776847,77.21574637293045,16.838365258331113,0.7950264842730234,28.619835763944167,77.21579333715836,1.0,0.2939646850327413,-0.4523282660937781,9.770142780217792,-0.007677996626529209,0.07626244562683687,-0.03937349876280256
58.400000000000006,28.61986264419428,77.21575855142949,16.83993690677428,0.7848691606227044,28.619874731671732,77.21574050181538,1.0,0.2941131098590338,-0.14288999070608804,9.73121720063405,-0.05411412310114401,-0.03146557653627373,-0.09974527322470364
58.5,28.619873379754956,77.21577069428865,16.841501195472272,0.7818578085178775,28.619869138341226,77.2158079981256,1.0,-0.07123719768568743,0.6417526849754528,8.667171185267605,-0.06682517358369726,-0.01930655277938531,-0.00995580209670706
58.6,28.61988407077243,77.21578289028758,16.84305811816794,0.7861199917993643,28.619849672452364,77.21586918905793,1.0,-0.007909172750421606,0.24881194364461176,9.686230815206747,0.07732005234736126,-0.015255315820489638,0.04851783055875512
58.7,28.619894805518168,77.21579503859235,16.844607668633586,0.7821199390789795,28.61985204294552,77.21586870121676,1.0,1.0290944655509202,0.6720318206429385,9.952967623964014,-0.06848183950497229,-0.05634586584253246,-0.0169203582630238
58.800000000000004,28.61990553910574,77.2158071904637,16.84614984067102,0.7823206549986386,28.619947150506377,77.2158113443938,1.0,-0.05632641047533024,0.1746189255048544,10.010421996999467,-0.15739999702772456,0.0941243578300081,0.02169449948048279
58.900000000000006,28.619916287010792,77.21581932813376,16.847684628111555,0.7810695191807334,28.61987224328083,77.21582243188325,1.0,-0.04290707440171193,0.31284125777429506,9.628788482599338,-0.030036828084485986,-0.0690945474558631,-0.025052106880149888
59.0,28.619927014573822,77.2158314913485,16.84921202481604,0.7830678789867994,28.619903350901694,77.21584223165931,1.0,-0.25090889689651286,-0.4453566540864653,10.672257910046742,0.034818830578418204,0.018162808134788593,0.046914076426867034
59.1,28.61993773234821,77.21584366795824,16.85073202467489,0.7840746509455158,28.619920859223402,77.21584902210797,1.0,-0.011401418155052467,0.4963467407490779,9.804358262187078,-0.06390780618735846,-0.04395710325591824,0.046240411815813454
59.2,28.619948344842022,77.21585596581133,16.85224462160811,0.7939639189989722,28.619912715402382,77.2158875666375,1.0,0.44061189532377665,-0.22882629456036765,11.04350394733605,0.007795531008898316,0.021405062870684076,0.07952128104742072
59.300000000000004,28.619958923845278,77.2158683032035,16.853749809565315,0.7971486156323104,28.619960968875777,77.21583946826344,1.0,0.6960623859558299,-0.1370636180463655,9.968356699225273,-0.07865145279058929,0.06313607023485097,0.06488465518939085
59.400000000000006,28.619969571696245,77.21588056565697,16.855247582525752,0.7908598362894065,28.62003743960316,77.21588102195419,1.0,0.421048155039624,-0.2350047551548744,10.24155419323943,0.020214720607102013,-0.01816207375978675,-0.07797057231893335
59.5,28.619980188025288,77.21589286566287,16.856737934498334,0.7938707908907024,28.61996151738364,77.21592005280502,1.0,-0.14068762139869231,-0.10432253810011786,10.51767313825474,0.017132215771582412,0.12016931510585974,0.006103038272472926
59.6,28.619990754023892,77.21590522389477,16.85822085952165,0.7986070468732738,28.619976493511448,77.21587918726082,1.0,0.14144442361300696,0.5625613328536598,9.0230381431252,-0.049604834430231226,0.020963190203822202,0.08833191511981586
59.7,28.620001275370097,77.21591763356102,16.85969635166401,0.8027992274470892,28.620023345057746,77.21596549937263,1.0,-0.1662517540861808,-0.008413718742862132,9.532409297070041,0.023577791838522093,-0.036653804262551555,0.03454870079366351
59.800000000000004,28.62001179430055,77.21593004797232,16.86116440502344,0.8031050019112195,28.620008104804203,77.21590462690402,1.0,0.8520221889026605,0.13690959028726268,9.502985779617438,0.06008073123228383,0.03086019088595592,0.012165409834299503
59.900000000000006,28.620022357691447,77.21594241538524,16.862625013727733,0.7991015996803222,28.62006461241569,77.21595692027896,1.0,-0.04880296316277799,-0.5420796256401355,9.73188293183758,-0.05887725084701424,-0.07320533366825882,-0.008748133909258294
60.0,28.620032921992657,77.21595478386394,16.86407817193445,0.7991015996803222,28.620083404480905,77.21597031797536,0.0,-0.05313461100221628,-0.3203547108362927,9.562748404553112,-0.040376942856461595,0.05984149028147058,-0.010837934577699906
60.1,28.62004348719951,77.21596715340294,16.86552387383097,0.7991015996803222,28.620020350197137,77.21600378254725,0.0,0.3235054473251705,0.0553252223047528,9.84497969012554,0.06408196319059843,0.014587768117476889,0.007992449510331363
60.2,28.62005405330733,77.21597952399678,16.866962113634482,0.7991015996803222,28.620053140452292,77.21593261785728,0.0,0.3709545088255809,-0.16911144554485086,10.116054291072771,-0.05005162536208299,-0.07494330844851266,0.016479947333006312
60.300000000000004,28.620064620311442,77.21599189563997,16.868392885592026,0.7991015996803222,28.620017148165108,77.21599703759749,0.0,0.656165085519969,-0.6932532520791086,10.01842912831916,-0.07124258228974731,-0.02212099335357441,0.024390190210101484
60.400000000000006,28.620075188207164,77.21600426832705,16.86981618398052,0.7991015996803222,28.62008805952227,77.21597928540854,0.0,-0.3024699462319328,0.13095129066434952,10.19028600075265,-0.001908089473633497,0.03021592208701678,-0.005758907415488392
60.5,28.620085756989806,77.21601664205252,16.871232003106773,0.7991015996803222,28.620082549306407,77.216034824203,0.0,-0.04020765246104807,0.10814663743876878,10.148113197865651,-0.07682060601046775,0.046365112936509204,0.023770020011562067
60.6,28.620096326654682,77.2160290168109,16.872640337307505,0.7991015996803222,28.620079724443123,77.21604239727908,0.0,0.07394288757470305,-0.553237137547298,9.650504374695062,-0.08447195199711097,-0.05757685094952397,-0.00937655815487042
60.7,28.6201068971971,77.21604139259668,16.874041180949387,0.7991015996803222,28.62016468320469,77.21601043943231,0.0,0.5983404842589846,0.45797431578008285,10.025494710917004,0.011408286912074482,-0.03023355740539617,-0.004053418669568595
60.800000000000004,28.620117468612367,77.21605376940437,16.875434528429043,0.7991015996803222,28.620132525105404,77.21601774409778,0.0,-0.20020914364312822,-0.1360210360868372,10.454261934629992,0.015159154256472582,0.048946953088122386,0.017875967000360843
60.900000000000006,28.62012804089578,77.21606614722847,16.876820374173086,0.7991015996803222,28.620147528582212,77.2160130121513,0.0,0.5513156328219921,-0.42574023282296625,9.765162111427879,0.04317105083964462,-0.025649737838667298,-0.007427008897292859
61.0,28.620138614042634,77.21607852606348,16.878198712638135,0.7991015996803222,28.620096016570656,77.21610464650269,0.0,0.1755893718358283,0.1645312157512633,10.785597069489608,-0.012540404236250588,0.0228099771527565,-0.008892810994436822
61.1,28.620149188048227,77.21609090590388,16.87956953831084,0.7991015996803222,28.62015479725728,77.21604383839157,0.0,0.32118889877165063,1.3695829909880037,10.380000468915302,-0.045845940281313655,0.005853253265362733,0.002344439732375525
61.2,28.62015976290785,77.21610328674416,16.880932845707893,0.7991015996803222,28.620173538898815,77.21610301889004,0.0,0.2699025130316636,-0.6703558712542532,9.146878138742746,-0.08943025924757061,-0.07031206496979157,-0.008073315075293613
61.300000000000004,28.620170338616784,77.2161156685788,16.882288629376074,0.7991015996803222,28.62017923109663,77.21610331196074,0.0,0.28600639220852786,0.16702430303436117,9.413370370001692,0.008552672604993001,-0.08205239131559634,0.009932402617581229
61.400000000000006,28.62018091517032,77.21612805140226,16.883636883892247,0.7991015996803222,28.62019383907853,77.21614941748454,0.0,0.13145048333014547,0.20790408219552942,9.268593854605301,0.06680197967844295,0.013406771434831322,0.008642457482379916
61.5,28.62019149256373,77.21614043520906,16.884977603863394,0.7991015996803222,28.620175733574257,77.21610141907398,0.0,-0.03647770694089711,-0.45464040510554765,9.79571387124287,0.025338496777960597,-0.08816931355674393,-0.03062091170552446
61.6,28.620202070792296,77.21615281999362,16.886310783926643,0.7991015996803222,28.620198290627577,77.21615683787046,0.0,-0.16951701210601275,-0.8446043023952629,9.447705725449795,0.009618339013383093,-0.007334186199957228,-0.002902584532097267
61.7,28.62021264985129,77.21616520575044,16.887636418749267,0.7991015996803222,28.62027282838448,77.21612428509984,0.0,0.20963831926235776,0.1498385708035928,10.81739795818183,0.06639045450063498,0.11115420512070605,0.03774821658840682
61.800000000000004,28.620223229735984,77.21617759247397,16.888954503028735,0.7991015996803222,28.620223143116696,77.21615130941647,0.0,-0.03624845361136564,-0.24954146764532398,9.777234792535594,-0.05809048816927614,0.11446939019854258,0.015404613590610397
61.900000000000006,28.620233810441643,77.21618998015867,16.89026503149271,0.7991015996803222,28.620252220805593,77.21616284468308,0.0,-0.5119429982526127,-0.35880116008757545,10.794143351916857,0.023744335915740954,-0.008434353970678333,0.004178260211961294
62.0,28.62024439196353,77.216202368799,16.891567998899077,0.7991015996803222,28.620234354411966,77.21620901870018,0.0,0.16785054172644834,0.24762395926080422,9.964506757109211,-0.036521429613253165,0.013419841663127263,0.05104823072055876
62.1,28.620254974296905,77.2162147583894,16.892863400035974,0.7991015996803222,28.62024103503801,77.21619803230523,0.0,0.6204536846701515,-0.480430368332019,9.955447755178053,0.04254746454784354,0.0012685683186464411,0.03212182646533076
62.2,28.620265557437026,77.21622714892432,16.894151229721793,0.7991015996803222,28.62027926084825,77.21621663820878,0.0,0.2973063659377611,-0.07466188515197905,9.024374061926292,0.05300342762308011,-0.043471691687714226,0.006201484238318404
62.300000000000004,28.620276141379147,77.2162395403982,16.89543148280522,0.7991015996803222,28.620261147905023,77.21621084783618,0.0,0.11301157316419039,0.6848875624237998,10.114805962098874,0.08166842164662579,0.0014499267577004315,-0.0025329534494108446
62.400000000000006,28.62028672611852,77.2162519328055,16.89670415416524,0.7991015996803222,28.620304857686676,77.21628298731385,0.0,0.23885982676956094,0.05611294955599474,9.697573437439562,-0.02443612781202174,-0.014106084370751094,-0.021631780936278648
62.5,28.620297311650386,77.21626432614065,16.897969238711173,0.7991015996803222,28.620322200786198,77.21624451387629,0.0,-0.09961799853845524,0.35593382708954974,9.970064353474605,0.045703717058948656,-0.048080401990495084,0.047785434661548346
62.6,28.620307897969994,77.21627672039806,16.899226731382683,0.7991015996803222,28.62030125860373,77.21627768573059,0.0,0.12727265325299503,-0.06895965560392782,10.023594067228528,-0.0029586031600334142,0.031574670650699604,-0.004349101384339837
62.7,28.620318485072584,77.21628911557217,16.9004766271498,0.7991015996803222,28.620364602139656,77.21629082947891,0.0,0.08195285584442978,-0.8278383689650122,9.55107871260317,-0.07859821439882482,-0.04209832420859641,-0.025709268280190614
62.800000000000004,28.620329072953396,77.2163015116574,16.90171892101294,0.7991015996803222,28.6203604657689,77.21631693232294,0.0,-0.2542677367970697,-0.31344494546820767,9.739814597773442,-0.04248128473674093,-0.0041343203381824295,0.037665936627431174
62.900000000000006,28.620339661607662,77.21631390864819,16.90295360800293,0.7991015996803222,28.620312114608254,77.21634397381676,0.0,0.0394467224514444,0.4355426202933692,10.270102736779702,-0.0491639914900068,-0.023503351557419602,0.026771067094458464
63.0,28.620350251030615,77.21632630653893,16.904180683181032,0.7991015996803222,28.62031759035666,77.21632244566038,0.0,-0.38910992081793905,1.0839374982617858,9.53120139546368,-0.07994444724641314,-0.00914461326209476,-0.0012957064546683947
63.1,28.620360841217483,77.21633870532405,16.905400141638935,0.7991015996803222,28.620382909385672,77.21640666903536,0.0,0.17553536827678945,-0.25789095260884404,10.07616668444719,0.028219696475586177,0.07614978873479418,0.050149733435001544
63.2,28.62037143216349,77.21635110499795,16.906611978498816,0.7991015996803222,28.620369104373278,77.21637470849264,0.0,0.3898786672423311,0.6614936097983468,9.772298458201456,0.013168243820186824,0.014307095933565073,0.008814519428135797
63.300000000000004,28.62038202386386,77.21636350555505,16.907816188913323,0.7991015996803222,28.62034380310351,77.21636102987742,0.0,0.3180183356009435,0.18584245031943833,10.644385736226422,-0.05346541322230586,-0.058514886076138695,0.027947161263754496
63.400000000000006,28.620392616313815,77.21637590698975,16.909012768065615,0.7991015996803222,28.620334211892732,77.2164175742758,0.0,0.09110811959312196,-0.8882571135824445,9.843523498078357,-0.0529786515606267,0.013434678552650906,0.04192243531410686
63.5,28.62040320950857,77.21638830929645,16.910201711169385,0.7991015996803222,28.620341633873217,77.21642177787132,0.0,-0.09325525699015319,-0.11917366724639351,10.074507081038105,-0.07096519053802508,0.03643744659333722,0.008581701365622167
63.6,28.620413803443338,77.21640071246954,16.911383013468853,0.7991015996803222,28.62037050628195,77.21638600125438,0.0,0.2140389322359174,0.22276414812503323,9.577724368238542,0.04866554063391437,0.07859297798563404,0.011143267679843733
63.7,28.62042439811333,77.2164131165034,16.91255667023882,0.7991015996803222,28.620411952024423,77.2164100779007,0.0,0.05167755072862473,0.31161634021744045,10.271627726263416,0.0010796308101001704,-0.08593395070681048,-0.002835674342147183
63.800000000000004,28.62043499351375,77.21642552139245,16.913722676784655,0.7991015996803222,28.62046962369302,77.21637889483496,0.0,0.4092277883000488,-0.11762932633363607,9.68727975494862,0.012862120996387642,0.04206133780242975,-0.005525565401185214
63.900000000000006,28.620445589639807,77.21643792713105,16.91488102844233,0.7991015996803222,28.620453854881735,77.21647555728588,0.0,0.4071766123241771,-0.07179288467458945,9.332262089434721,0.008992450169213967,0.01590629980578706,0.011944906061890546
64.0,28.620456186486702,77.2164503337136,16.91603172057845,0.7991015996803222,28.620466795043388,77.21646506788528,0.0,0.5320479075934248,-0.011301061236028725,9.162491344611709,0.048010092424655676,-0.04420044720418885,0.02129998164543409
64.10000000000001,28.620466784049633,77.21646274113446,16.91717474859024,0.7991015996803222,28.620466782211523,77.21645586197305,0.0,0.046754046689628445,-0.01691555909020333,9.447123992376753,0.014770473149676326,-0.05264023963356595,0.0275457183264047
64.2,28.620477382323795,77.21647514938803,16.918310107905594,0.7991015996803222,28.620500897645808,77.21644254377989,0.0,-0.23753549133407129,0.3096151925837708,9.814695093796914,-0.00476371108219375,-0.017295602562375886,-0.00933646331148239
64.3,28.620487981304382,77.21648755846867,16.91943779398307,0.7991015996803222,28.62050270009987,77.21655088264896,0.0,-0.2479882498011727,0.2261656589113412,9.735076977123885,-0.05568984186720926,-0.03326067380267936,0.018125703086968183
64.4,28.620498580986588,77.21649996837074,16.920557802311933,0.7991015996803222,28.620509357391366,77.2164897556243,0.0,-0.14898733831353175,0.166238971349014,10.755114571762132,0.03454633629429982,0.020790500605202086,0.0015293258419246292
64.5,28.620509181365595,77.21651237908861,16.921670128412146,0.7991015996803222,28.62053592613479,77.21651593514697,0.0,-0.3699036587268537,-0.07877938000519895,9.767809210062032,0.016383374359558448,0.06242250890738408,0.0065905638573146505
64.60000000000001,28.620519782436592,77.21652479061666,16.922774767834408,0.7991015996803222,28.62052970047068,77.21657083085806,0.0,0.5565641275254227,0.0444866120866345,10.033866477619164,0.032841700695883755,-0.11862966520107676,0.021862236104018017
64.7,28.62053038419476,77.21653720294923,16.92387171616016,0.7991015996803222,28.6205402215769,77.2165616595072,0.0,0.020636072876312958,-0.3071955300809324,11.005569134121423,0.0223608850978832,0.02778706692831331,-0.007525942637157338
64.8,28.620540986635273,77.21654961608068,16.924960969001617,0.7991015996803222,28.620581195499597,77.21656615951923,0.0,0.09844588887882821,-0.044683998373061265,9.11667305925136,-0.015674056166443916,-0.07490356034811924,0.017744826935081837
64.9,28.620551589753315,77.21656203000536,16.92604252200176,0.7991015996803222,28.62046639694499,77.21655107851555,0.0,0.21884809131964328,0.32372490516636443,10.091256486169243,0.010298840215582951,0.01830818690383999,0.03132786775300124
65.0,28.620562193544057,77.21657444471764,16.927116370834387,0.7991015996803222,28.62057247464581,77.21657092181835,0.0,0.2177515192412338,0.3358144262150605,9.872621472167946,0.018116843163144946,-0.07411026870369533,-0.028242527760891867
65.10000000000001,28.62057279800267,77.21658686021183,16.9281825112041,0.7991015996803222,28.62061133452758,77.21658514230124,0.0,0.5047349819281085,0.09870032551452632,8.666071170368255,-0.09130287109886091,0.028388170184121216,-0.035177777226551264
65.2,28.62058340312432,77.21659927648231,16.929240938846334,0.7991015996803222,28.620609877823348,77.2166197877756,0.0,0.10197811876924287,0.008540126573659119,9.971827433459362,0.014206798437236094,-0.045768963555927356,0.01961731468855834
65.3,28.620594008904177,77.2166116935234,16.93029164952739,0.7991015996803222,28.620571317274877,77.21662780727218,0.0,-0.023053837459672072,-0.3059529097639607,10.318226519342524,-0.07149902022073662,-0.05660504515385917,-0.007438342965039337
65.4,28.620604615337403,77.21662411132944,16.93133463904442,0.7991015996803222,28.62062382974057,77.21658850635032,0.0,-0.14122568791803305,0.09406195929111175,10.065373630562387,0.02872996019902852,0.038914035559165505,-0.02724094948135928
65.5,28.620615222419158,77.21663652989476,16.932369903225467,0.7991015996803222,28.6206069729113,77.21667257370878,0.0,0.1227319780325931,0.35559640601696463,9.995190700654636,0.04015978304188666,-0.005584146601440877,-8.882847445357061e-05
65.60000000000001,28.620625830144597,77.21664894921369,16.933397437929482,0.7991015996803222,28.62062036815633,77.21672406843795,0.0,0.4568707993193919,-0.9687558658328234,9.940475166271755,0.00286484637382675,-0.05528563988504211,0.012632309335754993
65.7,28.620636438508882,77.21666136928057,16.93441723904632,0.7991015996803222,28.620627989610625,77.21666546738622,0.0,0.12316002348583197,0.13309144597841993,8.993435570300129,-0.05723640619777364,-0.05041490115771824,0.03467035489174249
65.8,28.62064704750716,77.21667379008973,16.935429302496782,0.7991015996803222,28.62058765960981,77.2166405562573,0.0,0.6474922692146663,0.4087215034491662,10.112306980372384,0.004280365226688455,0.014408597611938141,0.023355197928744617
65.9,28.620657657134583,77.21668621163548,16.936433624232613,0.7991015996803222,28.62063646429962,77.21664107079248,0.0,0.09607369097708783,-0.5861877948281431,10.25871223757031,0.010954643882995004,0.01373405478044616,-0.018838235208139
66.0,28.6206682673863,77.21669863391213,16.93743020023653,0.7991015996803222,28.620632252805635,77.21670305737285,0.0,-0.10372735381076592,0.46242257378204377,9.793695324194188,0.019943961573125054,0.035117521473115414,0.042653896040121674
66.10000000000001,28.620678878257454,77.21671105691401,16.93841902652223,0.7991015996803222,28.620693258505845,77.21675279084809,0.0,0.0036439424092917228,-0.16026883429416539,9.66648283188967,0.016822031938654884,0.022717605177555,0.028769710220727718
66.2,28.620689489743192,77.21672348063542,16.93940009913441,0.7991015996803222,28.620662665201998,77.21675472473993,0.0,-0.10026675750667083,-0.23712223071714625,9.958131218887813,-0.02302396913643033,-0.05218993905638863,0.00243136265532206
66.3,28.62070010183865,77.21673590507069,16.940373414148777,0.7991015996803222,28.620712749326,77.21673496080247,0.0,-0.016019918377352338,-0.895250937346477,10.007829457191232,-0.08464811776598803,0.010334303774261706,0.01715883927720406
66.4,28.62071071453897,77.21674833021412,16.941338967672074,0.7991015996803222,28.620687900938428,77.2167741361679,0.0,0.25387366053109817,0.35404235588159677,9.792004931086078,0.043153268594057735,0.06085175494832726,-0.015342317268967646
66.5,28.62072132783928,77.21676075606001,16.94229675584209,0.7991015996803222,28.620727224019774,77.21673593824657,0.0,0.049810230807534925,-0.11632608147002768,9.833537401017004,0.08208835708234205,-0.05449177606976037,0.011085121066889837
66.60000000000001,28.62073194173472,77.21677318260267,16.94324677482767,0.7991015996803222,28.620700321768506,77.2168251638572,0.0,0.19845208888572569,0.5106815954989634,9.675920824379663,-0.011074334708778506,-0.05878734014455048,-0.014272437182891213
66.7,28.62074255622042,77.21678560983638,16.944189020828745,0.7991015996803222,28.62078723922203,77.21685411696814,0.0,0.2038197683509323,-0.005493919788609355,9.471188893268394,0.01953754878977405,-0.051772165769621514,0.002605939052290887
66.8,28.620753171291508,77.21679803775545,16.945123490076327,0.7991015996803222,28.62076181935599,77.21678755448971,0.0,0.38512820371389955,-0.07164833441812281,9.66497168072485,-0.046197680472232994,-0.004520350447201774,-0.046420796145687275
66.9,28.620763786943108,77.21681046635419,16.946050178832543,0.7991015996803222,28.620744549470835,77.2168089114084,0.0,0.07704596807910266,0.087972133889038,10.24190146279878,-0.07732798045044036,-0.006091573644938902,0.008187621907052542
67.0,28.620774403170344,77.21682289562686,16.946969083390638,0.7991015996803222,28.620781099826385,77.2168565978198,0.0,-0.2817508241023635,0.10010621291310218,9.213034020497748,0.042139580392124544,0.07023108153992326,-0.005983562007085167
67.10000000000001,28.620785019968338,77.21683532556777,16.947880200074998,0.7991015996803222,28.62079655861704,77.21677695416797,0.0,0.005851622669502898,0.021149160957076356,9.961362437354836,0.011731337581317343,0.02948311716391182,0.018133757002670253
67.2,28.62079563733221,77.2168477561712,16.94878352524115,0.7991015996803222,28.62080318935077,77.21677202225723,0.0,0.030597348289787843,-0.148670666012413,9.119757297511697,0.03503615536412576,-0.042064113700413436,-0.010766437273654665
67.3,28.62080625525708,77.21686018743144,16.9496790552758,0.7991015996803222,28.620811313954928,77.21682089217762,0.0,-0.28401193543141745,-0.10463056727814417,10.093873720142271,0.11831813064552917,0.05663555461457886,-0.0014028314596527076
67.4,28.620816873738054,77.21687261934275,16.950566786596834,0.7991015996803222,28.62082748423199,77.21685769431723,0.0,-0.659197670694286,0.1728906965834144,9.746126332511636,-0.0015003250577538376,-0.1625178561176493,0.07050787060720227
67.5,28.62082749277025,77.21688505189942,16.95144671565332,0.7991015996803222,28.620817291257737,77.21688565281397,0.0,0.0682353871273137,-0.48108780207991003,9.753796793510073,0.007734688248236421,-0.030129346294029243,0.002529356210244464
67.60000000000001,28.62083811234878,77.21689748509573,16.952318838925542,0.7991015996803222,28.62085913136222,77.21695473599371,0.0,0.2484718719883733,-0.48003125886952486,9.41029457400781,-0.03649899790594069,-0.005738856430481423,-0.019551724598717235
67.7,28.620848732468744,77.21690991892594,16.953183152925014,0.7991015996803222,28.62084522804798,77.21696577857293,0.0,0.6441782413908063,0.8237240224700296,9.300256480584467,-0.015388363894894022,0.08189862257318549,-0.010261692452316964
67.8,28.620859353125255,77.21692235338432,16.954039654194478,0.7991015996803222,28.620914382176533,77.21690498304156,0.0,0.30035444506186204,-0.9541361017852581,9.735338623994659,0.036029487874827536,-0.017704058651037514,-0.0032786647849553183
67.9,28.620869974313415,77.21693478846515,16.95488833930793,0.7991015996803222,28.62085911593575,77.21689893779308,0.0,0.6502065040111601,-0.4603287106524598,9.460423848807695,0.032170482450642905,0.06560574461218364,-0.005698912489172516
68.0,28.620880596028325,77.2169472241627,16.955729204870632,0.7991015996803222,28.620844837484483,77.2169569054791,0.0,0.028724878745627472,-0.1931019227680058,9.19844736104634,-0.01695020456651453,-0.11430166932464599,0.010145955663070248
68.10000000000001,28.620891218265086,77.2169596604712,16.956562247519123,0.7991015996803222,28.620870043830614,77.21702717113754,0.0,0.06375467096164056,-0.5221564954342282,10.497196924886234,0.07933725646314363,0.006010467154050251,0.013240537779472135
68.2,28.620901841018792,77.21697209738494,16.957387463921233,0.7991015996803222,28.620917991604514,77.2169685069782,0.0,0.025452825361733877,0.26738329835907915,8.812425059106529,-0.026612346308718022,0.0643965683001702,0.005302227335965057
68.3,28.620912464284544,77.21698453489817,16.958204850776095,0.7991015996803222,28.62090103504029,77.2169130172627,0.0,-0.1884954120739241,-0.28257836474968245,9.325271444694971,0.04009157722137383,-0.05898666479113027,0.034314073457013275
68.4,28.620923088057427,77.21699697300515,16.959014404814166,0.7991015996803222,28.620883135927677,77.21699388978745,0.0,0.2147807700256113,0.42777633733287757,8.857460505865914,0.03452125412124488,0.039626050737530026,0.012682276874879779
68.5,28.62093371233254,77.21700941170012,16.95981612279723,0.7991015996803222,28.620903658584457,77.21704125134265,0.0,1.052791530485909,-0.13951242704144734,9.137563942156172,-0.05923297950983311,0.0009074772252887488,0.012877925439475793
68.60000000000001,28.62094433710497,77.21702185097735,16.960610001518415,0.7991015996803222,28.620961415223803,77.21700749419422,0.0,-0.2523088446597237,1.066272984043606,9.683873409721073,-0.03560991386715702,-0.061558339019281164,0.00862178856230156
68.7,28.6209549623698,77.21703429083107,16.961396037802206,0.7991015996803222,28.62097861483295,77.21702604858453,0.0,0.3093049118657555,0.087292847964972,9.377329863721677,0.0213200647453895,0.024445235398416844,0.002866514776874785
68.8,28.62096558812212,77.21704673125552,16.962174228504466,0.7991015996803222,28.62097285769093,77.21709607813216,0.0,-0.051059450162693365,0.6348923237687829,10.032276663098438,-0.1247462067267115,-0.07081750210117525,0.024298792955711072
68.9,28.62097621435701,77.21705917224497,16.962944570512423,0.7991015996803222,28.620981014118517,77.21701915134315,0.0,-0.30301225769233253,-0.051782338063997145,10.362420646243365,-0.056953750915362256,-0.029171312405752787,0.0028348577203017454
69.0,28.620986841069556,77.21707161379365,16.96370706074472,0.7991015996803222,28.62098343419768,77.21703873447888,0.0,0.3916110096792893,0.43765793648313295,9.515289748518214,-0.008145867151557235,0.0034848593654865432,0.008395438674047979
69.10000000000001,28.62099746825483,77.21708405589578,16.96446169615139,0.7991015996803222,28.621011431133958,77.21703409499928,0.0,0.3771158293592204,0.638353233928237,9.523621898971404,0.048315298841015326,-0.02698283531514318,0.017310353497519807
69.2,28.621008095907918,77.21709649854562,16.965208473713894,0.7991015996803222,28.62102371902164,77.21704210859,0.0,0.08308932168348918,0.13396360090179787,9.557905937697411,-0.010561878269894876,-0.010448844537131722,-0.04503484267856725
69.3,28.62101872402389,77.2171089417374,16.965947390445123,0.7991015996803222,28.621041300817087,77.21712603344278,0.0,-0.06823665883374791,0.4520114025998464,10.123042234801819,0.08287340610927141,-0.003273567785169183,0.010100444497852787
69.4,28.621029352597823,77.21712138546535,16.966678443389416,0.7991015996803222,28.620987986917235,77.21712790318861,0.0,0.31534079202488513,-1.2729579478482067,10.158799311304222,0.035966050435561385,0.036107402715517094,-0.01256314874515022
69.5,28.621039981624786,77.21713382972369,16.967401629622554,0.7991015996803222,28.62099941835619,77.21710122404662,0.0,-0.3576742575833173,-0.5211204628508619,9.83299285008316,0.059940329571642,-0.03561800824408871,0.02239382853765958
69.60000000000001,28.62105061109985,77.21714627450667,16.968116946251797,0.7991015996803222,28.621042674091303,77.21715145502235,0.0,0.09170417520803258,0.351776171549697,9.572899696369776,0.03549624405432733,-0.08239875217520254,0.020226856373363813
69.7,28.621061241018083,77.21715871980851,16.96882439041588,0.7991015996803222,28.62106234873694,77.21716753913303,0.0,-0.036145751998292786,-0.5611586964502461,9.632993145354124,-0.0006919031143247092,-0.031768744902006096,0.0012880057427281312
69.8,28.621071871374554,77.21717116562341,16.969523959285024,0.7991015996803222,28.621058412766327,77.21716975111786,0.0,0.24144442935091137,-0.13867466204378642,10.028847611112962,0.0033025492953080945,0.0174595008693462,0.024710263118560852
69.9,28.621082502164327,77.21718361194563,16.970215650060958,0.7991015996803222,28.62106151116203,77.21717459916071,0.0,0.28931827322596587,-0.23833769645065253,9.433848411057376,-0.03877444751697577,0.025103058915125882,0.008084888357877037
70.0,28.621093133382463,77.21719605876936,16.97089945997692,0.7991015996803222,28.62107454356781,77.2171671317314,0.0,-0.15639429325245477,0.5164093902552583,10.226979104364881,0.01033070178037824,-0.017011196215305495,0.026725157663263853
70.10000000000001,28.621103765024024,77.21720850608884,16.97157538629767,0.7991015996803222,28.621081137632817,77.21722132360618,0.0,0.06608241468321777,0.07256878819268103,9.944720913935356,0.022035062512288678,0.04638097785438688,-0.010957146026473186
70.2,28.621114397084074,77.21722095389826,16.9722434263195,0.7991015996803222,28.62109391994138,77.21719283973083,0.0,0.14517338738820915,-1.2466330726493462,9.148307115073672,0.030398221651967712,0.03949399443574625,0.010722680001316705
70.3,28.621125029557668,77.21723340219185,16.97290357737026,0.7991015996803222,28.621127478257776,77.21725369730382,0.0,0.371825494019663,0.3656715297914331,8.965602748258403,-0.01954761709101151,-0.07643311969664553,0.006882994159199701
70.4,28.62113566243986,77.21724585096382,16.97355583680934,0.7991015996803222,28.621084745263186,77.21719523563468,0.0,-0.027150516978694167,-0.6082933008857316,10.019869335422632,-0.06392616088169234,0.022720484290791102,-0.028674377050131525
70.5,28.621146295725705,77.21725830020839,16.9742002020277,0.7991015996803222,28.621186745468407,77.21720603975564,0.0,0.00667004847165685,0.29067160667704683,10.067041634727437,-0.020165398305707686,-0.03863445608103619,0.0072115967886081595
70.60000000000001,28.62115692941026,77.21727074991975,16.97483667044789,0.7991015996803222,28.62112824505351,77.2172267082729,0.0,0.6203598645358215,-0.12678584897902662,10.664299874073496,-0.06460242378120411,-0.04802210483983835,0.024358337121004894
70.7,28.621167563488576,77.21728320009213,16.975465239524027,0.7991015996803222,28.62117923230747,77.21729036520125,0.0,-0.09550235889200473,-0.19762625816109683,10.03679056154074,0.0014063270345647987,0.1134337042705551,-0.028760356858782525
70.8,28.6211781979557,77.2172956507197,16.97608590674184,0.7991015996803222,28.621195815721798,77.21730504060345,0.0,-0.025524818562242313,0.8380960827920022,9.728920627467884,-0.03514516540423213,0.008046219888100102,0.03529867044507432
70.9,28.621188832806684,77.2173081017967,16.97669866961866,0.7991015996803222,28.621157418946414,77.21728077636607,0.0,-0.15749275868119147,0.40876074453246486,9.1265265226494,0.0017869679346946097,-0.01554331626393036,-0.002568061316839978
71.0,28.621199468036572,77.21732055331732,16.97730352570344,0.7991015996803222,28.621164400455488,77.21730202154916,0.0,-0.013273407794231945,-0.9504630969177692,10.208189905480515,0.037543410005938166,0.037522315227370186,0.0055829319991820645
71.10000000000001,28.62121010364041,77.21733300527575,16.977900472576753,0.7991015996803222,28.62122526434756,77.21734524292243,0.0,0.4460462718059067,0.26790733975627906,9.505619763694623,-0.0208051066931507,0.022010853125303775,-0.01708542779468252
71.2,28.621220739613243,77.21734545766618,16.97848950785081,0.7991015996803222,28.62121625512849,77.21735630872331,0.0,0.19654305947203354,0.6305906987633437,9.225003185525196,-0.008245342475021263,-0.0009292640973474083,0.008203285910283575
71.3,28.62123137595011,77.21735791048283,16.979070629169478,0.7991015996803222,28.621244996378053,77.21742299363103,0.0,0.13514357394048568,-0.521456574668483,10.291745330244819,0.04457882217148265,0.043259507848725204,-0.016573823760404997
71.4,28.621242012646057,77.21737036371988,16.979643834208265,0.7991015996803222,28.621246778264176,77.2173803665353,0.0,-0.18375235317585,-0.6117720774930665,10.963434953174877,-0.09008884385211209,-0.0639032003365657,0.016441733621313993
71.5,28.62125264969612,77.21738281737152,16.980209120674356,0.7991015996803222,28.621266274306215,77.21736875528066,0.0,0.06114989371248364,-1.0905171369909106,10.27231006027011,0.014952554761138638,0.04861726508137016,-0.015142753049193563
71.60000000000001,28.62126328709534,77.21739527143194,16.980766486306603,0.7991015996803222,28.621271802807726,77.21737691023571,0.0,0.042960778149662024,0.8102279603739544,9.947862234757457,0.035370057115437996,-0.027696183171524297,0.0046949936732600395
71.7,28.62127392483875,77.21740772589533,16.98131592887555,0.7991015996803222,28.621340809493688,77.21744628417648,0.0,0.6626132461334331,-0.9366141458428704,9.108861597700571,-0.018560582672845532,0.031261940288121126,0.011807389202412094
71.8,28.621284562921385,77.21742018075588,16.98185744618342,0.7991015996803222,28.621264472974705,77.21742535279415,0.0,0.015778070724071128,0.1976386872788155,9.485927599626084,-0.031816946802119925,0.021745646966011892,-0.031032996950942006
71.9,28.621295201338285,77.21743263600779,16.982391036064147,0.7991015996803222,28.62131114668722,77.21743932876373,0.0,0.315201793233716,0.13963817811180818,10.437237477638618,0.04520464164450273,-0.07950913547376133,0.018390472207822188
72.0,28.621305840084478,77.21744509164522,16.982916696383374,0.7991015996803222,28.62129962824618,77.21747226999045,0.0,-0.4936735117580159,0.9513209639481128,10.464526153556871,0.04119253361506131,0.028620691703037646,0.027874449072054358
72.10000000000001,28.621316479154995,77.21745754766236,16.983434425038457,0.7991015996803222,28.62131243086473,77.2174786758743,0.0,-0.3861326864339484,-0.31426968167252317,9.085654570689078,0.057913062699739726,0.016545097535439247,0.019137853930700166
72.2,28.621327118544865,77.2174700040534,16.983944219958488,0.7991015996803222,28.621319559251162,77.21750913698875,0.0,0.44709817606080327,-0.5272649470584085,9.668531923751358,0.005583949955302484,-0.02562432863472791,-0.002689671095988789
72.3,28.62133775824912,77.2174824608125,16.984446079104284,0.7991015996803222,28.62131615647073,77.21750894694625,0.0,-0.23063413285951925,-0.18680028557020537,9.448031598681537,-0.039189352318912435,-0.0006169529735614294,-0.018396084380013576
72.4,28.621348398262786,77.21749491793388,16.98494000046841,0.7991015996803222,28.621363721804506,77.21747902578838,0.0,1.0308950279205153,-0.1716525300222661,9.784421732704473,0.05191914846598975,-0.06632869176455033,0.019848431868028475
72.5,28.621359038580888,77.21750737541167,16.985425982075178,0.7991015996803222,28.621349520833892,77.21751226827196,0.0,0.3902796960782057,-0.8633234670837053,10.23630662062303,0.024818118152481375,-0.004606823903508487,-0.02005613791489655
72.60000000000001,28.621369679198455,77.21751983324008,16.985904021980666,0.7991015996803222,28.621376035443244,77.21747145570093,0.0,-0.06152273393852656,-0.2744282057526626,10.559885913775325,0.006448434392503197,0.052083919884737234,0.0025451750288075594
72.7,28.621380320110507,77.21753229141325,16.986374118272714,0.7991015996803222,28.621370154073624,77.21752790776806,0.0,0.15355883922410998,-0.21415165347865248,9.636131871004682,0.02804854916363586,0.005358782004822676,-0.027020381345306523
72.8,28.62139096131207,77.21754474992538,16.98683626907094,0.7991015996803222,28.62137720049515,77.21756495330092,0.0,-0.2701893922706946,-0.28833387993806914,10.633162015082544,0.06544536055648001,-0.028113356256056578,0.03302098531166806
72.9,28.621401602798162,77.21755720877063,16.987290472526734,0.7991015996803222,28.621406440399767,77.21752091782174,0.0,0.13274907946255368,0.38910904277147795,9.22296503502424,-0.06450226522193458,0.015483077096063794,0.019685250912259533
73.0,28.621412244563803,77.21756966794318,16.98773672682329,0.7991015996803222,28.62139182811294,77.21755198423901,0.0,0.12577291397087492,0.26454510920334257,8.986908386962805,-0.02712956270343636,-0.07828455738840327,0.009681098281995208
73.10000000000001,28.621422886604016,77.21758212743718,16.98817503017559,0.7991015996803222,28.6214414561753,77.21760565988434,0.0,0.060174961097731725,-0.4075146582025231,9.771274922389704,0.016708489420274024,0.05429798629165257,0.03992655431527268
73.2,28.621433528913816,77.21759458724682,16.988605380830418,0.7991015996803222,28.62143414700196,77.21761765655758,0.0,0.5651843303092062,0.9245194325090009,10.169580526580855,-0.049905243794107226,0.03638096649962658,-0.00021839417433562082
73.3,28.62144417148822,77.21760704736626,16.989027777066376,0.7991015996803222,28.621445496655436,77.2175497959925,0.0,-0.13664776586124064,0.4626704190947478,9.977969078756507,-0.10969718881616249,0.04358940063125523,-0.02451953861866618
73.4,28.62145481432225,77.21761950778965,16.989442217193876,0.7991015996803222,28.621434894850854,77.21764676072499,0.0,-0.03625143513461265,0.7631451853995023,9.277694834612467,0.044460931960646495,-0.0032491529033177274,0.017305943437438104
73.5,28.62146545741091,77.21763196851116,16.98984869955516,0.7991015996803222,28.621509109824363,77.21765952622401,0.0,0.5550065349979021,0.03855052102632859,10.83102610425139,-0.04266965219117857,0.0052241025494306195,0.002569918739845296
73.60000000000001,28.621476100749224,77.21764442952495,16.990247222524303,0.7991015996803222,28.62150893460857,77.21766387059876,0.0,0.1525798487112055,0.48802749302210546,9.071124456456038,0.004239517192661167,-0.03749472465994286,-0.026748538901369717
73.7,28.6214867443322,77.2176568908252,16.990637784507204,0.7991015996803222,28.621516841093857,77.21763399705891,0.0,0.08026657235895232,0.7829397715864878,10.102679228007558,0.02381621853365304,-0.09928007637298612,0.005998769017222157
73.8,28.62149738815485,77.21766935240605,16.991020383941624,0.7991015996803222,28.621496918793625,77.21762968264687,0.0,-0.282543559329165,-1.0206799981096404,9.4529454808962,-0.02964380558843227,-0.010227980867800857,0.008253446389163855
73.9,28.621508032212187,77.21768181426167,16.991395019297162,0.7991015996803222,28.621498532748813,77.21765091990375,0.0,0.0957353881656285,0.2042060308718337,10.337406212523913,-0.049126189902984715,0.03352636787888593,0.01961735448517319
74.0,28.621518676499218,77.21769427638621,16.99176168907528,0.7991015996803222,28.621523645941934,77.21769833778312,0.0,-0.11897532706851738,0.7288872252537965,10.166928922531936,-0.10053859218250127,0.044747915481162207,-0.018386489088070605
74.10000000000001,28.621529321010954,77.21770673877383,16.992120391809298,0.7991015996803222,28.621547438649547,77.21769321107492,0.0,0.43233062918874077,0.3649312314322943,10.655690784802976,-0.02872019924012071,-0.0684106847430922,-0.007891371766876291
74.2,28.621539965742404,77.21771920141869,16.9924711260644,0.7991015996803222,28.621545333748834,77.21777309705107,0.0,-0.5240735710289197,0.6906100924854176,10.30381235013867,-0.011724289652308505,0.06824407796116778,-0.042899469278192735
74.3,28.621550610688576,77.21773166431494,16.99281389043766,0.7991015996803222,28.621535376074657,77.21774503607894,0.0,0.048305758204956584,-0.2675214611351955,10.639700721916833,-0.015953746404666555,-0.0839221158984324,0.006600309975963522
74.4,28.621561255844476,77.21774412745673,16.99314868355801,0.7991015996803222,28.621565753294664,77.2177246006435,0.0,0.22093902627631692,-0.9195097767855114,10.737121617389986,0.037227285620109185,0.03380617816594075,-0.006151208952338807
74.5,28.621571901205108,77.21775659083822,16.993475504086287,0.7991015996803222,28.621555551428152,77.21780019819221,0.0,-0.07250140032594535,-0.2207913545021674,9.472370285416803,0.045340842534563344,-0.00253650815789514,-0.013152315931325027
74.60000000000001,28.621582546765477,77.21776905445356,16.993794350715206,0.7991015996803222,28.621586090818354,77.21777475808248,0.0,-0.16732653606680695,-0.09428481151735184,9.397604916706904,0.008083038817032456,0.019977180289829047,0.02965785362294872
74.7,28.62159319252059,77.21778151829689,16.994105222169377,0.7991015996803222,28.621618784675622,77.21782780521775,0.0,0.0889140936620732,-0.591211847720981,10.095797353796492,-0.0493172813894634,0.09023450312359715,0.02700591177591352
74.8,28.621603838465443,77.21779398236238,16.99440811720532,0.7991015996803222,28.621617963168763,77.2178225787899,0.0,-0.03506276663050811,-0.5540717126941097,9.512461165699099,-0.05287225924784389,0.03749335872207793,-0.010061736519428741
74.9,28.621614484595046,77.21780644664416,16.994703034611454,0.7991015996803222,28.621665326662505,77.21780518088248,0.0,-0.019333990469378656,0.38725057299584886,10.755017730127028,-0.079573878857986,-0.04422660053672314,-0.011161529297852817
75.0,28.6216251309044,77.21781891113639,16.99498997320811,0.7991015996803222,28.621611128115134,77.21784808759186,0.0,-0.035043017986441855,-0.45925009391078025,11.210830641721792,0.04238661349424329,-0.010919523955299475,0.009605987006337212
75.10000000000001,28.6216357773885,77.21783137583321,16.99526893184753,0.7991015996803222,28.621645252788007,77.21781255871784,0.0,-0.47761486865068825,-0.604337445703085,10.256871435733972,-0.05278576487280511,-0.061406987270297746,-0.0004884285150394841
75.2,28.621646424042353,77.21784384072878,16.995539909413885,0.7991015996803222,28.621615629684435,77.21787870772039,0.0,0.37784987045547325,0.27725526089313607,9.801112677696894,0.0008971408322708711,0.02397912752319047,0.02587356421514536
75.3,28.621657070860955,77.21785630581724,16.995802904823265,0.7991015996803222,28.62166062795179,77.21786333867627,0.0,-0.32597315046208897,0.7093506126153272,9.163904820099528,0.05854216054250138,0.04318469934230448,-0.0015021656987308598
75.4,28.62166771783931,77.21786877109272,16.996057917023684,0.7991015996803222,28.621655763019177,77.21780400668737,0.0,-0.01888634117551527,0.3202430564025591,9.282429894084785,0.02855750291333215,0.044979417382571565,-0.01766567309923886
75.5,28.62167836497241,77.21788123654939,16.996304944995096,0.7991015996803222,28.621670153489507,77.2178597208961,0.0,-0.3874468363300786,0.3138938619699783,10.049999528699033,0.073630221901897,0.03540416213932259,-0.026031779898001706
75.60000000000001,28.621689012255256,77.21789370218137,16.99654398774939,0.7991015996803222,28.621687118416354,77.2179126463829,0.0,-0.09026974895149434,0.9166897033704337,9.481505659493305,-0.019596593829607628,-0.028966801404636613,0.006451766800708218
75.7,28.621699659682847,77.21790616798282,16.9967750443304,0.7991015996803222,28.621674704145786,77.21786236610619,0.0,0.5369609640711794,-0.08997078774059526,9.618690570874298,0.044936036369229965,0.03668847623742493,-0.017646040133829463
75.8,28.621710307250176,77.21791863394786,16.996998113813888,0.7991015996803222,28.621677783645,77.21788000918175,0.0,-0.15764110106239446,-0.509065957358047,9.951212132808488,-0.03528115130006889,-0.04507748557255139,0.0060561710303269215
75.9,28.621720954952238,77.21793110007066,16.997213195307587,0.7991015996803222,28.621745985404573,77.21794985808323,0.0,0.0408163494425623,-0.08608405245637904,10.226942148930409,0.05262569406615254,-0.04855340709842492,0.005032895475019061
76.0,28.62173160278403,77.21794356634534,16.997420287951165,0.7991015996803222,28.621727241658306,77.21794021899382,0.0,-0.4998648098986047,0.47946999345864183,9.740187733616542,-0.018029761812885448,-0.04078345560798045,-0.021967086227277645
76.10000000000001,28.62174225074055,77.21795603276604,16.997619390916256,0.7991015996803222,28.621734601445095,77.21795753399633,0.0,0.1749968360597786,0.20247631119249926,10.090109209698799,-0.05551640650011025,-0.0501323859026048,-0.0207953862397659
76.2,28.62175289881679,77.21796849932691,16.99781050340645,0.7991015996803222,28.621779151649967,77.21794622064886,0.0,0.42165929063959195,0.2272109972534373,9.998290938702446,-0.07528701689618912,-0.0175063558804574,0.005144624634425051
76.3,28.621763547007745,77.2179809660221,16.99799362465729,0.7991015996803222,28.62171271921468,77.21793613346652,0.0,-0.57182537223862,0.30383455129219344,10.136184075067904,-0.08601024493200417,-0.030125520626391733,-0.012743064947682332
76.4,28.621774195308408,77.21799343284572,16.998168753936298,0.7991015996803222,28.62172948274523,77.21799387903114,0.0,0.6598934961616723,0.03092207355034325,10.28503765031967,-0.09638610459590286,-0.0072798044816412,0.02873949969508944
76.5,28.62178484371377,77.21800589979192,16.99833589054295,0.7991015996803222,28.621763535123435,77.21800102318747,0.0,0.003925957740508176,-0.3688257062760415,10.06151836870611,0.07529426814022525,0.04753153381735356,0.011506288685508037
76.60000000000001,28.621795492218826,77.21801836685484,16.99849503380871,0.7991015996803222,28.62173160478842,77.2180023797838,0.0,0.33329177193798465,-0.1400928808611071,9.30481711769375,-0.04380106341507286,-0.09290240076188878,0.0290614479701281
76.7,28.621806140818567,77.21803083402861,16.998646183096998,0.7991015996803222,28.62177834546986,77.21797756891175,0.0,0.3946309796547963,-0.10925538906728552,9.446044035645386,-0.013768547601786372,0.06974496399857927,-0.01568949167160663
76.80000000000001,28.621816789507985,77.21804330130738,16.998789337803217,0.7991015996803222,28.6218081108922,77.21803549727397,0.0,0.1844368250800728,0.3846181761282711,9.921956584949385,0.044745883611457156,0.011148192048230258,-0.01364044230242636
76.9,28.62182743828207,77.21805576868528,16.99892449735475,0.7991015996803222,28.621843166517195,77.21805866352166,0.0,0.3924251604277732,-0.6481096594088231,10.350772206965367,-0.010934051165003733,0.014128840376033201,0.005148508027278545
77.0,28.62183808713582,77.21806823615644,16.99905166121096,0.7991015996803222,28.621833166302522,77.21808197164044,0.0,-0.49718234944467643,1.4758383502598305,9.15727548559642,0.04667790775237511,-0.01147261508937915,0.01375721206167106
77.10000000000001,28.62184873606422,77.218080703715,16.99917082886319,0.7991015996803222,28.62187252705497,77.21805941494843,0.0,0.050256827141818124,-1.1099216508450065,9.780188591309741,-0.011761774054980894,-0.009483710246400608,0.021961680144387
77.2,28.621859385062262,77.21809317135511,16.999281999834768,0.7991015996803222,28.62184822111697,77.21804823639303,0.0,0.12586560399205457,-0.35228024609632397,9.588224645392431,-0.042136638186619786,0.01577666181254127,0.020352819848117785
77.30000000000001,28.621870034124935,77.21810563907087,16.999385173681013,0.7991015996803222,28.621877363800923,77.21817507753816,0.0,0.2786589033710998,0.38893660759334403,9.69985998761191,0.03377882319454866,-0.070492331840026,-0.021203970843495623
77.4,28.62188068324723,77.21811810685644,16.99948034998923,0.7991015996803222,28.62185118805458,77.21810989482864,0.0,0.2457822014727506,-0.34305419864184233,10.589639069083269,0.017439772553984864,-0.04829504874156818,0.020593269577830683
77.5,28.621891332424138,77.21813057470595,16.999567528378712,0.7991015996803222,28.621906919238842,77.21815473834594,0.0,0.11052554246365105,-0.2193287561571284,10.02213095101729,-0.045340678565351705,0.028212205480877047,-0.0022786762163434357
77.60000000000001,28.621901981650648,77.21814304261353,16.999646708500748,0.7991015996803222,28.62189122317142,77.21808101868271,0.0,0.6540574513888702,0.11426060189039389,9.834392269320475,-0.017526655073123967,0.04368528622667761,0.001488767196546347
77.7,28.62191263092175,77.21815551057333,16.999717890038617,0.7991015996803222,28.621897566831198,77.21818700867995,0.0,0.38327167657827277,0.2378502076566651,9.76497379435186,0.06993777457685722,-0.052880402482088674,0.06493299055212999
77.80000000000001,28.62192328023243,77.21816797857946,16.99978107270759,0.7991015996803222,28.621936251148494,77.21815981791879,0.0,-0.054643460012204326,-0.046316849199048944,10.619761509193623,0.023836071726696453,0.0793478904667524,-0.008233402508776775
77.9,28.62193392957768,77.21818044662606,16.99983625625494,0.7991015996803222,28.621851604096516,77.21817796169643,0.0,0.3007058563324028,0.016234060337093868,11.16451541154567,-0.0820497000446247,0.03305521335252904,-0.008041227552085379
78.0,28.621944578952487,77.21819291470727,16.999883440459932,0.7991015996803222,28.62195391585899,77.21816290878843,0.0,0.23926080313791728,-0.2420719307551028,10.02497673643566,-0.055525916600008954,0.026337945323402903,0.024612094604235406
78.10000000000001,28.62195522835184,77.21820538281722,16.999922625133827,0.7991015996803222,28.621918352438648,77.21820899098734,0.0,-0.14680518178876714,-0.05744616357489405,10.115471606626436,-0.01437953060073207,0.012915465186754078,-0.00967511247974864
78.2,28.62196587777073,77.21821785095004,16.99995381011989,0.7991015996803222,28.62197616557783,77.21822258817875,0.0,0.5169468630037991,0.2634186690990419,10.231245261879382,-0.029819290905057777,0.000680073109358986,0.021260442479440124
78.30000000000001,28.621976527204144,77.21823031909986,16.999976995293377,0.7991015996803222,28.621961492822376,77.21823996305127,0.0,-0.3686836128996769,-0.6942860119033455,10.669879521200215,0.02347630378309422,0.025673957774605984,0.021688837009899535
78.4,28.621987176647067,77.21824278726082,16.999992180561552,0.7991015996803222,28.62200333619379,77.21825428618827,0.0,0.25907541862400896,-0.4436733473510384,10.307610453371055,0.03523014991268351,-0.012414031550832318,-0.016734452685139976
78.5,28.621997826094493,77.21825525542705,16.99999936586367,0.7991015996803222,28.62200897347316,77.2182687654734,0.0,0.27577851418493665,-0.12677779059979077,9.961997513226144,-0.025565683205473252,-0.01940515531886283,-0.001645054289129584
78.60000000000001,28.62200847554141,77.21826772359269,16.99999855117099,0.7991015996803222,28.621988238870625,77.218257749508,0.0,-0.18686931147353683,0.0746496875284762,9.208706668718866,-0.00017296628532360945,-0.020171325059122548,-0.007878886422319318
78.7,28.622019124982806,77.21828019175186,16.999989736486775,0.7991015996803222,28.62203818065381,77.2182941169021,0.0,0.5507849898708161,0.1528469964291391,9.04593122871349,-0.04738835910525835,-0.029151820632692393,-0.031288295803197225
78.80000000000001,28.62202977441367,77.2182926598987,16.999972921846275,0.7991015996803222,28.62203701559545,77.21832815693324,0.0,-0.5706768535908706,0.9129235570389274,9.690032689625461,-0.01847888475988111,-0.058980910064554075,0.01324771705513843
78.9,28.622040423828985,77.21830512802732,16.99994810731676,0.7991015996803222,28.621963411881243,77.21827241006201,0.0,0.26600628767564266,0.2695149934448051,9.91592463841124,0.07001234212976784,-0.0006892684846585987,0.01924498081172986
79.0,28.622051073223744,77.2183175961319,16.99991529299748,0.7991015996803222,28.621984094882656,77.21837724324762,0.0,0.24402446443627024,-0.6355061703755943,9.790382319786879,0.10509231677033343,0.005523209803629506,0.022608869307547727
79.10000000000001,28.62206172259294,77.21833006420653,16.999874479019695,0.7991015996803222,28.62203969025807,77.2183674454325,0.0,0.1297915427392327,-0.007103853381750299,9.440450863377956,-0.009593505254350305,-0.06389390118760159,0.01011724564783321
79.2,28.62207237193155,77.21834253224536,16.99982566554666,0.7991015996803222,28.62212488757696,77.21829170090578,0.0,0.8724009682606403,-1.2337888453686654,9.626039729639261,0.018569423619304803,0.08499622995091305,0.03477266809052015
79.30000000000001,28.622083021234577,77.21835500024252,16.99976885277363,0.7991015996803222,28.62207948660854,77.2183542253195,0.0,-0.18121976678714627,-0.19715145980077659,9.890937727559715,-0.03689027723287796,0.014571368526670583,0.04403671366351989
79.4,28.622093670497,77.21836746819216,16.999704040927853,0.7991015996803222,28.622072595172046,77.21836612891619,0.0,0.537733968740295,-0.4048273994131914,9.840746221414932,0.003992796337958483,0.07647611679530902,0.024800173599925382
79.5,28.622104319713813,77.21837993608838,16.99963123026858,0.7991015996803222,28.622131674593092,77.21837588956095,0.0,0.08439775180124373,0.320155870246614,10.247233017172512,0.04518454876845995,0.05000391156464751,0.015392190992089006
79.60000000000001,28.622114968880002,77.21839240392535,16.999550421087054,0.7991015996803222,28.622103271769642,77.21833163714685,0.0,0.18950315468099083,-0.4749089369683602,9.487352277051649,-0.11034150243305532,0.017554977907145098,-0.0020694276349046995
79.7,28.62212561799056,77.21840487169717,16.999461613706508,0.7991015996803222,28.622146019673426,77.21840139901904,0.0,0.4167112503069289,0.2850199312408222,10.280244180996586,0.1451594672254305,-0.030732648172371837,-0.02281002522797615
79.80000000000001,28.622136267040474,77.218417339398,16.999364808482174,0.7991015996803222,28.622188439209335,77.218429887151,0.0,0.45280046456335976,0.7112606958744357,9.207120074458544,-0.010067809276798432,0.04415548870546063,0.04828546498682488
79.9,28.62214691602474,77.21842980702196,16.999260005801272,0.7991015996803222,28.622137814990214,77.2184350768579,0.0,0.34362285316358154,-1.1417483092542229,9.642609658677596,0.036270497650622964,-0.12883489284871674,0.0053929868971733744
80.0,28.62215756493834,77.2184422745632,16.99914720608301,0.7991015996803222,28.622130619865164,77.21842857586766,0.0,0.4258134040507072,-0.005126775338176284,9.150950882366562,-0.057633184754233596,-0.12089370618028024,0.015005171396626452
80.10000000000001,28.62216821377627,77.21845474201585,16.99902640977859,0.7991015996803222,28.622166005116114,77.21840626178395,0.0,0.3901035533884676,-0.019911972179321457,10.273958195376155,0.03665695708174092,-0.009814243525116654,0.037905899801817536
80.2,28.62217886253352,77.21846720937404,16.9988976173712,0.7991015996803222,28.62215724447617,77.2184792740698,0.0,0.07152055104147359,-0.0852441054763709,10.558697491323636,-0.06198660325837098,-0.052044158251976336,-0.006230261446818042
80.30000000000001,28.62218951120508,77.2184796766319,16.998760829376,0.7991015996803222,28.62211881084509,77.21848242459926,0.0,0.23610460104755354,0.24899782840475249,9.378930334552988,0.003370744923201164,-0.08518542199071615,0.002225479922885095
80.4,28.62220015978594,77.21849214378358,16.99861604634015,0.7991015996803222,28.62219373302361,77.21849789253511,0.0,0.17408707047150915,0.6677681689046009,10.192525738329978,-0.09647395202817899,0.05798974187535114,-0.02826738249690105
80.5,28.6222108082711,77.2185046108232,16.99846326884278,0.7991015996803222,28.622230995693048,77.21855373792394,0.0,-0.0522581286914823,0.4151088020915478,10.04354498304874,-0.04308745718436084,-0.07067866743024935,0.012768709923733908
80.60000000000001,28.62222145665554,77.21851707774492,16.998302497495,0.7991015996803222,28.6222163969349,77.218527688261,0.0,-0.20585961945778683,-0.0228353983273038,9.494670769784374,0.036583142792187974,0.012152507024791665,-0.016965300485131674
80.7,28.622232104934266,77.21852954454286,16.998133732939895,0.7991015996803222,28.622215788678847,77.21854875645916,0.0,-0.44892502638297616,0.18280879091969457,10.026892113820145,-0.023904069813614662,0.0049572944472210416,0.011523520533667413
80.80000000000001,28.622242753102263,77.21854201121116,16.99795697585252,0.7991015996803222,28.62228601642559,77.218538993342,0.0,0.36436220522463647,0.10514057454635778,9.60409033334297,-0.10437803134878039,0.04655053644291047,0.0041975085438705016
80.9,28.622253401154524,77.21855447774395,16.997772226939905,0.7991015996803222,28.62226546695334,77.21852636956625,0.0,-0.3423489113694709,0.7257421012219448,9.8742179342491,-0.09263295975808633,0.01454313904062293,-0.018773596245810098
81.0,28.622264049086045,77.21856694413539,16.99757948694105,0.7991015996803222,28.622306753162025,77.21855428895749,0.0,0.2483533698345157,-0.24553313620781594,10.761468582031055,-0.04633791566765237,0.0057848356807273064,0.0109552665635509
81.10000000000001,28.62227469689182,77.2185794103796,16.997378756626905,0.7991015996803222,28.622322041026866,77.21858825800858,0.0,0.6893724885743558,0.6896990724122978,10.351446041745367,0.022707553769707064,-0.01672871153564573,-0.010115587718070246
81.2,28.622285344566848,77.21859187647074,16.9971700368004,0.7991015996803222,28.62229478448025,77.21859431476881,0.0,-0.017331015458000615,0.6071442844305756,9.855711579211803,-0.0935396577975991,0.020272717487494166,0.015957176853901883
81.30000000000001,28.62229599210612,77.21860434240294,16.99695332829641,0.7991015996803222,28.62230243516424,77.21859880058601,0.0,-0.17195442253235158,-0.050287263960741714,8.749614171959855,0.029746547287043786,-0.03982571969918494,0.020382084936212845
81.4,28.622306639504636,77.21861680817034,16.99672863198177,0.7991015996803222,28.622324519668947,77.2186045782494,0.0,-0.02640755561688815,-0.14239987116300878,8.890724516331604,-0.031982301551206696,-0.015229949907575478,-0.0018534433922578987
81.5,28.62231728675739,77.21862927376709,16.996495948755264,0.7991015996803222,28.622339971197935,77.21867580321675,0.0,0.05120265925570371,-0.46313821507055986,9.193992841118318,-0.014505171041252547,0.05589271026557524,0.013898572398058091
81.60000000000001,28.622327933859378,77.21864173918733,16.996255279547626,0.7991015996803222,28.622317200353812,77.21868940268014,0.0,0.15372861182221836,0.5647181966590575,9.425712261186085,-0.04858979010009673,0.017909806494147543,-0.014384196147553404
81.7,28.6223385808056,77.2186542044252,16.99600662532153,0.7991015996803222,28.62232739278955,77.21864598474598,0.0,0.7022024143169034,-0.12851548189035325,9.689323139304873,-0.0337586946816063,0.03544946527918616,-0.009853820529366541
81.80000000000001,28.622349227591055,77.21866666947486,16.995749987071594,0.7991015996803222,28.62234354519361,77.21870127018735,0.0,0.02509751169534867,-0.6928086776045096,10.301368546364197,-0.0030839205049067848,-0.032440772339616036,0.0007316840753957749
81.9,28.62235987421074,77.21867913433042,16.995485365824372,0.7991015996803222,28.622377797090483,77.21871883691014,0.0,-0.11677974433043675,0.9077142433101322,10.722049618690894,0.028780291376035723,-0.01840426121447594,-0.01898313150821914
82.0,28.622370520659658,77.21869159898604,16.995212762638346,0.7991015996803222,28.62232162699474,77.21871780551578,0.0,-0.04953089897973842,-1.160147378310135,10.278801617562491,0.06447663897037309,-0.038156960281556046,-0.020832103823001602
82.10000000000001,28.622381166932804,77.2187040634359,16.994932178603932,0.7991015996803222,28.62236093630793,77.21870186941086,0.0,0.3424483710106474,0.4436256792496377,9.67813442830775,-0.05408998915675894,-0.06157611849671643,-0.01620790352001529
82.2,28.622391813025185,77.2187165276741,16.99464361484346,0.7991015996803222,28.62235129498027,77.21870855573725,0.0,-0.3460387878855019,-0.33488227840152235,9.711745368464381,0.07465143010402654,-0.03794753499511355,-0.02234499077599094
82.30000000000001,28.6224024589318,77.21872899169482,16.994347072511193,0.7991015996803222,28.622389622537533,77.21876288440315,0.0,0.19913475636886974,0.24359214544126637,9.699102992044791,0.057077213263456494,0.04612068682222495,0.0061010341362345115
82.4,28.622413104647652,77.2187414554922,16.994042552793292,0.7991015996803222,28.622424179062,77.21874547694904,0.0,-0.12198853383974659,-0.015209733742721172,9.485205645459464,0.036141544880845006,-0.12313199982669819,-0.010895595019690773
82.5,28.622423750167744,77.21875391906038,16.993730056907836,0.7991015996803222,28.622451546581917,77.21872892259064,0.0,0.004397487123875346,-0.003112089160366198,9.877588681933132,0.056147528538266725,0.03251946738760283,-0.02650512587499111
82.60000000000001,28.622434395487083,77.21876638239353,16.993409586104814,0.7991015996803222,28.62245829259476,77.21879729025484,0.0,-0.31377387103243926,0.3808330475774256,9.084197516287695,0.011213948820694247,-0.023515476944756645,-0.028294655250593395
82.7,28.62244504060067,77.21877884548579,16.993081141666107,0.7991015996803222,28.622456316560328,77.21878284249911,0.0,-0.32731564992123185,-1.0041900269335513,10.604124689782815,-0.05014976315240317,-0.01613888098762265,-0.0067159248339291495
82.80000000000001,28.622455685503514,77.2187913083313,16.99274472490549,0.7991015996803222,28.622479766842623,77.21877844202398,0.0,-0.26739702850677227,0.0011899359090028524,9.912103963197591,0.03213544533710127,0.048683074610088244,-0.007360065912357629
82.9,28.62246633019062,77.21880377092424,16.992400337168625,0.7991015996803222,28.62247660482232,77.21883430390295,0.0,-0.33661955612063044,0.7320059053188979,9.634979393112905,0.08058710998295923,0.0037264042966251225,0.0003699504720484491
83.0,28.622476974656994,77.21881623325875,16.992047979833075,0.7991015996803222,28.622489245443287,77.21882233627822,0.0,-0.17284638310948,1.6778126388764292,10.1007875471511,0.004656557639242084,-0.10072911646765557,0.01767950650732906
83.10000000000001,28.622487618897647,77.218828695329,16.991687654308258,0.7991015996803222,28.622483948186847,77.21882190592261,0.0,-0.17810532405464255,-0.0592280919035962,8.890565300363242,-0.0014188307228633942,-0.007969649125124923,-0.0004020914399261869
83.2,28.622498262907587,77.21884115712912,16.99131936203548,0.7991015996803222,28.622453492653595,77.21881777408268,0.0,0.10646230931380293,-0.057272290797892075,9.18255471484631,-0.02379636835354229,-0.02932061871734932,0.012126955838479244
83.30000000000001,28.622508906681826,77.2188536186533,16.990943104487908,0.7991015996803222,28.62249573914924,77.21881625620031,0.0,-0.38064990860012904,0.29770738488284243,9.97095239182511,0.04782281425173219,-0.01505142955120245,-0.008098671689557968
83.4,28.622519550215376,77.21886607989568,16.990558883170575,0.7991015996803222,28.62253127724118,77.21886971175958,0.0,0.2592826453359633,0.33311107396991857,10.763349995049726,-0.020755490063007406,0.020608875136376128,-0.01464387933555457
83.5,28.622530193503245,77.21887854085041,16.99016669962036,0.7991015996803222,28.62254140377424,77.21883749239774,0.0,-0.28380168000108463,-0.6998216002107571,9.585423345408591,0.0986228758428986,0.03532859675490491,-0.0052654516507473215
83.60000000000001,28.62254083654045,77.21889100151168,16.989766555406003,0.7991015996803222,28.6225505224345,77.21886676881039,0.0,0.2982571456994489,-0.3135916890662595,10.217324250838145,0.0749831021523583,0.03486103906200898,-0.0004338091912318362
83.7,28.622551479322002,77.21890346187364,16.989358452128076,0.7991015996803222,28.622539455353802,77.21893409737739,0.0,0.42861814500969486,0.9302446239183992,9.895599015246695,-0.02754930271125579,-0.06891286787215976,0.014889692809064357
83.80000000000001,28.62256212184292,77.21891592193045,16.988942391418995,0.7991015996803222,28.62257881117995,77.21892437011836,0.0,0.19774337026423594,-0.314301958596919,10.120029398385357,0.02717165785994613,-0.009744159790044088,0.023125269300468862
83.9,28.622572764098216,77.21892838167626,16.988518374943,0.7991015996803222,28.622579186383778,77.21889023686224,0.0,0.19223433604948514,-0.2119316273722633,9.166383522044978,-0.0579889461067759,-0.020103587323803095,-0.021404541904683945
84.0,28.62258340608291,77.21894084110527,16.988086404396153,0.7991015996803222,28.62251701486814,77.2189732416078,0.0,0.18600712602780728,-0.14995427041524453,10.36982916207961,-0.02356412502498921,0.021348830520643444,0.02465734191622159
84.10000000000001,28.62259404779202,77.21895330021162,16.98764648150634,0.7991015996803222,28.6225608952779,77.21896672331444,0.0,0.06306211015094067,0.3794287675341707,9.61277207606922,0.07331323483447176,0.018125941439656425,0.012257339908956133
84.2,28.622604689220566,77.2189657589895,16.987198608033253,0.7991015996803222,28.62260684432174,77.21893232248907,0.0,0.21672047845781775,0.010543537589155584,9.28971409896938,-0.032798589357927045,0.009390073946938757,-0.027611189353013238
84.30000000000001,28.622615330363566,77.21897821743306,16.98674278576838,0.7991015996803222,28.622627948231475,77.21900300695641,0.0,0.19137042699275875,-0.17740050244924757,9.743888225878962,-0.0972862030380417,0.06036498504475173,-0.008516216412245672
84.4,28.622625971216042,77.21899067553649,16.98627901653502,0.7991015996803222,28.622600764521305,77.21894909606937,0.0,0.17811234685808164,0.4914469555405089,9.314769381855696,0.04145244339791113,-0.01624913636544111,0.008218993188626851
84.5,28.622636611773018,77.21900313329395,16.98580730218824,0.7991015996803222,28.62261631967865,77.21899826657939,0.0,0.3544214184561961,0.20988721663360194,10.457099387488514,0.025908490340605075,0.09143831475043754,0.05379354698444566
84.60000000000001,28.62264725202952,77.21901559069963,16.985327644614895,0.7991015996803222,28.62264704914814,77.21902795849428,0.0,-0.1155023589677468,-0.4316090458835125,10.514637348534517,-0.025304044446426616,0.0019151823126585391,0.02250925009934878
84.7,28.62265789198057,77.21902804774768,16.98484004573362,0.7991015996803222,28.622668249461984,77.21906662740466,0.0,0.086253545968917,-0.22593424565193976,9.310850996137615,0.0451733659570586,0.0037791961679729856,-0.020622124553007777
84.80000000000001,28.622668531621198,77.2190405044323,16.98434450749481,0.7991015996803222,28.622654582287144,77.21899687899298,0.0,0.30261058267368335,0.4310811311691119,9.874028323989512,-0.06596691070474349,-0.05733547698110543,0.025277668114632883
84.9,28.622679170946427,77.21905296074766,16.983841031880615,0.7991015996803222,28.62265917002015,77.21901678388704,0.0,0.15838107168890775,-0.2905664645163034,9.717159745087775,0.03454360362964125,-0.07262471422204309,-0.018875214409608647
85.0,28.62268980995129,77.21906541668794,16.983329620904936,0.7991015996803222,28.62266348827388,77.21905006073469,0.0,0.32491535107835356,-0.6297431898829506,8.874664946047806,-0.08363819335983728,-0.009297464549989516,0.04033260491615438
85.10000000000001,28.622700448630816,77.21907787224733,16.98281027661342,0.7991015996803222,28.622653640772,77.21905816380584,0.0,-0.17032825461558795,0.3032104804284704,9.918565434759065,0.005910355783427496,-0.03465720251024686,2.892104065227658e-05
85.2,28.622711086980036,77.21909032741999,16.98228300108344,0.7991015996803222,28.622693777213698,77.21910437470443,0.0,0.18349804145030962,0.2505223881026855,9.979495683377397,0.01813218139084401,0.01422286342217957,0.005881281226875046
85.30000000000001,28.622721724993983,77.21910278220012,16.981747796424102,0.7991015996803222,28.622699517657267,77.21907918952085,0.0,0.03714176812911818,-0.2934348232259158,10.847778538901116,-0.004567716674527358,-0.046670882824550695,-0.0018123981311440425
85.4,28.622732362667694,77.21911523658191,16.981204664776218,0.7991015996803222,28.622751385030742,77.21912798835932,0.0,0.1274877919587116,-1.08694723760782,9.69365632871353,-0.017814185355408737,0.013784645317782588,0.00703205380407526
85.5,28.622742999996202,77.21912769055955,16.980653608312316,0.7991015996803222,28.622693345633696,77.21913943652201,0.0,0.10654870396769811,-1.6056853564032367,10.282671390539388,-0.07816692732177105,-0.06680087408126821,-0.02089965248792037
85.60000000000001,28.622753636974544,77.21914014412721,16.98009462923662,0.7991015996803222,28.622765360751664,77.21911867756505,0.0,0.021382670925593636,0.25513771427185644,10.025001438921018,-0.05943292896695077,-0.022798135578882994,-0.0034512137865478094
85.7,28.622764273597756,77.2191525972791,16.97952772978505,0.7991015996803222,28.62277174533983,77.2191955103015,0.0,-0.1983604663698125,0.2377331145805686,10.244924210928852,0.048437982752756015,0.08607541843700152,-0.011577254987520798
85.80000000000001,28.622774909860883,77.21916505000941,16.978952912225203,0.7991015996803222,28.62276510779285,77.21917858898627,0.0,0.6770667038292479,-0.0575954804897646,9.755542197589085,-0.05528341848807741,-0.0826254539491649,0.006113633277816142
85.9,28.622785545758962,77.21917750231232,16.97837017885634,0.7991015996803222,28.62281007088731,77.2191804773206,0.0,0.6181439173347821,0.5873290581250636,9.301129535077694,-0.004540896951848097,-0.04196237335780232,0.02324618187298859
86.0,28.62279618128704,77.21918995418204,16.977779532009404,0.7991015996803222,28.62278129659487,77.2191944345309,0.0,0.09944492530660827,0.4331547644222498,9.699275538145137,-0.056318625668136335,-0.017805963435989346,-0.000389783864645595
86.10000000000001,28.622806816440157,77.21920240561278,16.977180974046973,0.7991015996803222,28.622730829470335,77.21913446977359,0.0,-0.021951752351249007,-0.11219935020885306,8.807250719849536,0.008606441761184084,0.04111263639766564,-0.02228475511279683
86.2,28.62281745121336,77.21921485659871,16.976574507363285,0.7991015996803222,28.62283717953295,77.21924941099874,0.0,0.3991217092094337,-1.1601251292598138,10.125134859371942,-0.06095352173746215,-0.024006013802881716,-0.0013788991082835677
86.30000000000001,28.622828085601697,77.21922730713405,16.975960134384202,0.7991015996803222,28.622849538958096,77.21926030632513,0.0,-0.017432473218409114,-0.048079210443971024,9.768717223048942,-0.023433870842354362,0.026313073411358558,-0.028396964189736577
86.4,28.622838719600214,77.21923975721299,16.975337857567215,0.7991015996803222,28.622851239748577,77.21921129273728,0.0,-0.2229032929405467,0.05399828886233797,9.581057365535498,-0.06722738546406007,0.006825690016900541,-0.036677063444549525
86.5,28.622849353203964,77.21925220682975,16.974707679401433,0.7991015996803222,28.622838171790104,77.21926699527188,0.0,0.07856622797706436,-0.604766116236934,9.950333935065958,-0.041868209706904504,-0.07195804355676196,-0.006371135314359781
86.60000000000001,28.622859986408,77.21926465597853,16.974069602407567,0.7991015996803222,28.622855108242916,77.21926306346761,0.0,0.19130019339416687,-0.018557396396725157,10.564396648247268,-0.019999524233538336,0.04390194457684338,-0.03741957284939947
86.7,28.622870619207372,77.21927710465354,16.973423629137923,0.7991015996803222,28.622866427275934,77.21926401999345,0.0,0.4738457322573141,-0.4429573350459283,9.422862329672846,-0.02680368692760542,-0.06412778249007005,0.009020154020054821
86.80000000000001,28.62288125159714,77.21928955284899,16.97276976217639,0.7991015996803222,28.622894765407302,77.21930027287206,0.0,0.2900939737353426,0.3112964635612112,10.583670353021574,-0.005677813484430129,0.019171539070414283,-0.02053270822119982
86.9,28.622891883572354,77.2193020005591,16.97210800413844,0.7991015996803222,28.62289735890759,77.21933270620917,0.0,0.24852822934976815,0.7623003599693132,9.076750237437798,0.13008223689334844,-0.028456711227136167,0.006511674392771868
87.0,28.622902515128075,77.21931444777806,16.971438357671108,0.7991015996803222,28.622887178353825,77.21933463927725,0.0,0.16486746081845943,0.17215299375430868,10.38102647055598,-0.012670669394543546,0.0048185414522983645,0.0034053090473529
87.10000000000001,28.622913146259364,77.21932689450011,16.97076082545297,0.7991015996803222,28.62288754774403,77.21933786032676,0.0,-0.05706609484639366,-0.6848947123173322,10.19764786726637,0.005980793728123823,-0.032081320780928374,0.020752883904605855
87.2,28.622923776961287,77.21933934071947,16.97007541019416,0.7991015996803222,28.622955092380963,77.21935949841176,0.0,0.2922165364031416,0.6452613542678349,10.102727017980335,-0.09636915227907458,0.03343540215887588,0.011573032069881382
87.30000000000001,28.6229344072289,77.21935178643035,16.969382114636332,0.7991015996803222,28.622931097291875,77.21934844041584,0.0,0.02988758912902227,0.8358020010876471,9.76523143064138,-0.03427994140358647,-0.031880099342190264,-0.005592328205278437
87.4,28.622945037057274,77.21936423162697,16.968680941552673,0.7991015996803222,28.62293797067218,77.21933782941426,0.0,0.3524584911305434,-0.21959366889197807,8.896046692530202,-0.012641427374258688,-0.01638000376705451,0.03357798838320538
87.5,28.62295566644147,77.21937667630355,16.967971893747873,0.7991015996803222,28.622941450749416,77.21942413299918,0.0,-0.1107387042981213,0.5660475860598689,9.531687090207317,0.012644565380526203,-0.052535914911051765,-0.005307082167143524
87.60000000000001,28.62296629537656,77.21938912045434,16.96725497405812,0.7991015996803222,28.622954310376258,77.21934101791065,0.0,-0.38571281425104387,-0.5527428930710989,10.058055191008735,0.010090949931732698,0.03237613326608372,-0.01806610041961776
87.7,28.622976923857617,77.21940156407355,16.9665301853511,0.7991015996803222,28.622981292117338,77.21945756452874,0.0,0.22703797973639403,0.570309617458727,9.913660440359605,-0.01191804008764689,0.025995907048175844,0.003934893884886728
87.80000000000001,28.62298755187971,77.21941400715542,16.965797530525954,0.7991015996803222,28.622993947031127,77.21942477567475,0.0,-0.07419564203763848,-0.4941677798956399,9.912789882766296,-0.03991711672480325,0.052894359425370296,0.002409018845163661
87.9,28.622998179437914,77.21942644969418,16.965057012513313,0.7991015996803222,28.62297411883282,77.21936322849398,0.0,0.520899578291597,0.4893867617735591,9.964843720967114,0.07553659604411223,-0.01905495743347622,-0.011957960277099992
88.0,28.623008806527306,77.21943889168406,16.964308634275238,0.7991015996803222,28.62304749523878,77.21947558401821,0.0,0.21161036671461098,-0.2416032270900654,10.005224588266525,0.03564409855217298,0.035349323909643245,-0.010240705121753655
88.10000000000001,28.623019433142964,77.21945133311931,16.963552398805245,0.7991015996803222,28.623002259973838,77.21944172298977,0.0,0.5018878042360381,0.04843505787075943,9.409221630716816,-0.12786332963576438,0.11532287333844174,0.039644211240486595
88.2,28.623030059279966,77.21946377399415,16.962788309128275,0.7991015996803222,28.623061660728197,77.21952195914524,0.0,0.12760380629199322,-0.2499192228118509,9.828443116065952,-0.06066408752402933,0.028415213397950764,-0.008881476359823249
88.30000000000001,28.623040684933397,77.21947621430283,16.962016368300684,0.7991015996803222,28.6230687906646,77.21951267585263,0.0,0.18676856495058058,0.5520294321861108,10.070821863446172,0.05733737521351774,0.008771495322681799,-0.021432706093993156
88.4,28.623051310098337,77.2194886540396,16.96123657941024,0.7991015996803222,28.623045537741483,77.21948724214506,0.0,0.4455334304237967,-0.11065902746663632,9.437271967986439,0.03229884084536524,-0.010604151278457631,-0.007172278991645362
88.5,28.623061934769872,77.21950109319869,16.96044894557609,0.7991015996803222,28.623068963735253,77.21954994752657,0.0,0.014221421020902222,-0.32569853893460476,10.008963948747834,-0.023456777891730014,0.006761158697496987,0.013690749624399782
88.60000000000001,28.623072558943093,77.21951353177437,16.959653469948773,0.7991015996803222,28.62305126980549,77.2195402334826,0.0,0.664575394356678,0.22392685085679664,10.751177601302356,0.048584744999506393,0.028901701393614556,0.026500449713898255
88.7,28.623083182613087,77.21952596976088,16.958850155710188,0.7991015996803222,28.623082116155604,77.21951275957602,0.0,0.04248567525326034,-0.30177786158675557,9.744760325211859,-0.024275868357328558,-0.01776233620831302,-0.0031670146997583165
88.80000000000001,28.623093805774946,77.21953840715248,16.958039006073594,0.7991015996803222,28.623072731212645,77.21951828139315,0.0,-0.25566669772193296,-0.04448485788387378,9.306580637745174,-0.07800058257626169,0.01652532139092448,-0.0016787340261474617
88.9,28.623104428423762,77.21955084394342,16.957220024283586,0.7991015996803222,28.623141657206737,77.21955135893495,0.0,-0.22028145245215267,-0.04032798798546121,10.554998329780464,0.01752314254271917,0.027646640924699036,0.02817933675399937
89.0,28.623115050554635,77.21956328012796,16.95639321361609,0.7991015996803222,28.623131303334553,77.21952635248215,0.0,0.19475025561476264,-0.09720293907653953,9.682417664699415,0.006955728687810358,-0.011968117027765028,0.022044972833630626
89.10000000000001,28.623125672162658,77.21957571570036,16.955558577378348,0.7991015996803222,28.623121059050863,77.21960316134677,0.0,0.11843014332903706,-1.1837618893921102,10.658400378373994,0.05403690082340762,-0.022724386505240893,-0.00582452383602261
89.2,28.623136293242933,77.21958815065487,16.9547161189089,0.7991015996803222,28.623124320482166,77.21959433153795,0.0,0.32182875005797296,-0.07925962248345728,9.299757427618822,-0.03649916353983652,0.004304584927675594,0.028230359278056498
89.30000000000001,28.623146913790563,77.21960058498578,16.95386584157759,0.7991015996803222,28.623124113034503,77.21960534545711,0.0,0.042723520381973024,0.8931988262308881,8.91593391775149,-0.05192140768335107,0.035430646782436,0.026498217798358502
89.4,28.62315753380065,77.21961301868735,16.953007748785513,0.7991015996803222,28.62315655903908,77.2196158353234,0.0,0.04632232765076577,-0.17146870252120394,9.642641884085975,-0.04500025554345382,0.05421433224342721,-0.009652217918453729
89.5,28.623168153268303,77.21962545175384,16.952141843965048,0.7991015996803222,28.623158501565328,77.21955170383468,0.0,0.9608999248152779,0.21231539018397602,9.63188232749615,-0.0026823249645226855,-0.009377314409042575,-0.03033173357997848
89.60000000000001,28.623178772188627,77.21963788417953,16.95126813057981,0.7991015996803222,28.623136019911176,77.2195979360997,0.0,0.4575700094114299,-0.30285529912507125,10.085391104057635,0.040560280588039746,-0.0616294921146667,0.014720868012375075
89.7,28.623189390556735,77.2196503159587,16.95038661212465,0.7991015996803222,28.623164332636055,77.21960582833667,0.0,-0.4226829805442087,0.07029110632658564,9.292298717860568,-0.0010303143440957283,-0.11550610329139042,-0.045178653837454785
89.80000000000001,28.62320000836774,77.21966274708562,16.949497292125642,0.7991015996803222,28.623188564040607,77.2196513461102,0.0,0.08230809453496865,0.08419375531511564,9.702270091733817,-0.021113839331361538,-0.03378589620374555,-0.003296611536918987
89.9,28.623210625616753,77.21967517755458,16.948600174140065,0.7991015996803222,28.62323153148362,77.21972917392047,0.0,0.03965317711437663,0.8002812907997006,9.982127823611973,-0.07836244019220767,0.01647940031592515,0.007923127289540272
90.0,28.623221242298897,77.21968760735984,16.94769526175639,0.7991015996803222,28.623235396886233,77.21965361785699,0.0,-0.2197353561009586,-0.40012092899861457,9.859237217036137,0.08404996226736199,-0.08069549321934757,-0.0010444233623849676
90.10000000000001,28.623231858409287,77.21970003649572,16.946782558594265,0.7991015996803222,28.62323172629889,77.21969314022967,0.0,-0.24859607515216062,-0.18311763391223793,9.887553373513052,0.12792535245142603,-0.07190850726297653,0.04520166232130661
90.2,28.623242473943048,77.21971246495649,16.9458620683045,0.7991015996803222,28.62324361628573,77.21972915869698,0.0,0.7071498982435418,-1.2273470008253624,9.995927873605543,-0.017856312398989202,-0.06182639017196456,-0.0006304650805947143
90.30000000000001,28.623253088895304,77.21972489273644,16.94493379456906,0.7991015996803222,28.62322231120025,77.2197550455377,0.0,0.2915891387891389,0.5803899604819563,10.019053115045624,0.00907952799969747,-0.025451411952287874,-0.031089015682059164
90.4,28.623263703261177,77.21973731982987,16.94399774110103,0.7991015996803222,28.6233237563561,77.21971530966263,0.0,-0.0744152160045145,0.014864978873859111,9.905041880797949,0.025591781516029945,-0.07698230634888381,0.0031621915541814854
90.5,28.6232743170358,77.21974974623109,16.94305391164463,0.7991015996803222,28.623266072682163,77.21972582258944,0.0,-0.04333606138038251,-0.554152341813543,8.879474190145059,-0.018591957623923905,0.048801840087534076,-0.008745806757324974
90.60000000000001,28.623284930214304,77.21976217193436,16.942102309975176,0.7991015996803222,28.623327720909174,77.21978936575786,0.0,0.242895366214652,0.30621119072895325,10.272302594572821,-0.011953900937085888,-0.04299237455849986,-0.004982704206167632
90.7,28.623295542791823,77.21977459693402,16.94114293989907,0.7991015996803222,28.62331372471949,77.21972137484465,0.0,0.041819956498414204,0.19921883844486785,9.698821129005928,0.03984437619652853,-0.005315291238008144,0.004898855666678701
90.80000000000001,28.62330615476349,77.21978702122436,16.94017580525379,0.7991015996803222,28.62332948951205,77.21979508698857,0.0,0.15007831331939547,0.25214360304488176,8.940763321037533,-0.015159344473072052,-0.055624721778812905,-0.014070417339738147
90.9,28.623316766124447,77.21979944479969,16.93920090990788,0.7991015996803222,28.623329613810537,77.21983213362421,0.0,-0.14594256357707583,0.8877377567556065,9.046494758593203,-0.07566369409993937,-0.05995820144026164,0.008681124016273894
91.0,28.62332737686983,77.21981186765433,16.938218257760912,0.7991015996803222,28.623322507878015,77.21981687540591,0.0,-0.02183196134910509,0.2542638267030485,9.866254638558578,-0.021002684790976424,0.03623462680088071,0.006626236123194887
91.10000000000001,28.62333798699479,77.21982428978258,16.9372278527435,0.7991015996803222,28.62334327866738,77.21982188096551,0.0,0.24642176431848423,0.734860313902986,10.419908474324005,-0.05935204367297893,-0.02571295525208053,0.010731489263153673
91.2,28.62334859649447,77.21983671117876,16.93622969881726,0.7991015996803222,28.62337132450355,77.2198263866451,0.0,0.055274258412498334,0.01293750961519976,10.345771644249146,0.006664476969159361,0.04350865758374384,0.003851045799125001
91.30000000000001,28.623359205364014,77.2198491318372,16.935223799974803,0.7991015996803222,28.623363954372056,77.21988046185214,0.0,0.6953328563171606,-0.8768839998043163,9.641509792375558,0.012653392240700102,0.009085291974434919,-0.004268800441556828
91.4,28.623369813598575,77.2198615517522,16.93421016023973,0.7991015996803222,28.62336550692109,77.21982717217416,0.0,-0.05980774605764749,1.4619452391855945,8.464389633866594,0.024044038774836123,0.00012965459939285684,-0.0380471246619797
91.5,28.623380421193307,77.21987397091812,16.933188783666594,0.7991015996803222,28.623382696109093,77.2198852466504,0.0,0.30211327130026405,-0.5808688197040607,9.84830964706417,-0.05439728274407554,0.04886957220402145,0.017383473766197588
91.60000000000001,28.623391028143367,77.21988638932925,16.9321596743409,0.7991015996803222,28.62338401890599,77.21988094465648,0.0,-0.043117883337078416,-0.0267730260944115,10.005869707063251,0.01520285869398781,0.015142367249034791,-0.02079160638304528
91.7,28.623401634443912,77.21989880697994,16.93112283637909,0.7991015996803222,28.623415339138738,77.21994876240701,0.0,-0.23653143828214887,-0.2790451777496308,9.90247760563557,-0.01950409655277967,0.020872506407885003,-0.003266335483389262
91.80000000000001,28.6234122400901,77.21991122386453,16.9300782739285,0.7991015996803222,28.623386742046506,77.21995962875671,0.0,0.4239773494654083,-1.1189162390673228,10.723390733487152,0.05071649009349138,-0.01701686618602381,0.0314810034105299
91.9,28.6234228450771,77.21992363997735,16.929025991167396,0.7991015996803222,28.623406617428103,77.21988897647006,0.0,-0.21753824020075738,0.04014474274461087,9.819529885501005,-0.0023111312080873908,-0.08149328191436972,-0.011043364459320486
92.0,28.62343344940008,77.21993605531276,16.927965992304895,0.7991015996803222,28.62347590297924,77.21992452549156,0.0,0.020055351081854494,0.1109526899587231,9.19867854653489,-0.005515805549899384,-0.04101752323312431,-0.014022224366459468
92.10000000000001,28.6234440530542,77.21994846986507,16.926898281580996,0.7991015996803222,28.623443966479005,77.21990094797707,0.0,0.046075646597469766,0.28803374098298107,8.231866007049403,0.025528050353010402,0.013277933701881881,0.017057016187485338
92.2,28.62345465603464,77.21996088362866,16.925822863266543,0.7991015996803222,28.623436452946425,77.21996501154541,0.0,-0.5314095212347666,0.23576061415768168,9.060108720184559,0.011646720888784273,0.032513119894871705,-0.016577304698456592
92.30000000000001,28.62346525833657,77.21997329659786,16.924739741663203,0.7991015996803222,28.623443837883737,77.21994530866911,0.0,-0.002339537904460634,0.21323118793599644,9.431985412913379,-0.02064836380664203,-0.009269085793459227,-0.025092682074186592
92.4,28.623475859955168,77.21998570876703,16.92364892110346,0.7991015996803222,28.62347500034212,77.22006040926837,0.0,0.10310233100884542,-0.355361120432788,10.241919093769775,-0.005623588737681601,-0.041866099428783825,0.005170302938812144
92.5,28.623486460885616,77.21999812013053,16.9225504059506,0.7991015996803222,28.62350756506182,77.2200237833107,0.0,-0.1909019378248221,-0.46911450355361034,8.947500998695125,-0.03656944953016294,0.02738649534034454,0.019777147436013803
92.60000000000001,28.623497061123093,77.2200105306827,16.92144420059868,0.7991015996803222,28.62349914700362,77.22002476163264,0.0,0.033567021955529505,0.11695179530989058,10.508232182380493,-0.01916239308772102,-0.00680173733131002,0.009328110842000768
92.7,28.623507660662785,77.22002294041792,16.92033030947252,0.7991015996803222,28.623502220986566,77.22001539063788,0.0,-0.34411832781116103,0.4085119748794936,10.392308966055861,0.017425738185135268,0.07017437088374848,-0.006044393301650151
92.80000000000001,28.623518259499882,77.22003534933056,16.919208737027677,0.7991015996803222,28.62354092992241,77.2200356814654,0.0,0.5622804489027267,-0.5899129830927909,10.002015698701522,-0.09756680154827309,0.04155638228594745,-0.032236022981783685
92.9,28.623528857629577,77.22004775741499,16.91807948775045,0.7991015996803222,28.623539220302128,77.22003351422045,0.0,0.3809642527035605,-0.03869272048622694,9.569754644863005,-0.05332808086437574,0.0029555013775261793,0.013412348579095018
93.0,28.62353945504706,77.22006016466557,16.91694256615783,0.7991015996803222,28.62356286524461,77.22006242631606,0.0,-0.24167486294573085,0.19094360513837233,9.138615030139626,-0.03274805113220958,0.023139196341583297,-0.0020557819546026387
93.10000000000001,28.623550051747525,77.22007257107668,16.9157979767975,0.7991015996803222,28.62352433226634,77.22006888977562,0.0,0.7631564275687128,0.6495814664907192,9.788009020329909,-0.028768675875408867,-0.056144448155673356,-0.010205578802643788
93.2,28.62356064772618,77.22008497664271,16.914645724247816,0.7991015996803222,28.623576255699458,77.22011374993804,0.0,0.3115444188434656,-0.6477289138071773,9.95508007736076,0.006580872292056302,0.07051889888229866,-0.019993209306139195
93.30000000000001,28.62357124297822,77.22009738135803,16.913485813117788,0.7991015996803222,28.623578501444893,77.22006775268171,0.0,0.3359329975447627,0.4817477528518722,10.191523743008792,0.023913034203003846,0.0036533165551723306,-0.011107493905262415
93.4,28.62358183749885,77.22010978521703,16.912318248047058,0.7991015996803222,28.623577106367303,77.2201162966448,0.0,-0.3314003589939325,-1.206364737307356,9.840626121002812,0.0066184218485510985,-0.004792111547801834,-0.016034021453711918
93.5,28.623592431283285,77.22012218821412,16.911143033705887,0.7991015996803222,28.623582798850826,77.2201066211744,0.0,0.2932070471937212,-1.2769515631644184,10.104618904764028,-0.06571099455019454,0.0911944404798249,0.021995718033292
93.60000000000001,28.62360302432673,77.22013459034366,16.90996017479513,0.7991015996803222,28.623593337322422,77.2201514809391,0.0,0.44839214592494003,-0.676588708829844,9.907334971845366,0.012473719853828658,-0.07966548483128022,0.014093503176484142
93.7,28.623613616624404,77.22014699160007,16.90876967604622,0.7991015996803222,28.623626853970187,77.22010103677877,0.0,0.12120787415979445,-0.489532244388534,8.176839159731378,-0.006867220204093143,-0.07315168471978106,0.012796080921874774
93.80000000000001,28.62362420817152,77.22015939197775,16.907571542221152,0.7991015996803222,28.623600276768865,77.22014319444881,0.0,-0.22228937319972278,-0.8186072562757539,9.613465251953134,0.03395891612629588,-0.06646258355590055,-0.03456842312936859
93.9,28.623634798963298,77.22017179147109,16.906365778112455,0.7991015996803222,28.623631978236087,77.22016693249014,0.0,-0.6916494946497834,0.34725423244420917,9.35386458600188,0.023257472576416693,0.0009468101061588011,-0.025090927778257104
94.0,28.623645388994962,77.2201841900745,16.90515238854319,0.7991015996803222,28.623663462017774,77.2201671727898,0.0,0.34742894881946296,0.3002924100435821,9.803392823356177,-0.010508215889233218,-0.02034616642989212,0.01392418095954227
94.10000000000001,28.62365597826174,77.2201965877824,16.903931378366913,0.7991015996803222,28.623626963149697,77.22027564897125,0.0,0.10374581734097132,-0.023148401204374863,10.581179808327924,0.024575525837445142,0.0771970133709127,0.005751867650563713
94.2,28.62366656675886,77.22020898458919,16.902702752467658,0.7991015996803222,28.623675538109293,77.22021335883065,0.0,-0.3432028799731407,-0.011282148963556641,9.814652885565314,0.0932212158010517,-0.08488542762353894,0.008071535763009383
94.30000000000001,28.623677154481555,77.2202213804893,16.901466515759928,0.7991015996803222,28.623721455858878,77.22022560861579,0.0,0.19706050846144754,0.12788509010071772,9.061223699181499,-0.08735136260084268,-0.08688254372694819,-0.005157115726693918
94.4,28.62368774142506,77.22023377547715,16.900222673188676,0.7991015996803222,28.623708002658773,77.22025957538268,0.0,0.10530566187412348,0.4824753078416788,9.586727080433171,0.052704678281174325,0.061959736549895866,0.025851162697674443
94.5,28.62369832758461,77.22024616954717,16.898971229729263,0.7991015996803222,28.62366571402031,77.22024999005802,0.0,0.27023649197894895,-0.24671316589213632,10.729485228533118,-0.02509751337650001,-0.012420697424905945,0.006932546168336205
94.60000000000001,28.62370891295545,77.22025856269377,16.89771219038746,0.7991015996803222,28.6236921514529,77.22023570390755,0.0,0.10550518143562797,-0.744939602750848,9.262229925036884,-0.02169302176529828,0.061233254517268555,0.02093796768564317
94.7,28.62371949753283,77.22027095491141,16.896445560199428,0.7991015996803222,28.62370107691199,77.22029853172342,0.0,-0.2748386850916257,0.5912109441757487,9.248446742614261,0.10656082151399018,-0.014035506334056466,0.002441411246450836
94.80000000000001,28.623730081311987,77.2202833461945,16.895171344231684,0.7991015996803222,28.623751228358152,77.22029941406798,0.0,-0.10704069672688762,-0.525647853232753,9.36434093198972,-0.1038888638646611,0.024304110481883957,-0.006045756898505818
94.9,28.623740664288178,77.22029573653751,16.89388954758109,0.7991015996803222,28.623695015239306,77.22032573814569,0.0,-0.021280074657873002,-0.49549672643796544,9.889467053158885,0.031359736332172046,0.06190849322309479,0.0015559324238396063
95.0,28.62375124645666,77.22030812593485,16.892600175374827,0.7991015996803222,28.623786658252662,77.22026522967711,0.0,0.38510444255268406,0.5120333670110016,9.930415449414241,0.0508494618527342,0.009029078893932535,0.03283080366511612
95.10000000000001,28.623761827812686,77.22032051438099,16.89130323277039,0.7991015996803222,28.623768296855534,77.22028903714505,0.0,-0.022189096424511903,-0.3530219195167791,10.185508392838384,-0.011665861076684597,-0.05289292540961197,0.0007284515911371056
95.2,28.62377240835152,77.22033290187038,16.889998724955543,0.7991015996803222,28.623804730982354,77.22036231299427,0.0,-0.12803816634187717,0.18116475238992022,10.167972425010765,0.024764593063385923,-0.017718902234440944,-0.03129125812136563
95.30000000000001,28.623782988068424,77.22034528839747,16.888686657148316,0.7991015996803222,28.623763458164984,77.2203008925978,0.0,0.09548467035945651,-0.30407076452730886,9.566248351705688,-0.045582444584831426,0.021236851074274518,0.015921512733882252
95.4,28.623793566958668,77.22035767395671,16.88736703459698,0.7991015996803222,28.623767537720198,77.22035031972766,0.0,-0.42688188060447063,0.4829665986299825,9.939388250363262,0.013487973978309723,0.03781349579205465,-0.0028842119546167427
95.5,28.62380414501752,77.22037005854258,16.88603986258002,0.7991015996803222,28.62376186838832,77.22037529871594,0.0,0.2915493499000442,-0.3480483065705704,10.104636299749798,0.020253144804987327,-0.07683059849658419,-0.0029359917909857524
95.60000000000001,28.623814722240255,77.22038244214954,16.884705146406127,0.7991015996803222,28.623779624301374,77.22034098379018,0.0,0.17043501858485388,0.18344499694156005,9.95552001863162,-0.004284544454222004,-0.004212143172664291,-0.01871102699135943
95.7,28.623825298622148,77.22039482477207,16.88336289141416,0.7991015996803222,28.62387746235335,77.22041421842381,0.0,0.0008238279404761684,0.1629275188870691,9.082518751416636,0.0017635495134327942,-0.018913269003478145,-0.0245891396393118
95.80000000000001,28.623835874158484,77.22040720640463,16.882013102973136,0.7991015996803222,28.623791102355923,77.22043251652993,0.0,0.33596334160977825,0.08613401235167092,11.357554147053728,-0.059552141797640956,-0.014026821810322991,-0.025399953319662133
95.9,28.623846448844546,77.2204195870417,16.88065578648221,0.7991015996803222,28.62387171141631,77.2204396361025,0.0,0.10823439225603662,-0.669789555077878,10.412850666109199,-0.006140117491977485,-0.0007608272862245429,0.00797609393537774
96.0,28.62385702267562,77.22043196667778,16.87929094737065,0.7991015996803222,28.623866658885674,77.22037070979081,0.0,-0.35049337141788783,-0.34514542626871797,10.829829540210904,-0.018854242388234226,-0.026182550396467455,-0.01725646742006702
96.10000000000001,28.623867595646995,77.22044434530734,16.877918591097803,0.7991015996803222,28.62381927281277,77.2204787193775,0.0,0.06714312084649887,-0.3446411522398958,9.879054278553008,-0.11572200423657207,0.01843467795853507,0.012224730644494116
96.2,28.623878167753972,77.22045672292488,16.876538723153097,0.7991015996803222,28.623913516148672,77.22048369757802,0.0,0.17597815982622433,1.0138354548287014,9.395971991864526,0.007929584382481588,-0.03243977364761213,0.04050274247679716
96.30000000000001,28.623888738991845,77.22046909952488,16.875151349055997,0.7991015996803222,28.623905801900026,77.22047757022642,0.0,0.09996622346577629,-0.17843830778933484,9.292540602512245,-0.10881663478087769,-0.07156302438254862,0.0020510979371097843
96.4,28.623899309355913,77.22048147510185,16.873756474356004,0.7991015996803222,28.623918412137904,77.22046709428179,0.0,-0.2688684070454578,0.30769196505150576,10.795210736635637,0.0253849690496689,0.014831468174218205,-0.007156499381885588
96.5,28.623909878841484,77.2204938496503,16.872354104632613,0.7991015996803222,28.623936054669645,77.2205052866786,0.0,0.06188472829724721,-0.9035983970175288,9.648082313140453,0.018898550832452173,-0.04517921731992844,0.005432392891367056
96.60000000000001,28.623920447443865,77.22050622316472,16.8709442454953,0.7991015996803222,28.623941362645272,77.22051514984796,0.0,0.35688479210071966,-0.15597992950488632,9.574445293913506,-0.042376342779282775,0.006342287375014567,0.010278515058497795
96.7,28.62393101515837,77.22051859563963,16.869526902583495,0.7991015996803222,28.62389484801271,77.22052195407336,0.0,-0.3768881273185152,0.3797157913068243,10.875302376964745,0.01479180353151399,0.07374333151315131,0.006880613527486922
96.80000000000001,28.62394158198031,77.22053096706955,16.868102081566576,0.7991015996803222,28.623929076527535,77.22047474893665,0.0,0.07478135932576496,-0.4905126634991644,9.906106909704965,0.07019418639158657,-0.00029967064637141465,0.017767499471911967
96.9,28.62395214790501,77.22054333744899,16.86666978814382,0.7991015996803222,28.623930390394552,77.22055858783538,0.0,0.36703308616439456,0.5164531062978132,9.604492162967984,0.029056954228473687,-0.017106059700139703,-0.03329102037752304
97.0,28.623962712927785,77.22055570677247,16.8652300280444,0.7991015996803222,28.623967992692627,77.22054036779966,0.0,0.48493535614293803,0.9627217716331937,10.47793428760724,-0.0010724537160356114,0.011844623638492417,0.005365413033436104
97.10000000000001,28.62397327704397,77.22056807503454,16.863782807027356,0.7991015996803222,28.623937321445954,77.22052938646675,0.0,-0.02702788760953398,0.09594830969757624,10.438529072186498,0.02144122285076347,-0.03901807403605588,-0.01139838614194425
97.2,28.62398384024889,77.22058044222972,16.86232813088157,0.7991015996803222,28.62396188103535,77.22059483198643,0.0,-0.09533287433582732,0.17201493413573352,9.762079764277978,-0.09108631876274433,-0.059903132980870834,-0.007051026943176131
97.30000000000001,28.62399440253788,77.22059280835254,16.86086600542574,0.7991015996803222,28.624040406009556,77.2205997317525,0.0,0.35849641072610183,-0.6413739682629265,10.840220205774907,0.015895003785135215,0.040661998389192044,-0.0019869835555403103
97.4,28.624004963906273,77.22060517339754,16.859396436508373,0.7991015996803222,28.624013040278765,77.22062056801279,0.0,-0.07126957794296027,0.21906095914847834,8.690230967345085,-0.05045810100862252,-0.033370773284204465,0.02989418525314262
97.5,28.624015524349414,77.22061753735929,16.85791943000774,0.7991015996803222,28.62400515458925,77.2205822107554,0.0,0.24849355456139557,-0.42251069972609273,10.394502633971042,0.11450221393212007,0.036765905946264756,-0.007755531765280273
97.60000000000001,28.624026083862645,77.22062990023231,16.85643499183186,0.7991015996803222,28.624012420709942,77.22063908867976,0.0,0.1989934990652284,0.6059747567077365,9.289075839929925,0.015988591959472057,-0.0031952246255849007,-0.02268068210109194
97.7,28.624036642441318,77.22064226201117,16.854943127918492,0.7991015996803222,28.624055631760267,77.22066535397853,0.0,0.28075793055175946,0.7390920753046196,10.447602161774435,0.07273296924226406,-0.03349316910250115,0.010749656489318169
97.80000000000001,28.62404720008078,77.22065462269042,16.85344384423508,0.7991015996803222,28.624054089280452,77.22066635493424,0.0,0.4742851615340502,0.2006915873475491,9.994436379742108,-0.0318362539579885,0.04045452605103624,-0.008382985048511794
97.9,28.62405775677639,77.22066698226462,16.851937146778766,0.7991015996803222,28.624019248711246,77.22066392912572,0.0,0.7418811620200443,-0.5186420613986636,9.628641943871544,0.07324879817439696,0.08577708200036993,-0.00015657953335748926
98.0,28.62406831252351,77.22067934072834,16.850423041576338,0.7991015996803222,28.624072388745116,77.22073024391571,0.0,0.4554822099970419,-0.3292131123783876,9.990731332867412,0.01744266460376518,-0.04627723307316163,0.028708647594806257
98.10000000000001,28.624078867317497,77.22069169807617,16.848901534684206,0.7991015996803222,28.624039055551037,77.22071632359898,0.0,0.11188179424010936,0.34342617633533457,9.986626566489786,-0.05613739259244142,-0.014784789208035937,-0.009799233384308607
98.2,28.624089421153723,77.22070405430266,16.8473726321884,0.7991015996803222,28.624113006825347,77.22075835483408,0.0,-0.2479772569962728,-0.025934886609826364,10.222849702102273,-0.04272289858281292,-0.04193893965880094,0.016911693862404674
98.30000000000001,28.624099974027555,77.2207164094024,16.84583634020453,0.7991015996803222,28.62410285495402,77.22070490420262,0.0,-0.2728215988450986,-0.802460446377034,10.119211734847418,0.011251934568339188,0.004465821840935371,0.018101140571421058
98.4,28.62411052593437,77.22072876336998,16.84429266487776,0.7991015996803222,28.624130636910326,77.22072050606207,0.0,0.3754347586332376,-0.434113970239243,10.331616435649748,0.016021792525145444,0.029729073855514116,0.004127816653441398
98.5,28.624121076869546,77.22074111619997,16.84274161238279,0.7991015996803222,28.624159506430384,77.22075662493945,0.0,-0.4891220388056253,0.6396796898738629,10.248688466236223,-0.02350077713927362,0.0029404332540929365,0.002696136476901617
98.60000000000001,28.62413162682847,77.220753467887,16.84118318892383,0.7991015996803222,28.62416190538009,77.22076980648482,0.0,-0.035705266848897715,-0.5584219390327803,10.579946120269426,0.05017741483109647,0.05022149826025401,0.027928318539722087
98.7,28.624142175806522,77.22076581842563,16.839617400734564,0.7991015996803222,28.624191555940982,77.22076731402446,0.0,0.6438450780527165,0.41592507596289496,9.67754904310658,0.02340966896270033,-0.03212781624313032,-0.02385245654419546
98.80000000000001,28.624152723799096,77.2207781678105,16.83804425407815,0.7991015996803222,28.62414241331184,77.22076670066775,0.0,-0.2878791327157205,0.6962002317898374,9.515399370708824,-0.04850144838771821,-0.018996994743376603,0.016422291749297768
98.9,28.624163270801585,77.22079051603617,16.83646375524717,0.7991015996803222,28.624221483358934,77.22078659607229,0.0,0.2808061631549556,0.255921764777709,10.65884801327459,0.09114335642930463,0.07079680694917621,-0.02527026840518893
99.0,28.624173816809385,77.2208028630973,16.83487591056362,0.7991015996803222,28.624174981685215,77.22073073582067,0.0,-0.1590277507405757,0.14222240834801445,10.077774189868983,-0.06499764602056558,0.05542138801458945,-0.0008402701977587002
99.10000000000001,28.624184361817903,77.22081520898848,16.833280726378874,0.7991015996803222,28.624167512171958,77.22081782970014,0.0,0.2925135572840896,0.5836901152181725,10.003167840876184,-0.01342916469608371,-0.028606918786119474,-0.028032364494167974
99.2,28.62419490582254,77.22082755370435,16.831678209073665,0.7991015996803222,28.624213770440253,77.22085527437491,0.0,0.393679862933919,-0.3314302339198412,10.373810548189866,-0.0692682586950402,-0.03999405447354659,-0.011046141598393178
99.30000000000001,28.624205448818714,77.22083989723953,16.83006836505806,0.7991015996803222,28.62422759812748,77.22085257031755,0.0,0.19039288867852927,0.0976332397911727,9.386914084462937,0.032840313668261255,0.01866215905619698,0.012759881165403225
99.4,28.624215990801833,77.22085223958864,16.82845120077144,0.7991015996803222,28.624254089584166,77.2208467242024,0.0,0.5550918436349837,1.2081850770430191,9.753418328137892,0.0002969711861706703,-0.02809567309233236,0.009756709281713084
99.5,28.624226531767317,77.22086458074632,16.82682672268245,0.7991015996803222,28.624260343710485,77.22084999213787,0.0,0.0014104601099068914,-0.2065559221693796,9.931039379109633,-0.07332404682636458,0.04027345931312718,0.021645059940564114
99.60000000000001,28.62423707171059,77.22087692070721,16.82519493728901,0.7991015996803222,28.624244621125563,77.2208925339685,0.0,0.6866945176179883,-0.022317283571364758,9.345657142684894,-0.0030214592768925564,0.001403627189060481,-0.011069341014732519
99.7,28.624247610627073,77.22088925946596,16.82355585111825,0.7991015996803222,28.624209771239983,77.22096459679345,0.0,-0.06598075348997356,-0.23251966116135678,9.096581080421508,0.06922046725225388,0.025812318534147716,0.034301692164898256
99.80000000000001,28.624258148512205,77.22090159701722,16.821909470726517,0.7991015996803222,28.62423931443692,77.22086010087214,0.0,0.0009796311151096526,-0.24077685549300815,10.33244054632994,0.05309590730247099,-0.026149034492246127,0.006915234859024947
99.9,28.624268685361415,77.22091393335565,16.820255802699332,0.7991015996803222,28.62428083757214,77.2209363704007,0.0,-0.2557019025075222,-0.02039907495487703,8.95528398827602,-0.0016603356775467207,0.028357305494949404,-0.014051864723882724
100.0,28.62427922117014,77.22092626847589,16.818594853651362,0.7991015996803222,28.62426947097202,77.22097454938908,0.0,0.5798755904873176,0.5257632748380328,10.587634355695508,0.017460254061593253,-0.0588761566344879,0.05843942713017839
100.10000000000001,28.62428975593383,77.22093860237263,16.816926630226405,0.7991015996803222,28.624260280310178,77.22098832994044,0.0,-0.14275591884419656,-0.3386857402604694,9.96126337377843,-0.0013364721701363408,-0.034034163905287844,0.0029082538898260626
100.2,28.624300289647927,77.22095093504052,16.81525113909735,0.7991015996803222,28.624324443841747,77.22094810597578,0.0,0.09488168947627672,0.4774722902938397,8.623106451559025,-0.008399803110437308,-0.045751666373649545,0.0658500160956761
100.30000000000001,28.624310822307883,77.22096326647424,16.813568386966153,0.7991015996803222,28.624278529616543,77.22093668784275,0.0,0.24054190983879295,0.15688426388434507,9.461488730018274,0.029031416117654887,-0.046492524505150186,-0.010156860619965572
100.4,28.624321353909156,77.22097559666848,16.811878380563833,0.7991015996803222,28.62432701762079,77.22095388120135,0.0,0.5708013956685111,-0.6604009382198478,9.758231177655645,0.05743932180901247,-0.018919488603482082,0.019901627860563362
100.5,28.624331884447205,77.22098792561792,16.810181126650402,0.7991015996803222,28.624319268641045,77.22098421926299,0.0,0.29871603314714484,-0.44851289516757803,9.681576309734309,0.0440333386963384,0.04357726894134748,0.0046235657744943285
100.60000000000001,28.624342413917493,77.22100025331724,16.80847663201488,0.7991015996803222,28.62431813841108,77.2210753541083,0.0,-0.35306696693116923,-0.3361529853420164,11.171668532068225,0.03809887497260983,0.042011832541873996,0.015381746964746666
100.7,28.62435294231549,77.22101257976115,16.80676490347524,0.7991015996803222,28.624364090361787,77.22098512137407,0.0,0.02077994848094225,-0.45183310476801847,10.588129010871118,0.051679954978952114,0.0431985852864009,-0.016272267365701296
100.80000000000001,28.624363469636666,77.22102490494434,16.805045947878394,0.7991015996803222,28.624329938327236,77.22104472002019,0.0,-0.23786576004187412,0.624182829224574,9.48193033672936,0.029405722791493467,-0.08923477158201523,0.011025236639443199
100.9,28.6243739958765,77.22103722886152,16.803319772100167,0.7991015996803222,28.624348212429467,77.22101334687635,0.0,-0.272120007971997,-0.6248969433580346,9.792230573766814,-0.05014357176810691,0.00044642231804533424,0.0028270626174396497
101.0,28.624384521030475,77.22104955150739,16.801586383045255,0.7991015996803222,28.62431959328421,77.22103660544748,0.0,-0.37343865021516265,1.3698791093779248,10.336256750448076,0.016458171952167887,0.003649436496471394,-0.019276940573956174
101.10000000000001,28.624395045094072,77.22106187287667,16.79984578764721,0.7991015996803222,28.624418709359134,77.22109033014348,0.0,0.15797778727407286,0.17481620150822827,10.56452193158277,0.059419182536808446,0.009508976064073553,0.014254663533154781
101.2,28.624405568062784,77.22107419296408,16.798097992868417,0.7991015996803222,28.62442570742924,77.22106582840718,0.0,0.28536001813114964,0.7244942252927634,9.243734317967991,0.03835159109501522,0.04676953832889914,0.0030867405076734
101.30000000000001,28.624416089932105,77.22108651176434,16.79634300570005,0.7991015996803222,28.624379009328102,77.22109265473739,0.0,0.24792868094478035,0.3192875291303995,9.092927387454097,0.07659389699066979,0.04541290507762827,0.012503983786057944
101.4,28.624426610697533,77.2210988292722,16.794580833162055,0.7991015996803222,28.624430029745582,77.22107639624164,0.0,-0.22056060525212404,-0.5155222658063728,9.552176439006036,0.07866743412177629,0.010224120801462578,-0.0025181634743585033
101.5,28.624437130354575,77.22111114548237,16.79281148230312,0.7991015996803222,28.624435923433374,77.22111956096147,0.0,-0.5252826825458645,0.16886477486091397,9.831868126178799,0.011975375775339124,-0.038673248717344885,0.010978626077806978
101.60000000000001,28.624447648898734,77.22112346038959,16.791034960200644,0.7991015996803222,28.624460942956233,77.22111240067268,0.0,0.6301283087545559,0.5087217470801056,9.80361197783644,0.036649911516753064,-0.06608026356909316,-0.023743965162495405
101.7,28.624458166325525,77.22113577398862,16.78925127396072,0.7991015996803222,28.624426313812055,77.22111464622964,0.0,0.237120983125116,0.6300367415882435,9.961510083907001,-0.05911327067338114,-0.024346009876020865,0.007870045569028952
101.80000000000001,28.624468682630464,77.22114808627421,16.78746043071808,0.7991015996803222,28.62449966457035,77.22122425937232,0.0,0.20933102045051116,0.32301339572773385,9.568921709172614,-0.002737222796772379,0.02536233721075711,-0.0019614244676170343
101.9,28.624479197809073,77.22116039724112,16.785662437636105,0.7991015996803222,28.624455367787377,77.22122265341054,0.0,-0.03076711408173366,-0.19787138959269868,10.365692627579769,-0.010887004310804221,-0.04685657507567961,0.017279595826149644
102.0,28.624489711856874,77.2211727068841,16.78385730190676,0.7991015996803222,28.62453276995924,77.22118228576153,0.0,-0.062376280746452906,0.08046837707834056,9.322315308517682,0.006201695235913491,0.009558479625339053,-0.017368115210934704
102.10000000000001,28.6245002247694,77.22118501519792,16.782045030750584,0.7991015996803222,28.624491936779147,77.22118481811845,0.0,-0.5059839403761474,-0.2661932220601965,8.756800376023229,-2.8866715468984437e-05,-0.018888888115798735,-0.01832415787355971
102.2,28.624510736542184,77.22119732217735,16.780225631416663,0.7991015996803222,28.62451594009374,77.22115925800817,0.0,0.6408807388175403,-0.13127070884547595,9.8014217039815,-0.0321680043295554,0.015014514847112618,-0.007827251947418163
102.30000000000001,28.62452124717077,77.22120962781717,16.778399111182587,0.7991015996803222,28.624514824469326,77.2211960801918,0.0,-0.3230408001598084,-0.594990580748688,8.984043481439382,-0.020791687737299554,-0.04246946602191548,-0.014251116233249204
102.4,28.624531756650693,77.22122193211217,16.77656547735444,0.7991015996803222,28.62456429921847,77.2212666837623,0.0,0.023971876266746336,-0.24039988396655285,10.02715600155062,-0.055631909420260466,-0.054481842010131815,0.0031143083145943502
102.5,28.624542264977507,77.22123423505712,16.77472473726675,0.7991015996803222,28.62457487519356,77.22126220905035,0.0,0.12995203398305502,-0.07850875398652583,10.593610696395599,0.04920500806844729,0.021650727905307074,-0.0070078966510669135
102.60000000000001,28.624552772146764,77.22124653664685,16.77287689828248,0.7991015996803222,28.624574774326174,77.22119941254374,0.0,-0.29081848869910165,-0.14289923480649133,9.59300235224198,-0.019411183797061835,-0.031661180763639114,0.011483259053723069
102.7,28.624563278154024,77.22125883687612,16.77102196779298,0.7991015996803222,28.62451081028134,77.22132659492273,0.0,0.44883230195478707,0.3057967752104224,9.741151005140702,-0.05878582702637726,0.014110959372196537,0.023685106402980015
102.80000000000001,28.624573782994847,77.22127113573974,16.76915995321797,0.7991015996803222,28.62458036023236,77.221225473052,0.0,0.8404960233570694,-0.7996471425697163,9.296261665859431,-0.008846148393251782,0.03821739090710779,0.011016818570993006
102.9,28.6245842866648,77.22128343323253,16.767290862005503,0.7991015996803222,28.624536977147358,77.22127551241972,0.0,-0.384609306338321,0.18188220237119337,10.697155121990663,-0.0240854279325628,-0.032709227717049025,0.0005741847683737595
103.0,28.624594789159453,77.22129572934931,16.765414701631947,0.7991015996803222,28.62459168757884,77.22136991640166,0.0,0.4662596191285553,0.12573348137865367,8.76939433335251,-0.018406838697441003,0.12055638067257064,-0.008008375217774016
103.10000000000001,28.624605290474385,77.22130802408489,16.76353147960194,0.7991015996803222,28.624585054086626,77.22131388864402,0.0,0.5586229899980732,0.005703121050694172,10.08494201575258,-0.04703747305844766,0.02342561077125334,0.03767066555423691
103.2,28.624615790605176,77.2213203174341,16.761641203448363,0.7991015996803222,28.624672008365916,77.22132675818571,0.0,0.22230386034443728,0.15071021678388413,9.641587827154297,0.022355328036002167,-0.054081285092850054,0.021062389789527375
103.30000000000001,28.62462628954741,77.22133260939178,16.759743880732323,0.7991015996803222,28.624613507540253,77.22133841774655,0.0,-0.3603517990647521,0.44452805381580046,9.88282628597362,0.1115739531554148,0.00034946151699731006,0.036344858032541706
103.4,28.62463678729668,77.22134489995275,16.757839519043106,0.7991015996803222,28.62463185399616,77.22131985882964,0.0,0.5852104550781323,-0.4148859402115875,9.698997980722574,0.008438392564876928,0.045099739781780016,-0.013861432485346473
103.5,28.62464728384858,77.22135718911187,16.755928125998157,0.7991015996803222,28.624604294565074,77.22131779559646,0.0,-0.1095663977296738,0.34123351336475805,9.800080255873384,-0.029157766953652783,0.03258527566008667,-0.012236935312200586
103.60000000000001,28.624657779198714,77.22136947686398,16.754009709243043,0.7991015996803222,28.62465008488874,77.22134902465659,0.0,0.5365124071438406,-0.27638704991549595,9.757586483928483,0.07011259674999146,0.06779258174477851,-0.0076082864765450835
103.7,28.62466827334268,77.22138176320394,16.752084276451434,0.7991015996803222,28.62464029875084,77.22133745810974,0.0,-0.16118968368271666,-0.5367664869566425,9.746607726971046,-0.06766417463577754,0.005261185901900276,-0.01831363894296152
103.80000000000001,28.624678766276094,77.2213940481266,16.750151835325052,0.7991015996803222,28.624668336389536,77.2213520820324,0.0,0.3932396662761074,-0.13371311935412517,10.023790438101935,0.017543197969966454,-0.02802215676241735,-0.023464178743102644
103.9,28.624689257994568,77.22140633162684,16.748212393593665,0.7991015996803222,28.624677044189173,77.22138219402316,0.0,-0.28450534744439215,0.48968569388479183,10.260293571340165,-0.003834503559621262,-0.0012087332664149771,-0.004242878534304318
104.0,28.62469974849372,77.22141861369951,16.746265959015034,0.7991015996803222,28.62468566621239,77.22144069867652,0.0,-0.19074761097029178,0.21290557154820797,9.651668830906678,0.015303147796803291,-0.05370340192013099,0.01122704047480278
104.10000000000001,28.624710237769172,77.2214308943395,16.744312539374892,0.7991015996803222,28.624716368459822,77.22145272007951,0.0,0.6408197009450117,0.3364708748150743,10.005437029107357,0.0800343822190571,-0.05433962197263891,0.025006147171649597
104.2,28.62472072581656,77.2214431735417,16.742352142486922,0.7991015996803222,28.624711217771452,77.22144912650413,0.0,0.4877456009063964,0.05339475355904944,9.433946328878278,0.045978589330238746,0.05118390205653861,0.005241853031509584
104.30000000000001,28.624731212631513,77.221455451301,16.740384776192705,0.7991015996803222,28.624711333684296,77.22147621005246,0.0,0.04258899409226098,0.02036600500234363,9.535477981819371,-0.032953149292858974,0.09082533161894286,-0.01936118401786653
104.4,28.62474169820967,77.22146772761228,16.7384104483617,0.7991015996803222,28.62476625827225,77.22148399992679,0.0,0.2787868666988018,0.29354868624326746,9.456341908608326,-0.05565670403657207,-0.02127592726735955,-0.010306515634234478
104.5,28.624752182546683,77.22148000247044,16.736429166891224,0.7991015996803222,28.624769519999614,77.22146743176525,0.0,-0.3610281669491221,-0.6986173594588992,10.135854851343563,-0.00029428793999756986,-0.01793417759347978,0.006663851870917894
104.60000000000001,28.62476266563819,77.22149227587039,16.734440939706396,0.7991015996803222,28.624801697592492,77.2214694891612,0.0,0.42522019727003846,0.16552304955123237,9.946254266606978,0.014655540836142848,-0.026611084667192836,0.006847458608081636
104.7,28.624773147479853,77.22150454780704,16.73244577476012,0.7991015996803222,28.624760122432647,77.22150473963414,0.0,-0.05091136147303263,-0.4631778021722157,10.375544856385172,-0.023210825177895827,-0.057301002181750785,0.022872811288394176
104.80000000000001,28.624783628067327,77.22151681827532,16.730443680033055,0.7991015996803222,28.6248246420132,77.22147657818832,0.0,0.0389957710733426,-0.10374245187787708,9.357807965190458,0.0018914219547129145,0.04687247500359887,0.008686936438071328
104.9,28.624794107396276,77.22152908727014,16.728434663533577,0.7991015996803222,28.62480772607265,77.22149611170522,0.0,0.12275942025764161,-0.32340862025980555,10.089203107416225,-0.03428433579752141,0.00034702930674532304,0.007883002599320493
105.0,28.62480458546237,77.22154135478644,16.72641873329775,0.7991015996803222,28.624793021330547,77.22150327876143,0.0,0.05200095073518855,-0.41270322500376805,9.627894606047729,-0.02184781275382246,0.05685152367998003,0.01681870556439604
105.10000000000001,28.624815062261284,77.22155362081914,16.72439589738929,0.7991015996803222,28.624811872880976,77.22148006597745,0.0,-0.11771256833881028,-0.6434901290570615,10.706327995961257,0.02976407198723499,0.05103607884748963,0.04515144661400526
105.2,28.624825537788695,77.22156588536319,16.72236616389954,0.7991015996803222,28.624821101742924,77.22154471557774,0.0,0.3425987769408192,0.2364560724124966,9.622092442586517,0.04534949377079929,-0.0325210889412496,-0.03993426772539642
105.30000000000001,28.624836012040287,77.22157814841354,16.72032954094743,0.7991015996803222,28.62483751717063,77.22158800238469,0.0,-0.3168871230250089,-0.3048692925799439,9.546583632915004,-0.058881114502960956,-0.012104826109637996,-0.037736538690846415
105.4,28.624846485011748,77.22159040996515,16.71828603667945,0.7991015996803222,28.624898915969048,77.22163249343335,0.0,-0.1486571328819088,0.04189024462426112,8.94782133018476,0.03320115278888118,0.08631288240801979,0.010722563732107084
105.5,28.624856956698775,77.22160267001296,16.716235659269618,0.7991015996803222,28.624828120793897,77.2216308250719,0.0,0.0740012307125776,0.08686773446747717,10.618899491343045,-0.023130623520183607,-0.026649025023157275,-0.009672276904061828
105.60000000000001,28.62486742709707,77.22161492855194,16.714178416919435,0.7991015996803222,28.62491935734909,77.22156038259979,0.0,0.5926120326768077,-0.19193556023573996,9.290281936776125,0.04131925253777764,0.03956132413982076,0.0006092710416339743
105.7,28.62487789620233,77.22162718557706,16.71211431785787,0.7991015996803222,28.624867506605835,77.2216684359583,0.0,-0.05226280931201113,1.0273562755111867,10.105916614987185,0.03271222000583023,0.03807930035808607,0.005595975271355273
105.80000000000001,28.624888364010275,77.22163944108331,16.710043370341317,0.7991015996803222,28.624825641169238,77.22163346523067,0.0,0.3366803175382851,0.6756057241526642,9.731219192251162,0.05496720029327223,-0.011820472496606851,-0.0020477903899587847
105.9,28.62489883051661,77.22165169506566,16.70796558265356,0.7991015996803222,28.624897676576552,77.22162757758318,0.0,-0.1826767630356598,-0.1649700207413821,10.526416912357274,0.024055897120117166,-0.01686560014662295,0.024198949795314527
106.0,28.62490929571706,77.2216639475191,16.705880963105752,0.7991015996803222,28.624936632046982,77.22162854157094,0.0,0.17826506643934598,-0.007902275609281677,10.036035465630713,0.08956709645921017,-0.07863266605400182,0.02514395006456538
106.10000000000001,28.62491975960735,77.22167619843864,16.703789520036366,0.7991015996803222,28.624853709947693,77.22170096329491,0.0,-0.6746165775501175,-0.316078341369788,9.601424092486694,0.015628634037258688,-0.023318252384345716,-0.004100641186355792
106.2,28.624930222183213,77.22168844781928,16.70169126181117,0.7991015996803222,28.624892370473653,77.22165728455529,0.0,-0.021472374853823792,0.11102673170258633,9.981492284142725,-0.026294410084128444,-0.0047542713587537064,0.010448628075146621
106.30000000000001,28.624940683440382,77.22170069565601,16.699586196823198,0.7991015996803222,28.624948819939636,77.22173661850339,0.0,-0.03245149208164208,0.0006278242164667383,10.649157016683208,-0.11035459492352295,-0.03946096404049361,0.009283190986267193
106.4,28.6249511433746,77.22171294194386,16.697474333492703,0.7991015996803222,28.624902538444665,77.22173090827008,0.0,-0.08744662129914757,-1.4196013964259633,9.205802456110282,-0.00042831094585991166,-0.07957600018791512,-0.04057347396894572
106.5,28.62496160198161,77.22172518667784,16.69535568026714,0.7991015996803222,28.624977919009364,77.22171803102637,0.0,0.12259135797910467,0.8139115175719767,9.488797725662463,0.08570429489957308,-0.032354067643511855,-0.023638801329359763
106.60000000000001,28.62497205925717,77.22173742985298,16.693230245621113,0.7991015996803222,28.624972442853508,77.22168271754444,0.0,0.14953586378265465,-0.06196298277896234,9.957400879482064,-0.01847285092599856,0.048455931674166036,0.016690195057020185
106.7,28.624982515197036,77.22174967146431,16.691098038056364,0.7991015996803222,28.62493075525266,77.22172563951729,0.0,0.3222948104191883,-0.4610687538788172,9.19597801679754,-0.020546958594393573,0.02100486092565612,0.0066900133928319136
106.80000000000001,28.624992969796967,77.22176191150687,16.688959066101717,0.7991015996803222,28.625000217330815,77.22177246098278,0.0,0.19211439495245403,-0.18466756713884375,9.317467767886523,-0.038975918839626006,0.046168050340782044,0.027354015090964544
106.9,28.625003423052732,77.22177414997572,16.686813338313055,0.7991015996803222,28.624972858218513,77.22176320241415,0.0,-0.295819535198506,0.28770595304744945,9.003414333472646,0.077683337572105,-0.009782409633549533,-0.013495802467719451
107.0,28.625013874960104,77.22178638686589,16.68466086327329,0.7991015996803222,28.625027308221828,77.22176215808385,0.0,-0.5633933142273936,-0.8533825336778553,10.447395945796298,0.017391365511019264,-0.07100820853012561,0.02317841056214672
107.10000000000001,28.62502432551486,77.22179862217244,16.682501649592318,0.7991015996803222,28.625053330889664,77.22178462846547,0.0,-0.6348324656209812,-0.19716421903427195,10.54761900788379,-0.022873328186033225,-0.015003003065818872,-0.010833366494998942
107.2,28.62503477471279,77.22181085589045,16.680335705906995,0.7991015996803222,28.62502076887627,77.22173440685428,0.0,0.10057020181068028,-0.022791750801376805,11.047110766222003,-0.05952525468144814,0.01761352582995898,-0.014403642211685509
107.30000000000001,28.62504522254968,77.22182308801499,16.678163040881085,0.7991015996803222,28.62505820265222,77.22180200335035,0.0,0.4259572629072348,-0.694892313562349,10.04658066878026,0.04371144240516385,-0.026002455464298982,0.012687009175445635
107.4,28.62505566902132,77.22183531854111,16.675983663205248,0.7991015996803222,28.625051232303555,77.22184604798838,0.0,-0.13156299848038205,-0.4702267326258104,9.182358626835905,0.01099548967278061,-0.04820243477669537,0.012267894016913874
107.5,28.62506611412352,77.22184754746391,16.673797581596997,0.7991015996803222,28.625049457366554,77.22184872273918,0.0,-0.1716436268825036,-0.35970327084425413,9.644874303437694,-0.06325344555562233,-0.0038817520793726795,-0.012309845974839393
107.60000000000001,28.62507655785208,77.22185977477848,16.671604804800648,0.7991015996803222,28.625058244188267,77.2218823640793,0.0,-0.31642279353987657,0.499982030935716,10.300989670443787,-0.12265461072207214,0.09576863312034366,-0.01725194913509147
107.7,28.62508700020281,77.22187200047992,16.669405341587307,0.7991015996803222,28.625076413961438,77.22190724735721,0.0,-0.16506775176011598,0.09934155584983488,9.845007055211727,-0.05131612478448836,-0.006237768663144692,0.01414351474883632
107.80000000000001,28.625097441171533,77.22188422456333,16.66719920075483,0.7991015996803222,28.625064765848094,77.22192449938585,0.0,-0.2071509519835362,-0.8152697245941132,10.03020644764389,-0.009828991470468772,0.03608574892070714,0.010860847609924036
107.9,28.625107880754065,77.22189644702381,16.66498639112777,0.7991015996803222,28.62508442266603,77.22189136672537,0.0,0.05337140744157935,-0.07905382313770497,9.079158812021989,-0.011451260570275137,0.00506369803363417,0.019231789665596216
108.0,28.62511831894624,77.2219086678565,16.662766921557367,0.7991015996803222,28.625130891878623,77.22192892716575,0.0,-0.43870047068161044,-0.01988958611106295,9.950680728193262,-0.0560830898333618,0.005417763153923061,0.005907831665672469
108.10000000000001,28.625128755743884,77.2219208870565,16.660540800921492,0.7991015996803222,28.625112718945196,77.22192904498907,0.0,-0.04653509861299002,-0.03724618036525421,9.00773038662257,-0.003141509933545835,0.006410150041622809,0.049436145172542814
108.2,28.625139191142843,77.22193310461894,16.65830803812463,0.7991015996803222,28.625150849090577,77.22189022408028,0.0,0.589181004942309,-0.15355619210283725,9.29434198833152,0.045111893405690356,-0.006806683634472984,-0.028526934421706424
108.30000000000001,28.625149625138956,77.22194532053896,16.656068642097825,0.7991015996803222,28.62518227090971,77.22195686761873,0.0,0.5829109757406242,-0.17990966076965334,9.809709839766233,0.062376822205697235,-0.019177328978695406,-0.0023390120305550677
108.4,28.625160057728078,77.22195753481171,16.65382262179866,0.7991015996803222,28.625178757427452,77.22191971512318,0.0,-0.08817002306972235,1.1929689884418375,9.967351907329023,0.0373702457636404,0.13446503553679373,-0.018889289464904167
108.5,28.625170488906065,77.22196974743231,16.651569986211214,0.7991015996803222,28.625167899094198,77.22193609221414,0.0,-0.013535944953856197,-0.3203920932158074,9.847563317104203,0.0010006057699336387,0.09257162970929368,0.0021019657836294854
108.60000000000001,28.625180918668775,77.22198195839594,16.649310744346028,0.7991015996803222,28.625168663288058,77.22201400216922,0.0,0.2174299719132324,-0.11125763663768208,9.681343144057227,-0.02501094249525393,-0.0499933244468391,-0.005449664528619923
108.7,28.625191347012077,77.22199416769776,16.647044905240058,0.7991015996803222,28.625235260543796,77.22202352000674,0.0,0.32532947414694946,-0.19849155971713106,9.78900584772426,-0.07788462068991406,0.08789083880989398,-0.03435784589900161
108.80000000000001,28.625201773931845,77.22200637533292,16.644772477956668,0.7991015996803222,28.625210744095835,77.22201607193925,0.0,0.30422305022677215,-0.4348365095531696,9.6201995117708,0.05902408208794725,0.0025756059224607748,0.005234336356910868
108.9,28.625212199423956,77.22201858129662,16.642493471585556,0.7991015996803222,28.625252729961492,77.2220489570349,0.0,0.17993984194360263,-0.31201759556252817,9.357896149256348,-0.07926699254922889,-0.012412866682773022,0.005259694958324431
109.0,28.625222623484294,77.22203078558402,16.64020789524275,0.7991015996803222,28.625133992087594,77.2220619175245,0.0,-0.6283300210873025,0.43794234904333634,9.773480474965185,-0.04903970887351696,0.12477405175094758,0.0145422288516072
109.10000000000001,28.62523304610875,77.22204298819032,16.637915758070548,0.7991015996803222,28.625199887154096,77.22205573435491,0.0,-0.32144781653872,0.8789925171518218,10.274086516384214,0.05308926039147273,0.10161217518852524,-0.03527272455888518
109.2,28.62524346729322,77.22205518911072,16.635617069237497,0.7991015996803222,28.625265977428505,77.22204747189775,0.0,-0.28182440817350873,0.0405614208129933,9.809371756480957,0.10736270005773024,-0.008758231894284957,-0.003444394423894279
109.30000000000001,28.625253887033605,77.2220673883404,16.63331183793835,0.7991015996803222,28.62522093210719,77.22206750076099,0.0,-0.15935361309874033,-0.08728263000790136,9.530808173796972,-0.08088074988188293,-0.002122804098739609,0.014134632770247686
109.4,28.625264305325814,77.2220795858746,16.63100007339403,0.7991015996803222,28.6252868975128,77.22207686712046,0.0,-0.15533588316810978,0.7521578848105885,9.794803127403636,-0.04708137588995484,-0.026788949832655225,0.011518375161262594
109.5,28.62527472216576,77.2220917817085,16.628681784851594,0.7991015996803222,28.625303789805553,77.22211823220987,0.0,0.3325324107023234,-0.053084887043276935,9.663953346686805,0.053827099799815196,-0.0012604398549007775,-0.011149169228188848
109.60000000000001,28.62528513754936,77.22210397583734,16.626356981584184,0.7991015996803222,28.625283699792096,77.22213357572288,0.0,-0.09950862408738029,-0.4544832341369855,10.561473102353197,-0.01169927092124825,-0.009700455523894798,-0.009528010208096554
109.7,28.625295551472536,77.22211616825636,16.62402567289102,0.7991015996803222,28.62530037693461,77.22211873288445,0.0,-0.0900894096241408,0.2107356225100585,9.867496028948105,0.03439760893162543,0.030852189399190457,0.018521608859821383
109.80000000000001,28.625305963931226,77.22212835896079,16.62168786809733,0.7991015996803222,28.625308107698693,77.22207743341241,0.0,0.38444523950033005,0.36540003141838534,9.753999888772075,0.015890101634928756,0.07319170417641835,-0.04400531484988051
109.9,28.62531637492136,77.22214054794586,16.61934357655433,0.7991015996803222,28.625334553151706,77.2221293490771,0.0,-0.3153320053298724,-0.1432458409039685,9.48916222567761,-0.014876135166343127,0.05154306261850013,0.012795728126425581
110.0,28.625326784438883,77.22215273520682,16.61699280763918,0.7991015996803222,28.62534614820151,77.22209965484114,0.0,0.033321682233616784,-0.3357876247072291,9.396610720731365,-0.0705037900171134,0.024850213627564188,-0.037702020032696154
110.10000000000001,28.625337192479744,77.22216492073893,16.614635570754956,0.7991015996803222,28.62536203699852,77.22214810832871,0.0,-0.46149901164072993,-0.6530009977647541,9.961007442880563,0.018283539465030547,-0.0636404414751662,0.020446711232375105
110.2,28.625347599039895,77.22217710453747,16.612271875330606,0.7991015996803222,28.62534253759342,77.22220518193872,0.0,-0.03447761960002069,0.3772635867497557,9.909852601394233,-0.07523952523892583,0.10226933101150244,-0.016282357835780296
110.30000000000001,28.6253580041153,77.22218928659767,16.6099017308209,0.7991015996803222,28.625349001087102,77.22219872505349,0.0,-0.5050948016535814,-0.4261667686650163,9.45799393804089,0.019975483493205867,0.04772721723258689,0.0051744581097740525
110.4,28.625368407701917,77.22220146691484,16.60752514670642,0.7991015996803222,28.625362320172172,77.22222756890385,0.0,0.1079051213020672,-0.6950865413913513,10.481746277722229,-0.04472423302155565,-0.01768554731913381,-0.013133085723495655
110.5,28.625378809795727,77.22221364548426,16.605142132493494,0.7991015996803222,28.625394014212024,77.22221247226818,0.0,0.3963560774295892,1.3019893339789703,9.727529169631042,-0.03565090538625109,-0.0104948946566038,0.02423807385388406
110.60000000000001,28.625389210392704,77.22222582230121,16.60275269771418,0.7991015996803222,28.625434226861636,77.22220348745722,0.0,-0.041194700547468405,0.24321862967685207,10.102105242124008,0.023435760944887064,0.015754729026360874,-0.0026843513876195196
110.7,28.62539960948883,77.222237997361,16.60035685192621,0.7991015996803222,28.6253929624068,77.2222456452471,0.0,0.36242064297248866,-0.21280474797052873,8.780429832747755,-0.056646517173771796,0.0805312575868383,0.016376288325791757
110.80000000000001,28.6254100070801,77.22225017065894,16.59795460471297,0.7991015996803222,28.625431931360332,77.22228870805364,0.0,-0.6371491329460495,0.7458649923660173,10.851079955005947,0.11526999868069854,-0.06480138040936177,-0.05809415926665322
110.9,28.625420403162504,77.22226234219032,16.59554596568344,0.7991015996803222,28.625415575427986,77.22227558064377,0.0,-0.025407725104838824,0.5341568619760607,9.241976146050067,-0.07557992368157643,0.03605517145970769,-0.005913229452290293
111.0,28.625430797732047,77.22227451195047,16.593130944472172,0.7991015996803222,28.625448263415745,77.22226543503359,0.0,-0.3391472549440965,0.5404882090767091,10.712987461076882,-0.10571121920127663,-0.08379429123055762,-0.0036195659462280568
111.10000000000001,28.625441190784738,77.22228667993473,16.590709550739252,0.7991015996803222,28.625454328070056,77.22229250411377,0.0,-0.21953408046845288,0.7445847872361676,10.030126768927895,-0.11068738872578757,0.070602203980194,0.015980881670439713
111.2,28.62545158231659,77.22229884613841,16.588281794170253,0.7991015996803222,28.625452224743007,77.22226340548272,0.0,-0.09744577830080803,-0.1983597922445001,8.589577321071335,0.05276125194467416,0.07614428050687211,-0.0424442389661632
111.30000000000001,28.62546197232362,77.22231101055687,16.585847684476192,0.7991015996803222,28.625484804925758,77.22235068437581,0.0,-0.22314252570665935,-0.27828336695452366,9.643463745500654,0.05380183778814066,0.03297659386230111,-0.04642499925357124
111.4,28.625472360801858,77.22232317318544,16.583407231393508,0.7991015996803222,28.62548143599804,77.22235062942238,0.0,0.4314073031882195,-0.5962873584295991,10.052152748818923,0.08113058390482705,-0.030747018512600116,-0.00945311068985219
111.5,28.625482747747338,77.22233533401949,16.58096044468401,0.7991015996803222,28.62548229065361,77.22233324816277,0.0,-0.15524044396538325,0.19790780630506608,10.237554433348132,0.10944345844302368,0.009880643545442725,0.01958659669551248
111.60000000000001,28.625493133156095,77.22234749305437,16.57850733413484,0.7991015996803222,28.62547995791294,77.22232478187622,0.0,-0.19735220134580075,-0.5516796498515488,10.068201098637418,-0.07709624913006072,-0.031155950107766978,0.003946084373001318
111.7,28.625503517024175,77.22235965028545,16.57604790955844,0.7991015996803222,28.62553027737484,77.22238313575096,0.0,0.3094889699188976,0.07480001045617671,10.16965483710082,-0.0900885156636131,-0.03412180943563392,-0.04397154356469802
111.80000000000001,28.625513899347627,77.22237180570812,16.573582180792503,0.7991015996803222,28.625518486341505,77.22233920531241,0.0,0.3822414388766957,-0.482150705666027,9.068485747106767,-0.027767039410364226,-0.07470565473419276,0.032733606147649995
111.9,28.62552428012251,77.22238395931775,16.571110157699938,0.7991015996803222,28.625593382122638,77.22239163802898,0.0,-0.24794546854057445,-1.0226423145398655,10.239944903818438,0.049164653086926566,-0.06464012802471765,0.0025451525680247576
112.0,28.625534659344886,77.22239611110975,16.56863185016884,0.7991015996803222,28.625475910014437,77.22242553959786,0.0,0.4043162193279912,-0.2562107567614242,9.557068916699258,-0.040938582182731824,0.010842604149583972,0.029614713940772544
112.10000000000001,28.625545037010827,77.2224082610795,16.56614726811243,0.7991015996803222,28.625564151465163,77.22238711717407,0.0,-0.04711957889507368,0.275534389090232,9.83487876819399,-0.025877940044098664,-0.02363186965537925,0.014605700852640067
112.2,28.625555413116405,77.2224204092224,16.56365642146904,0.7991015996803222,28.625529336487546,77.22244230781973,0.0,-0.03513827900109792,-0.11281951370799766,9.826034155494044,-0.01925375790395585,0.05490480704443962,-0.01826878022775031
112.30000000000001,28.625565787657706,77.22243255553387,16.561159320202044,0.7991015996803222,28.625532613759567,77.22240068511397,0.0,0.34345770567667133,-0.05690437926505542,10.470113832935882,-0.07002277768540649,-0.006191859747889699,-0.033014045632607174
112.4,28.625576160630814,77.22244470000933,16.558655974299853,0.7991015996803222,28.625572560769164,77.2223873506441,0.0,0.31785252041548817,0.18010564113985306,9.901721179223818,0.049671650785602185,0.003942102020825087,0.045326460760206785
112.5,28.625586532031825,77.22245684264422,16.556146393775844,0.7991015996803222,28.62558215188807,77.22248857738305,0.0,0.013703073170111851,0.042075232392083106,10.04001921858322,-0.03583072965267689,0.014571877959052452,-0.0015905880353142827
112.60000000000001,28.62559690185684,77.22246898343396,16.55363058866833,0.7991015996803222,28.625625674246113,77.22251085168776,0.0,0.06689449121052443,0.5607475828687618,9.976562983908869,-0.042338664974220314,-0.01647021654402193,0.0034250506894374392
112.7,28.625607270101966,77.22248112237399,16.551108569040537,0.7991015996803222,28.625633715202106,77.2225318728572,0.0,0.2661638256643558,0.20898650968005922,10.015645309928523,-0.03286685663236403,0.006183262036396029,-0.013280284304191608
112.80000000000001,28.625617636763316,77.22249325945978,16.548580344980532,0.7991015996803222,28.62560704685452,77.22252712065522,0.0,-0.1488511876869958,0.7305139318542405,10.032778640311271,-0.025426021458171327,0.035094964624926166,0.009385118999587048
112.9,28.625628001837008,77.22250539468676,16.546045926601217,0.7991015996803222,28.625630220543076,77.22245698028733,0.0,0.3963038887801501,-0.5425714399925707,9.71476190281945,-0.014909985971437351,0.08418678195992636,0.0014272786603310023
113.0,28.625638365319173,77.22251752805042,16.54350532404025,0.7991015996803222,28.62562945055974,77.22251565586033,0.0,0.42482960082504007,-0.28128114590554004,9.463721114042695,0.038294922274626,0.13652451434504942,0.03686406052707591
113.10000000000001,28.625648727205938,77.22252965954621,16.54095854746005,0.7991015996803222,28.6256550414529,77.22257189417661,0.0,0.11077308984072659,-0.16334291147352883,9.59266817920643,0.023520224983457044,0.04118528557170645,0.04820855572420109
113.2,28.625659087493442,77.22254178916963,16.538405607047714,0.7991015996803222,28.625645522955086,77.22254063990819,0.0,0.044140914925841206,0.17409021615293743,9.447961022541971,0.017636432212678573,-0.03494902033829881,0.02584840572843323
113.30000000000001,28.625669446177834,77.22255391691614,16.535846513015,0.7991015996803222,28.6256407446986,77.22250944802923,0.0,-0.09315021018703071,-0.35033703421850027,9.260339081508643,0.04824999254391106,-0.003155196589851251,0.007334734002033072
113.4,28.625679803255263,77.22256604278125,16.533281275598284,0.7991015996803222,28.625639119479228,77.2226067729835,0.0,0.40198732542531157,0.2562945907871251,9.637445008886433,-0.014506910115909225,0.05198021337473007,0.033822503938093246
113.5,28.625690158721888,77.22257816676047,16.530709905058508,0.7991015996803222,28.625706920789895,77.2225867960082,0.0,-0.23478449222937456,-0.3612274084104336,10.727222108688448,0.061298942858909,-0.0223753735111979,0.0021838622322799756
113.60000000000001,28.62570051257387,77.2225902888493,16.528132411681153,0.7991015996803222,28.625696605524723,77.2224890243182,0.0,-0.056660431381386295,-0.8016218307977476,10.042729077956267,-0.054478525050301756,0.12971066398437675,0.009154287563455623
113.7,28.625710864807388,77.22260240904326,16.52554880577619,0.7991015996803222,28.62572615503808,77.22260534531118,0.0,0.048332744225801506,-1.0083752509859973,9.557113709153057,-0.003412260779249525,0.05752781294084618,0.0276891349956497
113.80000000000001,28.62572121541861,77.22261452733787,16.522959097678033,0.7991015996803222,28.625779888969465,77.22265415721479,0.0,-0.11382625277536781,0.20513287492770585,10.200301035843008,-0.053019359398315584,-0.11660003990939359,0.008130548363147156
113.9,28.62573156440373,77.22262664372866,16.520363297745522,0.7991015996803222,28.625734547776453,77.22264451094198,0.0,0.3544401782618004,-0.16516114687679304,9.426041120180601,0.03657654968961551,0.004158695576900635,0.004404029529967781
114.0,28.625741911758926,77.22263875821118,16.517761416361843,0.7991015996803222,28.625740211500563,77.22262585845826,0.0,0.10075491321338059,-0.5369504648049285,9.836445056021262,-0.041692682401648126,0.023722939511958793,-0.003571051985831462
114.10000000000001,28.625752257480404,77.22265087078097,16.515153463934524,0.7991015996803222,28.625771128452886,77.22261000476948,0.0,-0.10993218252546816,-0.6989379608719714,9.614704565342336,-0.04097764613325904,-0.0530793312419242,0.010802580043845983
114.2,28.625762601564364,77.22266298143359,16.51253945089537,0.7991015996803222,28.625756150451796,77.22265003705823,0.0,-0.08091869152983491,-0.5180179857136895,10.159892228692426,-0.022850420271007227,-0.050430368231889636,0.02479692533243044
114.30000000000001,28.625772944007018,77.22267509016459,16.509919387700428,0.7991015996803222,28.6257868754523,77.22266498739471,0.0,0.3986983736299604,0.9047330685474595,8.21483226125394,0.10314029001524189,0.026295392951940146,0.019656087074136144
114.4,28.62578328480458,77.22268719696955,16.50729328482995,0.7991015996803222,28.62575844112132,77.22272403145574,0.0,0.23127525218344788,-0.09549477902854328,9.476708276589909,0.053792522623332555,-0.006015448922149203,0.018224104494924162
114.5,28.625793623953275,77.22269930184405,16.50466115278834,0.7991015996803222,28.625800056951057,77.22273791179427,0.0,-0.14116329529924238,-0.4739925527074593,9.732929994373041,-0.05970298060512108,0.0002865155549196345,-0.007930827239385397
114.60000000000001,28.625803961449332,77.22271140478367,16.502023002104128,0.7991015996803222,28.62580732520131,77.22273767922474,0.0,-0.08895868764949588,-0.2141696402093203,10.5886779629751,0.10138203595781042,-0.024584407243909884,0.04624172193275641
114.7,28.625814297288986,77.222723505784,16.499378843329907,0.7991015996803222,28.625838762285635,77.22274110461952,0.0,0.13685033174553302,-0.13630812482572913,10.346457525350747,-0.05452182661818805,-0.05296947665016675,0.017254316186401032
114.80000000000001,28.625824631468483,77.22273560484066,16.496728687042314,0.7991015996803222,28.625831674043237,77.22271102563458,0.0,0.2767225306174674,0.5359940300457998,9.646914700720185,-0.012645907626991857,0.00984197784104096,0.021762031486198645
114.9,28.62583496398407,77.22274770194925,16.49407254384197,0.7991015996803222,28.625816099774724,77.22273131769498,0.0,0.12397935473456653,-0.15149553031593163,10.347325953077616,-0.050093527471130196,-0.032666604589936137,-0.04601328829081509
115.0,28.625845294832,77.22275979710538,16.49141042435344,0.7991015996803222,28.625850823783814,77.22273895473128,0.0,0.20101885449735207,-0.11504640720825939,9.739591456346618,-0.03865328529359016,0.00960537049632677,-0.02904003653565297
115.10000000000001,28.625855624008544,77.22277189030468,16.4887423392252,0.7991015996803222,28.625880998013056,77.22275109180387,0.0,-0.02441180843071286,-0.35186631299818044,9.71437485320227,-0.05308137118493599,-0.03731287356231755,0.027798479905067564
115.2,28.625865951509965,77.22278398154279,16.48606829912959,0.7991015996803222,28.62587791075742,77.22279884466968,0.0,0.4647110032783237,0.16694111804297543,9.48981743320813,-0.08259425995677644,0.0611634648933491,0.019508250364042252
115.30000000000001,28.625876277332544,77.22279607081533,16.483388314762767,0.7991015996803222,28.625879870376107,77.22282136263661,0.0,0.2465556892701653,0.057663952216297214,10.113226598023193,-0.07382814048372088,-0.011246728682355779,-0.020485948612198546
115.4,28.625886601472562,77.22280815811797,16.48070239684466,0.7991015996803222,28.62587370838586,77.2228157830325,0.0,-0.2409191941909544,-0.13396274086357432,9.414169394669157,-0.0814038705416826,-0.04162049902158661,0.007024330848936621
115.5,28.625896923926305,77.22282024344635,16.478010556118942,0.7991015996803222,28.62590724472775,77.22280550305119,0.0,0.5340832890973525,0.1591821011941613,9.342298896859832,0.022287579832400692,-0.002049872591676718,0.015630024011206993
115.60000000000001,28.625907244690076,77.22283232679614,16.475312803352967,0.7991015996803222,28.625903457567258,77.22280196991537,0.0,-0.09662466755281432,0.2293788870293066,9.162221539133778,0.028535843800742068,-0.05168163651585107,-0.0178079133693698
115.7,28.625917563760172,77.22284440816301,16.47260914933775,0.7991015996803222,28.625902071552815,77.22283150369576,0.0,0.24766733492008874,-0.10972973258402777,9.908748018691412,-0.06012714188309162,0.07458265314575545,0.027101818170840702
115.80000000000001,28.62592788113291,77.22285648754264,16.469899604887896,0.7991015996803222,28.625925274971827,77.2228168660708,0.0,-0.04191020947491661,-0.5577249750352754,9.32181806061732,-0.05243305983265437,0.0027398700873819716,0.015186613273854826
115.9,28.6259381968046,77.22286856493072,16.46718418084158,0.7991015996803222,28.6258882642705,77.22289470667097,0.0,0.2239750088947224,0.12493603838475566,10.245413744909818,0.029578224783699737,-0.0787723438915335,-0.0401037650021342
116.0,28.62594851077157,77.22288064032294,16.464462888060503,0.7991015996803222,28.625921684705283,77.22288040956819,0.0,0.23191668411786645,0.3792832338872943,9.389292193700628,0.009129731861132811,-0.06341543716796251,0.016129711546097686
116.10000000000001,28.625958823030146,77.22289271371501,16.461735737429823,0.7991015996803222,28.625972050510505,77.22290652987783,0.0,0.18155229843356357,-0.20459005833968621,10.8748332573223,0.05866805137241138,0.07992014186993467,0.017730537868440942
116.2,28.62596913357667,77.22290478510264,16.459002739858143,0.7991015996803222,28.625963766604347,77.22290158152535,0.0,0.40463587382092336,0.8225430362415395,10.04941170704226,-0.023041463880850405,0.0425682173258397,-0.045489617185303186
116.30000000000001,28.625979442407484,77.22291685448155,16.45626390627745,0.7991015996803222,28.625988507793682,77.22285327345806,0.0,0.19708617446190266,0.42427332976252335,9.08522612781668,0.026684850322684795,-0.011542617439109303,-0.04669805637408434
116.4,28.62598974951894,77.22292892184748,16.45351924764307,0.7991015996803222,28.625974121406895,77.22296331496193,0.0,-0.04216433703755956,-0.13333798828995097,9.746810557551935,-0.05177199757947886,-0.07900830330166964,-0.022034045832235817
116.5,28.626000054907394,77.22294098719615,16.45076877493364,0.7991015996803222,28.62601607542708,77.22293860295377,0.0,0.10972919888695876,-0.03152853355851777,10.302371802945073,-0.03694632463826266,-0.09222647896734151,0.01228255293207809
116.60000000000001,28.62601035856921,77.22295305052332,16.448012499151044,0.7991015996803222,28.62599516651706,77.22296375035411,0.0,0.2368277926433975,0.6425917889302386,10.545204859570797,0.0031383599620241178,0.007131308727665347,-0.0015730554404951693
116.7,28.626020660500764,77.2229651118247,16.445250431320382,0.7991015996803222,28.626032755613792,77.22290346464891,0.0,0.06070996479008695,-0.2158330738542211,10.078731163302672,0.05470537437739075,-0.0355904408636629,0.006963060350328656
116.80000000000001,28.626030960698433,77.2229771710961,16.44248258248992,0.7991015996803222,28.62603021135581,77.22297364706905,0.0,-0.05535152269400351,0.22726228087460404,10.004482158255493,-0.025332524383464606,-0.11411379926312976,-0.008089371763395876
116.9,28.6260412591586,77.22298922833326,16.439708963731054,0.7991015996803222,28.62607892610978,77.2229792479311,0.0,0.18170649325474045,0.06070023562221049,9.049517402192684,0.042123274320188,-0.007007366259157644,0.010692514030277203
117.0,28.626051555877662,77.22300128353197,16.436929586138252,0.7991015996803222,28.62598361055537,77.222999679229,0.0,0.2550688539471555,-0.5123060686118969,10.02233321851002,-0.1200839251728215,-0.026700299710854383,0.05092914432151513
117.10000000000001,28.626061850852015,77.22301333668801,16.43414446082902,0.7991015996803222,28.626046530503015,77.22302219695845,0.0,0.26338592860787713,0.11491089483908007,10.421960992670506,-0.0033620220320839424,0.00832635697888699,-0.023667091740390417
117.2,28.626072144078062,77.22302538779716,16.431353598943858,0.7991015996803222,28.626050808585816,77.2230075289867,0.0,0.518523182825707,-0.25369964697860287,9.380835826924795,0.03962702940504455,-0.0024728916230840527,0.044977366636985004
117.30000000000001,28.62608243555222,77.22303743685525,16.42855701164621,0.7991015996803222,28.626122950146883,77.22304451958175,0.0,0.5763405820421478,-0.5916893191739242,9.764956896303596,0.04749441506809072,0.048486533202446384,0.017560951607917333
117.4,28.62609272527091,77.22304948385806,16.42575471012242,0.7991015996803222,28.626054924113397,77.22304581013131,0.0,-0.09318812644964819,-0.9253390497949269,9.683927350701023,0.035100147765929894,-0.006574963922985143,0.002492520919959225
117.5,28.626103013230562,77.22306152880142,16.422946705581687,0.7991015996803222,28.626080431998854,77.22299673039488,0.0,-0.12823035393419893,-0.011139450685053074,10.043962041532694,-0.06088637706881416,-0.07100616172151684,-0.00764459147268293
117.60000000000001,28.626113299427605,77.22307357168116,16.420133009256034,0.7991015996803222,28.62615504837136,77.22305997287708,0.0,0.3477119492427615,-0.060673296565877895,9.77185327601891,0.0037209823256593904,-0.02480223691241158,0.0002734575785712128
117.7,28.626123583858483,77.2230856124931,16.417313632400234,0.7991015996803222,28.62608171065848,77.2230387042642,0.0,-0.46902966880511154,-0.27146458592113526,9.474664423767429,0.015317380200950359,-0.06044492993460925,0.009098007627100686
117.80000000000001,28.626133866519645,77.22309765123309,16.414488586291796,0.7991015996803222,28.62608422200538,77.22308387518783,0.0,-0.01630616951494293,0.5567828208831421,9.184760231080213,0.02371129787398893,-0.04861126661373052,-0.027384121760898883
117.9,28.626144147407548,77.22310968789698,16.411657882230898,0.7991015996803222,28.6261415760067,77.22310631291968,0.0,0.5031500340842818,0.5992726197505976,9.509336342572693,0.04656392911397668,0.019459520105475244,0.04037613720282718
118.0,28.62615442651865,77.22312172248063,16.40882153154035,0.7991015996803222,28.626182279523103,77.22309914894167,0.0,0.1286247221114756,1.2902321111254726,9.456611390860118,0.012053471589979449,0.028221578966034184,-0.02072668221080473
118.10000000000001,28.626164703849422,77.22313375497991,16.40597954556556,0.7991015996803222,28.626153389536608,77.22312249466202,0.0,0.05347423863864946,-0.690749845246473,9.27799733737469,-0.005124545503725545,0.06160305576477274,0.009716374455275373
118.2,28.626174979396346,77.2231457853907,16.40313193567446,0.7991015996803222,28.62617304000062,77.22314251836504,0.0,0.045604977187453447,-0.2677194171145075,9.047867970334714,-0.037590003074696295,-0.04946442705610912,0.008764951717779426
118.30000000000001,28.626185253155903,77.22315781370887,16.40027871325749,0.7991015996803222,28.626220040622986,77.22315323611278,0.0,0.3422600969497326,0.2948644027547537,9.326058638825565,0.01596238741637318,-0.07712978318889438,-0.013462567685045827
118.4,28.626195525124583,77.2231698399303,16.39741988972753,0.7991015996803222,28.62619455996369,77.22313578063145,0.0,0.08680272131960892,0.43683944153557625,10.387974895557074,-0.016985580500067734,-0.0758142344235308,0.019519029902281382
118.5,28.626205795298887,77.22318186405093,16.394555476519876,0.7991015996803222,28.626216325607764,77.22315566281169,0.0,0.26563560697888194,0.6512991207147703,9.356778520108453,0.04009568883453867,0.057537069922513284,0.01432279488605033
118.60000000000001,28.62621606367532,77.22319388606664,16.391685485092175,0.7991015996803222,28.626203317638577,77.2232585132383,0.0,0.5759134113922962,-0.16564225815923234,9.521311480980247,-0.007175543175195465,-0.003951830843015314,0.012119166985350049
118.7,28.62622633025039,77.22320590597334,16.388809926924388,0.7991015996803222,28.626226582223616,77.22318818289662,0.0,0.5591376866131176,0.11421507063115433,10.269873274675142,-0.014479381937742924,0.04597985762094986,-0.005365118150793648
118.80000000000001,28.62623659502062,77.22321792376698,16.38592881351875,0.7991015996803222,28.626246577702126,77.22325609315615,0.0,-0.0011201896041761195,-0.5810597444546227,9.40922204050818,-0.04994568178873958,0.013403843880670369,-0.00020080540522003686
118.9,28.62624685798254,77.22322993944348,16.3830421563997,0.7991015996803222,28.626285332687896,77.22323630540207,0.0,-0.023491966041452247,0.602984104430025,9.436057505084444,0.040062879226595315,0.006693414435519485,-0.028875932321980075
119.0,28.62625711913268,77.22324195299879,16.380149967113873,0.7991015996803222,28.626263011360436,77.22328049657924,0.0,0.13113447809586912,-0.24686987103415817,9.623601293173195,0.007954213747976125,-0.02917056718285335,-0.008342572412540463
119.10000000000001,28.62626737846759,77.22325396442886,16.377252257230015,0.7991015996803222,28.626277475900764,77.2232759919037,0.0,-0.05905358027172239,-0.4312362396503541,9.701485444359552,-0.011595225781831607,-0.004424009125635168,0.008476856837183591
119.2,28.626277635983808,77.22326597372965,16.374349038338966,0.7991015996803222,28.62625437283743,77.22325735952714,0.0,0.3255218081821437,0.43206767915589284,8.822575269822194,-0.04497960509716337,-0.011322714976581688,-0.008984908855158113
119.30000000000001,28.626287891677897,77.22327798089712,16.371440322053594,0.7991015996803222,28.62631902441815,77.22330657920875,0.0,0.4057723839338474,-0.029668665010257136,10.327728523904184,0.06931562373417847,-0.0013966419343764672,0.03985638195207847
119.4,28.626298145546418,77.22328998592725,16.368526120008763,0.7991015996803222,28.626285143532993,77.22327765618873,0.0,-0.3536250350110077,0.4086025678112499,10.07238919895348,-0.005527784400647545,-0.0048065650826605005,0.01131256367675483
119.5,28.626308397585944,77.22330198881603,16.365606443861278,0.7991015996803222,28.626296613066025,77.22331954652792,0.0,0.1355877902694909,-0.42213828368226325,9.965279877502455,0.007261924741631876,0.0037444431959440805,0.0024672845592122396
119.60000000000001,28.626318647793052,77.22331398955944,16.36268130528984,0.7991015996803222,28.626312439795136,77.22335862697885,0.0,0.5541080606200471,-0.3462781737949104,8.615373960134328,0.006433309547963783,0.020460389229651845,-0.015721174675498543
119.7,28.626328896164328,77.2233259881535,16.359750715994995,0.7991015996803222,28.626320885644983,77.22334841240502,0.0,-0.2651766918681977,0.79047569154523,10.391091333850946,-0.029374209311528045,-0.09273500931712512,0.001818736057042737
119.80000000000001,28.626339142696363,77.22333798459422,16.3568146876991,0.7991015996803222,28.6263543428063,77.22333033122823,0.0,0.17685912480322188,0.6237607428592197,9.65820900822312,-0.04973792422035042,0.06044442734760054,-0.020724562248379277
119.9,28.62634938738576,77.22334997887761,16.353873232146263,0.7991015996803222,28.626360241734442,77.22331379234936,0.0,-0.1465703276796639,-0.0701047461401601,10.282232283717377,0.00014595443514123907,0.031166123939746656,0.008402507228929428
120.0,28.626359660909927,77.22336193689597,16.350926361102303,0.7961830992890161,28.626366329661675,77.22338616756994,1.0,-0.011725036504042233,-0.3749864431330095,10.028123770655291,0.02317597539143393,0.027662030171195007,-0.04434204998361008
120.10000000000001,28.62636999429969,77.22337382354112,16.347974086354697,0.7902854623773643,28.626388542461545,77.22336377968917,1.0,0.650482285389291,0.2864312458446262,10.015587682333154,-0.05968746956093122,-0.06857530005800215,-0.03189678610288529
120.2,28.626380388899996,77.2233856364458,16.345016419712547,0.784221012560004,28.626375483709435,77.22342746825522,1.0,0.12804587963105335,-0.1709612876981645,10.292798818456381,0.024948409244649052,0.0070733705138668074,-0.05427512168319576
120.30000000000001,28.626390869762606,77.22339734569924,16.342053373006507,0.7756828011404909,28.62639152300228,77.22342263141978,1.0,0.2728778674971547,0.3016068949384633,10.0621939459605,0.022449641559531806,0.04377271402741664,-0.0757458570178284
120.4,28.62640141492662,77.22340897543127,16.33908495808877,0.76921957401432,28.62639224228306,77.22342789772203,1.0,0.24776224282675147,-0.1420008847636568,10.287963773172736,0.027290382596057816,0.04051909898208697,-0.05125239394698349
120.5,28.62641198185571,77.22342057511497,16.33611118683298,0.7668964969945681,28.626358090810783,77.22339380876674,1.0,0.08086950354786242,0.4837307780803129,10.660685447923445,0.08565381775821003,-0.0553446749950538,-0.027953005278031358
120.60000000000001,28.626422561906452,77.22343215486828,16.33313207113423,0.7654172648687646,28.626471147556533,77.22342601506465,1.0,-0.23462649247600434,0.05751991879369099,9.650562742739242,0.01424123684794703,-0.018947185359373793,-0.006352413938368533
120.7,28.626433173058384,77.22344369321289,16.33014762290897,0.7621614831473992,28.62641614623898,77.22341836652082,1.0,0.3960325514594356,-0.6464042311645551,9.750160735951514,0.00702525938246065,0.10731322279576538,-0.017114956422013834
120.80000000000001,28.626443761081998,77.22345525467368,16.32715785409499,0.7642511324409127,28.626432560860135,77.22343028901217,1.0,0.23848791367016506,-0.5011550181213442,10.189362372474278,0.00394040163345589,0.0010462557073256478,0.021690313916180884
120.9,28.62645435621378,77.2234668032489,16.324162776651367,0.7633588323567916,28.626496363442296,77.22349540936487,1.0,-0.1546777536068676,-0.5379298556972725,9.988554198878603,-0.027848711997337284,0.017697975168526368,-0.05783285940693785
121.0,28.626465037118475,77.22347824435967,16.3211624025584,0.7546651105490202,28.62645133539571,77.22345872107911,1.0,0.3406723096363966,0.9262008494498631,10.206325841115337,0.024339057635027878,0.05331850112934858,-0.11097065387109287
121.10000000000001,28.626475695523478,77.2234897081857,16.318156743817585,0.7567075943370868,28.626508938791414,77.22346214736427,1.0,0.9869880912482362,0.5932921594403623,9.469927636478513,0.0839836498364827,-0.015543823667912363,0.0008147574886757398
121.2,28.62648633020063,77.22350119609332,16.315145812451554,0.7588678695289458,28.62645038745404,77.22351657893039,1.0,6.290373629636026e-05,0.9594507742848138,10.12551545464861,0.024206558534726225,-0.03510877516688517,0.011530456151240771
121.30000000000001,28.626496986451457,77.2235126535343,16.312129620504027,0.756530389685161,28.62644298045874,77.22355630048273,1.0,0.1816862737943311,-0.4991015306817806,10.586534964142938,-0.03757987694960876,-0.018995499598426398,-0.06991279013655533
121.4,28.626507690558253,77.22352404841504,16.309108180039765,0.7515621843490091,28.626495760378493,77.22352232334727,1.0,-0.023892873079045127,0.15578030438435583,9.431584995134438,-0.07373412317732735,0.010726761186638855,-0.0801982838920734
121.5,28.626518385724722,77.22353544965152,16.30608150314453,0.7522572168841516,28.626482013338475,77.22354634798637,1.0,-0.22264490732362544,-0.3949929553704023,9.45047109968878,0.00011983878636928023,0.0023895658489415422,-0.009804023587048316
121.60000000000001,28.626529065768963,77.22354686473392,16.30304960192502,0.7535687522204794,28.626504580709568,77.22353751734153,1.0,-0.01876010320543431,-0.6060969041781945,8.800452072543484,-0.11019468421739259,-0.011916258249977447,0.03815885121272647
121.7,28.626539711355644,77.22355831697998,16.300012488508845,0.7568038019066781,28.62655882225888,77.22365281761141,1.0,-0.43732981392423664,0.09283192112168388,10.773271102924362,0.013302810649947094,-0.022137510150458686,0.019480638551581976
121.80000000000001,28.626550303204645,77.22356982919044,16.296970175044446,0.7619383379881725,28.626552121068393,77.2235772882114,1.0,0.37635001274328506,-0.16264194544805977,9.67569939376694,-0.13266545760728216,-0.056984809779528245,0.030016875185731304
121.9,28.626560831039914,77.22358141285508,16.29392267370108,0.7680580274524049,28.626541822057682,77.22361382129885,1.0,-0.22793278672408188,-0.011324007339255654,10.289360053691144,0.0897440717289595,0.01785422085961536,0.04043200048864769
122.0,28.626571299960187,77.22359306112955,16.290869996668743,0.7736426347090135,28.626558601994866,77.22360339916278,1.0,-0.12569049636664648,-0.058241528017106727,10.04369174625917,-0.059545266403780384,-0.006053153095026199,0.05876705277044833
122.10000000000001,28.62658173640887,77.22360474268928,16.287812156158136,0.7766219954617428,28.626555209165826,77.22356660204171,1.0,0.02938532610186048,0.4757122560899846,10.55807592929696,-0.06443373727288813,-0.02907843113634655,0.02918118615106191
122.2,28.626592154563653,77.22361644095493,16.284749164400626,0.778213548336676,28.626580539888682,77.22367888971208,1.0,0.04000802186452178,1.3086461864202257,11.021291397606443,-0.02106475335730257,-0.027506995908783607,-0.0050994536293291395
122.30000000000001,28.626602559335655,77.22362815019893,16.28168103364817,0.779325154838937,28.62653943588177,77.2235940091393,1.0,0.5847037988985931,-0.053427514894168575,9.136666479138675,0.007650484447305731,-0.02049550370757975,0.006542309679157302
122.4,28.6266129220478,77.22363990328547,16.27860777617329,0.7832189268761504,28.626639225261492,77.22370080325356,1.0,-0.03227241120684135,-0.4935616596874085,9.76048211087236,0.03509841854242932,-0.03810808780316504,0.016265542238087377
122.5,28.62662325295752,77.2236516881941,16.275529404269008,0.7861076900704467,28.62663214722461,77.22363688206498,1.0,0.2852277094990505,0.058505448469653755,9.807363427423057,0.07320472186044923,-0.01338062606818811,0.03856786935028233
122.60000000000001,28.62663354727695,77.22366351013397,16.27244593024881,0.7894503696354327,28.626593204056803,77.22367669898286,1.0,-0.875745970148333,-0.5324470503667449,10.266390778223318,0.05018365880725339,0.005953064936874353,0.01385072191555639
122.7,28.62664390422984,77.22367525639369,16.269357366446588,0.7832063766396191,28.626703042939802,77.22367552552572,1.0,-0.008257731394223797,0.5303149091918938,9.66726201805255,-0.008610805768547052,-0.03428251749762089,-0.07024008772624898
122.80000000000001,28.626654344262867,77.2236869023027,16.266263725216593,0.774922344981126,28.62664385763016,77.22366777568962,1.0,0.3729171313354941,0.5210508019079563,9.523457429418215,-0.02723309956646853,0.048443944811042264,-0.0868138806498057
122.9,28.626664693576586,77.22369864832015,16.263165018933385,0.7835649917677493,28.626687810198796,77.22365728931669,1.0,-0.14711871372853383,-0.7339184846194123,9.669990223413727,-0.05215382968828391,0.03861638659015268,0.0637457582910484
123.0,28.626675045236023,77.22371038715379,16.260061259991783,0.7831457896511665,28.6266374391912,77.22376045022398,1.0,0.12220258136735981,0.4152518790206469,9.173142385269728,-0.040360034946896856,0.012463807903586432,0.009640118896445003
123.10000000000001,28.626685468288027,77.22372203918393,16.256952460806826,0.7759987915849802,28.626685953301216,77.22370224150009,1.0,-0.13536828670985518,-0.6800730563298261,9.433597484733616,0.039295266686339946,0.0120096987702282,-0.08554016438769967
123.2,28.626695815505443,77.22373377407499,16.253838633813697,0.7831924340594313,28.626708088193386,77.22370518475351,1.0,-0.42237155923363645,0.16693674284043272,9.645798167291476,-0.017015245699648605,-0.03927368287490726,0.06793688808611242
123.30000000000001,28.6267061757722,77.22374548948693,16.25071979146771,0.781731629037938,28.62663220306443,77.22375740536879,1.0,0.10275609195886451,-0.7665027908278996,9.979029770766623,-0.01627221733734165,-0.06849615582571818,-0.00577715284806754
123.4,28.626716518184516,77.22375722082162,16.24759594624422,0.7832731276135136,28.626687778998594,77.22375296141794,1.0,-0.148507103580514,0.3826076818799266,8.800008276357987,-0.00191092332321131,0.004454123716748412,0.016200423526986692
123.5,28.62672686221118,77.22376894577056,16.24446711063861,0.782922851717256,28.626725251277954,77.22375512523563,1.0,0.5180208815135782,-1.087896194412462,9.64560500308337,-0.015427428262686017,-0.03614111666281322,0.029749385681029424
123.60000000000001,28.626737180529737,77.22378069554081,16.241333297166214,0.7852244067641949,28.62671341077127,77.22382864917208,1.0,0.1514414994796976,-0.17361785206207403,9.1981335426691,0.02489500599080043,0.057615771701946074,0.01143812061510313
123.7,28.626747589579224,77.2237923364195,16.238194518362288,0.7761921702286912,28.626740479598855,77.22380306766202,1.0,0.26889389215071513,0.5593714096589689,10.558743812137541,0.0017979609103578303,0.012025314466470857,-0.09793642931952373
123.80000000000001,28.626757995094724,77.2238039768065,16.23505078678194,0.7763408094884106,28.62676821942658,77.22379697818316,1.0,-0.45161174469197796,-0.7739728206161852,9.072460217765737,-0.035807696572693844,-0.03704738465553414,0.04923707548755958
123.9,28.62676843999184,77.22381556671894,16.23190211500009,0.7722802556738166,28.626766907930215,77.2238342199072,1.0,0.7953152820826968,0.28900560089678207,10.303148228275395,0.0864538754263951,-0.022594673723034836,-0.02580584074346548
124.0,28.626778877561353,77.22382716057234,16.228748515611425,0.7728009680998542,28.626751885899274,77.22385770670806,1.0,-0.06662027583867791,-0.4195787588520321,9.28049753821096,0.03848475348648065,-0.01442273886637429,-0.020018020583259605
124.10000000000001,28.626789303561377,77.22383876330116,16.22559000123033,0.7737378409678415,28.626791993766567,77.22384636023254,1.0,0.31616594851853486,-0.05356922942461465,10.106767606033756,0.06496572485876635,0.024649509231232946,0.035233034843683286
124.2,28.62679972082641,77.22385037157763,16.22242658449087,0.7743957609870297,28.62681354549041,77.22389889002787,1.0,-0.3232983124291766,0.22147861197998095,10.350368416111646,-0.0009468173497257037,0.048379363843921504,0.034874094581815396
124.30000000000001,28.62681013453468,77.22386197935927,16.2192582780467,0.7745451552981979,28.62678660284027,77.22391247256604,1.0,-0.5251697045738108,-0.8966207707816825,9.873165785561504,-0.027400600241885273,-0.0535236610330448,-0.003253894712232746
124.4,28.626820550220565,77.22387358019415,16.216085094571042,0.7741509902041469,28.626826836816903,77.22385171868987,1.0,0.3727957824470637,0.7029995773596984,9.357561954293054,0.08579016077109533,-0.008287017654886547,-0.017836967627910753
124.5,28.62683101632382,77.22388511732237,16.21290704675663,0.7689852203150239,28.626828512385668,77.22388829833264,1.0,-0.3427633014714081,-0.5168486378607102,9.36042734238755,-0.08034168098681982,-0.02677198332890054,-0.06377920483877363
124.60000000000001,28.626841474185404,77.22389665946415,16.209724147315647,0.7695960221986345,28.62684689228829,77.22394676222726,1.0,-0.4247071770365276,0.010189563921504245,9.644608216337854,-0.023889483252776744,0.07724820742529723,0.04097956489418766
124.7,28.626851854302775,77.22390828766247,16.206536408979687,0.7770387872972611,28.62690886641558,77.22390361208124,1.0,0.47831897700204584,0.7322638835166233,9.44165407398728,-0.012207744030452926,-0.01874853434072007,0.0896896983713591
124.80000000000001,28.626862214827334,77.22391993386162,16.2033438444997,0.7787566694348694,28.62683970385475,77.22397414218239,1.0,0.45091233348635196,-0.016452581505750078,10.817756352570433,0.00619554814922997,0.0004543032670331941,0.033928913645404714
124.9,28.626872549383826,77.2239316053146,16.20014646664594,0.7810943570738081,28.626852732196312,77.22397318999991,1.0,0.2777492289516078,0.008596493262039932,9.361913018794349,-0.05627898033367054,-0.012294289944387127,0.01822908343332661
125.0,28.626882878271974,77.22394327862477,16.196944288207913,0.7814482175741772,28.62683054987006,77.22393809715797,1.0,-0.11202825827680035,-0.49492795771686693,9.82602930820624,-0.04976931310819522,-0.01306773270497582,-0.03111882861602211
125.10000000000001,28.626893152544866,77.22395500967446,16.19373732199433,0.7865660466009377,28.626825776054392,77.22396128047441,1.0,0.34956381335927345,0.36680550694697367,9.688276509202971,-0.0072498194644180815,0.028472927375229454,0.06699395571108549
125.2,28.626903288526158,77.22396689122294,16.19052558083305,0.799713541328048,28.626923333124104,77.22397263728581,1.0,0.2369212463938011,-0.5769598129732357,9.796370742318699,-0.007133032685504075,0.04407481175016574,0.13303769562091386
125.30000000000001,28.62691348613345,77.22397869953117,16.187309077571033,0.7935927329197104,28.626903314656694,77.22396871353116,1.0,-0.40693516588359235,-0.5349037350867081,10.14607272072323,0.04991532646110106,-0.05956730327396237,-0.04129283805635345
125.4,28.626923740283058,77.22399043948072,16.18408782507429,0.7879254872881222,28.626944238023967,77.22397966508464,1.0,-0.1925682054872576,0.0876408640876111,9.158884959411248,-0.07250179513626244,0.03209021493344455,-0.05461517666169469
125.5,28.626934057997506,77.2240021022538,16.180861836227827,0.7815378670791108,28.626937136760834,77.22400468427702,1.0,0.18575227339859648,-0.4390328924292339,9.461713649774408,-0.040446715852050924,-0.020990951634504616,-0.07488344144927084
125.60000000000001,28.626944334318416,77.22401380767846,16.17763112393559,0.7853730070631206,28.626935929012028,77.22399270009811,1.0,0.1250629620805601,-0.13772214519525183,9.42502532724129,0.11447927732745869,0.08032636604847138,0.08878854685700673
125.7,28.626954574529602,77.22402554942825,16.174395701120428,0.7886822502631871,28.626920013428876,77.22395284794315,1.0,-0.14012845372324545,-0.0552145945689526,9.946316122989387,-0.049620909351654946,0.1334184543382828,0.04155661216003341
125.80000000000001,28.62696480577459,77.22403729664592,16.17115558072403,0.7893530034130439,28.62691838247287,77.22406364348384,1.0,0.08661822739603119,0.6525642295218405,9.604713265007703,-0.012703287557233415,-0.10053641292656049,0.014419597072574524
125.9,28.626974988897327,77.2240490933401,16.16791077570687,0.7938113851071145,28.62699739317083,77.2240891342912,1.0,-0.12675086936045535,0.9974843033483657,10.058161529613766,-0.11667516039245095,0.0496410929747556,0.024187969414016207
126.0,28.626985153891972,77.22406090564851,16.164661299048163,0.795363388403952,28.626981042927333,77.22409676862591,1.0,0.39651780580413465,0.3618065652328098,9.696454845523599,0.020727736227976915,0.01396033356253816,0.040280925115982566
126.10000000000001,28.62699529300208,77.22407274213671,16.161407163745814,0.7976601154375427,28.626952791166953,77.2241175930402,1.0,-0.040491315636815045,0.23041156774254745,10.739541519821193,0.003859742604327896,-0.040854053888024836,0.03467678826766458
126.2,28.627005473367205,77.22408452790823,16.158148382816357,0.7934836803338939,28.626984335377454,77.22405012315433,1.0,0.49633703307880006,0.6633392344481387,10.194273636569218,-0.062410834529465865,-0.03452004474742122,-0.010985926489668856
126.30000000000001,28.627015634960415,77.22409633000514,16.154884969294915,0.7950983515041091,28.626989189298797,77.22408830405087,1.0,0.12714768146220662,-0.21739202610647693,8.771111526475174,0.04748798441638235,0.017564178295277233,0.0032966713676027617
126.4,28.627025782744386,77.22410814283123,16.151616936235136,0.7962323955199376,28.627069725762595,77.22415430073738,1.0,0.4824461841884834,0.1223654157082984,10.62788698181951,0.031328725982469934,0.043510935851618894,0.025965713344428563
126.5,28.627035955765873,77.2241199227591,16.148344296709144,0.7935964994121468,28.62707530297923,77.22412485749027,1.0,0.17992615260380812,0.17992561069803725,10.428338143200904,-0.018362902512888434,-0.036639535530481396,-0.019877315814562972
126.60000000000001,28.627046058025353,77.22413177677028,16.1450670638075,0.8002193984627144,28.62703678482013,77.2240943752826,1.0,-0.08372379757679987,0.3668561119606747,10.005441010687017,-0.0006632945561507041,-0.0074956976982276215,0.07970608388743168
126.7,28.627056215443986,77.22414356475339,16.141785250639124,0.7947055805981134,28.627068467866074,77.22411731761441,1.0,-0.4282805612328221,-0.9543852026545325,10.291676611983569,0.15282062130583132,-0.035345630642972505,-0.04506748266818044
126.80000000000001,28.627066305072706,77.22415542335722,16.13849887033127,0.8010382343683224,28.627022806331944,77.22411786131465,1.0,-0.037835868876361006,0.1359403944709836,9.882470483096235,-0.060366841439127385,0.029700765037881438,0.055762982385926765
126.9,28.62707630324136,77.22416737740554,16.135207936029452,0.8095925494090177,28.627124047342132,77.22415252478521,1.0,-0.026625994941111425,0.056304371984375795,10.753572976238324,-0.042472065936433157,-0.018113947632988504,0.08902377843692846
127.0,28.627086300632612,77.22417932763967,16.131912460897407,0.8094720080595897,28.627093534191612,77.22416584885525,1.0,0.24415894955036108,-0.12053445060082005,10.209751254981192,0.08616817210603679,-0.07546550388748176,0.020092361767746543
127.10000000000001,28.62709627461203,77.22419129857684,16.128612458117022,0.8115071807801368,28.62711030504114,77.22417909650805,1.0,0.25778619480061066,0.2072032699873039,9.109393214408907,-0.023082519423688233,0.014848214079782094,-0.005135310860215415
127.2,28.627106165561518,77.22420335394827,16.125307940888312,0.8191873117997523,28.627119916345325,77.22424320992798,1.0,0.3138834590741729,0.11547339688268096,10.396498168542742,-0.029468123663566832,-0.023019090313768066,0.09435624118313593
127.30000000000001,28.627116033120522,77.22421542954135,16.121998922429338,0.8212042311797207,28.627137057750414,77.22415881053097,1.0,-0.4742346875148674,-0.31877994867122506,9.944887280920018,0.0020006504086134518,-0.036865587282742,0.0072319064801615405
127.4,28.627125880175186,77.22422752220947,16.118685415976174,0.8229460992213793,28.627128664214315,77.22420963309813,1.0,0.18810149137043347,0.6103373400805526,9.47747054109661,0.05237941545382744,-0.012955630947271125,0.010733483388826575
127.5,28.627135710487572,77.22423962791554,16.115367434782833,0.8243316697799224,28.627129029125324,77.22425427625458,1.0,0.21997687980296243,-0.23124969362410377,10.060900018288791,-0.08131751157525774,-0.07063454466483338,0.02650932347132235
127.60000000000001,28.62714561628989,77.22425164884422,16.11204499212124,0.8170111423982676,28.627158013849066,77.22429375456042,1.0,0.2177970488047551,0.13469453581309304,10.461878093473555,-0.04071213359773587,-0.0362102898157689,-0.07830358374564428
127.7,28.627155455059654,77.22426373635426,16.108718101281166,0.8231530486203076,28.627197127789216,77.2243165647504,1.0,-0.014398486077676562,-0.9139138265984265,9.791083273124693,0.053775685733729886,0.014761423945817136,0.028859008300340362
127.80000000000001,28.62716531423091,77.2242757976171,16.10538677557016,0.8210361504041097,28.6271928249744,77.22428698548855,1.0,0.35052828790495305,0.26698906125308636,10.252620584800102,0.0539205040537754,-0.007974577019228877,-0.009802320907315303
127.9,28.62717513622762,77.22428789352307,16.10205102831353,0.8243498193193755,28.62713844371076,77.22429441899048,1.0,-0.06525634616224973,0.19082758595393717,9.820282703857863,-0.029298593048675676,0.004405303107048373,0.04500185778049813
128.0,28.627185003680623,77.22429993665176,16.09871087285425,0.8198668867328821,28.6271109251318,77.22424904136223,1.0,0.20019670362603467,0.08032591681495944,9.515471139504223,-0.0006719501327622094,-0.005083977366686712,-0.053632729206573936
128.1,28.62719480205498,77.22431204809193,16.09536632255295,0.8261896381583239,28.627170718587287,77.22423467353951,1.0,0.25177510492811805,0.09475574175632832,9.95998624895926,0.0006072273590167782,0.004886166558675232,0.061129819654712106
128.20000000000002,28.627204626046964,77.22432412790286,16.092017390787817,0.8235847866798518,28.62719882948172,77.22434115029381,1.0,0.3474248072475624,-0.00730521436372375,9.140117755538142,0.04830313917687227,0.0158278869090922,0.010174668466372596
128.3,28.627214410147513,77.22433624499064,16.08866409095458,0.8271483678064342,28.62719249870036,77.22434501608546,1.0,0.10025631647891471,0.47691934847169676,9.66251257767474,0.0519672301451803,0.035104908546950774,0.04526228190734615
128.4,28.62722408622547,77.22434846949244,16.08530643646643,0.8370685738545885,28.627181598385,77.2243516658152,1.0,-0.4323319457148872,-0.11429410776346724,10.29608118825517,0.062060262084198736,-0.03525234412381872,0.09479930953757396
128.5,28.627233729480736,77.22436072298298,16.081944440753976,0.8399355591138543,28.627216981067416,77.22438253773008,1.0,0.047389293830137486,-0.683275897735367,9.192301064283267,0.016808167543015087,0.051329636794488424,0.04957245018217056
128.6,28.62724333431109,77.22437301096016,16.078578117265206,0.8433156078754478,28.627303520199558,77.22437803917443,1.0,-0.116192736659635,0.11278368833911208,9.403008456759585,-0.01994004637208614,-0.026232944387249043,0.008940332129673519
128.70000000000002,28.627252847938497,77.22438538607553,16.075207479465405,0.8515552840533702,28.627246931325285,77.2243907914379,1.0,0.162106077734071,0.004142221879194822,9.349949934862217,0.007427541128897922,0.08513079745467211,0.07987513367482575
128.8,28.62726238559442,77.22439773256748,16.071832540837118,0.8491565871394088,28.62724507358258,77.22438985977942,1.0,0.15055374055277704,0.18671315674278358,10.136614586705324,0.024036862266691404,0.002579858462064984,-0.004416211250146762
128.9,28.627271934908638,77.22441006274961,16.0684533148801,0.8478949705953978,28.62731073980322,77.22447461264115,1.0,0.3732759036496527,-0.6276002449612008,9.451968863467991,-0.005764000835263449,-0.04341762675277887,0.03277202352734932
129.0,28.62728142713411,77.22442244540348,16.065069815111244,0.8529730721196056,28.627290378383197,77.22445717976994,1.0,-0.29205218741646843,-1.2738284282430368,10.131928766330697,-0.08345683434629353,0.04498580291859924,0.04778718025951161
129.1,28.62729088602343,77.2244348565244,16.061682055064548,0.8558526334590454,28.62729865468555,77.22441074737466,1.0,0.12766901978244294,0.34851631840689656,9.362412871411228,-0.019319099262147185,-0.13494024680620245,0.04717930575338235
129.20000000000002,28.627300389498913,77.22444721875578,16.058290048291045,0.8515681710157965,28.627311336338813,77.22442035978507,1.0,0.1090449367499022,0.15624242005478295,8.995297157965137,-0.022400761271742883,-0.04134122899639555,-0.04123407093505194
129.3,28.627309989434146,77.22445947923909,16.054893808358763,0.8424562262345143,28.62730365659813,77.22444785211125,1.0,0.018978387210819986,0.9288264315140151,9.824984044616945,0.007830884605090436,-0.062238305902501415,-0.10668523158416995
129.4,28.627319588278443,77.22447173616806,16.051493348852656,0.8423686502004752,28.627259587619083,77.22447983273973,1.0,0.5942485739284454,-0.45502661417468304,9.400398087293608,-0.014962238856810549,0.05835504527415086,0.009983461017100594
129.5,28.62732921205317,77.22448396302458,16.04808868337455,0.8398591216990808,28.627355565871888,77.2244868971698,1.0,0.2535329390580118,-0.6434926338849224,10.10221894659879,0.07115287883871109,0.03785130549122611,-0.061726132123702177
129.6,28.627338896073752,77.2244961232907,16.044679825543113,0.8340393654701479,28.62734440263186,77.22448824216092,1.0,-0.027781437838543838,0.5862695251601122,9.413392778797615,0.06115165134817019,-0.021408867904339143,-0.06596074619731271
129.70000000000002,28.627348533705646,77.22450832658754,16.041266788993763,0.8381850000160379,28.627327583546347,77.2245044169033,1.0,0.6681985672587603,-0.27463375542550156,9.181132808814683,0.0016471413324278348,-0.019246811282571146,0.07749122428529447
129.8,28.627358146135258,77.22452055095643,16.03784958737865,0.840344244213797,28.627405649428198,77.22454816295564,1.0,-0.7744747015984746,0.5054126458739516,9.44780734171726,-0.006099625312209406,-0.042201070887796586,0.014406294009783853
129.9,28.62736780553126,77.22453272247212,16.03442823436657,0.8357662285130024,28.627389359413726,77.2245109343035,1.0,-0.08605645601163725,-1.0983877356765506,9.133348038334573,0.01536133831257349,-0.019934369994554807,-0.007710378742060231
130.0,28.62737740081079,77.2245449549178,16.03100274364293,0.841559824491324,28.627344921827778,77.22456923022591,1.0,0.6270570993578539,0.1317581006377491,10.367525160012846,0.013150513648690774,0.05248167206882262,0.10389945327618952
130.1,28.627387116898536,77.22455705823639,16.02757312890969,0.8300567928258431,28.627387060969216,77.22455952145751,1.0,0.30638229734784717,0.1674242799669714,9.410045773474852,-0.05393699014427439,-0.028292103035860824,-0.13563138931822413
130.20000000000002,28.62739690985307,77.22456907610608,16.024139403885304,0.8225993421413053,28.627380385576675,77.22455360046014,1.0,0.1174417956124936,-0.10913094428966283,9.759303768180017,-0.07550352393445035,0.10524135970934785,-0.049754729996022776
130.3,28.6274066771001,77.22458111630249,16.020701582304667,0.8248350699132154,28.627440661095235,77.22454525504173,1.0,-0.04926937185449212,0.14894682516882876,10.775775281621371,0.014629001400086558,-0.013531306040858391,0.038990805155919545
130.4,28.627416360396886,77.22459323940828,16.017259677919064,0.8325533026239176,28.627484387972927,77.22461970568902,1.0,0.470311422582399,0.31123100581734553,10.08770696232494,-0.07268754002670019,-0.031863471879515604,0.09935011062874613
130.5,28.627426093836952,77.22460530550713,16.01381370449611,0.8276338462208506,28.627418667404452,77.22456941231235,1.0,0.5935504835714774,-0.38209579401010635,9.296984408016073,0.011079477796282003,-0.09517359390070207,-0.017281418682716196
130.6,28.627435797828415,77.22461739756267,16.010363675819683,0.8302135342021082,28.627495711553863,77.22463704285968,1.0,0.3430782075753013,0.0168873372155164,9.349701323504673,-0.0060594144876633775,0.07027925628375263,0.07373876343262611
130.70000000000002,28.62744547904569,77.22462950850303,16.0069096056899,0.8321604321802738,28.627478803142992,77.22466183156875,1.0,0.17897583134336406,-0.3585828342963441,9.7225259754496,0.025975695596102733,0.06795701734156494,0.0291303213190482
130.8,28.627455159372175,77.22464161558135,16.00345150792304,0.8320474652840693,28.627499322637668,77.22458467417496,1.0,-0.5417351974244183,-0.7997636030498224,10.089250398927021,-0.054981430170837765,-0.06606490664011513,0.008704992812234575
130.9,28.627464760814558,77.22465379913649,15.999989396351484,0.8392504353233577,28.627422879541907,77.22466166053337,1.0,0.30789830124877193,-0.48418262992347394,9.210697811543694,-0.0763473620022711,-0.007397455415493224,0.06561648462249228
131.0,28.627474389221327,77.22466595027021,15.996523284823677,0.8365309650441174,28.627459514844052,77.22464624014835,1.0,-0.27993932078366957,-0.32856680751495393,10.18641007878515,-0.016408197426446978,-0.09582896394240692,-0.025091158093277083
131.1,28.62748398429,77.22467813080446,15.99305318720406,0.8394572608618437,28.627496365733293,77.22466230987654,1.0,0.02564712304943126,-0.3760968891517813,9.421838472599681,0.14931767807353297,0.0078255164978536,0.026236924791141515
131.20000000000002,28.62749354679423,77.2246903397597,15.989579117373015,0.8423047544450631,28.627523810151757,77.22470196616298,1.0,0.609318856163066,1.205017521773989,10.099091114167093,0.03723086344488843,-0.005521568859313344,0.027141115146893047
131.3,28.627503137466203,77.22470251522992,15.986101089226825,0.8394783842752251,28.627509850782268,77.22472019969896,1.0,0.026730115878412175,0.3347127438744991,10.569590831198276,-0.021662651199351804,-0.08400849190231027,-0.03362738473778661
131.4,28.627512729683406,77.22471468433228,15.98261911667759,0.8391382460774076,28.627502724217294,77.22472248214837,1.0,0.35283801499444767,0.3102667277666733,9.608709252444484,0.047855357579403526,-0.02668578007167091,-0.021211326271449615
131.5,28.627522331486638,77.22472683882259,15.9791332136532,0.8380443024726785,28.627542289681504,77.2247833149962,1.0,0.6247020398583177,-0.170293738324373,10.162504932381285,0.03066697922839517,0.04859254043757686,0.03577262921665108
131.6,28.627531898379928,77.22473902419057,15.975643394097258,0.8411159773272329,28.627578314533604,77.22475570163162,1.0,-0.18954951721004307,-0.42401933038626005,10.580015620322483,-0.03708007493572963,0.06684379211754753,0.0311906281741008
131.70000000000002,28.627541512267992,77.22475115665361,15.972149671969042,0.8365167009632222,28.627531553099924,77.22475680749416,1.0,-0.30987220258222203,0.41184631749030826,10.084621711939224,0.01217622213764255,-0.002414914995197583,-0.04150249049491446
131.8,28.62755115583685,77.22476325367795,15.968652061243436,0.8335275958184696,28.627542396775375,77.2247677216831,1.0,-0.11813400096736326,-0.4808813712872945,9.646448194621147,0.03544851461454589,-0.07096159893254951,-0.04275573160965378
131.9,28.62756073031977,77.22477541689055,15.965150575910874,0.8398174642341495,28.62761700866717,77.22483282816718,1.0,0.3528702291213187,0.9561471312625404,9.685496412162285,0.005862961786000081,-0.008374451097690333,0.024426407692896702
132.0,28.627570236890246,77.22478764423873,15.961645229977297,0.8459652581774176,28.627592419625916,77.22487562450593,1.0,-0.026114653122884884,0.03520259061922812,9.469909820000186,0.014241640336194836,0.007785356477598718,0.0604756973298678
132.1,28.627579772646307,77.22479983725286,15.958136037464081,0.8430471412979854,28.627624354881586,77.22482333946945,1.0,-0.3854039818923558,-0.39144872614590115,9.95489330285659,-0.014245057202432097,0.06352174972906902,-0.0073568694887190065
132.20000000000002,28.627589396737577,77.22481193502196,15.954623012407993,0.8345643469775539,28.62757337783621,77.22484327677901,1.0,0.2894464544983148,-0.025431144252648957,9.22916324724055,-0.026578147796959058,-0.027089371553651084,-0.06634819588577986
132.3,28.627599008845152,77.2248240402955,15.951106168861129,0.8354927922454235,28.62760001360564,77.22482634406668,1.0,-0.3455854746569468,0.04793485037924269,9.574924216302957,0.019094667644151374,-0.04598533799552738,0.0019609771305852414
132.4,28.62760859280846,77.22483616964402,15.947585520890858,0.8379394072843541,28.627627229646578,77.22481840893471,1.0,0.5140907245696592,-0.5128462806884522,9.68134106684666,-0.04653343933873518,0.06918638967073323,0.03667568059556803
132.5,28.62761812481686,77.22484834717005,15.944061082579765,0.8426110523976698,28.627603869978113,77.2248263003621,1.0,-0.03667366091447449,0.3726303134305914,10.51392531812021,-0.0036095010982364695,-0.00573367114161677,0.05464414763052648
132.6,28.627627673027302,77.22486050337028,15.9405328680256,0.8408964589046962,28.62760304789731,77.22488970510291,1.0,0.04135331430077066,0.8010414709829329,9.904396758392618,-0.03578197817376335,-0.04775457377066273,-0.006548819837240177
132.70000000000002,28.627637211141305,77.22487266500511,15.937000891341219,0.841644235973462,28.627632885241834,77.22485230489404,1.0,0.010435218018503584,0.4853740142281885,9.741734407013725,0.09112342893154633,0.04804295543260775,-0.024809183453661517
132.8,28.62764676849226,77.2248848021673,15.933465166654521,0.8396419578178549,28.627605536634018,77.22484866464757,1.0,0.3726157405177035,-0.2983503769947277,9.680466473406712,0.09035382211232104,-0.03057044725607211,-0.014599370410011242
132.9,28.627656334476058,77.22489692563185,15.929925708108403,0.8386317868301592,28.627646769010877,77.22484662965252,1.0,-0.23979324161520402,0.4226949578432651,10.223730600198486,-0.05758782540793779,0.05482443874384327,0.010004661453955692
133.0,28.627665895532513,77.22490904926559,15.92638252986069,0.8388948705041633,28.627635602216905,77.2248841567444,1.0,-0.11451409127782353,0.39143410994117595,9.974575047165096,0.033179850190466445,0.08075816243440036,0.026376962663209026
133.1,28.62767551950491,77.22492110322509,15.922835646084094,0.83276500519621,28.627696703802346,77.22486139531598,1.0,-0.40200032831588606,0.6514252837292943,8.921105147506552,-0.05069725268895167,0.03879060999016094,-0.04569812468904089
133.20000000000002,28.627685118457656,77.22493317814285,15.919285070966144,0.8349249749615831,28.62769700358544,77.22491983689811,1.0,0.13117775672878978,-0.357271963789603,10.306156491380785,0.014470207205191427,0.02211882285687486,0.05931798143911137
133.3,28.627694641301428,77.22494532613098,15.915730818709134,0.8418824701460681,28.62769035558598,77.22497020208577,1.0,-0.23743755793462298,0.7250794789547158,10.136195257642022,0.06306093018627074,-0.03397243480900713,0.0777811396057433
133.4,28.62770424151235,77.22495738992954,15.912172903530072,0.8344013567597314,28.627676759327084,77.2249857234567,1.0,0.09739686678219613,-0.13466682653528436,10.191039567382175,-0.008945670877311728,0.03434102653245867,-0.09056739057892284
133.5,28.62771386372515,77.22496942603226,15.908611339660613,0.8321180542649618,28.627694962277644,77.22497533221448,1.0,0.8354090541483197,-0.42484049028668125,9.86111117336445,-0.027400659790880508,-0.018079694080939398,-0.02819233083473506
133.6,28.627723521731745,77.22498141992689,15.905046141347006,0.828519650911563,28.62772631759319,77.22496217443995,1.0,0.07571792510676713,-0.2072754277062626,10.567379664185722,-0.012865105663873447,-0.04001928660710997,-0.04582969269480659
133.70000000000002,28.627733138539455,77.22499345176291,15.901477322850038,0.8322212679560868,28.627694745334768,77.22503312047755,1.0,0.5760699666318174,-0.14715255407613131,10.325550171836381,0.025376383899006844,-0.08087486008374484,0.022697391627299154
133.8,28.62774270938093,77.2250055261404,15.897904898444983,0.8363617537875884,28.627739278129177,77.22499573090894,1.0,-0.009340674456140868,0.40299006182679104,8.315256863693236,-0.05045319680683601,-0.03506554551012883,0.053935395546640154
133.9,28.627752257775906,77.22501761863498,15.894328882421531,0.8382750848335999,28.627724575402606,77.22504578348058,1.0,0.1537934104955611,0.28112085952349697,9.848259503405327,0.04293668365924839,0.029908778588243413,0.012731709069213178
134.0,28.627761915660226,77.22502959279774,15.890749289083743,0.8277057033206283,28.627727541295194,77.2250194933724,1.0,-0.5094327812290376,0.05499416137037982,9.460158503683363,0.024491509638123826,0.008876923336595361,-0.08968057141071102
134.1,28.627771523317357,77.22504161431912,15.887166132749984,0.8322682244702675,28.62777407847141,77.22509413450366,1.0,-0.287111430484406,0.6339968983360664,9.591430209484862,-0.06346037875752052,-0.09572507788048673,0.04064057620407843
134.20000000000002,28.627781169673035,77.22505359057922,15.883579427752878,0.8283879916242932,28.62774522657698,77.22504510303305,1.0,0.3216835949550366,-0.5173608761599238,9.976140001615232,0.10311148604899512,0.023198114753971304,-0.043993028579548565
134.3,28.62779087051268,77.22506550458661,15.87998918843924,0.8229837018196275,28.62780315070737,77.22507905856217,1.0,-0.06473105168322965,-0.25696153220387696,11.616934284529775,0.018462938770627695,-0.028842264111107692,-0.07593660326767773
134.4,28.627800509554387,77.22507747851337,15.87639542917002,0.8286687685431506,28.627795728334934,77.22505247881347,1.0,0.0025116131835473676,0.10856753316235192,9.26799118916509,-0.04990762890925,-0.06938134490676583,0.07431060981566251
134.5,28.627810142412287,77.22508945390359,15.872798164320253,0.8290493043916856,28.627821192835793,77.2250632710826,1.0,-0.21010429107398967,0.49879477685578255,9.393501359802638,0.04631266931605544,-0.027859801917522325,-0.015664263259550566
134.6,28.62781982268571,77.22510137455869,15.869197408278993,0.8243198387268749,28.627824679765606,77.22509840550522,1.0,0.4041059144127539,-0.6661384798212507,9.684932022645118,0.007188621358042742,0.02466000346285576,-0.04565865049384393
134.70000000000002,28.62782950451327,77.22511328855055,15.865593175449256,0.8239610905981198,28.627835177086226,77.22506922085367,1.0,0.025011760393577,-0.5960758920781415,9.70224022548322,0.028345590446795035,-0.01792947325239931,-0.014113049040147931
134.8,28.62783923113411,77.22512515005332,15.861985480247974,0.8194573769410878,28.627780812114626,77.2251231296782,1.0,-0.27036410359031593,-0.8294698571249965,10.071143137164713,-0.07662196644825742,0.054228654014910206,-0.04978850398515382
134.9,28.627848880289484,77.22513708835092,15.858374337105918,0.8266616193782561,28.627830825636135,77.22512541021092,1.0,0.18234735533275584,0.48487092681991006,10.563402488441609,0.034858210108529,-0.018288436941513046,0.02820321430736973
135.0,28.62785849857169,77.225149053918,15.85475976046766,0.8293948003555065,28.62783511983801,77.22516187990948,1.0,-0.8040194522703396,-0.07955417171157642,9.122343536666115,-0.041133555636195314,-0.025809804155937602,0.039152264938528664
135.1,28.627868107043554,77.22516102469217,15.8511417647915,0.8301197216835964,28.627873121461615,77.2251734059312,1.0,0.26296538294222305,-0.13772844402995088,9.407751135811056,-0.007686239970827111,0.045589649948801436,0.03214802324097912
135.20000000000002,28.6278778087941,77.22517289237697,15.847520364549414,0.8209942673151456,28.627836890479518,77.22518770754488,1.0,0.13732356247127264,0.008598476920852556,9.519959897120332,0.022637539617608445,-0.05740844235365943,-0.1038059031040321
135.3,28.627887544311747,77.2251847190411,15.843895574227,0.8175337455263809,28.627896618208382,77.22520327330932,1.0,0.09850130681803344,0.5486910685635896,9.404914517158332,-0.020638084899482725,-0.05455418816038259,-0.05095857985137117
135.4,28.62789731071295,77.22519650751339,15.840267408323415,0.8143388398572287,28.627855236439654,77.22517190883339,1.0,-0.8639311834246017,0.4776621744770518,9.555818927056892,0.09111603151788683,0.04455263437455643,-0.047286166867393245
135.5,28.62790698901405,77.22520838482478,15.836635881351318,0.8226053816779072,28.627860860099766,77.22519178416134,1.0,0.20428060504590514,-0.7408272636115792,8.395665207396252,-0.05433270790548163,0.10235044468627018,0.07755675102438658
135.6,28.62791660972289,77.22522031764679,15.83300100783681,0.8279040846265942,28.62790872043036,77.22519677013047,1.0,0.21944064805311653,-0.33553706260591576,10.14588198307316,0.04260642123679449,0.04700099576965223,0.04022367552615555
135.70000000000002,28.627926304726394,77.22523216709759,15.82936280231938,0.8205743535971494,28.6279198555696,77.22524193173761,1.0,0.009285177035773307,0.24942794548641997,10.353228326431074,-0.022422359027087547,-0.012058786123677175,-0.07173311038263698
135.8,28.627935941711918,77.22524407273399,15.82572127935185,0.8259253127241584,28.627907720759662,77.22523251590437,1.0,0.8844600455848999,-0.4441564383898127,10.041147554253923,0.046277186560536254,0.03869485504940995,0.05443552914751865
135.9,28.62794559432492,77.22525595685077,15.822076453500301,0.8242159827174963,28.62796558597806,77.2252542715051,1.0,-0.08523927253289348,-0.5358211341313411,10.060481716687367,0.011495681634912209,-0.10281286850686673,-0.016648580737784614
136.0,28.627955184292045,77.22526790153944,15.818428339344035,0.829993356138479,28.62795968773131,77.22529623321864,1.0,-0.029736096982749732,0.1686453910098241,9.998758538442937,0.005541809536569262,0.07471763389574038,0.06634789230894149
136.1,28.627964824609286,77.22527978843293,15.814776951475503,0.8249677963599236,28.627966843643673,77.22519942472762,1.0,0.10053570499436348,-0.2984235393205954,10.175835536573375,-0.003113546901189185,-0.011557903057606324,-0.05860387391354184
136.20000000000002,28.62797443367934,77.22529170303342,15.81112230450025,0.8277458168147489,28.62791623697903,77.22524971745717,1.0,0.6078264168335747,0.03677444101951861,10.336645868585912,-0.08615170840355124,-0.06432918059226327,0.0627897565759079
136.3,28.627983997953372,77.22530365924928,15.807464413036861,0.831809479379544,28.62802654895546,77.22530620469493,1.0,0.11251054554151849,-0.3649599774323334,9.629464896197021,0.015392095917103391,-0.0030509011877408346,0.0563956209505771
136.4,28.6279934762767,77.22531569892266,15.803803291716898,0.8397604877134609,28.628009344772263,77.22527651504085,1.0,0.1953285406270535,-0.3824163913469727,10.401712120287655,-0.030180488500087296,-0.03690484901852993,0.10067111286526367
136.5,28.62800283500321,77.22532785440633,15.800138955184838,0.850816117924434,28.628011070928938,77.22530821719181,1.0,-0.2417398273029552,-0.22295561576586054,9.035174471197923,-0.0949324054965523,-0.10470858046468173,0.10197368673585763
136.6,28.628012172271912,77.22534002630051,15.796471418098026,0.8526224024018609,28.627996421551085,77.22536815174969,1.0,0.27746669111680156,0.01311556313732602,9.644626004888272,-0.06742774758331764,0.03427287780480303,0.0252232032909605
136.70000000000002,28.62802158619904,77.22535211631136,15.792800695126601,0.84521942130514,28.628027875244683,77.2253400410927,1.0,0.052404730900224156,-1.5015007539813137,9.553377031361164,0.029746944546932677,-0.037032248706158316,-0.04835707988043164
136.8,28.6280309557708,77.22536424594306,15.789126800953456,0.8491862159539645,28.628010990010427,77.22542641680839,1.0,-0.2390246777545554,-0.32971416992354513,9.710046276081487,-0.053520742998651095,-0.03010525778255619,0.07540892091468689
136.9,28.628040456489256,77.22537623740291,15.785449750274157,0.8365919380757809,28.62801016866051,77.22540353722168,1.0,0.3996030839286472,-0.1038687043971698,10.83444974697268,-0.02202936426252622,-0.005390720965997509,-0.1298273633083988
137.0,28.628049953145517,77.22538822796585,15.781769557796904,0.8367674404946283,28.628062492090827,77.22536853738804,1.0,-0.1735614446163388,-0.9861632517272929,9.791621377510465,-0.04037289634036415,0.006114228998027804,-0.011169273725858438
137.1,28.628059433501665,77.2254002301849,15.778086238242464,0.8381049213519499,28.62807234729285,77.22543037546049,1.0,0.08351511281878697,0.37273674750866453,9.564946429010744,-0.010370398290748038,-0.021739254545086614,0.04893343731999217
137.20000000000002,28.62806884335885,77.22541229913429,15.774399806344107,0.844568483227434,28.62802661885905,77.22541073281812,1.0,0.013397370281162002,-0.7163230164993516,9.820239558650034,-0.026563585172451755,-0.023229664740160805,0.046997728112997295
137.3,28.628078238160374,77.22542437825025,15.770710276847556,0.8457814072840155,28.628092784305156,77.2253925273721,1.0,0.019254748676420783,-0.1871701678218416,9.28611156742097,-0.0031170295335653515,-0.046343897250759866,-0.015036975184627438
137.4,28.628087613028267,77.22543647240563,15.767017664510927,0.8474529627932689,28.628074521549017,77.22544973416245,1.0,-0.5892164875767276,0.39896909360628435,9.797741309428615,0.02445248575413013,0.0655329583548787,0.03490505446051373
137.5,28.628097056313912,77.2254484922191,15.763321984104664,0.8407805939541367,28.62804468904953,77.22543446060455,1.0,0.1020928975812827,-0.822025585317514,9.48359151663043,0.008323529780590925,-0.04327520365266041,-0.06599268144038416
137.6,28.628106536660983,77.22546046902036,15.759623250411481,0.837051162794669,28.62812185484202,77.22546769626007,1.0,0.09725833527452539,-0.09934338252421923,10.2292240606654,0.06038708589596973,0.06035439825826906,-0.04735547246661883
137.70000000000002,28.62811610588108,77.22547234861509,15.755921478226307,0.8283502918216785,28.628111776503385,77.22552499577995,1.0,0.407343477671112,0.4144040951592614,8.575506903373983,-0.00758844311785195,0.012202183059960696,-0.07286003602909566
137.8,28.628125650820536,77.22548424839506,15.75221668235623,0.8304612396250967,28.628121662313237,77.2254702760812,1.0,0.4911488943470175,-0.16209212737410103,9.748859424943058,-0.09432400123648349,0.053542994684247724,0.06768248620620354
137.9,28.628135241347877,77.22549609535675,15.748508877620427,0.8258714795495019,28.628091883596397,77.22553362380819,1.0,0.17519320516555284,0.24980641620488,10.215372772170738,-0.09077523525031886,0.0021451753074856945,-0.03436759945942169
138.0,28.62814486290167,77.22550790444852,15.74479807885011,0.822665395707642,28.628114510224098,77.22551317175942,1.0,-0.2597287422472767,-0.803622889242505,10.186628652365188,-0.08048700133082592,-0.002095410564925674,-0.05506615960487407
138.1,28.628154444652427,77.22551975029303,15.741084300888472,0.8262807438875244,28.62814815439695,77.22558921187954,1.0,-0.10542928677576907,0.07510365357148714,9.230695205173154,0.008654416567635393,-0.027251411872675053,0.03447158253927358
138.20000000000002,28.628164063327084,77.22553155205469,15.737367558590618,0.8225050265049163,28.628147200130307,77.22556800416756,1.0,0.1391729116606666,-0.14635405245266592,8.933939488184564,0.057163265657687846,0.0282580736148883,-0.04548179948262533
138.3,28.62817368013065,77.22554335060131,15.733647866823512,0.82246617761069,28.62812374252305,77.22557371611822,1.0,-0.2060196134639425,0.23521802426815341,9.801064611324545,-0.024497443161299492,0.05450121644346598,-0.022119080946680574
138.4,28.628183278846045,77.22555516305533,15.729925240465919,0.8239921520919329,28.62815415814065,77.22556123701129,1.0,-0.010397779611507826,-0.09927731997668388,9.41503788438763,0.03139285197921775,-0.012979023959076203,0.004299319057395423
138.5,28.62819286579046,77.22556698271693,15.726199694408336,0.8249078727463747,28.628155660354146,77.22553893343895,1.0,-0.34039467500944387,0.29842343527357446,10.606394127933871,0.05444513141762262,-0.0638980157546707,-0.020075903295560735
138.6,28.628202490032944,77.22557875776825,15.722471243552945,0.821086541643958,28.628182710755006,77.22559994372023,1.0,-0.12333665462743951,-0.39780592906463375,10.573943546145735,0.021514963104963227,0.06879666339203586,-0.012735914306919347
138.70000000000002,28.62821210250942,77.22559054007222,15.71873990281354,0.822003655104333,28.628205663303763,77.2255254191714,1.0,-0.25030973324270533,0.5259325090096656,10.04383313452236,-0.0024442640261390478,-0.11548439017581852,-0.001629597348670419
138.8,28.62822170513107,77.22560232758647,15.715005687115484,0.8227355751836247,28.62824624428053,77.22556323998784,1.0,0.2549698529765073,0.40782737038935774,10.021243596989892,0.005947588430375022,0.0018897510742221062,0.016501668871662184
138.9,28.628231288773907,77.22561412991745,15.711268611395635,0.8243481564304773,28.628237355186787,77.2256190978512,1.0,0.44364854199881143,0.1253115252334479,9.228385496127116,-0.03344509351704822,0.04497143532721098,-0.00899530582438376
139.0,28.6282408412022,77.22562595983996,15.707528690602285,0.8271377747802074,28.62823666139555,77.22565923065811,1.0,0.14537257953657817,-0.12723768201468125,10.474688340305132,0.0564714547409517,-0.01792176162483831,0.05042826476962034
139.1,28.62825035197018,77.22563782805351,15.703785939695118,0.8309244681236556,28.628241215696114,77.22563945297038,1.0,0.3845118118170192,-0.12450329796862353,9.462281899887802,-0.047939899604472404,0.037792278868505697,0.022000276339325248
139.20000000000002,28.62825989866331,77.22564965357378,15.70004037364513,0.8272515622570348,28.628282247823943,77.22569543680652,1.0,-0.25788149873908306,1.1612069165680687,10.146651826435065,-0.0047018108912151866,-0.033475080788142035,-0.043131999633830576
139.3,28.628269385457997,77.22566153629523,15.69629200743458,0.8327891380818526,28.628229732805128,77.22566740716839,1.0,-0.2399595382136455,-0.27257976732664935,10.307963180049809,0.07141045773472475,-0.0246475656142763,0.05221754644973993
139.4,28.628278836464858,77.22567345079143,15.692540856056931,0.83599864991482,28.628277701213666,77.22571946415097,1.0,-0.19951681941036262,0.4022772595465305,10.055652188314165,0.000726347671136566,0.017137296655776357,0.05984516338153362
139.5,28.628288298677013,77.22568534855873,15.68878693451678,0.834710116826866,28.628293013109108,77.22567819261776,1.0,0.5311533866000443,0.3562529458034341,9.876736195511231,-0.0030402630345964412,0.052496969633009795,-0.015656171170953227
139.6,28.628297832561003,77.22569716662882,15.68503025782981,0.8276065189052351,28.628219656168014,77.22569529495853,1.0,0.3221844953297849,-0.8433172308191818,10.144326478818671,0.0274245990600441,0.020500213239795805,-0.07216553439880163
139.70000000000002,28.62830729978645,77.22570904883548,15.68127084102272,0.8337953014628703,28.62829464883154,77.2257502147723,1.0,0.5056663085672662,-0.051746722580909524,10.200840854869874,-0.07547992972739119,0.1205020355984668,0.07941598453552726
139.8,28.628316813566578,77.22572087747297,15.677508699133176,0.8291033138695911,28.628287663288443,77.22566179015867,1.0,0.18842658950130856,0.19892039219426308,9.015946575040465,0.023226674835436886,0.06487773699131914,-0.053938525753304635
139.9,28.628326289792398,77.22573273995441,15.673743847209739,0.8324954122461665,28.62832847249334,77.22570793053997,1.0,0.45139602075490814,1.2088177910529647,9.84563085902482,-0.04311627481587415,0.039966960415700976,0.01973152844146519
140.0,28.628335759353174,77.2257446041302,15.66997630031181,0.8329167258778364,28.628339013988644,77.22574474081257,1.0,-0.14129248030869412,0.11974058103058216,9.84978146381293,0.09107206398984641,-0.03878952751282466,0.007393918407835251
140.1,28.62834526564569,77.22575642489599,15.666206073509574,0.8291639006626637,28.62835282622217,77.2257583450085,1.0,-0.06452568009284657,-0.41537144153874855,9.40966235475936,-0.002112276025141633,0.0060380414175386435,-0.029653490783402646
140.20000000000002,28.628354845298592,77.2257681632898,15.662433181883932,0.8218474610133355,28.62834211461446,77.22577797250878,1.0,0.08961232298293242,0.6882741942460003,9.630769503955927,0.014107516631481241,-0.012158249869283724,-0.0419074217252977
140.3,28.628364378522832,77.22577994537532,15.658657640526444,0.8261214810408255,28.628308059005153,77.22583420715317,1.0,0.4150378706168242,0.004305570812427609,9.468008527405237,-0.02842292973654524,0.09794986900302805,0.04462128406093332
140.4,28.6283738168659,77.2257918209555,15.654879464539274,0.8350381055685104,28.62838613141035,77.2258249169781,1.0,0.20111946158355914,0.6441466909423167,9.981123663268166,0.00048556007814149794,0.05372831492899336,0.08521362042305727
140.5,28.628383306795477,77.22580363782593,15.65109866903512,0.829857776281822,28.62837284090251,77.22580739279614,1.0,0.09426052811173932,-0.42320166060942144,9.979062506243077,0.03926362226879229,-0.06135717720305284,-0.027435214953563485
140.6,28.628392817599966,77.22581542764156,15.647315269137158,0.8276215023919091,28.628395427749023,77.22584268980407,1.0,-0.10762563726443039,0.5796105927642401,8.373178469204905,-0.04924933498953063,-0.04021976559990447,-0.046812911018486975
140.70000000000002,28.628402395875646,77.22582714107128,15.64352927997898,0.8208574295332337,28.62836831820117,77.22582990533277,1.0,0.35480043885977053,1.1866165868371603,8.604476078693438,-0.08641368493300701,-0.054563754145566815,-0.0767882751493502
140.8,28.628411914154157,77.22583891252191,15.63974071670454,0.8264533394902186,28.62831810447267,77.22582648479852,1.0,-0.2066074771761505,-0.9160855165441534,9.741280626177813,-0.0134248181567638,-0.0006997905399251884,0.0586865464555275
140.9,28.62842149039866,77.22585061750632,15.635949594468089,0.8206034803219775,28.62838865911362,77.22582308514141,1.0,0.13344744704622566,0.4660558040852865,9.381085078900458,0.023313579732093435,-0.04063126828360848,-0.07065261142806403
141.0,28.628431024484588,77.22586236177662,15.632155928434107,0.8244741917316178,28.628466833597997,77.22590443213561,1.0,-0.42438191852395424,0.08379404316719867,10.386973615004575,0.03862431767018541,0.03911946493800511,0.07028468426554604
141.1,28.628440593032842,77.22587406431398,15.628359733777254,0.8209001978973918,28.62845399183804,77.22587152014209,1.0,0.016092614663393456,-0.17570517116533346,10.132588645489074,0.0009601540377596608,-0.00954329684974242,-0.028095937709312478
141.20000000000002,28.62845014124008,77.22588578308718,15.624561025682304,0.8226527976435819,28.6284742377757,77.2258927432735,1.0,0.42868505153382086,-0.2333610387238725,9.403929758188914,0.02049848641690835,-0.0078314564636582,0.06913122579908931
141.3,28.628459691502524,77.22589749437859,15.620759819344084,0.8222270332265215,28.628440525221613,77.22586244701053,1.0,-0.2683289846085323,0.1790805770645028,10.529851211196318,-0.04178262155449708,-0.034713359723960266,0.007913297970422794
141.4,28.62846925988587,77.22590918113936,15.616956129967413,0.8202359402656307,28.628504720782438,77.22590371242953,1.0,0.42431062469345326,0.1405472268534209,9.830381955974335,0.14673671471273653,-0.012655157632471204,-0.0511669600730536
141.5,28.62847876548283,77.22592092890103,15.613149972767046,0.8261138724413529,28.628430203233677,77.22590494193707,1.0,0.4184124522037602,0.38978427836076324,10.455158704558283,-0.04097486438431917,0.007548396229072216,0.05362196572683308
141.6,28.628488258639603,77.22593268441351,15.609341362967605,0.827095095539939,28.628478543103512,77.22589527961456,1.0,0.0785493169831208,-0.2507628413153098,9.830904871519955,0.014552579520980689,-0.04120511973575938,0.005263493329253798
141.70000000000002,28.62849778468916,77.22594440003263,15.605530315803524,0.8236769317004156,28.628528982827177,77.22594007045032,1.0,0.12122312884767786,-1.2561594361767716,9.642952167675803,0.050493667114627244,0.0519585924970829,-0.011941309477940818
141.8,28.62850735043021,77.22595606827218,15.601716846518988,0.8195825628859894,28.62850788136312,77.22591320001578,1.0,0.0007227742906620316,0.12692004697386114,9.951892469939946,-0.02269779825264655,-0.03805869516089169,-0.01726139269458965
141.9,28.628516922747806,77.22596772416472,15.597900970367869,0.8187115470107351,28.628488403059617,77.2260082223195,1.0,0.48824490735057224,-0.7655591053155867,10.191798710550877,-0.02679590914712551,-0.023942232464735095,0.028274837479251767
142.0,28.628526469586507,77.2259794018027,15.594082702613665,0.8209707518849604,28.628495801134164,77.22594374559377,1.0,-0.20647616286382606,-0.31695681922501584,10.482330984674055,0.01669008767490564,-0.05520523753267256,0.034082940998425945
142.1,28.62853607629505,77.22599101018245,15.590262058529442,0.8148836509894175,28.628548043999686,77.2259585450585,1.0,-0.10239348983995691,0.04732303479452603,10.563974074275682,-0.03332067656583387,-0.026658037354530963,-0.0633448322923676
142.20000000000002,28.628545683298327,77.22600261286867,15.586439053397772,0.8146234661154984,28.628574883705145,77.2259891595885,1.0,-0.17220004221773924,0.28080187231388787,9.669516562619004,-0.04487214018873559,0.06280438346239128,0.0034876368908264834
142.3,28.62855533131926,77.22601416590432,15.58261370251067,0.8103553116447513,28.628538456038434,77.22600288008793,1.0,-0.13172627611615864,0.022115069241071077,8.887514355934673,0.010426057245604884,0.052673603542426,-0.04460191213628716
142.4,28.628565039340646,77.22602564809638,15.578786021169536,0.8041859626710663,28.628597775771137,77.2260494960519,1.0,-0.033795996506825465,-0.1046055736836838,10.115848480830083,0.04767937203614923,-0.11796590210498673,-0.09743194355076075
142.5,28.628574764421483,77.22603710608983,15.574956024685088,0.8022544789521155,28.628535293283317,77.22603693785238,1.0,-0.029542782818979346,0.465572720032073,10.30369526353047,-0.08376963639941507,0.018337205179970555,-0.003392680803429981
142.6,28.628584531603085,77.22604851204278,15.571123728377309,0.797820422266156,28.628557738224565,77.22602641844156,1.0,0.024368884279746567,-1.175293376630977,9.243408346294553,-0.007522405968459673,-0.059758429726255446,-0.035232524122930126
142.70000000000002,28.628594244465585,77.22605997257419,15.567289147575377,0.8029933601067979,28.628566568139814,77.22610638129282,1.0,0.20486535436075062,-0.19359472710144646,9.359291380837597,0.01471123938217851,-0.022641375456772514,0.04978908246946915
142.8,28.62860402327533,77.22607135460991,15.563452297617612,0.7961763989544077,28.628577381901106,77.22604917071199,1.0,0.44321348104013014,0.6895252293585243,9.638456679916011,-0.06583345936506034,0.0014748374660216897,-0.046769610449301134
142.9,28.62861381847583,77.22608271283634,15.559613193851407,0.7942923805959237,28.62863307741903,77.22609816601152,1.0,-0.4216838796653797,-0.5597453322160811,9.500311175905578,0.0806463120531357,-0.03603009126242834,-0.019572752736554615
143.0,28.6286235966695,77.22609408456005,15.555771851633173,0.7957547938048466,28.628621983948502,77.22609335531362,1.0,-0.3131081670339739,-0.6279108913413907,9.791891285804095,0.036803343169830714,-0.0006383036156711128,0.006666444477379916
143.1,28.628633412185756,77.22610540895752,15.551928286328273,0.7917653199203413,28.628634580619043,77.2260932337417,1.0,0.09842861050953233,0.2406587866182652,9.096375798325036,-0.007294573464029235,0.030553985879135853,-0.03945578017404624
143.20000000000002,28.62864322340678,77.22611673265519,15.548082513310964,0.791953251364166,28.628624149944265,77.2261186966941,1.0,-0.18239730546031666,-0.10237576273962834,9.739074963852003,-0.03877620144862082,0.07028467620934968,-0.010733716547827747
143.3,28.628653078664517,77.22612800106508,15.544234547964333,0.787267033479938,28.62862658798231,77.22610352584701,1.0,0.2926532893866262,0.2083847346282294,9.611581569074563,0.014734838667016465,0.005048194589729499,-0.05554348202583226
143.4,28.628662865202596,77.2261393414011,15.540384405680236,0.7939466314181955,28.62868622628424,77.22610646457821,1.0,-0.034823473379050646,-0.20419826756905216,9.834462754658318,0.06252508154486472,0.07433124426326014,0.10321081891224088
143.5,28.62867265820789,77.22615066895833,15.536532101859235,0.7930527045527064,28.628634361249603,77.22619635609375,1.0,0.07496190635006292,-0.06786555251478132,9.619606767484377,0.004307470319554976,0.03072133562974071,-0.01942220368034924
143.6,28.628682375593993,77.22616207521058,15.532677651910545,0.8003882182923377,28.6286891708679,77.22617026593373,1.0,0.9230702240663816,-0.49124598983328943,9.41982598911502,-0.022194945756362064,-0.04066488777499862,0.08446439800724327
143.70000000000002,28.628692036494762,77.22617353808543,15.528821071251954,0.8057756519557716,28.628666580567426,77.22617153115337,1.0,0.11417000659561169,-0.7154975695852142,11.005863102967918,0.07319368965773553,0.033073071595311636,0.046564824133757565
143.8,28.62870172651052,77.22618496353743,15.524962375309785,0.8026382771370788,28.62873375710733,77.22614753697718,1.0,0.1753236629561009,-0.3982985626184041,9.90595807831526,-0.005230902624509671,-0.0040974560561229815,-0.02891373470542659
143.9,28.6287114914924,77.22619630033282,15.521101579518815,0.7948928785443291,28.628703511047092,77.22615409480211,1.0,0.3691980665426049,0.5333652614036649,9.868561534483618,0.06726573557283375,0.004216172603186206,-0.08117699029017622
144.0,28.6287212476272,77.22620764147409,15.517238699322222,0.7955375948410177,28.62871500125003,77.2262461502008,1.0,-0.1052330367749652,0.054581278042076485,9.433219248922555,0.009981522898983124,0.028372564915099263,-0.022749960607756962
144.1,28.628731031348494,77.22621894618312,15.51337375017152,0.7925174582808006,28.628705329795096,77.22620293305,1.0,0.11925439330598132,0.2880586321166017,9.815425405811624,-0.007232158499655053,0.0008376343709814792,-0.009777555616408544
144.20000000000002,28.62874084251558,77.22623021441187,15.509506747526501,0.7895008829255328,28.628725226187246,77.22626281162319,1.0,-0.3114356331563962,0.7140382302035562,9.797220340731775,-0.013338163107947616,0.012321668394358725,-0.04028764118042255
144.3,28.628750606178883,77.22624153050403,15.505637706855174,0.7940466042904851,28.62872930843032,77.2262586189213,1.0,0.25089596383947116,0.24002246538800356,10.32407224774726,0.036262636376205436,-0.012711504241056635,0.0835297162091797
144.4,28.62876037104531,77.2262528396935,15.501766643633692,0.7936799613886485,28.628718268564455,77.22624024280026,1.0,0.0005619759993058804,0.5707747052910365,10.19610005197183,-0.0047217214793149435,0.07453113482332831,0.03172370185069977
144.5,28.628770163097943,77.2262641127648,15.497893573346305,0.7906907270188474,28.628757354612585,77.22625349319661,1.0,0.22184141329936669,0.13727707852800386,10.109501783590504,0.06547932373516752,-0.033085173369933364,-0.05208521011660353
144.6,28.628779936797248,77.22627540091557,15.494018511485288,0.7922970211225726,28.62877995467167,77.22625611453185,1.0,0.26619604530705754,0.46010982473620615,9.72548220804188,-0.005009751643738018,-0.000250223023232981,0.041095998380263815
144.70000000000002,28.628789708740495,77.2262866854669,15.490141473550883,0.7922274120601612,28.62879524936489,77.22630488276327,1.0,0.0031738303002672164,0.3373557342983757,9.990057449589512,0.029231537123109615,0.051544264509797245,0.01342820608945057
144.8,28.628799450331414,77.22629799846062,15.48626247505124,0.7950411279994472,28.62882483970968,77.2263345072791,1.0,0.2064535463055823,0.47408973661424475,9.686116063589427,-0.02202182503473549,0.06185239089213693,0.03330126342415633
144.9,28.62880930509453,77.22630917791477,15.482381531502345,0.7833293467328529,28.628842877971316,77.22627519243314,1.0,0.046062934551963405,-1.1602239396783802,10.154302821793705,0.01202908522880906,0.07133863676382333,-0.11251337967927015
145.0,28.62881907943929,77.2263204430218,15.478498658427965,0.7912423404264338,28.62882012448934,77.22637063585672,1.0,0.27283605034670505,-0.2745839631297625,9.499789213265194,-0.09346458133922303,0.02360784729059186,0.07496167818923674
145.1,28.6288289138132,77.22633163450605,15.474613871359589,0.7849026528049983,28.62880943540983,77.22638776681562,1.0,0.14900103123946107,-0.5511986727901691,10.137359117769856,0.05706266876078189,-0.015296338525799686,-0.08528483697942793
145.20000000000002,28.62883877439309,77.22634279038567,15.470727185836362,0.7819788480753681,28.62882506917263,77.22632908013438,1.0,0.25918849454311127,0.16516043951674814,9.721760541453042,0.05053878331446007,-0.023868724098336108,-0.025530293826828504
145.3,28.628848631017817,77.2263539451547,15.466838617405019,0.7821296602653021,28.628835789069935,77.22633240769927,1.0,0.11838997463716638,-0.28826138508050364,10.075292903534585,0.019946352720015763,-0.02204698631173658,0.010481628438616606
145.4,28.628858516951734,77.22636506055065,15.462948181619828,0.7788772761954306,28.628848868097073,77.22637337726297,1.0,0.31589509265332016,0.7005577478795927,10.535223643370195,-0.012070347496004953,0.02258705945943218,-0.06507306662420616
145.5,28.628868369809478,77.22637620833896,15.459055894042528,0.7820077879552632,28.62884658170071,77.2264068474817,1.0,0.19521356917954674,0.6503272579594453,10.353588902156227,-0.03348079769961403,0.024366855476948744,0.053813360051294376
145.6,28.62887832505613,77.22638723174201,15.455161770242265,0.7712302920446416,28.628913481537516,77.2264200695473,1.0,0.0866546993656572,-0.4760956888125104,9.742250988356894,0.07904626096596523,0.035507855791071956,-0.1026434459404925
145.70000000000002,28.628888297931535,77.22639822871761,15.451265825795526,0.7691465044478702,28.628939390684728,77.22645561177946,1.0,-0.27185257236097604,0.7365727016059471,9.766527844241978,0.029637805082095986,0.0456808034765631,-0.019188504826504707
145.8,28.62889834084574,77.22640913689219,15.447368076286088,0.7615995308072067,28.628912772498126,77.22643572176088,1.0,0.36474567732750607,0.26011995051115233,9.678071071122837,-0.07756093936513851,0.02517539643670341,-0.05600084632861167
145.9,28.628908306458573,77.22642013094175,15.44346853730494,0.7693775766534164,28.628909314370468,77.22642869654673,1.0,-0.4076660757033861,-0.4064857815396146,9.171094982896742,0.042572130270473664,-0.09492191145420054,0.11034222275466454
146.0,28.628918251438918,77.22643114348128,15.439567224450235,0.7712531811691885,28.628962068931596,77.2264001691798,1.0,0.43080929432425263,-0.6418309079373089,9.824417174169351,-0.011676506728198071,-0.11448907014753928,0.04516741943526268
146.1,28.628928195153684,77.2264421517737,15.435664153327215,0.771123998559053,28.62892331613897,77.22644297466046,1.0,-0.021614288759265424,0.2349744017883488,9.655199268124768,0.02687501907563475,-0.0141828119675194,0.0221932252632877
146.20000000000002,28.628938199804967,77.22645308241606,15.431759339548165,0.7645340080571689,28.628925428078706,77.22649342115697,1.0,0.01582524227031175,-0.039636315928800285,9.829341429002561,-0.032296926482548526,-0.07120589950142407,-0.033649713510890994
146.3,28.62894823390663,77.22646397217855,15.427852798732333,0.76119426435429,28.628939861086298,77.2264546800323,1.0,0.5593881993117822,0.05436349070277784,9.787397408009266,0.030726674047404107,-0.04095224685787739,-0.04606126096344709
146.4,28.62895820888869,77.2264749264309,15.423944546505876,0.7670958393751421,28.628960320172673,77.22652673716739,1.0,-0.085305456103487,-0.051330463836967065,10.402117060274758,-0.05210598526757887,0.06393860149924253,0.054328782294261885
146.5,28.62896818395465,77.22648587481852,15.420034598501799,0.7668240556785806,28.628948272932277,77.22648502018086,1.0,-0.09362065722514734,0.40259803532178784,10.095245400962511,0.034482778285297166,-0.046554537597245524,-0.001996607337271609
146.6,28.62897817076235,77.22649680353055,15.416122970359886,0.7653375878373074,28.629018867133166,77.2265375539804,1.0,-0.27663057015747905,-0.05636222459064094,9.29267076713855,0.0802619520659606,0.0025439110316857793,-0.02394768511074833
146.70000000000002,28.628988111932394,77.22650778034931,15.412209677726647,0.769820961246017,28.628971097211675,77.22648335102029,1.0,-0.046054998192953084,-0.553008720332432,9.532608705374413,-0.030257463869060804,-0.004957020731480353,0.06421401502124596
146.8,28.628998015748152,77.22651879516266,15.408294736255248,0.7734295755060244,28.629039318957584,77.22650606453975,1.0,-0.20286930280879165,0.30547005667940047,8.848442629763337,-0.04350274351718478,0.06441994347774396,0.025802194175876106
146.9,28.629007950962258,77.2265297674665,15.404378161605448,0.769914865572685,28.628968148626175,77.22654206202958,1.0,0.27958078627836525,0.39620050431054243,10.883562906483565,0.05234551030789665,-0.04728419451923852,-0.06234520320555939
147.0,28.62901789509925,77.22654072351023,15.40045996944354,0.7687251179075214,28.629006894625117,77.22658832298109,1.0,-0.505017392378847,0.050809395232490465,10.627355875964675,-0.04596449546607406,-0.03937581913590826,-0.0279644936569112
147.1,28.629027889612875,77.22655161410792,15.39654017544229,0.7632070177662886,28.629028526428197,77.22657182411012,1.0,-0.34691577875608737,-0.15228876173698477,9.014546651601433,-0.01946117605232542,-0.030301929811517355,-0.04106821390157581
147.20000000000002,28.629037863909346,77.22656252293704,15.392618795280864,0.7650541076437337,28.629025890751066,77.22657527831001,1.0,-0.1624460483122697,-0.0038491378768768826,9.911608984569707,-0.013800753859733,-0.01012677491612047,0.016366195049938834
147.3,28.62904775017375,77.22657352951686,15.388695844644783,0.7739424233994316,28.629088486049756,77.22654395319529,1.0,0.2565387085005752,-0.4854912947167188,9.817798242152463,-0.0018299211811147638,-0.0425797581056712,0.08551541080845015
147.4,28.62905764575493,77.22658451947524,15.384771339225841,0.7727161662299485,28.629055599518452,77.22657574186745,1.0,0.12314010020966006,0.24358240314058296,9.89732483311991,0.025529606094814403,-0.06170587299278712,-0.0023156284225652225
147.5,28.629067535605778,77.22659551037263,15.380845294722054,0.7730484050257039,28.629048338599603,77.22658846358644,1.0,0.24619498739797344,0.8922094103875743,10.120389382546442,0.048829942672781936,0.06103466962369047,-0.02564517250579914
147.6,28.629077356366953,77.22660657565207,15.376917726837597,0.7799248783767964,28.629050972262345,77.2265946877854,1.0,0.2295160476863073,0.25954729583903047,9.383700300505254,0.028601932464990827,0.055913010891419715,0.05524498683932948
147.70000000000002,28.629087192325038,77.2266176176752,15.372988651282734,0.7780999384122965,28.62908851386797,77.2266077898947,1.0,-0.02180059416465764,-0.5101369810565562,9.647313135659173,-0.0005455699670572105,-0.0248357944664425,0.006123921005244807
147.8,28.629096973170046,77.22662871734384,15.369058083773764,0.7835126625845775,28.62907120178868,77.22661479929714,1.0,-0.5383122564952495,0.1559376607809762,10.009996806123848,-0.05072363233993861,-0.03797327353077162,0.06103372330360528
147.9,28.62910677418941,77.22663978818304,15.365126040032951,0.7811820986481286,28.6291068703183,77.22661966388566,1.0,0.31843271741385637,-0.09233987120838243,9.15212106645142,-0.04078636802104968,-0.05623991160908445,0.01555807451338175
148.0,28.62911661416723,77.22665080834717,15.361192535788465,0.7769050003831005,28.629164390144442,77.22662150135983,1.0,-0.0011994906224059854,0.2861577601402056,10.27320651105552,-0.03956786372822485,-0.0005058866489202656,-0.04153305144696763
148.1,28.629126472268208,77.22666180171846,15.357257586774319,0.7747682373384215,28.62910597574516,77.22666749617018,1.0,0.2719116437694143,0.15548577018915363,9.148701835492464,0.023424209605580608,0.013817248982588926,-0.06244974942005757
148.20000000000002,28.629136318492694,77.2266728031407,15.353321208730298,0.7757368115163167,28.629142752668393,77.22669983470422,1.0,0.09702788595797758,0.41986493505900435,10.705653954837498,0.06179663114097914,0.03525812669005622,0.009189078527530505
148.3,28.62914611997896,77.22668385055186,15.349383417401917,0.7800991122293217,28.629138854408332,77.22670714496702,1.0,-0.2700463122774841,0.6634554104094802,9.419418013851248,-0.05213167246129194,-0.11666420146418024,0.047673411727541845
148.4,28.629155915445924,77.22669489916034,15.34544422854033,0.7804604342278485,28.629166527621816,77.22671811440861,1.0,0.0966160763994635,0.24915341107124198,10.580511364890134,0.017701579592267622,0.058087813394817424,0.003505145932647751
148.5,28.62916565215527,77.22670600926126,15.34150365790229,0.7862437094192202,28.629147760709028,77.2266955937264,1.0,-0.002135497897102004,0.14440529926419118,9.33976462320238,-0.06205668865899533,0.0270173059244393,0.03956873045928064
148.6,28.62917550013932,77.22671698559316,15.337561721250076,0.7745061025288482,28.62920617432717,77.2267039219114,1.0,-0.04602896761000527,-0.9480313384349457,9.574368684626725,-0.019406377162379678,-0.0034715439317266916,-0.15526192385412252
148.70000000000002,28.62918526679053,77.22672805009975,15.333618434351424,0.7826523530446897,28.62914386474095,77.22675026227165,1.0,-0.14080517432673167,-0.04930494119057369,9.243496071389412,-0.030731934617350194,0.08436123672815243,0.0783490521658175
148.8,28.629195038435192,77.226739103156,15.329673812979479,0.7818790924510792,28.62916509178786,77.2267072641529,1.0,-0.22537835171948703,0.8736895233067197,9.708471418230214,-0.07183772892503965,-0.061695791784529254,0.02333192101105236
148.9,28.62920481425944,77.22675014568169,15.325727872912724,0.7811887042709985,28.629210155411407,77.22674233671675,1.0,0.26435222069434894,0.23927143061358674,9.487566040261434,0.032345695295668296,0.14378693687440253,-0.0029213274779139597
149.0,28.62921457793552,77.22676119641524,15.321780629934912,0.7821819098431102,28.629211917204916,77.22676109084192,1.0,0.14760262904731836,-0.33187203314733166,10.625478802168761,0.024059433555790564,-0.010601817334499913,-0.007451363265394308
149.1,28.62922432623818,77.22677225902194,15.317832099835009,0.7835067121919359,28.629280550108433,77.22676203603814,1.0,0.04230807576915945,0.5805906799982603,8.886374014620248,0.018407415134787664,-0.03980808890093169,-0.0110496398652808
149.20000000000002,28.629234065545358,77.22678332618273,15.313882298407128,0.7841740986602529,28.629240966748537,77.22677614168543,1.0,0.3857551126113934,-0.28873063891617057,9.674587692546883,0.013380330569385597,-0.017738979819189947,0.0320711140360841
149.3,28.629243828038856,77.22679436106402,15.309931241450473,0.7815247271247481,28.629231193732487,77.22680675370205,1.0,0.16426886026825482,-0.1765697927038063,9.054162556823009,0.0002525501163156641,-0.001793716036317267,-0.012864374360484465
149.4,28.629253575420236,77.22680540753318,15.305978944769267,0.7828240681865899,28.629244443153702,77.22685097841271,1.0,0.16986431338144492,0.6032126448062227,9.215132345163989,-0.011806567702642925,-0.04961763830593943,0.0498455093475417
149.5,28.629263313895162,77.22681645845933,15.302025424172689,0.7834828320267336,28.62926867393438,77.22683212841845,1.0,0.20524443528501068,0.1484642796348414,10.076976459430492,0.1403901903418415,0.06472496097885919,0.007135855704229828
149.6,28.629273025015124,77.22682753485917,15.298070695474816,0.7860405149837961,28.629306696662162,77.22685653414824,1.0,-0.4287942059958648,-0.6972897341726354,10.07635595658772,-0.03570328512375678,-0.0684699905008062,0.03710099319121815
149.70000000000002,28.62928270244098,77.22683864375696,15.29411477449456,0.7892431574716497,28.629276813883585,77.2268653106613,1.0,0.11293286371503246,0.29647743328503195,9.63134555940545,0.048258605977995285,-0.03891677168685931,0.03687369726839758
149.8,28.629292418459976,77.22684970312785,15.290157677055596,0.7850190450409873,28.62937837413169,77.22686108310504,1.0,-0.23896294304017482,0.09815945848271891,9.698696675550185,0.045019247263024274,-0.01818530824090954,-0.059324165161948134
149.9,28.6293020778157,77.22686082102143,15.286199418986312,0.7905823252875238,28.62935662161163,77.22683376294201,1.0,0.06299570969795973,-0.3365594183679695,9.998927458805287,-0.028102825022170427,0.040289888662849334,0.04777480461859382
150.0,28.629311673051255,77.22687200506613,15.282240016119735,0.7968777142571437,28.629341489520556,77.22690781338049,1.0,0.048776672054894964,0.3596182936498534,10.264598256999301,0.0453054134075813,-0.0077028746963064415,0.07919398623394967
150.1,28.62932125064844,77.22688320305424,15.278279484293469,0.7984201911140962,28.629309940019354,77.22687460543833,1.0,-0.1969127024602885,-0.013987097408880053,9.972851029980802,0.04589251754148962,-0.006235146894570361,0.014745076835100358
150.20000000000002,28.62933089075579,77.22689432552609,15.274317839349635,0.7917854515589635,28.629356834452953,77.22693744889226,1.0,0.2836509366073742,-0.23070641418837046,8.975539179709893,-0.023103608676344117,-0.055624905578439,-0.07024236584584656
150.3,28.629340590843835,77.22690537438862,15.27035509713481,0.7853642322741768,28.629320460509597,77.22693244186816,1.0,-0.03856644386485203,-0.8457942976910828,9.420300659219771,-0.09073771713438111,-0.01726448390317565,-0.08515513894289375
150.4,28.629350316741526,77.22691638801777,15.26639127349996,0.7824386515837144,28.62937573889965,77.22689819922374,1.0,0.5735182223422429,-0.35265582129814554,9.906730476684217,0.02629479626089338,-0.05538297035814154,-0.01530484521217271
150.5,28.629360110485198,77.22692731755677,15.262426384300367,0.7751313646437954,28.629371661479965,77.22691052202256,1.0,0.12573638719803643,0.26174679136159357,9.236008861177725,0.021389036291722514,-0.1030343082783145,-0.031762157400943056
150.6,28.629369807704457,77.22693835247094,15.25846044539559,0.7848805172037774,28.629347763160407,77.22695866478593,1.0,-0.34979480691366205,0.22729844378210912,9.660208898358265,-0.004395150333040938,0.13131173934099957,0.09898846294640835
150.70000000000002,28.629379443771555,77.22694945097112,15.254493472649374,0.7909163254112084,28.62937252155564,77.22695911006856,1.0,0.1914115165442752,-0.2594668675569963,9.56543271803415,0.02214838410950868,0.007158861904610617,0.05014890902766162
150.8,28.629389130910173,77.22696048588828,15.250525481929607,0.7854006926137345,28.629377349111504,77.22694653047627,1.0,-0.3160416872662939,0.062226255425982355,10.140086930515134,0.048846396950973946,-0.0688252561657859,-0.047780576639115196
150.9,28.62939877643943,77.22697156228077,15.246556489108247,0.7894286886320195,28.629403866882914,77.22699102027927,1.0,-0.1765993746164217,0.5417981479323516,10.596473776476271,0.04412888034929102,0.06095350878785393,0.035897273723208376
151.0,28.629408479884994,77.22698256707979,15.24258651006126,0.7831931867909581,28.629426913898417,77.22696182167353,1.0,0.16209543352144246,0.5285868168202768,10.801712436837166,-0.048310932620394265,0.12058556347862566,-0.06355823345167952
151.1,28.629418046315855,77.22699372077291,15.238615560668554,0.7970221640588749,28.62941725179164,77.2270277296952,1.0,-0.4813925744332427,0.024514189422655538,9.316670467981151,-0.05730013400692109,-0.030427916139524776,0.137213215840303
151.20000000000002,28.629427601715005,77.22700488105318,15.234643656813924,0.7978940301213695,28.629447010577966,77.22702151477961,1.0,-0.12865830477310197,0.03145665780657463,9.390644661129983,0.075833235412956,0.07558284398363836,-0.0006641469287099067
151.3,28.62943714825898,77.22701604548823,15.23067081438498,0.7985434981125146,28.62943728025179,77.22697214396052,1.0,0.7399640124780126,-0.21091202718218696,10.398780096984073,-0.029336854891468957,-0.04064671094205485,-0.01012006354084453
151.4,28.629446732847736,77.22702716184679,15.226697049273088,0.7943981339224075,28.629489058481248,77.22704175282844,1.0,0.45351975254185817,0.49868835776409376,10.171862614604725,0.024128716866348782,-0.04013948738234516,-0.02699729493404595
151.5,28.629456304892127,77.22703828652762,15.2227223773733,0.7954269635592195,28.629436906388076,77.2269944846994,1.0,0.05710113594926626,-0.24752365900133805,9.70387852143784,-0.011220176514243264,0.04666341619808084,-0.010549783678177575
151.6,28.6294658009754,77.22704948971011,15.218746814584298,0.8029236128711057,28.629465109078012,77.22709523005726,1.0,-0.6006118300769925,0.3601124625845814,10.475596492468323,0.0306970675792276,0.04047834375651685,0.0527015528696998
151.70000000000002,28.62947522355511,77.22706076752085,15.21477037680833,0.8101220087120095,28.62949158708962,77.22702895166906,1.0,-0.3322818988798071,0.16840318297898288,9.721306817480718,-0.02508785927721808,-0.0005976338785780577,0.052049649728900756
151.8,28.62948463940243,77.22707204700993,15.210793079951141,0.810553250411591,28.629513729469693,77.22707721640863,1.0,-0.20069100632593453,0.3617608220834778,9.840734244697412,0.007150525998671581,0.008055166535227821,0.029865912180937433
151.9,28.629494040170073,77.2270833371986,15.206814939921914,0.811827025616622,28.629484040883835,77.22710527869478,1.0,0.20992696949914447,-0.01861461521147765,10.19676644308427,-0.12426574732692533,0.03857520603029745,0.010105779449872935
152.0,28.629503537548075,77.2270945163107,15.202835972633205,0.8017806823015357,28.62952487737661,77.2270878314026,1.0,0.030626909356394255,-0.45945604193462714,10.053942092430349,-0.038024378345323254,0.07251466254970686,-0.12321716112565939
152.1,28.629513087278518,77.2271056317023,15.198856194000873,0.7961760619933415,28.62951701724594,77.22709681677915,1.0,-0.26450270420049504,0.6789017917145089,10.740779070698293,0.01347278946755948,-0.05287839772513521,-0.06640118305915312
152.20000000000002,28.629522647984167,77.22711672913823,15.19487561994403,0.7947936919410807,28.62955054762093,77.22705251991955,1.0,0.6032193959418246,0.12108756963451384,10.615360087497779,0.0619256391240656,0.024589706369671435,-0.021712169578073044
152.3,28.62953211043357,77.22712792966585,15.190894266384968,0.8045780732787831,28.629555760133012,77.22710171002177,1.0,-0.46490922772708787,-0.07602795057903196,8.868718179684654,-0.06624094968696963,-0.044633461986533576,0.0659743879837697
152.4,28.629541610152767,77.2271390835043,15.186912149249094,0.8005263898026986,28.62959240397921,77.22715872505665,1.0,0.16657005747215958,0.44680816142782587,9.810957394020104,-0.04134529061526216,-0.09049377403799941,-0.015270341382323272
152.5,28.62955111598544,77.2271502248994,15.182929284464873,0.7996469845905658,28.629543501287735,77.22715224808765,1.0,0.004886357586209367,0.19117055857190218,10.684132810334825,-0.010729965286647132,0.00820540519109188,-0.027212450952314365
152.6,28.62956070190046,77.22716127117079,15.17894568796376,0.7911668952123042,28.629570160415252,77.22713078365672,1.0,0.19709735224765595,0.9483151888307307,9.803304456200458,-0.01822576173917668,-0.0008655400103841579,-0.03466577420539514
152.70000000000002,28.629570263027027,77.22717233956499,15.17496137568013,0.7934616793529881,28.62954521920623,77.22720849337077,1.0,-0.004506203039214257,0.5595857064378458,10.991043631671548,-0.018828976877641956,-0.03741538579497049,0.027956295902983937
152.8,28.62957991750782,77.22718329652636,15.170976363551233,0.7835444048596171,28.62957975183388,77.2271580002331,1.0,-0.1280133594012449,0.8628984436388436,10.38586052595143,0.012628225957218152,-0.055327042403192896,-0.12289643304154824
152.9,28.629589562330246,77.22719425874605,15.166990667517108,0.7842847480489291,28.629541698897842,77.2271693182276,1.0,0.2874461526517347,0.6379365823064468,9.613249735611864,0.003933454945970513,-0.019069465724223172,-0.03670093796156639
153.0,28.629599166150918,77.2272052618258,15.163004303520538,0.7882750575860888,28.62962374896243,77.22715763896657,1.0,-0.6664908238378817,-0.8951234831339406,10.071049762214884,0.0036243572412246773,-0.02415493922393744,0.023392808071464447
153.1,28.629608835123502,77.22721618482092,15.159017287506972,0.7812420964873584,28.629637659322803,77.22724432950496,1.0,-0.08567535019698785,0.6865975393667552,9.98063450987954,-0.046680516340640056,-0.04026136298242057,-0.06792921900268774
153.20000000000002,28.62961847961095,77.22722713008805,15.155029635424464,0.7835282929309101,28.62958160768391,77.22729839476955,1.0,0.08650589697312519,-0.6006751163332344,9.936384195565594,-0.07284480349126518,-0.026023921461524498,-0.02416475173723872
153.3,28.62962811651653,77.22723807823878,15.151041363223623,0.7840532228254086,28.629668136459866,77.22726121078223,1.0,0.3736294991406406,0.185619788199078,9.309326256950635,0.014165198445369355,-0.016748735079441145,-0.007474417629486059
153.4,28.629637732321747,77.22724904466904,15.14705248685753,0.7859833157969469,28.62963674786137,77.22729435919584,1.0,0.04703053545517974,1.400751324680138,10.446414385639367,-0.05409880498049366,0.051847477608304986,0.052570021346166916
153.5,28.62964741776122,77.22725992547963,15.143063022281687,0.7784567287568446,28.62966061451425,77.22728797200224,1.0,-0.04561699601777683,0.09585904832883645,10.472215741191631,0.04364705956644058,-0.012750930318693801,-0.07164493630624547
153.60000000000002,28.629657155703242,77.22727073946365,15.139072985453943,0.772674499343888,28.629647595960176,77.22727413724883,1.0,0.10649842135482272,0.03116473058278316,10.029993646214047,0.07700175472039124,0.015761467022048125,-0.03691342777298781
153.70000000000002,28.62966694900118,77.22728148249925,15.135082392334446,0.7665521483569387,28.629620783689862,77.22723804672825,1.0,-0.02694889084532795,0.2665625232456427,9.221321676372215,0.06328598332509831,-0.08627232070145208,-0.09697921222611967
153.8,28.629676761679416,77.22729219666161,15.131091258885558,0.7642199087538777,28.629702769267077,77.22727466695525,1.0,-0.009726289101805063,0.44620211049082686,10.181626748374178,-0.06241188084311375,-0.0347322266893534,-0.02358457357553196
153.9,28.62968663222366,77.2273028356862,15.127099601071809,0.7577689495128771,28.629709232941753,77.2273266662701,1.0,0.17495478255848884,-1.1912805403953797,9.849641402855589,-0.01332246284573558,0.04829018570264486,-0.04433775697145143
154.0,28.62969649791264,77.22731347461156,15.123107434859826,0.7580099280907304,28.629660418946667,77.22732434860251,1.0,0.14943985103091406,-0.40001748571831347,9.284907247452606,-0.03203286873357057,-0.0744679872048989,0.0028146024773808937
154.10000000000002,28.62970631853173,77.22732416159474,15.119114776218266,0.76254708591272,28.629704241689595,77.22734643471165,1.0,-0.24018057576532417,0.5102078140429267,10.085004973773653,0.013262010804565728,0.06759136021925981,0.06817154467213357
154.20000000000002,28.629716170905162,77.22733480464755,15.115121641117762,0.7588779042696773,28.62971340790002,77.22728777901574,1.0,-0.4308535968391578,-0.7589588086059325,9.20550597397364,-0.036675560922969024,-0.03721551468765458,-0.04672950184728075
154.3,28.629726039298088,77.22734542247402,15.111128045530847,0.7568820996548828,28.629765801544323,77.22735336132199,1.0,0.03657293933790774,-1.1724001941306752,9.316022284298462,-0.05226454821572529,0.09238114395542918,-0.024850501440520166
154.4,28.6297357614735,77.22735620805837,15.107134005431897,0.7721700440195384,28.629706761443167,77.22735374322752,1.0,0.1398993408011181,0.16950076221332763,9.911069100252913,0.0007043138834763846,0.011460899905241458,0.19015941553308208
154.5,28.62974546925615,77.22736700460162,15.10313953679707,0.7734181748441062,28.629760609960965,77.22733394342995,1.0,-0.0765678818274631,-0.7740030041304711,9.773916353297734,0.006942989932331202,0.06844946546593837,0.030219314467622986
154.60000000000002,28.62975512779683,77.22737785247926,15.09914465560423,0.7783316487314905,28.62978654374319,77.22734922908754,1.0,0.09969377216502376,0.5524311009305536,10.471365103186638,-0.05225390864467764,0.0326969554385042,0.04633951372060681
154.70000000000002,28.629764775354026,77.2273887072149,15.095149377832902,0.779216481679394,28.629738991809017,77.22740138880451,1.0,0.022340806877580832,0.533268901482942,9.822452055216402,0.010807598857690434,0.012915728538275151,0.012522773464507175
154.8,28.62977439934286,77.2273995832601,15.09115371946419,0.7814199451778906,28.629775470475153,77.2274395947665,1.0,0.21986622961138647,-0.2701528540932969,9.305036411939513,-0.03659314795450296,0.046848426662411735,0.007164917633409108
154.9,28.629784028789395,77.22741044722493,15.08715769648072,0.7805808371727093,28.629835155667784,77.22736940942289,1.0,-0.05486499843083201,-0.2965455668391879,9.979976982506816,-0.07615471068707888,-0.004747568164660445,-0.007580731679540239
155.0,28.629793599277274,77.22742137280827,15.08316132486658,0.7864794455478563,28.629836761856943,77.2274344646433,1.0,0.07556474834244321,-0.061889473558957894,10.136328066669346,-0.03495436351824037,0.06492317341257997,0.06431520369391258
155.10000000000002,28.629803122271255,77.22743234636015,15.079164620607253,0.7911571991518297,28.629787399077017,77.22741870296953,1.0,-0.11600707382311687,0.06721983652285046,10.351942347700444,0.042932233875701366,-0.03621090212646499,0.04275179779673692
155.20000000000002,28.629812661464573,77.22744329587796,15.075167599689548,0.7892111826739681,28.62984599349219,77.22741554643461,1.0,0.020860809864086866,-0.4709830386506696,10.351141124533846,0.06986896515565064,-0.0014607874403898193,-0.06793250658133884
155.3,28.629822271517273,77.22745415889005,15.071170278101546,0.7815449721373586,28.629848001261394,77.22746351321518,1.0,0.02571237490564099,0.11975242723383611,9.876049809722552,-0.07906490320499945,0.0042903151577226946,-0.08143761193534274
155.4,28.629831854145518,77.22746504750184,15.067172671832525,0.7841507484817056,28.629878207740116,77.22749851885892,1.0,0.25584115206981173,-0.3363717889365237,10.350517893215093,0.040009088290734546,0.005403455394054473,0.0097488646061354
155.5,28.629841440389743,77.227475926187,15.063174796872907,0.7835060792926749,28.629812308987322,77.2275012901871,1.0,0.44193322340286345,-0.16915522429631888,10.370704388518003,-0.006970669173454318,-0.02499870096058515,0.019548094673402634
155.60000000000002,28.629851024490208,77.22748680152654,15.059176669214185,0.7834641135648697,28.629853748307283,77.22748514077578,1.0,0.4724042846635216,0.17876918638805364,10.093622528458013,0.05051014125659499,0.03399783715520992,-0.008851509142468178
155.70000000000002,28.629860620804227,77.22749765707582,15.055178304848866,0.7819166666231196,28.629858386668374,77.22752688164069,1.0,0.6032282764191518,-0.08505484370951394,9.773156534545256,-0.02673627443050268,-0.019595668905883913,0.004737540000316004
155.8,28.629870255907417,77.22750846211719,15.051179719770401,0.7775681946488229,28.629881170570798,77.22750152970433,1.0,-0.07796059710980399,-0.12337800377836002,10.235924755971675,0.021747493825241118,0.05999206932866529,-0.04890001191659961
155.9,28.629879925187527,77.22751922161423,15.047180929973125,0.7736865172491787,28.629873062056394,77.22754280969863,1.0,0.19212594281030768,0.6420920215483755,9.971619912506881,-0.0492391065306981,0.013000165108529993,-0.0161495491614947
156.0,28.629889533633595,77.22753004577852,15.043181951452192,0.7798373657888124,28.629875702567627,77.22754118045656,1.0,0.3238566939261657,-0.4160981141169195,9.882736732018328,-0.021731692764259375,0.02916294862635618,0.07611942212717525
156.10000000000002,28.629899131977307,77.22754087575265,15.03918280020351,0.7806316025613073,28.629853734198157,77.22747953187775,1.0,-0.2520375818113417,-0.2751605369728464,9.921892666789699,-0.11528186743954522,-0.042692912107786224,0.025160878335102027
156.20000000000002,28.629908705205757,77.22755172873342,15.03518349222368,0.7830026141510477,28.629922394860724,77.22758255181837,1.0,-0.20516879505196398,-0.888577874300358,10.254767412458845,0.007698119190471299,-0.015507893123123792,0.01842197051261068
156.3,28.6299182944389,77.22756255755212,15.031184043509928,0.7810530547393506,28.62990678678062,77.22757787259036,1.0,0.16404936236327777,0.5293843432451653,10.27104685611085,-0.034921975018444906,0.032573725172925797,-0.02153054040226745
156.4,28.62992781536945,77.22757345852271,15.027184470060044,0.7879475802677544,28.62987851612495,77.22759105926357,1.0,-0.004894795486248493,-0.02704896602654291,9.837990198009111,0.03501381399731336,-0.05697164400791305,0.09592906888556038
156.5,28.62993739737545,77.2275842840186,15.023184787872317,0.7812765770883324,28.629925152766436,77.22759552015091,1.0,-0.7471096599986006,-0.3974872510285413,9.30233024794741,-0.0594428087738702,-0.020067362783227585,-0.11111945532863904
156.60000000000002,28.629946943169173,77.22759514515748,15.019185012945467,0.7848132556287729,28.62995719252753,77.22762941871517,1.0,-0.06590403086330007,0.46633590615037757,10.200331117908496,-0.01938434041628774,0.03213801834185448,0.06323203772868174
156.70000000000002,28.629956430445084,77.22760606686901,15.015185161278591,0.7906684582899163,28.6299354684727,77.22761757684937,1.0,0.7098965134052588,-0.2531626851274242,9.81022186260573,-0.03223691409129922,0.0079344019974639,0.07997748574596217
156.8,28.629965965403606,77.22761692877741,15.011185248871092,0.7854165394503648,28.62996087847603,77.2276667368833,1.0,0.09094827179595738,-0.27083233618482366,9.947183477272945,-0.15150765768150495,0.0091989635299511,-0.047442408261738594
156.9,28.62997547288402,77.2276278161231,15.00718529172261,0.7880290936897241,28.629948091851315,77.22761098496447,1.0,-0.32622206554325195,0.11959767124979649,10.018354975042064,0.039505774727792195,0.031355608171715225,0.016006343601293563
157.0,28.629984955518296,77.22763872579081,15.003185305832973,0.7903614833205141,28.630008236353873,77.22760919888337,1.0,-0.11485151236408364,0.5969208700164658,9.58248049682478,-0.07487173506632508,-0.06709687900283183,0.0403108398776255
157.10000000000002,28.629994373491915,77.22764970217558,14.999185307202117,0.7968300628647432,28.62997097985331,77.2276590412023,1.0,0.6776239363037816,-0.4705836313147075,9.97125328885492,-0.018322878461145872,-0.1183190735603479,0.06868279465620801
157.20000000000002,28.63000371625949,77.22766075596276,14.99518531183003,0.8043487215643,28.63003989529168,77.22765193238604,1.0,-0.19169250467021262,-0.1350517255446398,9.660492718894,-0.017424621829891542,0.031054993032854996,0.06808013032715249
157.3,28.630012993459335,77.22767187553205,14.991185335716688,0.8108303954454164,28.630062058426123,77.22765268969707,1.0,0.18108535321269592,-1.1232027944621084,10.55296256307258,0.02143483542268022,0.08367738604299818,0.061055985412235024
157.4,28.630022302813718,77.22768295451014,14.987185394861994,0.8072758392492778,28.62999727343677,77.22762845749554,1.0,-0.01431239762612678,-0.09401870129376748,10.058390786855105,0.023899906855981604,-0.062026465668800324,-0.03262650227093646
157.5,28.6300315042182,77.22769414428893,14.983185505265702,0.8180670122296562,28.630061808579057,77.22765721592894,1.0,0.27586275890830714,-0.7690639472164922,8.848935311660533,0.05173593047211892,-0.011872404465917662,0.08364496453972231
157.60000000000002,28.630040832975652,77.2277051907126,14.979185682927366,0.8047655750672849,28.62998833884738,77.22770809232772,1.0,0.4966724551333721,0.568718195734207,9.509517865747668,-0.023869771191713428,-0.05838690877526186,-0.1188781905328137
157.70000000000002,28.630050090414247,77.22771630907836,14.975185943846272,0.8118410928326624,28.63006951913466,77.22774454513089,1.0,-0.05402304807587416,0.15345770115176274,10.087278140134192,-0.06471934513135867,-0.04601639642125536,0.06997300874261637
157.8,28.630059329162172,77.22772744196787,14.97118630402137,0.8135018497349922,28.63003302788315,77.22770754745108,1.0,-0.13450939078183574,-0.33227522141349125,10.446025834199496,0.006933196877095997,0.01032826193179909,0.03993726674496777
157.9,28.630068595703193,77.22773853919563,14.967186779451211,0.8104001221042468,28.63007333247621,77.22774513474319,1.0,-0.1966121968688269,-0.05602861865257242,9.811751164448701,0.0025721006437036667,0.058674025633487364,0.016494838706631557
158.0,28.630077784290098,77.22774971461172,14.963187386133892,0.8181216921524113,28.630016275150282,77.22775378500886,1.0,-0.22201127804088797,0.2671029839106285,9.016918712438027,-0.007302360496755206,-0.007826200365102252,0.07449109945363719
158.10000000000002,28.630086971983044,77.22776088537425,14.95918814006698,0.8179624316158144,28.630098562962935,77.22778330672001,1.0,0.1843529017846784,-0.9767835852843977,10.458005858973825,0.08510810943474872,-0.006127156826129349,0.011380316597424117
158.20000000000002,28.63009611589268,77.2277720970713,14.955189057247452,0.822169564084649,28.6301103974715,77.227717066103,1.0,0.02470145619551138,-0.10357728914879095,10.778466923229399,-0.01904133882603232,0.030162727163320677,-0.006508344004566536
158.3,28.63010526996499,77.2277832924107,14.951190153671636,0.8208874980818339,28.63012113074946,77.22782676044267,1.0,0.08377681279429233,0.6075411429100603,10.053284150775601,-0.020607314997086616,0.017334833951310066,-0.013770366708611847
158.4,28.63011440175056,77.22779450576223,14.94719144533514,0.8229047076475786,28.63007649704097,77.22781330250099,1.0,0.009423248796196076,-0.2199140818742387,9.577957862256394,0.008426189316447643,0.01178051658363624,0.030665553856355776
158.5,28.630123464172303,77.22780578635212,14.943192948232792,0.8296835335657864,28.630121850236907,77.22780142142767,1.0,-0.34654241426029253,0.6618506784212109,9.909839050484912,0.05351557707870546,0.07644415841774034,0.057969537335028014
158.60000000000002,28.63013247244588,77.2278171175613,14.939194678358575,0.8348956025539837,28.6301469208122,77.22777611701797,1.0,0.14311006832565365,0.20424809157851742,9.731026381494582,-0.005251559722308403,-0.0613552253315851,0.0568197460512168
158.70000000000002,28.630141453052566,77.22782847172567,14.935196651705564,0.8374323632000876,28.630167166030184,77.22788701872372,1.0,-0.04868260177069014,0.37977867577995494,9.991178837745583,-0.009540854791409821,-0.006244702390333055,0.05980564575362385
158.8,28.630150450548047,77.22783980301128,14.93119888426586,0.8354945836657826,28.630130108022655,77.22781074468692,1.0,0.36726327079282983,0.25596151059602396,9.762368008563573,-0.006700455249835733,-0.05462871882286208,-0.015339840104608442
158.9,28.630159439356433,77.22785113772785,14.927201392030527,0.8361257166472508,28.630163888455588,77.22784436049774,1.0,-0.0023275297153222685,-0.264994627713981,9.262257288234874,-0.07425732018255467,0.020886257487583156,0.004334551429712989
159.0,28.630168525697805,77.22786236551839,14.92320419098953,0.8260329991969356,28.630207110263473,77.22786361996945,1.0,-0.2253375053978103,-0.5284430966328104,10.040657737224953,0.005245580118717233,0.0673304588930105,-0.11524372666595654
159.10000000000002,28.630177559577277,77.22787364257096,14.919207297131665,0.83109821806496,28.630205888877573,77.22787231522811,1.0,0.7808561168797111,-0.9073054409649972,10.19968248158454,-0.018542935138805415,-0.09097210001193334,0.020847576870065693
159.20000000000002,28.63018661584488,77.22788489074968,14.915210726444503,0.8285887350749128,28.630210489100882,77.22788322483508,1.0,0.5518449198904933,0.10025912422616039,10.723693054754401,0.06120419938413865,-0.019412967590355473,-0.049308310952232016
159.3,28.630195709053382,77.22789609462066,14.911214494914324,0.8245935290468276,28.630248188290256,77.22787766862156,1.0,-0.22043999517186633,0.7539926919541691,9.944174293891564,0.04899277235230042,0.06003792755713636,-0.022538563553490834
159.4,28.63020480241049,77.22790729276572,14.907218618526047,0.8243305641159298,28.63025913274808,77.22790977521666,1.0,0.10819783251967682,0.4559440106153074,10.370316167002565,-0.04268940144992473,-0.0006354975237191056,-0.005928603547417305
159.5,28.630213800949683,77.22791858434188,14.903223113263172,0.8336900754854533,28.630192537927204,77.2279266227684,1.0,0.09303508291305732,0.46551660968642583,9.608118076439643,0.0072947441017412705,0.044736329871855225,0.1106643147967315
159.60000000000002,28.630222694776062,77.22792997759248,14.899227995107713,0.8439654596903301,28.63024259803726,77.22795499314583,1.0,0.2789930829232875,-0.2632649547441066,9.795393230560185,-0.02473546892492423,0.00864623986989226,0.12967180984039794
159.70000000000002,28.630231547726773,77.22794140662694,14.895233280040141,0.8478083688573427,28.630164217724236,77.22788657705631,1.0,-0.22098350720461682,-0.018397012885039924,9.677395677638737,0.019581884275001682,-0.036331545017051325,0.02309545253204498
159.8,28.630240408936636,77.22795282189749,14.89123898403931,0.8467477879747088,28.63021713827764,77.22796206286253,1.0,0.42643843765470746,0.1718450103529204,10.017552914485684,-0.04148543800646254,-0.013934731807179671,-0.01883413493719053
159.9,28.630249151458372,77.22796434990791,14.887245123082396,0.8582988455068205,28.630216209505946,77.2279126860888,1.0,-0.10561284711895216,0.6900773648335309,9.947716108878337,0.01312928015931853,-0.004695189621036613,0.11681084036042026
160.0,28.630257855915254,77.2279759098516,14.88325171314484,0.8618240294788057,28.630292803469516,77.22795609090731,1.0,0.01993209674279342,0.5465876399604551,9.066393186011993,-0.0630914910255517,-0.006949816752758737,-0.010559461854324216
160.10000000000002,28.63026650177109,77.22798752136288,14.879258770200275,0.8673568859561783,28.630275280568426,77.22799517495551,1.0,-0.4051129468467004,-0.272727034202315,9.765153946416085,0.011252305458628613,0.1015768491180234,0.06615487838656002
160.20000000000002,28.630275153278227,77.22799912205073,14.875266310220468,0.8665744180443039,28.630241025572502,77.2279816124355,1.0,0.04056723811629728,0.22996114423616817,10.267160063663018,0.06806830271143394,0.00271228771630861,-0.006585254343835249
160.3,28.630283836460325,77.2280106866144,14.871274349175255,0.8632304734136098,28.630243015454845,77.22800760427067,1.0,-0.16722262733931134,-0.2600031908156501,10.22195224036131,-0.04760146045393682,0.02460161668515757,-0.03538910789198945
160.4,28.630292527572927,77.22802223806654,14.867282903032475,0.8622190355526139,28.630301426029185,77.22802555704914,1.0,0.2511462283926029,-0.0008439605980737686,10.400694330064537,-0.0065845021708704835,-0.01718432617480099,0.010726144414642947
160.5,28.630301183497025,77.22803381838965,14.863291987757904,0.8654554062828229,28.63034015681151,77.22805153082479,1.0,0.31714238969726394,0.15163477431051267,10.358251628602643,-0.07939838834749129,0.002138679781967694,0.06133628058530359
160.60000000000002,28.630309758503813,77.22804547123981,14.859301619315199,0.8731632891658652,28.630385996417036,77.22810497844154,1.0,0.27371421105095517,-0.6122424759503448,9.900655058324087,-0.01818850764535938,-0.044215481809411976,0.09298576254867058
160.70000000000002,28.630318357321055,77.22805709596186,14.85531181366583,0.8706071954384148,28.63031476887397,77.22804780641064,1.0,0.3006128123705057,0.6495343482347501,9.626395147128681,0.10608493542472577,0.052967142876316355,-0.03218626738951933
160.8,28.63032697928264,77.22806869306899,14.851322586769015,0.8681096702410183,28.630290996967155,77.22801008109629,1.0,0.38343297381026875,-0.5832599888592866,9.374858234999548,-0.030208494053602306,0.06938742293072424,-0.043462213496050985
160.9,28.630335701995502,77.22808018660159,14.847333954581654,0.8579392384635666,28.630324029156167,77.22804384599105,1.0,-0.3761620281626187,-1.01440466933652,9.656314712469538,-0.08643162207639002,-0.07147374331231596,-0.09801081848786526
161.0,28.630344386256994,77.22809171247775,14.84334593305827,0.8615133956105754,28.630357971717864,77.22807702031581,1.0,0.54940704663357,0.5342974595036925,9.444342006364186,-0.04228905074704957,-0.02347457806871868,0.037318843709297646
161.10000000000002,28.630353035802663,77.22810326681596,14.839358538150945,0.8647103457694127,28.63034402200688,77.22807067330174,1.0,0.05193374174326146,-0.6823534376538707,9.835103291437083,0.0325570701341195,-0.018623179823985814,0.07809802702688451
161.20000000000002,28.630361588650445,77.22811490886622,14.835371785809253,0.8739805393746513,28.630320846432873,77.2281078246267,1.0,-0.5043041221744952,0.8982449447954076,10.93140905409686,0.08831509634945915,0.09394935653446361,0.11033461344568475
161.3,28.630370125360216,77.22812656096372,14.831385691980199,0.8753343175568213,28.630413808599712,77.22814085552139,1.0,0.2516438348375444,0.24360248681984745,9.4375787111669,0.010067774981775237,0.005829609989141636,-0.03257674234816144
161.4,28.63037868829113,77.2281381827447,14.827400272608152,0.8725426386458349,28.630400278419543,77.22812812149819,1.0,0.39846246087990955,-1.19869246351434,9.326625018528294,0.04084068535159604,0.005381159060830232,-0.03294435401422463
161.5,28.630387265273836,77.22814978574225,14.823415543634784,0.8709382650047626,28.630355700964195,77.22812898768433,1.0,0.045831516249349516,0.5711097889655659,10.274381223567916,0.006260980157702496,-0.04667511802506082,0.014652741775597477
161.60000000000002,28.630395843542768,77.22816138217519,14.819431520999006,0.870585529415308,28.630412773004835,77.22819765791597,1.0,0.14202123304931602,0.28300653117690877,10.539400768728463,-0.04557625465312497,-0.038950197889751556,-0.027525758832393547
161.70000000000002,28.6304043774562,77.22817301568533,14.815448220636904,0.8747100586197953,28.630400265369907,77.22821922557027,1.0,0.03361435364643578,0.4491157913056651,9.339989675299229,0.05192906520361247,-0.020029238547384757,0.07560615525887684
161.8,28.6304129365981,77.22818461979834,14.811465658481673,0.8720113532207392,28.630400522060196,77.22817339384414,1.0,0.34976133724464176,-0.8217659535461522,8.901854115137539,-0.05793707550857751,0.08491680777785121,-0.006224019460868131
161.9,28.630421421773143,77.22819628889664,14.807483850463559,0.8790277465021982,28.63040077315748,77.22819611480921,1.0,0.5105627962017928,0.26094891430731915,10.093408350370167,0.06417595251775761,0.010446532459444095,0.09148048821496106
162.0,28.630429883441572,77.22820797484272,14.803502812509782,0.8810985250496285,28.63046231008818,77.22824130702246,1.0,0.06263792876650427,-0.00882663291982369,9.31269929380324,-0.04546437447457614,0.04919354640060108,0.010235069508220855
162.10000000000002,28.630438440081257,77.22821956538633,14.799522560544496,0.8715790587823864,28.630424678450748,77.22824288578525,1.0,0.034766631956774124,0.8260608565226614,10.069417563917776,0.0003961561217522137,0.053538883210354694,-0.08599365401094877
162.20000000000002,28.630447022609772,77.228231125733,14.7955431104887,0.8688045814955291,28.63046225625699,77.22821622121084,1.0,0.08006443873958054,0.14838067082039758,10.07344556685457,0.04062494247990464,-0.047898580662219824,-0.032965195011489264
162.3,28.63045572820183,77.22824256066403,14.791564478260188,0.8563819248450389,28.630516057461286,77.22825328591885,1.0,0.45623859522707133,-0.10516193019019655,10.68168856727369,0.04328425554757656,0.032367976488663006,-0.11207672547679244
162.4,28.63046448053779,77.22825394378883,14.787586679773487,0.8514804190143578,28.63047228696455,77.22825043460695,1.0,-0.43440502979490325,0.5061837304806202,10.03964758051007,0.03912962900795111,0.01417760805896016,-0.08370731649304702
162.5,28.630473323729085,77.22826522997383,14.783609730939784,0.8421117650354275,28.630462859042257,77.2282418594939,1.0,-0.5236591403653171,0.6954317208382443,9.656492470642442,-0.07941587275151601,0.1071742039576284,-0.11687796522374112
162.60000000000002,28.630482179925224,77.22827649745834,14.779633647666866,0.8405576244207428,28.630472784764514,77.22833832475534,1.0,-0.05746823377578053,-0.4140355512893522,10.628293955244082,-0.041136493795799825,0.00804022649825752,0.01715861723480064
162.70000000000002,28.630491015811295,77.22828778016404,14.775658445859065,0.8423691426665914,28.630508740371248,77.22823366705339,1.0,-0.12336198376981522,0.09743001676567553,9.82690772620427,-0.07590456872650536,-0.05684820951671883,-0.013474308945405121
162.8,28.63049984498913,77.22829906423479,14.771684141417182,0.8428065013575686,28.63049614238356,77.22826142919479,1.0,0.13554554631973517,-0.910634532492666,9.341890593287076,0.016849024868145834,0.058537223802055616,-0.055576008736687305
162.9,28.63050858445492,77.22831043316313,14.767710750238429,0.851591261068249,28.63049310473972,77.22833072730653,1.0,-0.25986593863002905,-0.43078807568457117,8.897331713862254,0.08962407716836733,0.077623401152001,0.058866985773117296
163.0,28.63051726181512,77.22832185827968,14.763738288216365,0.8575644884015786,28.630487346676563,77.22829346326355,1.0,0.3652117683163293,-0.0717075789268773,9.483354939231582,-0.06880716990422638,-0.04975402392335677,0.08124935526440451
163.10000000000002,28.63052595998291,77.22833325746255,14.759766771240832,0.855254232020145,28.630537894105522,77.22835858148372,1.0,0.08485215059426937,0.5260399658005143,8.786025304007325,0.0977549930900588,-0.028712850679267217,-0.01598887088501793
163.20000000000002,28.630534749809698,77.22834455961637,14.755796215197895,0.8458195300351504,28.630538829217322,77.22834821709134,1.0,0.08669628330766815,-0.01179193877054888,9.3879823433539,-0.036012259685360294,0.0322450919324646,-0.09447177186097179
163.3,28.63054356771244,77.22835582791495,14.75182663596977,0.8427464620157069,28.630530595521588,77.22830864610285,1.0,0.29529703588997697,0.23078017037349172,10.000818936242597,-0.04136383227270624,-0.06669652335657865,-0.05076348268978206
163.4,28.63055234389409,77.22836713297862,14.747858049434774,0.8467183327437608,28.630600427044552,77.2283914894856,1.0,-0.18513695669060834,0.3939385397980612,9.471106942773673,-0.05666283777711964,0.022625246103419865,0.05451765478763043
163.5,28.63056105440195,77.2283784983705,14.74389047146724,0.8530817316938474,28.630597308835178,77.22841239851402,1.0,0.18889855656590038,-0.028545121362543564,10.395466292032271,0.08223533761097267,0.031071895008399728,0.030776961307984026
163.60000000000002,28.6305698202918,77.22838980296027,14.73992391793748,0.8472797768649741,28.630550888989287,77.22843999645205,1.0,-0.04911899178833626,0.7779161637526224,9.307868915285527,0.00021210491011142813,0.15116073940436756,-0.03994044253672692
163.70000000000002,28.630578567570552,77.22840112083531,14.735958404711702,0.848916773076649,28.630616553263305,77.228382027869,1.0,0.3497134960989212,0.6356312242267451,9.215603712215712,0.017976838787339664,0.07626723528122566,0.01758668481194329
163.8,28.63058740987541,77.22841233703154,14.731993947651953,0.8390702244132024,28.630602792211413,77.22838744640684,1.0,0.1276216322273841,-0.36926893021427926,9.769770347665164,0.059613833788102234,-0.09781355545588344,-0.08263692153038078
163.9,28.630596270460394,77.22842352903204,14.728030562616055,0.836969534839931,28.63059055808296,77.22840728654853,1.0,-0.17654304417182118,0.014588299097565713,9.328320573704094,-0.021512704017010064,0.01665627554130129,0.011188811689665281
164.0,28.630605122134714,77.22843472472215,14.724068265457545,0.8376338232967316,28.63061838628819,77.22841174135415,1.0,-0.46511736934812953,0.06092860601721514,9.374206546927885,-0.03202474248561709,-0.013097549046320087,-0.019409292262593775
164.10000000000002,28.63061395438585,77.22844593485355,14.720107072025606,0.8393668890221146,28.63058492616382,77.22841610898388,1.0,-0.4291077636796815,-0.4157347076615363,9.78224477448219,-0.0210841667133652,0.022783495906073536,0.028051726144681842
164.20000000000002,28.63062276166742,77.22845716501455,14.716146998165003,0.8416609977940659,28.630614594827904,77.22846204917398,1.0,0.4394557306568929,-0.6496689425802048,9.980931107186851,-0.02097338703689757,0.11727441627223639,0.013336924103980375
164.3,28.63063156416254,77.22846839461357,14.71218805971603,0.8419062154510543,28.630629998290797,77.22843879975575,1.0,0.46325229550128444,0.024785384381279817,10.929597092321409,-0.03862436467653546,0.04601564393947707,0.041065589728157395
164.4,28.63064041881774,77.22847956541817,14.708230272514436,0.8363596630576944,28.63064585830896,77.22845277962342,1.0,-0.20488980645887842,-1.115372697118204,8.667709384645319,0.020558649824152522,0.06284862704045498,-0.04539776758375993
164.5,28.630649167850432,77.22849083829337,14.704273652391363,0.8468408807817938,28.630646231360988,77.22846755896117,1.0,-0.3300247613905145,-0.08636382969384504,10.219980334252057,0.12773072909938563,-0.08541116809796791,0.11307644413414872
164.60000000000002,28.630657960909794,77.22850206120565,14.700318215173283,0.8421431288685779,28.630642071985452,77.22853602113545,1.0,0.47550520372779204,-0.423384899915414,9.936642390856063,0.005255187936925663,0.00690576398012045,-0.07793001549408954
164.70000000000002,28.630666776120282,77.2285132561116,14.696363976681946,0.8396512753974057,28.630666232397257,77.22853485658368,1.0,0.31417934027113004,-0.5105711889906749,9.85288228069691,-0.003161086509288725,-0.023085763856563402,-0.05026777974830324
164.8,28.63067553839329,77.2285244994075,14.692410952734296,0.8447861803435437,28.6307145721684,77.22852985908808,1.0,0.20183585982213068,0.4754145353561002,9.903690731562138,0.03208186413629462,0.022820817783776915,0.06377168307972432
164.9,28.63068437581406,77.22853566067717,14.688459159142425,0.8369039644682077,28.63074363550372,77.22850817079076,1.0,0.3091942216450645,0.4191671630293895,9.903506303908111,0.005280853132760729,-0.03587360032997313,-0.08275271834620673
165.0,28.630693255368744,77.22854677300319,14.684508611713502,0.8323505820752652,28.630650823053692,77.22855261496528,1.0,0.06982247001856014,0.9265704920706052,9.706238965663808,0.03755230102334221,-0.05013355341680277,-0.0642123302118397
165.10000000000002,28.63070214367325,77.22855787077869,14.680559326249712,0.8312079326335451,28.63072639263592,77.22850890546732,1.0,-0.20802865809886203,0.6024718537806195,9.744902326430655,-0.05069576002549671,-0.05322743330061217,0.013065001189185592
165.20000000000002,28.630710973925247,77.22856902308712,14.676611318548192,0.8369080941444245,28.630703435402275,77.22855978304888,1.0,0.1109147346792676,0.09607704494939519,9.309836556293122,-0.08869741151525275,0.06987693921694943,0.05428879625883455
165.3,28.630719798129878,77.22858017616868,14.672664604400964,0.8372832811905955,28.63069284757922,77.2284999063841,1.0,0.23355008727952883,-0.18856997490376096,9.247551954691646,0.05554223082714402,-0.03424565908380478,0.010063146936577482
165.4,28.630728681972077,77.22859126218032,14.668719199594884,0.8309298901548858,28.630699465818658,77.22860764664901,1.0,-0.5386094669533363,0.33407691174663234,9.686565292777493,-0.0011192134714987456,0.06651413230237928,-0.032296904702297735
165.5,28.63073759524258,77.22860231201753,14.664775119911564,0.8276548095983756,28.630783728198114,77.22854826994258,1.0,0.5043677876002794,-0.009157196914755278,9.767973154377172,0.07208771310172019,-0.05419073267647289,-0.05439745213494024
165.60000000000002,28.630746601595487,77.22861325794932,14.660832381127314,0.8177641714002502,28.630751776195492,77.2286155842565,1.0,0.08401137633113713,1.1132142891328136,10.104411162350385,0.052187308609167066,0.021438555199865202,-0.12828421785162616
165.70000000000002,28.630755702362592,77.2286240964953,14.656890999013092,0.8076357090506813,28.630716124043374,77.22864613331595,1.0,-0.024436224382265087,-0.38115909781745383,10.097738285227331,0.05303209732624155,-0.022167759207566532,-0.09386639211131688
165.8,28.63076484196682,77.22863488695072,14.652950989334414,0.8032866050328122,28.630792382170274,77.22866457820473,1.0,-0.10321626726291996,1.2237456159474052,9.237293034820684,0.04617937143892781,0.06583010416949919,-0.04060011719801661
165.9,28.63077395036172,77.22864570601153,14.649012367851316,0.8063183469247572,28.630754143691316,77.22863068818272,1.0,-0.011537392062376417,-0.022138816169918852,10.692767689203679,-0.002417092655686976,0.029141532982869436,0.038404739774229965
166.0,28.63078308351436,77.22865649235852,14.645075150318279,0.8034491622364448,28.63077987514922,77.22867428831228,1.0,0.4492747589953089,-0.5399976348609137,10.352472347796082,0.045956711292164096,-0.0024553123280601787,-0.03746130049082295
166.10000000000002,28.63079226504565,77.2286672196534,14.641139352484167,0.7980653252856557,28.630826275741352,77.22866877988224,1.0,0.038359516778681636,-0.1928692899155777,9.80049156576199,-0.0713462184386844,-0.0569479765172676,-0.035987226292827294
166.20000000000002,28.630801429743734,77.22867795999652,14.637204990092167,0.7995901137691989,28.63082645918085,77.2286588790293,1.0,0.27342755022453147,-0.42769676515205035,10.191746700089126,-0.020048187608286517,-0.03348620418562508,0.01632051132748343
166.3,28.630810501276958,77.22868879692544,14.633272078879722,0.8091681888758291,28.630770835715285,77.22863622390932,1.0,0.21224475369275855,-0.5274591682724951,8.696046841605806,-0.053751872784283665,0.07915684358842923,0.12289902352227162
166.4,28.6308195092669,77.22869969689307,14.629340634578474,0.8155735697667145,28.63082982954004,77.22866292541885,1.0,-0.3088943122833665,0.08444034701667827,9.790943619997746,0.0024747351711626765,-0.07870360785435251,0.08099118132182251
166.5,28.63082856241649,77.22871054265421,14.625410672914194,0.8105881123823968,28.630887222954854,77.22869576566907,1.0,-0.24875261536178753,-0.03717060660590034,9.828297962404424,0.05364801729463117,0.0049679762132205625,-0.0718319481572207
166.60000000000002,28.63083754634857,77.22872145733528,14.62148220960672,0.8175812821011337,28.630797162356696,77.22872288124935,1.0,0.8567848899055912,-0.24751667821875067,9.755745264725258,0.03526590528647959,-0.03554136573903355,0.08233659135146426
166.70000000000002,28.630846532163428,77.22873236449487,14.617555260369905,0.8171327484760122,28.630872194985,77.22867407496643,1.0,0.14086956012238544,0.7599905787353315,9.587283782462078,-0.06777963991287492,-0.07944867827676913,0.004329516436754278
166.8,28.630855521297008,77.22874326259434,14.613629840911539,0.8165338015688901,28.630876231813613,77.22873392988923,1.0,-0.04504132558451743,-0.06371233770287844,10.053380982554433,-0.11753228950191281,0.08302728393401032,0.0023663093950278278
166.9,28.63086453737789,77.22875412624529,14.609705966933294,0.8134595756815033,28.63091378714763,77.22874073193984,1.0,0.5551363137887068,-0.05756219834207882,9.924676843988621,0.11139879766389371,0.10404380631448673,-0.015348165616901699
167.0,28.630873563131438,77.22876497393959,14.60578365413066,0.8121904176894108,28.63088494536511,77.22868934745485,1.0,-0.20268263152329127,-0.030516859549420676,10.095358452211025,-0.0334027240635116,0.01367936215581957,-0.037926952706900136
167.10000000000002,28.630882625213147,77.22877577671268,14.601862918192882,0.8081121578188143,28.63086416485502,77.22881244148799,1.0,0.24750839324885562,-0.13802874358674927,9.505121851389243,0.01585546384396638,-0.012494141148139376,-0.03741584887465546
167.20000000000002,28.63089171053512,77.22878654856535,14.597943774802904,0.8054008122084522,28.63085752893277,77.22879637079048,1.0,-0.298568378875149,0.434203196317271,10.252075723604259,0.015348558754767731,0.01984920147492713,-0.05131236418778297
167.3,28.630900800058033,77.22879731025606,14.594026239637289,0.8046983014041785,28.63092145889494,77.228801066566,1.0,0.24071042436973514,-0.5089136785043422,9.791406541311957,-0.03746815217886595,0.033890206916101125,-0.011856648730173757
167.4,28.630909908901035,77.22880804515657,14.590110328366174,0.802391930107419,28.63089835662374,77.22875484148419,1.0,0.27387952138100863,0.056650961231172026,10.141975485686958,0.05152277118784121,-0.07912786782785342,-0.033245985632951586
167.5,28.630919009104332,77.22881878399468,14.5861960566532,0.8030493771404211,28.630937691526107,77.22882945812069,1.0,0.7113035136729007,0.3761696931053587,10.695865133355097,0.09409608037227571,0.09324183149704844,0.015208157954819434
167.60000000000002,28.630928102388285,77.22882952487421,14.582283440155447,0.803524432232726,28.630924440942216,77.22883980621934,1.0,0.6974461158154156,0.4308434804595944,9.740803437742702,0.019016800371004866,0.02954496233618252,0.0122928660250916
167.70000000000002,28.63093718883273,77.22884026770524,14.578372494523377,0.8039911694266533,28.630939756577057,77.22885316626004,1.0,-0.0724316870376914,0.18324874364793997,9.586095597605018,-0.019197617716880805,-0.030416964957426393,0.005841766401524733
167.8,28.630946202323358,77.22885108447545,14.574463235400765,0.8114438409729408,28.630974549504415,77.22887939036184,1.0,0.0749250450275836,0.39952616754484643,9.853026015895718,0.022387018883254242,0.05227854531431711,0.08649403075985204
167.9,28.630955242197853,77.22886186710933,14.570555678424647,0.8084056351985901,28.630945931522398,77.22880320802962,1.0,0.0478054344775142,-0.3599783970431849,9.481004579155986,-0.01862254518847007,-0.02908551928563099,-0.013545289612249222
168.0,28.6309643246601,77.22887259765206,14.56664983922524,0.8036383277592473,28.63095563820184,77.22883630139111,1.0,-0.7463463386858523,-0.118966525777217,9.515730900481076,-0.01833250847321997,-0.07712288352014463,-0.05046626761364927
168.10000000000002,28.630973464273147,77.22888325945911,14.5627457334259,0.7972917860899007,28.63099975711371,77.22887370047113,1.0,-0.27213689716556466,-0.355061817253961,10.031028474387266,-0.04038023403538002,0.04996285301601683,-0.05118574461370077
168.20000000000002,28.630982622872246,77.22889389451105,14.558843376643042,0.7949984325517756,28.630921608605178,77.22886162111163,1.0,0.10182080520864464,-0.029082862925770326,9.946019505801885,-0.03568470784721738,0.07976164310229505,-0.007767720238307475
168.3,28.630991790874234,77.22890451344746,14.554942784486089,0.7937273285611786,28.63101912614642,77.22888885628032,1.0,0.4604693223283597,-0.42953162092827135,10.939045280484944,0.06481246448551752,0.04272280623844838,-0.018192893212297417
168.4,28.6310009306911,77.22891515828469,14.551043972557405,0.7964843923904634,28.631053823454238,77.2289122328504,1.0,-0.4605326200274772,0.11645626770967261,9.319544578803612,-0.02079478489765139,-0.0023087009165570246,-0.0013567864477108931
168.5,28.631010118500622,77.22892574376803,14.547146956452234,0.791070856045875,28.630995909830226,77.22889191215415,1.0,0.10537076664687137,0.2651823321659917,9.178962926219775,0.02282518878661522,0.04282807821070413,-0.06966662068747556
168.60000000000002,28.631019308500065,77.22893632117706,14.543251751758632,0.7905701929292175,28.631023523478298,77.22896536685387,1.0,0.00019786041869340742,0.07862596133304386,10.144118071362982,-0.0011402723710231082,0.021914278934716237,-0.0003090850798068579
168.70000000000002,28.631028539943667,77.22894684602126,14.539358374057413,0.7858295394284005,28.631072055234,77.22894289125853,1.0,-0.18640962798673985,-0.048400093911918005,8.802074948521394,0.025785295502317673,0.050939301815201565,-0.049981430230287005
168.8,28.631037845714644,77.22895727990826,14.535466838922085,0.7774803679915203,28.631070477108278,77.22902099150659,1.0,-0.37801004444951314,-0.4179365668323569,9.700058199012098,0.028416629807872146,-0.032343420981739236,-0.07266292024502245
168.9,28.63104721585492,77.22896763305684,14.531577161918781,0.77015164340181,28.631015885068983,77.2289355633621,1.0,-0.18308946188405492,-0.3514209424420958,9.142023301962862,0.1610933116444624,-0.03533782946829854,-0.07395637871178723
169.0,28.63105652318111,77.22897805379323,14.527689358606207,0.7767663262699048,28.631057450643446,77.22901172392767,1.0,0.43577936284322794,-0.8133284784329649,9.340821937361365,0.019095108688515626,0.032614932001371826,0.03435851763654164
169.10000000000002,28.631065847498906,77.2289884491161,14.523803444535565,0.7746338912163777,28.631052019613843,77.22894483030805,1.0,0.22385488577064483,-0.2554549392223185,10.345314471539083,0.03827448064025756,0.03907196785900944,-0.0039065791825424676
169.20000000000002,28.631075150290336,77.22899886376551,14.519919435250513,0.7767178588761658,28.63106255779168,77.22901508984503,1.0,0.36148407406503236,-0.4406148475283324,9.004613757573264,-0.03593362137241144,0.04190785257186521,0.0037953430959296024
169.3,28.63108450203933,77.22900921566449,14.516037346287078,0.7710732289731511,28.631055204974086,77.22899634568535,1.0,0.06827000720252788,-0.5726521564435915,10.295381609595799,0.006744617618394239,0.13484842954728368,-0.04286623926069962
169.4,28.631093823950533,77.22901959674691,14.512157193173614,0.7740776780359795,28.631040318453003,77.22896975917543,1.0,-0.14758935451130925,-0.7169971328571286,9.618361306593144,0.0008901674768467309,0.009059302874729105,0.015975899946854118
169.5,28.631103142954334,77.22902997554009,14.508278991430727,0.7741233626716262,28.631080665127104,77.22900268917726,1.0,0.5767800317644004,0.2722664927800836,9.514290959309776,-0.009559319275837122,-0.05240739419587242,-0.0005794534733020848
169.60000000000002,28.631112560753362,77.22904023222485,14.504402756571217,0.7629396528605101,28.631156032686185,77.22905541897984,1.0,-0.12635759080705075,0.24152801238303465,9.252871060499759,0.01051064386237404,-0.02883258620199532,-0.10630530588683135
169.70000000000002,28.63112191075349,77.22905056339299,14.50052850410002,0.770164829542662,28.631136244036405,77.2290649282033,1.0,0.3113092958271072,0.21380125832304286,9.726496794107945,0.05909980590644657,-0.0036275273962563756,0.07387909434216369
169.8,28.631131230400708,77.22906092441536,14.496656249514142,0.7732322421148081,28.63110042955693,77.22903909268437,1.0,-0.20480982675460432,-0.5657799933898362,9.64269617476789,-0.03303988751270214,-0.03829631985579357,0.04144141731281685
169.9,28.63114062473188,77.22907119182615,14.492786008302595,0.7647080968658018,28.63116113072987,77.22904877932292,1.0,-0.08053847475876422,-0.09086970425092639,9.290377134939886,0.046138850623163884,-0.04376228493140703,-0.08967579910949669
170.0,28.631150056008543,77.22908140944925,14.488917795946337,0.7603197501051739,28.63117609365811,77.22911161046262,1.0,0.3428398731404789,-0.5392962862049957,10.238028350650291,-0.06318244431514275,-0.041580035002691806,-0.04387063869477631
170.10000000000002,28.63115961975317,77.22909146019295,14.485051627918214,0.7451451649106232,28.63117560502166,77.22913739085554,1.0,0.500163825044458,-0.5233339567701496,8.901663994018515,0.08894334990071556,-0.017867445676854873,-0.15847067164084974
170.20000000000002,28.63116915648182,77.22910153837898,14.481187519682894,0.7479145169698258,28.631214682330995,77.22909265578559,1.0,-0.6421782763188358,0.4563495264253623,8.913644702211586,0.04258954936941844,-0.027084248968362534,0.048872793246638596
170.3,28.63117866249961,77.22911164835376,14.477325486696802,0.7510936602214827,28.63116307074335,77.22913442326512,1.0,0.47267015730022943,0.7958705305597729,9.647417185749273,0.04016047670943938,-0.027735901786662933,0.03976125474968025
170.4,28.63118823114016,77.2291216755456,14.473465544408068,0.7437210387779425,28.631191536671828,77.2291309518506,1.0,-0.09498137524456995,0.6576005401987757,10.287450326284747,-0.023341160700366154,0.012899323854456735,-0.08320613725468293
170.5,28.631197750435387,77.22913175770174,14.469607708256452,0.7490232632727449,28.631179515155537,77.22915121483553,1.0,0.6649251463511663,-0.26757518340735875,8.814059873227942,-0.0791132177067863,-0.04174418573251329,0.04760781342029486
170.60000000000002,28.631207298197225,77.22914179905331,14.465751993673297,0.7455128194730292,28.631165188194743,77.22915047940542,1.0,0.25186308271569496,0.14631163380223342,9.63829742523248,0.05097204878021867,-0.08123077194613637,-0.007336525086862689
170.70000000000002,28.63121680603027,77.22915188366134,14.461898416081455,0.7497453796819757,28.631225431319933,77.22913095509662,1.0,0.8679356277958292,-0.44124834961906606,10.470482605740486,-0.016325954739256122,-0.0016248564774502987,0.014791415114460539
170.8,28.631226358446987,77.2291619076333,14.458046990895232,0.744406586613435,28.631184880782094,77.22917153128815,1.0,-0.09168154870060319,0.23879160739230232,10.058024531310824,0.050928103488542945,-0.06394227548623431,-0.0547036883179523
170.9,28.631235888134654,77.22917195384025,14.454197733520322,0.7466982707057248,28.631264238561563,77.22915231961996,1.0,0.3839498761177781,1.1299451454184515,9.45591512280352,-0.05864962444974982,-0.05102536698711784,0.026989023173406332
171.0,28.631245395373117,77.22918202182845,14.450350659353752,0.7489540103564146,28.6312161819066,77.22916789291854,1.0,0.13456620568702907,0.16712278487743643,11.092223057405528,-0.0502120211096463,-0.00045042054278030983,0.025621378210224345
171.10000000000002,28.631254857800283,77.22919213869964,14.44650578378381,0.7537269336806703,28.63125451624025,77.22923841450425,1.0,-0.37061048877913005,-0.6609519831358421,9.858053314592912,-0.05648690417413449,-0.01938186915412023,0.04890900912806764
171.20000000000002,28.631264242600654,77.22920234327228,14.442663122189995,0.7621486132407926,28.631294265284193,77.22921202812269,1.0,-0.08541117433234821,-0.3774434452704876,10.151013813351598,0.017460932677995193,-0.024553686880496837,0.07187626431722524
171.3,28.631273617936635,77.22921255344137,14.438822689942947,0.7629264324370901,28.631276729777102,77.22919143959312,1.0,0.2989402172949688,0.5227733826640526,9.991338178565242,0.03296858395251438,0.0898770691829768,0.011820460476523529
171.4,28.631283071464853,77.22922266388551,14.434984502404392,0.7538793338212939,28.631332745127878,77.22923696055565,1.0,-0.041414135350508835,0.4229760799830301,9.617359905347126,0.023783631186549414,-0.040548958546615166,-0.10989123774383892
171.5,28.631292572362717,77.2292327107786,14.431148574927075,0.7482407876245508,28.631281234737507,77.22920684148316,1.0,-0.4107709193309578,-0.15059702895401192,9.472167813279466,-0.0005626584348231597,-0.04783185710604415,-0.021635263709833222
171.60000000000002,28.63130203487656,77.22924279882753,14.427314922854698,0.7522988565203318,28.631347937637877,77.22924128496157,1.0,0.6032986879761867,0.4353354866590049,10.09700529533364,0.007938772057216213,0.07619654789686213,0.037484136617985636
171.70000000000002,28.63131150156722,77.22925287604893,14.423483561521866,0.7515429595696783,28.63127897862398,77.22926366780236,1.0,0.14334695694816085,0.06420845226527579,9.645638018690027,0.08002468145200495,0.02601749858925756,-0.0017351826070615929
171.8,28.631321046377874,77.22926285139701,14.419654506254021,0.7423807577997388,28.631282169213613,77.22924481212618,1.0,0.2798704943349576,0.36149029115376013,9.74000789672791,0.017092493691514603,-0.0208362171931595,-0.09110924728472125
171.9,28.63133065825136,77.229272736992,14.415827772367377,0.7343963901975137,28.63132961096746,77.22924467597397,1.0,0.10177207871998925,-0.08589633958217444,10.53214693284217,0.010689904392607665,-0.12902697264742377,-0.09609847485411241
172.0,28.631340311198116,77.2292825646463,14.412003375168865,0.7293542179446989,28.631354839843375,77.22931203542215,1.0,0.7469930580961217,0.1596044989431212,10.172463091691311,0.010566232204621002,0.018928646365060243,-0.038932368001560684
172.10000000000002,28.631349986945622,77.22929235727517,14.408181329956065,0.7264090181606049,28.631368119933754,77.2292890650143,1.0,0.017356382893665506,0.9161314244401495,9.184929253271076,-0.05028118933895268,0.00340424677132173,-0.04840161517480678
172.20000000000002,28.63135966247496,77.22930214429812,14.40436165201716,0.7261358991508289,28.631367318314645,77.22930524578818,1.0,-0.13462452086191176,-0.5613988739358143,9.440942127601165,0.10211690911761845,-0.08765246031411411,0.00031494074207847624
172.3,28.631369295546026,77.22931197966645,14.400544356630851,0.73076839927813,28.631345834959593,77.2293251305109,1.0,-0.23807043824335047,0.7348049125109415,10.132702285847053,0.07993345815621825,0.07492318123455713,0.0442716990244268
172.4,28.631378895887995,77.22932185064754,14.396729459066316,0.7342576375059893,28.631369819945203,77.22934595035876,1.0,0.4021692381132953,0.8247381660030046,9.626835703600154,0.0815940242774566,-0.12229265051769367,0.03434308937408828
172.5,28.63138850152764,77.22933170911132,14.392916974583141,0.7333521967782778,28.631359490524616,77.22931569322434,1.0,0.18008453296366955,0.455214768886941,10.264233952930635,0.012429774538052997,0.0005561750096937714,-0.015320111118137936
172.60000000000002,28.631398069241868,77.22934160951755,14.389106918431258,0.7374324409980393,28.631415428762587,77.22933277132972,1.0,0.14075412579427016,-0.13217941571067662,9.762957021081338,0.0015025558478541862,0.04948212886647922,0.07996286274856491
172.70000000000002,28.63140764882228,77.22935148921877,14.385299305850886,0.7357738805360614,28.63143369881811,77.2293893858326,1.0,0.36612540124672077,0.7501301739545647,10.33904610873758,0.03388114115787207,-0.030266409600026835,-0.002715091677163387
172.8,28.631417218839573,77.22936137514345,14.381494152072472,0.7365841910113523,28.6313899167058,77.22935341589339,1.0,-0.2716765938355643,0.2906723601737827,9.52176144184582,-0.024201469098640967,-0.0055200825815270756,0.03574411474960493
172.9,28.631426805189314,77.22937123470781,14.377691472316625,0.73440748742008,28.631418243407015,77.22942588012062,1.0,0.360988748792076,0.3420908511759096,9.614233056841881,-0.016850597706690555,0.035633311698497476,-0.023709686562847
173.0,28.631436351611192,77.22938113864038,14.373891281794059,0.7387186757101634,28.63147036966063,77.2294254073702,1.0,0.04142296864424262,0.28687454266263374,8.850172067986797,-0.017245431057022594,0.055612214137201,0.055314341239799295
173.10000000000002,28.631445897139265,77.22939103791909,14.37009359570553,0.7385313096711343,28.631429161005155,77.2294040452004,1.0,-0.08834684734164716,-0.6371309397034517,9.835396880654693,-0.025205148544412387,-0.03181694402587744,0.012767846425035872
173.20000000000002,28.631455482979156,77.2294008807226,14.36629842924178,0.7335877293166244,28.631464041315528,77.22937785376222,1.0,-0.3165895884736455,-0.23428642892954138,9.415800497231537,-0.06918559392209608,-0.06319771640094644,-0.05509009871454546
173.3,28.631465105699277,77.2294106708934,14.362505797583466,0.7290138181055918,28.63149138607708,77.22945315265336,1.0,0.3818808077259135,0.4508430123948634,10.235897024954408,0.048739721847956545,-0.0828655397222201,-0.011876477093346204
173.4,28.631474776064426,77.22942039409631,14.358715715901115,0.7231538738537873,28.63146774091926,77.2293683576667,1.0,-0.0484749356140147,-0.7507668148522656,9.61844121159512,0.007561895717209055,-0.06843603939278924,-0.08154475928306863
173.5,28.631484418102723,77.22943014789888,14.354928199355042,0.7261693224431518,28.631460766464134,77.22943090621435,1.0,0.1613025186307524,-0.5597875843478767,9.874330209614671,0.050012094188487705,-0.06596973767671366,0.01786125991459616
173.60000000000002,28.631494089909047,77.22943985752582,14.351143263095313,0.7223868111689138,28.631508793523615,77.22948511664464,1.0,0.11655765668398221,-0.5589433176136368,10.601512542883256,0.026915358124453084,-0.02835920325454553,-0.06273022136720002
173.70000000000002,28.63150371613204,77.22944961993618,14.347360922261666,0.7274225187067952,28.63149929773693,77.22942352533046,1.0,0.4664933305972725,-0.5653023603657336,10.1049731790467,0.09002525728142269,-0.006047643568315653,0.06469370175073696
173.8,28.631513355517537,77.22945935965129,14.343581191983459,0.7255883720202666,28.631507744096776,77.22944869734572,1.0,0.03197084909801805,0.6082817882961041,10.033762126015864,-0.04147696299377424,-0.05544956477765352,0.009176238696683743
173.9,28.631522987487457,77.22946910306156,14.33980408737961,0.7261587634522422,28.631519583446806,77.22945081260909,1.0,0.1274952469749412,-0.42225085428905823,9.768546594208635,0.11706028325371741,-0.022275648234934983,0.01089323173873351
174.0,28.631532612052613,77.22947885015003,14.336029623558531,0.7267280328632879,28.63153840964599,77.22943921056972,1.0,-0.2756507321026389,-0.4843496363736104,10.90352086858698,0.045867938696357,0.03489190014137746,-0.01630875567681491
174.10000000000002,28.631542193491676,77.22948864643953,14.332257815618071,0.7314608353452358,28.631559597357988,77.22949903931634,1.0,-0.05286151962467486,0.7551053937297482,9.741226175885384,0.04489140847661458,0.004499464957067906,0.08471517202693948
174.20000000000002,28.631551710593598,77.22949851804522,14.328488678645462,0.7386224203308034,28.631548470068832,77.22948506513904,1.0,0.14468022820803744,0.8691240184413287,10.717870382956704,0.036433369759610625,0.029846644107474403,0.09084629293965082
174.3,28.631561246796327,77.22950835996325,14.32472222771724,0.7361255364266198,28.631564745260448,77.22953478204586,1.0,0.24472452260329527,-0.10016102268189377,10.323598956293813,0.010713024332676818,-0.07583711973323339,-0.03611364313248598
174.4,28.63157077959042,77.22951820043063,14.320958477899207,0.7362300785584851,28.631625150209427,77.22951556681676,1.0,-0.5066581904793904,0.6209632120003808,10.092899377483883,-0.0021783185857085453,0.015148593092484109,-0.002035533278667054
174.5,28.63158034817924,77.22952798995584,14.317197444246357,0.7317846163928108,28.631657758250135,77.22954173837681,1.0,-0.017169110414755287,0.10147313153512341,10.235498064503956,0.03126235158861268,-0.015206343218815878,-0.038605596250309515
174.60000000000002,28.631589952751412,77.22953772786599,14.31343914180282,0.7272928380413226,28.631599275839285,77.22951681399928,1.0,0.3367844576421638,-0.25789993430831637,9.68796515277378,-0.0440392499560936,-0.06569359016602068,-0.051853706470494906
174.70000000000002,28.631599606860703,77.22954739618497,14.309683585601801,0.7211806520579196,28.63159858226583,77.22947651472491,1.0,-0.3254538395451203,0.3662022334635733,9.994617556134349,0.01192000863359914,-0.03156328646158467,-0.04487273872861882
174.8,28.6316092628949,77.2295570561907,14.305930790665519,0.7206552610682926,28.63162434759737,77.22957265170051,1.0,0.38405329084945383,-0.4026842262830395,10.35613179207257,0.0064319520808759885,-0.02860464054186669,-0.008737762105318896
174.9,28.631618901830386,77.22956673252678,14.30218077200515,0.7223718687666878,28.631612825181783,77.22955997740168,1.0,-0.018344878654553656,1.2281626842714473,9.581141094970404,-0.04891088880705983,-0.07650931227936189,0.013532039545649877
175.0,28.631628550311547,77.2295763907022,14.29843354462076,0.7209493026569664,28.63158881879721,77.22956515275058,1.0,-0.011333987251739702,-0.6739493727385669,10.270640830536664,0.012013697581099424,0.024550922968518196,0.008000913521589917
175.10000000000002,28.631638222834695,77.22958601179806,14.294689123501255,0.7178092449614153,28.631660430377877,77.22953165235856,1.0,-0.16724530297602905,-0.4338578974822254,10.421358940027194,0.06379513369626917,0.08112368915261751,-0.03337504096981197
175.20000000000002,28.63164790179801,77.2295956186588,14.29094752362432,0.7167460554919487,28.63167859327398,77.22962468502651,1.0,0.034274458053066406,-0.7321443068727097,9.391782034161483,-0.1957683069983208,0.004260535903183487,-0.01892143223013442
175.3,28.631657587765016,77.22960521052529,14.287208759956343,0.7156143163785678,28.631645820868098,77.22962888283202,1.0,0.49106673595833406,-0.11115388281284207,10.596870206605654,0.014807442640492727,-0.029745688209443757,-0.027950675889098928
175.4,28.63166727133518,77.22961479970554,14.283472847452376,0.7155981714010213,28.631682868783738,77.22965849566835,1.0,0.35752420561711773,0.17867208926174738,10.42165670513669,-0.003693651093368201,0.04532320460508125,-0.0007267470973189275
175.5,28.631676871653536,77.22962449114125,14.279739801056063,0.7251375474263574,28.63168681218732,77.22971485504898,1.0,-0.15722628570652794,-0.7302267269853931,9.331923615842248,-0.032429770890642674,-0.04335385987812779,0.11255857286294871
175.60000000000002,28.63168646561307,77.22963418499323,14.276009635699586,0.7255901966015013,28.631704392996408,77.22961251261145,1.0,-0.0952450026728548,0.391452268954935,9.062357260928682,-0.012011393857992806,-0.052904859524046444,-0.006529741595750458
175.70000000000002,28.63169611664789,77.22964379925541,14.272282366303601,0.7185591789632687,28.63167525373575,77.22967142063077,1.0,-0.41418080929148915,-0.5251304285864106,8.857195233462832,0.02614831296934718,0.002409586180896206,-0.04051974205472909
175.8,28.631705758568817,77.229653419593,14.26855800777718,0.7193404822629218,28.631734314211517,77.22963740019117,1.0,0.1292039475504217,-0.014861634322523387,9.877159707694862,0.016435583052292504,-0.01694395503008144,0.014435991320233961
175.9,28.63171543672513,77.22966298679174,14.264836575017753,0.7147388559938186,28.631690998786,77.22963184661245,1.0,0.0672927380382805,-1.0490413750873098,9.760710341790803,0.0072466223129100844,-0.031390089695824866,-0.07537983682994838
176.0,28.631725123420953,77.22967253695612,14.261118082911047,0.7134203626689289,28.631730215168307,77.22965530322254,1.0,0.5536515782956634,-0.0006136193071888527,9.118501700680117,0.055086683296054956,0.004533408003506337,0.003966127760273171
176.10000000000002,28.63173480319439,77.22968209041858,14.25740254633102,0.7139450026770489,28.631693206236815,77.22967674343974,1.0,-0.182064040877952,-0.13313434286201337,10.177101764202659,0.03656934590222464,-0.01620180289014258,0.008096457144059668
176.20000000000002,28.631744456496936,77.22969167279174,14.253689980139821,0.7167968182478207,28.631756996533497,77.22972370870102,1.0,-0.08878273776177467,0.13405279545670482,10.18775862218429,0.04206909624678242,0.043208176457845825,0.018430610622208674
176.3,28.63175411679723,77.2297012402252,14.249980399187706,0.7156652604659817,28.63171020554766,77.22974012230513,1.0,0.09665233867201165,0.346071086619809,9.467342734663767,-0.06719022397575115,-0.0226892641295985,-0.01514330224554629
176.4,28.63176375895542,77.22971082560923,14.246273818312995,0.7175246308659845,28.6317252996523,77.22970758111192,1.0,0.23344742840238272,-0.8484169010689091,8.891159239461786,0.07446288178859227,-0.03671336334606266,0.012886549908543486
176.5,28.63177348371478,77.2297202962632,14.242570252342004,0.7073482991269702,28.631719631501287,77.22972796098875,1.0,0.0161655365827255,0.1255694426351395,10.034678044728299,0.12372888451978137,-0.003344134421430292,-0.12322677292722373
176.60000000000002,28.63178318315463,77.22972979474206,14.238869716088994,0.7100861370153423,28.63178431720487,77.22971329423454,1.0,0.2895672461125566,0.6104259477359557,8.976714938957263,0.07215664192047486,-0.04858648067272819,0.015141995324815829
176.70000000000002,28.631792914477945,77.22973924497828,14.235172224356106,0.7059493474876379,28.63178172509122,77.22974335089096,1.0,0.24785698334396428,-0.47353426067434157,10.648416278544127,-0.08289062557337369,-0.009043419478638263,-0.01835763472298397
176.8,28.6318026810765,77.22974864201801,14.2314777919333,0.7013794180329183,28.631805358956647,77.22974109661143,1.0,0.328851331798123,0.04276103700490622,9.473768403005668,-0.011842691227421482,-0.07731681352619375,-0.06352421943258602
176.9,28.631812436863736,77.22975804777309,14.2277864335983,0.7023825635490438,28.631799044396427,77.22980242813556,1.0,-0.11226996260066632,-0.5269767724611629,9.30269657243561,-0.11402350727711104,-0.020436425561680596,0.014496483928827674
177.0,28.631822205040745,77.22976743097394,14.224098164116539,0.7005733579965405,28.631813785912826,77.2297307474128,1.0,0.8624544934416144,0.3095597166326846,9.621581033525358,0.026666153601598797,-0.012474080338868012,-0.051477499045256184
177.10000000000002,28.631832021434303,77.22977674276036,14.220412998241084,0.6943882961167707,28.631805316451427,77.22980288375989,1.0,0.19612724799522227,-0.6962292350275168,9.187118903717247,0.059724209888076946,0.08917426159389026,-0.07286407413525431
177.20000000000002,28.631841746352457,77.22978617246132,14.216730950712599,0.7052005243083233,28.63184653634541,77.22982193622708,1.0,0.18923416451290315,-0.3422696923083552,8.765557466512178,0.12172419737487764,-0.050648546741152295,0.11709345209534751
177.3,28.63185147629588,77.2297955896201,14.213052036259267,0.7042887342908928,28.631852424709724,77.22977920972882,1.0,0.2519637919085712,0.044521327962877964,9.395572530633437,-0.036744163120448405,-0.06428006183889266,0.003900467178208371
177.4,28.63186121653517,77.22980498713898,14.20937626959674,0.7027371154062454,28.631863747720864,77.22983335569073,1.0,0.3536783630885866,1.0506067037576619,9.517130706308732,0.09698887641068385,-0.04433798834099843,-0.018925259500314623
177.5,28.631870968940373,77.2298143624451,14.20570366542808,0.7009549229748071,28.631844902717447,77.22981208821251,1.0,0.09921518187065204,-0.23333025119072195,9.862859879152285,-0.01903053024961352,0.054251782756723155,-0.018367704555114807
177.60000000000002,28.63188075937826,77.22982368031748,14.202034238443698,0.6960120017642832,28.631885814569344,77.22981105274924,1.0,0.5167151969909553,-0.37271326467427873,9.439827691515825,0.01736955920997552,0.08283704037221919,-0.05246455856704571
177.70000000000002,28.631890596076364,77.22983292886055,14.198368003321301,0.6900246087826998,28.631938496492214,77.22984045746678,1.0,0.8138967020846838,0.40123761589442014,8.89949152018876,0.003358889119770829,0.0914679138067302,-0.03545284762449345
177.8,28.631900412733316,77.22984219912155,14.19470497472582,0.6921782151131533,28.63191841877802,77.22988389639377,1.0,0.2977609722436799,-0.10429351653455228,9.279633145135987,-0.101422497108003,0.030763827586536504,-0.00717243683175226
177.9,28.631910260625805,77.22985142039725,14.191045167309367,0.6880174744173919,28.631873677159717,77.22988677496281,1.0,0.3404660790872899,0.35801056859970903,10.37828771360966,-0.06779588076044121,-0.06572951190015802,-0.015615483571146284
178.0,28.631920126956697,77.22986061015189,14.187388595711166,0.6854215063945991,28.63190157237493,77.22990941701944,1.0,0.8241148296533906,-0.5712775406273237,9.736891057504524,-0.03506534962578654,-0.0012310167839783284,-0.0008304467349137135
178.10000000000002,28.631930014328464,77.22986976458944,14.183735274557497,0.6824924349835121,28.631930681564373,77.22988498711359,1.0,-0.23643708457784882,0.07965708878038151,10.176762763737129,0.13163906773963172,-0.046307009090574704,-0.033744929128280886
178.20000000000002,28.631939846324524,77.22987899022061,14.180085218461645,0.6890418041954521,28.631924623581327,77.22985678503292,1.0,0.005208757624072108,-0.36676666187078194,10.049222819739684,0.07759651465003131,0.015387301274104757,0.0965144337146993
178.3,28.63194967708273,77.22988821169399,14.176438442023825,0.6888823803397308,28.632003827892014,77.229868862138,1.0,0.3205441554845736,0.6502267060291993,9.114954665470501,0.025597781446468133,-0.05521608469366262,0.0011119103214673053
178.4,28.631959575625267,77.22989733266311,14.172794959831137,0.6801482352045543,28.63196872915107,77.2298679001848,1.0,-0.25236283857533015,-0.3698027211611666,10.460593601290807,-0.06211004782999067,-0.008760437617683742,-0.060817277334325764
178.5,28.631969461730062,77.22990646520695,14.169154786457508,0.681383451444255,28.631952515568994,77.2299028455116,1.0,-0.09406217251582741,-0.05811179295218255,9.604347918470078,0.048989612575175305,-0.008882648899021319,0.01597143440458869
178.60000000000002,28.6319793403868,77.22991560230012,14.165517936463624,0.6819958830271582,28.63201002813384,77.22989017277689,1.0,0.9232130563788434,-0.5576857898678129,9.757320324567072,-0.05762228470510139,0.02966915720718489,0.009994149893207445
178.70000000000002,28.63198922696801,77.22992472235774,14.161884424396883,0.6806906476710205,28.631984425047623,77.22987660865078,1.0,-0.41752631580459487,0.17808172486464244,9.798740448080954,0.03907254677590655,-0.002265825649163222,-0.022165504410520155
178.8,28.631999101502057,77.22993385344284,14.158254264791326,0.6818782749235938,28.63203545203109,77.22993672350725,1.0,0.2751576784906163,0.28211266363171916,9.464601772386189,-0.01999531970945321,-0.12098726559797289,0.014317840915548975
178.9,28.632008953855696,77.22994300969533,14.154627472167588,0.6843267149885256,28.63202658614257,77.22990633429583,1.0,0.38595198496880734,0.2183636849240108,10.209999188037035,0.022319558940997575,-0.01715795601945112,0.058396626044539345
179.0,28.632018817714098,77.2299521439839,14.151004061032834,0.6825793226746038,28.632013515105996,77.22995193676772,1.0,0.40772971342620223,0.172453677474042,9.34845993809454,-0.0033577884989310874,-0.033468434915227045,-0.011587657790977689
179.10000000000002,28.632028653767264,77.22996131124833,14.147384045880704,0.6857269171324363,28.632008025247167,77.22999315551077,1.0,0.25560117868042564,0.48759453166457367,10.27291361498788,-0.048589872050119005,0.00524397661835092,0.03495777908563891
179.20000000000002,28.632038446977695,77.22997053203179,14.143767441191253,0.6907241521048498,28.63199681075853,77.2300229204784,1.0,-0.5248678579054573,0.031597923555222514,10.830316632989318,0.061078735605304184,0.00972398125052561,0.04753707844680764
179.3,28.632048241065363,77.22997974580088,14.140154261430897,0.6903064996731123,28.632063161637134,77.23001843816,1.0,0.021317786829721214,0.09778811216588018,9.138291677424005,0.005369161565166342,0.030732285981984506,0.018298180455044374
179.4,28.6320580496388,77.22998893373818,14.136544521052349,0.6882032508491852,28.632077100192756,77.22998508408173,1.0,-0.0033646745376131465,-0.44738401489587476,9.581155525715673,0.09783235054784244,-0.010656013020795739,-0.015887160555690324
179.5,28.63206784244274,77.22999813767947,14.132938234494565,0.6898469143556233,28.63207409543711,77.22997889737714,1.0,0.2583750475110914,0.7210603169443388,9.142102777942954,0.0878830783180462,-0.0368943132593496,0.012424266518487222
179.60000000000002,28.632077627700962,77.23000734624122,14.129335416182684,0.6904717634947394,28.63207694879648,77.23000427601416,1.0,0.2053540509847519,0.42745030185556987,9.28150611336325,-0.033817962259673,-0.029332270487097148,0.034308059291528845
179.70000000000002,28.6320873528408,77.23001663134345,14.12573608052798,0.6975715886958234,28.632115535534588,77.2300491835449,1.0,0.28597227718365875,-0.42883797121717976,8.693407103078611,0.005233494899066486,-0.05982456439817379,0.06415474456969907
179.8,28.63209704686258,77.23002595287164,14.12214024192779,0.701079092836767,28.632083907061762,77.23006544296635,1.0,0.0760192018547396,0.5212961370955139,9.781412699264258,-0.007667407240498917,-0.010914748473846526,0.028729998522963512
179.9,28.632106756439743,77.23003524765518,14.11854791476546,0.6988733794271705,28.632152826726355,77.23003097640206,1.0,0.26330734257274,0.35563687397260085,10.829881104646871,-0.07895132108392086,0.08952019436121306,-0.046376872415325246
180.0,28.632116440286747,77.23004457151715,14.114959113410295,0.7017201767949746,28.6320919563003,77.23006495768813,1.0,-0.13858420456427134,0.38297355152829793,9.3215423298776,0.002759771661165271,0.014784333756266166,0.03012817307681119
180.10000000000002,28.63212619154328,77.23005379802393,14.111373852217497,0.693138191193418,28.632120236528664,77.23000465627109,1.0,0.026439547230348193,0.31319738309768075,9.320444244003633,-0.04357371727952371,-0.024159671561164643,-0.0969788158169882
180.20000000000002,28.632135999695343,77.23006294015501,14.107792145528105,0.685773593653295,28.632153959824834,77.23011363401002,1.0,0.10453900365268097,-0.5499436125095349,9.95288689243227,0.04442000993147052,-0.10103934204726775,-0.06226339490506873
180.3,28.632145813428245,77.23007206872343,14.104214007668942,0.6847673755618431,28.632162227384775,77.2300315110752,1.0,0.43601125492169934,0.34933266403381724,9.122362171541024,0.00652244907883757,-0.012978704592888897,-0.02794602765324477
180.4,28.632155639801272,77.23008117383496,14.100639452952553,0.6828770195512489,28.63216504537327,77.23007513780055,1.0,-0.07263258037446499,-0.013068957504835109,10.452838986986837,0.02515472994240775,0.05227703967779301,-0.007492697143936675
180.5,28.63216545427727,77.23009028980046,14.097068495677153,0.6840535510856022,28.63217469552663,77.23015383818725,1.0,-0.12541936099880974,0.6727611738868796,10.053078463168877,-0.01565072958372962,0.010396317206052635,0.003580778680697798
180.60000000000002,28.63217525312554,77.23009942179117,14.093501150126567,0.685694796139795,28.632192507113963,77.23004032706861,1.0,-0.018324970562319978,-0.05498790439921452,9.790643122514323,0.03363348007585605,-0.06437866168370013,-0.011480324014809308
180.70000000000002,28.632185085578175,77.2301085010013,14.08993743057017,0.6811802998304228,28.63216948880501,77.23010410820808,1.0,-0.4194185254819406,0.11544250481428148,8.883630947233902,0.010404484697076019,0.06520778814876137,-0.06337636564599827
180.8,28.632194917304844,77.23011757544587,14.08637735126284,0.6809595988484349,28.632185619314267,77.23013877205274,1.0,0.1310811701754598,0.48315986388086535,8.853508285978029,-0.019161240532629634,0.04182383004240817,0.0037064506165623377
180.9,28.63220474899768,77.2301266441561,14.082820926444885,0.6806521111125554,28.6322231719586,77.23007881358245,1.0,0.39114622291821555,0.6910222371838528,10.388649337542827,-0.07262172172512961,0.013824741761377393,-0.013758688878414029
181.0,28.6322145654018,77.23013572856753,14.079268170342003,0.6822597931761952,28.632215711701985,77.23015241744326,1.0,-0.3089813860289836,0.45101114000035547,9.841085371986185,-0.05937743688464425,-0.06171676620842229,-0.001811155597103901
181.10000000000002,28.632224430083806,77.23014473905941,14.07571909716521,0.67586899617882,28.63224513088969,77.23011500035652,1.0,0.17325327193825713,-0.5612857784918638,10.463606481569693,-0.0050105752893581474,-0.0036369357191444298,-0.09435975352993595
181.20000000000002,28.63223428981094,77.23015375078978,14.072173721110797,0.6761812977920458,28.632256806791535,77.23013494666208,1.0,0.7982003028313,-0.47317250225859336,9.703646514245081,-0.009026444986879307,0.0017291238201436543,-0.024713382936121867
181.3,28.6322441097336,77.23016281298526,14.068632056360263,0.680886507528428,28.63225694879335,77.230180811612,1.0,-0.41328723430697945,0.4083103900514896,9.160555903799764,0.012800349041767323,-0.047982444322073235,0.06450847280332808
181.4,28.632253913082085,77.23017189269856,14.065094117080262,0.6826579878199328,28.63223498380176,77.23017077208846,1.0,0.07954907106019748,0.5759613194180625,9.550386327480307,-0.053683653149932,-0.09178044801967261,0.0049904834914504224
181.5,28.632263692286013,77.23018100042212,14.061559917422546,0.6853742264384062,28.632253883816052,77.2301491513536,1.0,-0.24628687711866556,0.07905237465985444,9.713501892766315,0.06098191897770261,-0.03306677318756811,0.0707073322843384
181.60000000000002,28.632273569489985,77.23018996407431,14.058029471523907,0.6727084380888433,28.63230170855619,77.23019816996684,1.0,0.07901459365683508,0.03530128414869908,9.869635625651368,0.026036216519408364,0.09807101550516413,-0.09745506520933528
181.70000000000002,28.63228345669097,77.23019890761152,14.054502793506128,0.6711211194015385,28.63229320266892,77.23021395237912,1.0,-0.1395333058844878,-0.1635973488308134,10.72589334217089,-0.13567064645807103,-0.03742614915585012,-0.006086724907671415
181.8,28.632293342177906,77.23020784781048,14.050979897475914,0.6710237447700718,28.63227899154708,77.23012512644502,1.0,-0.3137728878803647,-0.04447757717387949,9.102682209196535,0.02060335865594129,-0.04044754987220513,0.002001674615818456
181.9,28.63230319172614,77.23021683357396,14.047460797524844,0.6752771376736919,28.63224840978615,77.23022778597094,1.0,-0.09798748598044041,-0.4206719828807455,9.474876858847631,0.03637291559008849,-0.031606638085379585,0.054941850704672474
182.0,28.632313011849277,77.23022585530184,14.043945507729314,0.6786884920901057,28.632327213476994,77.23021527450632,1.0,0.48027975949962565,0.33211750066753604,9.62500382113257,0.010820536255291432,0.01167824075102583,0.04401222813418305
182.10000000000002,28.63232283611387,77.23023486544841,14.040434042150478,0.6778549073496126,28.632322952118074,77.23026615257221,1.0,0.23097367114895873,-0.7816427779150324,10.293098370829478,-0.0062303345766319485,0.006258324088567253,-0.013702148367009089
182.20000000000002,28.632332653304957,77.23024387987559,14.036926414834195,0.6784388302940575,28.63229570550188,77.23028605910403,1.0,-0.34914584186611397,-0.5252084190300005,9.615350199322155,-0.017207092786282147,-0.02007311146112245,0.03456788790856235
182.3,28.632342508859466,77.23025283406956,14.033422639810968,0.6732633794846404,28.63238438351735,77.23027785332492,1.0,0.14627066595010402,-0.17839242216433057,9.93356879043278,-0.007736306205087285,-0.004804416259909,-0.03229148133477931
182.4,28.63235234004119,77.23026181724052,14.029922731095894,0.6760471573204668,28.632348013146398,77.23024664838977,1.0,-0.033874415355738624,-0.24398460871398733,9.814664351752961,0.02805839642208969,0.06774670146811078,0.059292990871801524
182.5,28.63236218011002,77.23027078204976,14.026426702688601,0.6746079167519194,28.632334631732654,77.23034524596146,1.0,-0.005726695636081941,-0.22485092822770883,9.921514779470547,-0.010752416390941323,0.05427756186480246,-0.018582849636312862
182.60000000000002,28.632372068534917,77.23027967178155,14.022934568573199,0.6681242629035489,28.632356585683368,77.23031710552362,1.0,0.10122451462486516,-0.07358123626518843,10.490054394271102,0.037111576583248464,0.026262822283116195,-0.06620740846208668
182.70000000000002,28.63238190318699,77.23028863286964,14.01944634271822,0.674673992546405,28.63239111058929,77.23024959328843,1.0,-0.629358020442941,-0.9468016025556492,9.32366198114641,0.009860731233896344,0.09012503761488005,0.039169058028681994
182.8,28.63239179524637,77.23029750582462,14.015962039076564,0.6670272039325259,28.632424313440513,77.23027298567933,1.0,-0.08446770089237199,0.4865611226089861,9.109483536144419,0.02016075132071196,0.06314146461940288,-0.0805012370583368
182.9,28.63240170289599,77.23030635040695,14.012481671585437,0.6647063558165908,28.63238663240722,77.23030337911355,1.0,0.5246154006870547,-0.49749778700446307,9.588668815610292,-0.06942151749282677,0.028372190544602067,-0.015234134864470643
183.0,28.632411680577537,77.23031508640007,14.00900525416631,0.6553113479115903,28.6324404550018,77.23029827309115,1.0,0.030256064725415532,-0.1853187720699637,10.19918063527357,0.004786373636090095,0.07808345571829406,-0.08643036436485543
183.10000000000002,28.632421678944088,77.23032378579867,14.005532800724843,0.6522849356185614,28.63243624470091,77.23030151340139,1.0,0.7962837391779947,-0.3155634051096296,10.757049160585774,0.008038453128085418,0.07414603798446998,-0.02398057691274067
183.20000000000002,28.632431693069353,77.23033245578067,14.002064325150847,0.6498928758469246,28.63243772790044,77.23031761017734,1.0,-0.05996443799658019,1.6024940679048318,9.461046019162449,0.07884804269822668,0.015433290434791797,-0.03359315289733731
183.3,28.63244174715176,77.2303410596461,13.998599841318223,0.6442954510628459,28.632454525999748,77.23033767427748,1.0,0.23094668310095945,0.8274048270424937,9.566780902932928,0.0004183874419302513,-0.01174011478911547,-0.04872207235249094
183.4,28.632451758122077,77.23034972264516,13.995139363084895,0.6496565260275244,28.632479878123842,77.23034064555804,1.0,0.6062617729415934,0.29128294148154177,10.89884630609879,-0.0012373379646690484,-0.054117758311370494,0.04814462882277539
183.5,28.632461758443135,77.23035839575223,13.991682904292777,0.6507312241843488,28.632450632674917,77.23035634334435,1.0,0.6082731451967498,-0.18065724372114236,10.325454914458218,0.006281640206517731,0.0206010450729076,0.003917473224368815
183.60000000000002,28.632471764931246,77.23036705378512,13.988230478767695,0.649596028091195,28.632496698209746,77.2303796245104,1.0,-0.3830389027833996,0.0792276126441285,9.619149604020897,-0.02877631967872348,-0.05561356023551816,-0.020314367787285924
183.70000000000002,28.63248177294504,77.23037570369281,13.98478210031935,0.6490704311999181,28.632429389459734,77.23044267450493,1.0,-0.04599761576862446,-0.0020687071298972175,10.136627189542688,0.01570207067656319,0.1030339787433209,-0.011720930422035874
183.8,28.63249182821637,77.23038427630775,13.981337782741251,0.6424922031857437,28.632565814951587,77.23032168567977,1.0,-0.36196732365201456,-0.5308959496274087,9.546685132328781,-0.021693045618157592,-0.043939123024263546,-0.05074176339823242
183.9,28.632501952441803,77.23039273700763,13.977897539810662,0.6329373727004197,28.63248124205843,77.23037187358509,1.0,-0.14486977666724468,0.019908474601034905,9.807428735753918,0.07577283850458415,-0.03032531079430714,-0.07513886698088817
184.0,28.632512092870165,77.23040116652741,13.974461385288553,0.6304158134920594,28.632472374969886,77.23041047155708,1.0,0.14763998192218203,-0.22226391889322025,9.911261739786351,0.011138166817040338,-0.04790468921018126,-0.031698249145551166
184.10000000000002,28.632522196632408,77.23040964706722,13.971029332919533,0.6350207732095741,28.632512151168772,77.23034276336736,1.0,0.09992258055448944,-0.11646224891826942,9.460856488283495,0.019653371679571305,0.028505280545034175,0.08100569816753334
184.20000000000002,28.63253231465977,77.230418099579,13.96760139643181,0.6327676588732952,28.632541814074536,77.2304228978422,1.0,0.32453740668913456,-0.44163501838956254,10.012954128146527,-0.03663953313823464,-0.03420708523806812,-0.03994736827625167
184.3,28.632542472625875,77.23042648373179,13.964177589537124,0.6270270599200727,28.632541575397298,77.2303698995581,1.0,-0.2835499508547975,-0.0667828214570673,10.091882573884224,-0.05228583388395108,-0.0006214787804003475,-0.08497282529224075
184.4,28.632552665797807,77.2304348062505,13.9607579259307,0.6218862791847568,28.632530426229955,77.23041430004724,1.0,-0.09715692323985364,0.38215611086611223,9.689808919388165,0.029451576885574406,-0.023282784469183335,-0.0356585726975038
184.5,28.63256284076461,77.23044315164614,13.957342419291187,0.6240340450740459,28.632512622772857,77.23043766604502,1.0,0.07682713729903409,0.8016163033792212,10.030005953334907,0.0036193704267400264,-0.011191387411989343,0.026165833945755862
184.60000000000002,28.632572936746563,77.2304516147142,13.953931083280604,0.634403885282111,28.632595678775072,77.23046702858021,1.0,-0.10936568146109577,0.4962728211772965,9.889844155269152,0.028456095740051868,0.06294854917149749,0.07060156666761064
184.70000000000002,28.632582988688032,77.23046013969885,13.950523931544296,0.6399801734098491,28.632574914440035,77.23041942266593,1.0,0.17335588509209598,0.37026210295870526,9.470424909205894,0.0851290884891106,-0.0033273051217526935,0.035552064321602544
184.8,28.63259308257932,77.23046859424383,13.947120977710862,0.6340217948683045,28.632602378223584,77.23045518865572,1.0,0.07849000176301205,0.8735059233303696,10.017026621091595,-0.019623709068678465,-0.015423603029734893,-0.06114692586274777
184.9,28.63260318228376,77.23047703389705,13.943722235392112,0.6329060238602149,28.632607735482253,77.23043157758728,1.0,0.01635445109431008,0.5351000239631994,9.761695617686922,-0.04961152407625036,-0.032340086511584105,-0.008956146366568477
185.0,28.632613238615573,77.23048553466329,13.940327718183013,0.6384090274995725,28.632599958278323,77.23048915378511,1.0,-0.09113420240940129,1.4691679955489088,10.606657076542898,-0.07522704031938665,-0.05413537104248202,0.07027659753456744
185.10000000000002,28.6326232714825,77.23049406553316,13.936937439661628,0.6412210152455585,28.632605646435636,77.23050354965993,1.0,0.03712640314945315,0.16915360302934085,10.71361211155472,-0.059032979364767195,-0.04636257349308012,0.05931099521469807
185.20000000000002,28.632633321200082,77.23050256481596,13.933551413389067,0.638640380948741,28.63266062035543,77.23052993749118,1.0,-0.02258914887904602,-0.17352057485832137,9.842690311796398,0.0034983191426869787,-0.002015491915707202,-0.022175341720192934
185.3,28.632643361575106,77.23051107261774,13.93016965290943,0.6395652683019367,28.632591191190457,77.23046122706806,1.0,0.38922790461238244,0.8886744202565608,10.25077088218225,0.012756165467026915,-0.06891227809050142,0.017825176086605707
185.4,28.63265340288124,77.23051957320057,13.926792171749756,0.6391144122533099,28.632648003681368,77.23045157225775,1.0,0.07135759073362086,-0.09856264935853717,9.015447643604444,0.08565455672783852,0.012633882393610725,-0.02080576849914883
185.5,28.63266345452519,77.23052805211576,13.923418983419964,0.637400783332339,28.63262992618689,77.23057103924863,1.0,0.39269565465329703,0.14075718866590511,9.846193680898237,-0.025702186227421566,0.02524198467066331,-0.019443373684066706
185.60000000000002,28.63267342811575,77.23053664408805,13.920050101412802,0.6474941951899792,28.63269055135862,77.23055788011395,1.0,-0.16100832766919868,-0.7091497448756348,10.874926475169627,-0.07408494738180524,-0.008920928838234518,0.14318662356141718
185.70000000000002,28.632683440971107,77.23054517084606,13.916685539203796,0.6419471468736979,28.63269147326841,77.23053748534025,1.0,0.2143367287228101,-0.006126656197573837,10.121169302680812,-0.04975385189016056,0.045592183123716296,-0.06488318915179181
185.8,28.632693461607214,77.23055367998323,13.913325310251187,0.6405831281042405,28.632632838513853,77.23054100190303,1.0,0.5126718605302575,-0.5355129269711935,9.067204516218917,-0.019333507203784798,0.0011621699160139505,-0.01604761862411197
185.9,28.632703481778112,77.23056218408472,13.90996942799589,0.6403217359777573,28.632713655918366,77.23060348157321,1.0,0.24002285224963557,-0.5265992546248802,9.503940544162365,-0.06112874528376527,-0.030437844883261768,0.04022770604474026
186.0,28.63271348387907,77.23057071002142,13.906617905861426,0.6424163726064479,28.632725432275635,77.2305834259846,1.0,0.5100857882410509,1.0592555332451818,9.363953584961243,-0.045444738814865215,-0.008226029312929449,0.01582647374709271
186.10000000000002,28.63272346894295,77.23057925613114,13.90327075725388,0.644368927126149,28.63273201370235,77.23056815094387,1.0,-0.5153372368755956,-0.20589407554098044,8.620083485629316,-0.0002448373666486026,-0.05537510895413816,-0.0005864254285610406
186.20000000000002,28.6327334575167,77.23058779121777,13.899927995561844,0.6435804932420316,28.632734991099195,77.23060272594562,1.0,-0.18167189947358722,0.952204564407211,9.97036228338028,-0.03342064516786459,-0.02380916413715482,-0.008525673081085554
186.3,28.63274351522928,77.23059621452386,13.89658963415636,0.6339687670858466,28.632768503726734,77.23059942527303,1.0,-0.05655820755579585,0.4286286557475017,9.648782481731946,0.03818103187413638,-0.015925740881350573,-0.12284628423186914
186.4,28.63275355522045,77.23060465947646,13.893255686390866,0.6360365941011099,28.632720113789166,77.23065689933549,1.0,-0.16575197747634904,0.07732590633010934,9.69308893418394,-0.006374422299488748,-0.030142857037707457,0.03458328917885894
186.5,28.632763628490146,77.23061304707576,13.889926165601153,0.6312061872469916,28.63275406813987,77.23057646467787,1.0,-0.16516267096897727,0.05669875130697656,9.979581758699657,-0.0020463784931297542,-0.06577759041998057,-0.06550955492095978
186.60000000000002,28.632773752360745,77.2306213494228,13.886601085105294,0.6239689368455602,28.632765372471667,77.23058926840679,1.0,0.23821899841046432,-0.2623546147419361,10.058870359755895,-0.06469322841099329,-0.011995597786988959,-0.07891904335653054
186.70000000000002,28.632783887081533,77.23062962874535,13.883280458203613,0.6221453330378157,28.632775238957844,77.23059849211448,1.0,0.17858605167664054,-0.128537673437073,10.250390803981933,0.027405139038867765,-0.024076539251109426,-0.012904507797206102
186.8,28.632794072481943,77.23063782108818,13.87996429817861,0.6147999940230121,28.63278006614887,77.23066649739238,1.0,-0.1574001193600185,0.7804832231418806,9.687736050958188,-0.014131614842069228,-0.011549090725349856,-0.12060905338555858
186.9,28.632804251349974,77.23064601809041,13.876652618294921,0.6153703008635396,28.6328155715367,77.23067949611254,1.0,0.06132103339804459,0.3270663927243549,9.67614063733533,0.0051227716296434545,-0.04970825267911611,0.02696720855355328
187.0,28.632814494804002,77.23065410407891,13.87334543179926,0.6059932114957043,28.632809667428695,77.23072237906344,1.0,-0.0010923589844023668,1.0415959797380323,9.942090078014797,2.3248656045638274e-05,0.023304243310246917,-0.13261736220013046
187.10000000000002,28.632824683531904,77.23066227342491,13.87004275192037,0.6133223588085936,28.632845961597603,77.23063635151948,1.0,0.0857844183895792,0.5161244536179015,10.883123830319793,-0.019867872416521243,-0.02883952614624973,0.04669773778454056
187.20000000000002,28.63283487672145,77.23067042967547,13.866744591868965,0.6123615180532226,28.632795261048894,77.23061088526448,1.0,0.5291769737108458,0.3771321855814667,10.845197471621672,-0.020375670764568695,-0.03607235843577565,0.0031555032910720506
187.3,28.632845118210533,77.23067850111082,13.863450964837682,0.6052398885542801,28.632854578487947,77.23068827946865,1.0,-0.1565959866944426,1.1957905843726995,10.588252008754994,0.020893905040548826,0.01904701941399213,-0.08261463002658309
187.4,28.632855337291065,77.23068660342703,13.860161884001025,0.6080544489616386,28.632832463794696,77.23066775991872,1.0,-0.7339933141184469,0.789085652777615,8.89669472556686,-0.012942314095055113,0.06292096273667702,0.026367001877378886
187.5,28.632865500759063,77.2306947901889,13.856877362515313,0.6154947599282008,28.632869104647767,77.23069068944494,1.0,0.2556259964438533,0.15627884019226407,10.16666153839912,0.01257269547361257,0.06520396112649066,0.08512354769332263
187.60000000000002,28.63287567963243,77.23070294624512,13.853597413518624,0.6130115351408681,28.63289851198646,77.2306899033873,1.0,0.5085950963417787,0.2496587748871049,9.86255378616344,-0.031034604650932926,-0.020294043675740447,-0.015235305868758134
187.70000000000002,28.63288586861998,77.23071108005878,13.850322050130753,0.6112602168895107,28.63292248886698,77.2306964837406,1.0,0.3204938420878384,-0.41922850049698773,9.622003040190465,-0.031690423713750665,0.048146794027578876,-0.017977767716797738
187.8,28.63289600706258,77.23071928964391,13.847051285453151,0.6179714719916436,28.632933192174725,77.23070047455788,1.0,0.1875234261530612,-0.15641383011453625,9.253767927421622,-0.016376545342320605,-0.0665189719999366,0.07895266764087562
187.9,28.632906123869947,77.23072752804363,13.843785132568868,0.6206372955277124,28.632878731501417,77.2307267535364,1.0,-0.019675101094154226,0.026105185588378238,10.14404829078336,0.10130863777434598,-0.037753758024277106,0.055253458654816776
188.0,28.63291627217499,77.23073571024476,13.840523604542513,0.6159359631342132,28.632881147885854,77.23070603244607,1.0,0.11302166253049967,0.5587521861481906,8.711368073735322,-0.008587941366110614,-0.008862366980696633,-0.035605378727151624
188.10000000000002,28.632926360853922,77.23074398186996,13.837266714420196,0.6238622155241385,28.632962943666104,77.23073973126283,1.0,0.3686604668184912,0.35240754841619004,9.991316327767992,-0.022700528850393902,-0.015400145704384659,0.05608872270857812
188.20000000000002,28.63293641862033,77.23075229653587,13.834014475229468,0.6277830336751182,28.63293678684431,77.2307502946195,1.0,0.015069568396172406,-0.019724777098763767,9.72187118851925,0.028537153940172547,-0.03942030664263431,0.05681687464585586
188.3,28.632946374094775,77.23076076388742,13.830766899979286,0.641350561254387,28.632975142839875,77.23075311945837,1.0,-0.08148554292801086,0.8559620914124976,9.652841177029877,0.04788841245657681,-0.12836188416873837,0.16172698977622185
188.4,28.632956319558282,77.23076924095301,13.827524001659945,0.6423828450086343,28.632949442074942,77.23080664051852,1.0,0.07979439463196215,-0.3013476308675265,9.872445420113575,0.011289857357327971,0.03151457785622009,0.02058986136759742
188.5,28.632966157522585,77.23077787382628,13.824285793243035,0.6563880203266577,28.63298643195829,77.23080881035727,1.0,0.4933366159702638,0.32184605458585014,9.432756841357888,-0.01187103924217807,0.062429140304487464,0.11485387560865581
188.60000000000002,28.632976081946072,77.23078637181173,13.821052287681383,0.6445824473394115,28.632992928513566,77.23077404800509,1.0,0.21208333702777765,-0.24125667850364507,9.045967283997898,0.03101182460736573,0.04172622674717096,-0.1266289863166339
188.70000000000002,28.632985999271355,77.23079487505038,13.817823497909007,0.6452230286784328,28.632937285036512,77.23075619443014,1.0,0.2040898722596374,0.45251295648586853,8.717650013618108,-0.04091483180004732,-0.0007466340975291613,0.008279963938062362
188.8,28.632995872211854,77.2308034396041,13.814599436841066,0.6508393797873393,28.63296028852702,77.2308297751464,1.0,0.003884880257016138,0.24040723293577185,9.531953888146228,0.005561635508046043,0.08518342392555539,0.052142106703238114
188.9,28.633005802243055,77.23081191258615,13.811380117373796,0.6428966969298548,28.63298534265505,77.23087266076342,1.0,0.2507108273411191,-0.29907684191092593,8.820686407230708,-0.002534244525850057,-0.10233568083870358,-0.08812914535054936
189.0,28.63301569377622,77.23082043834992,13.808165552384471,0.6477471774393211,28.63305681792792,77.23083040556796,1.0,-0.30652277164959973,0.06259335899856114,9.797697584253513,-0.02747802509288317,0.023077748189571676,0.053368067833788065
189.10000000000002,28.63302563340199,77.23082888573242,13.804955754731349,0.6409824659109242,28.63305644897838,77.23087951636371,1.0,-0.1459320827652874,0.5656589212589593,9.580934074747748,0.012636106960867428,0.014044656651816291,-0.07483725958560704
189.20000000000002,28.63303554122059,77.23083737600854,13.801750737253613,0.6449508431702656,28.63299030828647,77.23084173859465,1.0,0.07084635501843364,0.17304659840669293,9.395332534439465,-0.0755320123985107,0.07915021341528825,0.036498293295594626
189.3,28.63304543081711,77.23084588837665,13.798550512771332,0.647084907982706,28.63302374523914,77.2308164296118,1.0,0.1600138289400701,0.03163216260978125,10.052229900442617,0.03202625241106116,-0.09475024076890684,0.01984293710807647
189.4,28.633055347511338,77.23085435428773,13.795355094085396,0.6431410051886631,28.633063947854644,77.23087947697515,1.0,0.15790984312623402,0.5195892270733805,9.16201896617679,0.10749288096559062,0.037951687184622766,-0.016581889446342507
189.5,28.63306524366966,77.23086284589803,13.792164493977479,0.6455921564696282,28.633081312635486,77.2308217774159,1.0,-0.6217263925775507,-0.8638493846079474,9.559296942750835,-0.04692713001091186,-0.03643121137412866,0.026423543038189244
189.60000000000002,28.633075123926485,77.23087135609791,13.788978725209974,0.6474168681383182,28.63303678748392,77.23086553134702,1.0,0.43432907991038083,0.68514981711307,9.429618139236474,-0.039388641215713484,0.013071005879685738,0.02297298879251615
189.70000000000002,28.633084943440338,77.23087995170144,13.785797800525955,0.6552042611952953,28.63309688654487,77.23097641912946,1.0,-0.10547235158096963,0.10884295423346031,9.548217825864908,0.0076399643906627235,-0.053347666784553965,0.08604791722966956
189.8,28.633094770682213,77.230888530495,13.782621732649115,0.6538788552449415,28.633116044337093,77.23090913896276,1.0,0.026571299344558208,0.6222640918004385,9.680164713945475,0.016951520778351294,0.008360739707623247,-0.04174153854749747
189.9,28.633104525711744,77.23089721030468,13.77945053428372,0.663113871368648,28.63308213542052,77.23089263948187,1.0,-0.12528395179221546,0.33432444958843127,9.663984545923002,-0.008475202396866107,0.0066635766044487454,0.08694903318131826
190.0,28.63311425607944,77.2309059207176,13.776284218114561,0.6660514299646325,28.633141668493217,77.23094007814748,1.0,-0.17834118448078726,0.6506597446225839,10.678549136407401,-0.06774508223619358,-0.02025291712448691,0.02273337065518881
190.10000000000002,28.63312394237323,77.23091468944293,13.773122796806899,0.6715056356200004,28.633136327475455,77.23086722961769,1.0,0.31475478450736855,-0.09696436548907096,10.80870573646193,-0.08281890144484999,-0.027809468596389747,0.06535794091439873
190.20000000000002,28.633133607285092,77.23092348355529,13.769966283006413,0.6739916162297264,28.633102507378922,77.23096521573163,1.0,0.2259347139361288,0.11335985606962601,10.35778396958513,-0.0651184312256432,0.019826678806021073,0.057851377357360276
190.3,28.633143272076577,77.23093227267114,13.766814689339155,0.6737205679112217,28.633139259711616,77.23098199576042,1.0,0.49827601559124524,-0.12436409416798766,9.491042337529937,0.056821553312998534,-0.05431245104022218,-0.024934234596632306
190.4,28.633152903745348,77.23094110370803,13.763668028411495,0.6777180897729299,28.633171610464068,77.23090666934173,1.0,-0.03796767780492036,0.09195107911575694,8.71081954105868,-0.012849331585630154,0.008313721530075984,0.05691471175225764
190.5,28.633162548378806,77.23094991122633,13.760526312810073,0.6757593378853974,28.633213218142462,77.23096657684259,1.0,0.3742214156197845,0.4511664975814434,9.448129315699846,-0.09958311885405202,-0.05756055765576004,-0.005899232869619856
190.60000000000002,28.633172155292858,77.2309587669736,13.757389555101748,0.680341418131115,28.633205501727012,77.23098872912796,1.0,-0.10621603132793583,0.21305867968550513,10.738802809897823,0.01716148478146183,-0.0795557901960976,0.04412448132564848
190.70000000000002,28.633181718357875,77.23096767903213,13.754257767833545,0.6856840680684757,28.633163588101215,77.23091396810246,1.0,-0.517216249534932,-0.22899975733061173,9.023865817204022,0.003188910207563086,0.002205949370295524,0.033749443702308896
190.8,28.63319122442237,77.2309766648634,13.75113096353261,0.6926637818476409,28.633225451826082,77.23098340510072,1.0,-0.2594981746136239,0.422314641022335,9.363201550016674,0.004423822774091678,-0.028169671961188143,0.07203294306028307
190.9,28.633200707224145,77.23098567754704,13.748009154706155,0.6953355046344756,28.63315540101471,77.23099352189661,1.0,-0.14227660826437322,0.5267709353640231,9.278360582338307,0.060871282989853205,-0.02120649351137545,-0.00292382827376045
191.0,28.63321016023229,77.23099472579572,13.744892353841413,0.6988229506762821,28.63322581585672,77.23103259893468,1.0,-0.2220754758972515,0.27364260436365917,10.518184593863497,0.043078831224862314,0.023097453699511786,0.0005971229813749087
191.10000000000002,28.63321962016773,77.23100375968941,13.741780573405581,0.6976803780319133,28.633237239743647,77.23101534439876,1.0,-0.32412748446634865,0.23912118456033477,10.274473816153433,-0.038740593185614465,0.04491988134543092,0.021148989684981787
191.20000000000002,28.633229079282202,77.23101278974987,13.738673825845778,0.6975141639181143,28.63324637462241,77.23104146556146,1.0,-0.02112789358877641,-0.03923680368322803,9.452767222736929,0.030305426354921384,-0.001950449138581103,4.384743201727229e-06
191.3,28.633238536499878,77.23102181744714,13.735572123588991,0.6974840409586625,28.63324585071651,77.23103876006863,1.0,0.5828198215936793,0.05500870290566225,9.21314196450964,-0.0203670723969805,-0.11522330301085491,-0.01707283265927039
191.4,28.63324799881539,77.23103083327207,13.732475479042023,0.6965710560445016,28.633261766266624,77.23100233887348,1.0,-0.5087143554079238,-0.27036289227948107,9.720672474933211,-0.05027560467755722,0.026016601228261667,0.0020988971719577178
191.5,28.63325750134972,77.23103978907787,13.72938390459145,0.6912019044920651,28.63324719168067,77.2309711555803,1.0,-0.002413297832112249,0.0010075152883002967,10.052017531352355,0.021573460610718652,-0.03339053050860479,-0.03299229141388746
191.60000000000002,28.633266970232455,77.23104878608504,13.72629741260356,0.6952017113699469,28.63326432557566,77.23101663663039,1.0,-0.46389874920909113,0.34346808284399477,10.209436990004068,0.06148825027422081,0.09160579130833263,0.03643443050369957
191.70000000000002,28.63327635902203,77.23105788649356,13.723216015424326,0.7050179113805762,28.633250407471493,77.23108585871483,1.0,0.5380887648332418,-0.48099384874449963,10.621393591796785,0.0919611217027016,-0.0034973384077449476,0.1164848514748728
191.8,28.63328578653452,77.23106692992042,13.720139725379326,0.6998907891557484,28.63327640168117,77.23110708306085,1.0,-0.21199568469102412,-0.4364544892418945,9.858104773092997,0.06788884819945827,0.0029440324939347578,-0.051761818427472996
191.9,28.63329517409509,77.23107602226568,13.71706855477372,0.7046450475049025,28.633293012631974,77.2311384280097,1.0,-0.1028047217298492,0.11641574405703754,9.635596089546123,-0.014084033895933885,0.054334705498777364,0.06139503654524801
192.0,28.633304547122258,77.23108512921213,13.714002515892183,0.7062018890142612,28.633320031311353,77.23108990690942,1.0,-0.21510786036630272,0.9382173886406343,9.68196268497116,-0.054316729738945316,-0.023307398487216358,0.02357953990289656
192.10000000000002,28.633313805176474,77.23109438275934,13.710941620998867,0.7202099687717327,28.63329054485189,77.2311018364078,1.0,0.30717916604824536,0.005430239786597825,9.869530517530542,-0.10658727746167006,-0.06402661035205047,0.12053154957320826
192.20000000000002,28.63332305049619,77.2311036480796,13.707885882337347,0.7215229158540872,28.633322144270394,77.2311205647532,1.0,-0.16763029792737003,0.6289672580803044,9.608537240656487,-0.01565496492992337,0.057620069014088574,0.018502773630634357
192.3,28.633332332235128,77.2311128612792,13.704835312130577,0.7167785359190535,28.633336789144913,77.23110663267441,1.0,0.3020367308517053,0.03125812309150271,10.315761347868856,0.05265607159131022,0.14646717465645379,-0.05657037019355836
192.4,28.633341621330697,77.23112206010374,13.701789922580833,0.7156129076715632,28.633365092905915,77.23110553719638,1.0,0.13872591455704844,0.7571681261847811,9.321610949283993,-0.013328337982616482,-0.018415399995113133,-0.0106530501349877
192.5,28.63335091901932,77.23113124290805,13.698749725869666,0.7142922683667492,28.63338595416127,77.23114693492666,1.0,-0.1850070157196603,-0.0908246902140357,10.352192550393555,-0.015802969201030772,0.058316533444481594,0.006239149047863485
192.60000000000002,28.633360271524264,77.2311403484145,13.695714734157859,0.7072062027501176,28.633332055188255,77.23112290134607,1.0,0.11157745409585912,-0.8186367638457845,9.248936155041548,-0.06366997693995897,0.0120800729178505,-0.03405688240131036
192.70000000000002,28.63336959430084,77.23114948864254,13.692684959585378,0.7106602655114019,28.63340280858829,77.23119688538917,1.0,0.2991891817756427,0.4655419053483902,9.706995296224981,0.020260948643252976,-0.01991679452350877,0.024331208060764865
192.8,28.63337897158003,77.23115855145255,13.689660414271316,0.7035803543280639,28.633383279472504,77.23114409865245,1.0,0.03358194689626387,-0.33747006789464057,8.860018232741403,-0.009024131802108362,0.04334374784283126,-0.07631382374235444
192.9,28.633388338402213,77.23116762351478,13.686641110313849,0.7046343412878145,28.633362332641386,77.23115719494555,1.0,0.34746464657055187,0.984991221798644,10.108296314302105,0.06030610991297857,-0.03282363716442845,-0.005039143759339651
193.0,28.633397716271723,77.23117667598538,13.68362705979019,0.7029862264127755,28.63335385860825,77.23117722374255,1.0,0.22091230127527492,-0.6145843939525606,9.535446550309194,-0.036725662907918726,0.006921529484496184,-0.055326623477048704
193.10000000000002,28.633407083348892,77.23118573818816,13.680618274756537,0.70408434299019,28.633441091421833,77.23116613782042,1.0,0.018951650493938862,-0.5679400715767806,9.444744808959504,0.06672669069674386,-0.00307578710352085,-0.0033458497346766005
193.20000000000002,28.633416446724507,77.23119480060738,13.677614767248023,0.7042911487368618,28.63343440763424,77.23120172391029,1.0,0.7088211307744587,-0.052444177900941344,10.315817690377528,0.028346161609201087,0.0058019868641103,-0.04005501414177412
193.3,28.63342580973182,77.23120385878157,13.674616549278682,0.7040793747109909,28.63340259370474,77.2311954578832,1.0,-0.202477575804177,-0.012111269005880205,9.467215455899098,0.04784838783677223,0.030025203639921078,0.0071782126236228745
193.4,28.6334352490879,77.23121280875681,13.671623632841372,0.6941600615085122,28.633430585552045,77.2311677457165,1.0,-0.39800583654820354,0.31635121791477633,9.877205019938055,0.002621811811748939,-0.0005186574629947683,-0.09363158442565873
193.5,28.633444702324823,77.23122173491137,13.668636029907761,0.6921278859296823,28.633448266624388,77.23119928169648,1.0,0.2303211306414401,0.5462854952309637,10.141508499927323,-0.005903913902661237,-0.03691088964291012,-0.034142288545663146
193.60000000000002,28.63345414462177,77.23123067130396,13.665653752428256,0.6932602672530551,28.633467719864772,77.23119521014179,1.0,0.587194558360128,0.20837525736134463,10.136463722386615,-0.04251258832275448,-0.13828151492663485,-0.004743884062468234
193.70000000000002,28.633463599035696,77.2312395862807,13.662676812331961,0.6914511507233276,28.633477738689557,77.2312366430451,1.0,0.17684979635290005,-0.06076302555897198,9.53182546478076,0.03078854916390818,0.10486385341320453,-0.03352156608519351
193.8,28.633473024999525,77.23124853551533,13.659705221526634,0.6948175533091742,28.633455943352974,77.23125175686269,1.0,0.2571527234579722,0.11832059720758985,9.660839178141464,-0.0228297357972304,-0.07517272572085781,0.04559059299860648
193.9,28.633482415062876,77.23125752887366,13.656738991898635,0.6991165542687062,28.63348589780967,77.23126163912231,1.0,0.4745073211118319,0.5447968167352332,9.925857941049726,0.04176967340070342,0.0706061259615228,0.07853002940325915
194.0,28.633491793747286,77.23126653292546,13.653778135312876,0.7002994062795255,28.63353442945262,77.23126419136248,1.0,0.2516031108735429,0.06044484306997207,10.265340451044695,0.06652232193113805,0.011982628755809091,0.0005315951037183162
194.10000000000002,28.633501185524125,77.23127551454895,13.65082266361278,0.698383625992129,28.633502089778943,77.23127851779616,1.0,0.39007142105754156,1.1761869359986654,9.713323239509355,-0.060726377963765704,0.0798128019843335,-0.02207413362240164
194.20000000000002,28.633510582534225,77.23128448436744,13.647872588620233,0.6974617765837805,28.633474738426592,77.23128456213621,1.0,0.09711704914688957,-0.4091822817987208,9.821439369783336,-0.10003683544232185,0.05747624050836765,0.0036703733396468066
194.3,28.633519964144543,77.23129347039763,13.644927922135528,0.6991586428265338,28.63351260803052,77.23127968679088,1.0,0.11757279119633693,0.1994530131915415,9.598045932481272,-0.073654780049774,-0.0014547091422065638,0.0006952555233067665
194.4,28.63352933847064,77.23130246161772,13.641988675937327,0.6998257348259362,28.633527226002794,77.23133753556904,1.0,-0.11652858686172951,0.8672116964183594,9.34093214029159,-0.06621031438028725,0.05873804907955774,0.006712112194136762
194.5,28.63353872925673,77.2313114258485,13.639054861782611,0.6974811827065623,28.633543458130482,77.23132558587278,1.0,0.20055991330777728,0.4679185189928713,9.615881171144004,-0.0327970636645736,0.11823234273982693,-0.02718661841483179
194.60000000000002,28.63354811158104,77.2313203969091,13.636126491406635,0.6983000220541594,28.6335397135954,77.23133185490396,1.0,-0.3022397634694146,-0.13041150123774292,9.81912495303227,-0.013066015553956171,-0.017836316020755135,0.019034280881251295
194.70000000000002,28.633557477812243,77.23132938512266,13.633203576522874,0.7000866049189546,28.633553437535998,77.2313588493761,1.0,0.2745699624324028,0.29517023714228635,9.62205359061539,0.031214821497404267,0.03965388110041703,0.04483314065437737
194.8,28.633566827845296,77.2313383905704,13.630286128822984,0.7018839325103479,28.633550616832675,77.231329312858,1.0,0.2527798715417467,0.2636691211694414,9.488221366675448,0.00416836013310049,-0.08460138961430877,-0.019662099168316398
194.9,28.63357624856152,77.23134729525138,13.627374159976753,0.6926376883985769,28.63354352365584,77.23136664902943,1.0,0.261631939833141,0.3511269825757107,9.789352532289575,-0.04886867870534867,-0.014540941388012887,-0.05527760405350075
195.0,28.633585705145283,77.23135614577784,13.624467681632053,0.6877770355443028,28.633553047309313,77.23134131969373,1.0,-0.09257206868985426,-0.2777139245385419,10.31210139199924,0.027413915288111004,0.1377763871846681,-0.06379212742316923
195.10000000000002,28.63359521385787,77.23136491881557,13.62156670541479,0.6807771736618851,28.63358896001517,77.23139253364945,1.0,0.14752306222412725,0.32143888376744884,9.797632002124148,0.007993693016020742,-0.03385796932042317,-0.07096143219795703
195.20000000000002,28.63360477982913,77.23137360595366,13.618671242928869,0.6730413894878831,28.633600826024608,77.23137397302854,1.0,0.35572505703223467,0.3806556408187407,9.59976921051365,-0.028256675912933623,-0.07505416192256538,-0.07222254697681574
195.3,28.6336143708269,77.2313822524466,13.615781305756133,0.6694848443324031,28.63367672684741,77.2313879291627,1.0,-0.05729558087129166,0.06581251119300109,9.290259460437479,-0.02738651408721425,0.022427410790042308,-0.027189095079178875
195.4,28.633623938176388,77.2313909281308,13.612896905456331,0.6723281921967776,28.633637643366768,77.23137136168909,1.0,0.28990691865805535,-0.2961426989210171,10.395019811701763,0.07531535879291265,-0.00018582243671089763,0.07656981100246124
195.5,28.633633474826045,77.23139964285772,13.610018053567057,0.676085384239119,28.633663332932315,77.23140925322687,1.0,-0.36586950580045674,0.38088297417586847,10.054679141843028,-0.11650028024191533,0.05538259676444168,-0.005087479388532637
195.60000000000002,28.633642988625283,77.23140838525094,13.607144761603713,0.6788050222545627,28.633647311227485,77.23136924804882,1.0,0.07867808958131042,-0.5205388539004684,8.875425450183306,0.08399904003600446,0.1110234175700225,0.04633845955618564
195.70000000000002,28.633652520533634,77.231417097322,13.604277041059467,0.6761793396108914,28.633605621400413,77.23138691130438,1.0,0.29671787733021004,-1.0870089320747298,9.77278449992128,0.06955115934596033,-0.005409666580348842,-0.018667392099002693
195.8,28.63366204271939,77.2314258185051,13.601414903405196,0.6771879640304084,28.63365426357937,77.23143703037724,1.0,-0.051753457999936164,0.003415899260014055,9.148968441168494,-0.04093307215948669,0.035593063771887826,-0.03224164298405291
195.9,28.63367151418745,77.23143460643307,13.598558360089447,0.6835276752571101,28.633709618566673,77.2314113183793,1.0,0.41883664527327336,0.04666108568149694,8.89066807896924,-0.008972170461318787,-0.024277716676000295,0.10478408883709023
196.0,28.633680966152802,77.23144341696016,13.59570742253839,0.6857956188889118,28.633671758176046,77.23142439826967,1.0,-0.3369595337952658,-0.052007398173982915,10.1176281752856,-0.08520731002480847,-0.011600664976801872,0.019496819421652982
196.10000000000002,28.633690405893702,77.23145223988782,13.592862102155767,0.6871195881521794,28.63368385849943,77.23148315448793,1.0,-0.21703169381144669,0.6160839011276443,9.758458268680961,0.0019795634045010127,0.0798564868865846,0.03784624935007034
196.20000000000002,28.63369976385009,77.23146117062753,13.590022410322861,0.6973625427231971,28.63373021458087,77.23142138833393,1.0,-0.21685180819219088,0.21675506949731932,10.714796274449219,0.08142795548255066,0.05567173356708215,0.12688322163982263
196.3,28.633709129273267,77.23147008668333,13.587188358398436,0.6961601158749946,28.633743270474245,77.23144349255351,1.0,0.21012626672068493,-0.2441382585748005,10.336422832785848,0.018377585582402014,-0.02207260641269634,0.043709642593137366
196.4,28.633718462148412,77.23147904242403,13.58435995771869,0.7000611285513328,28.633682430930275,77.23145368680085,1.0,-0.020669651240509623,-0.4536212634242204,9.761101253290299,0.1467800502206272,-0.12321618394148769,0.03412082809347827
196.5,28.633727764808686,77.2314880344004,13.581537219597228,0.7036507442024187,28.633733483404345,77.23148260925508,1.0,0.21135357298093785,-0.336766197583081,9.490757109170138,0.045448267144842326,-0.01830452779061911,0.06835763470750907
196.60000000000002,28.63373708480881,77.23149699857947,13.578720155324994,0.7012056194542295,28.633697715326786,77.2314940068951,1.0,0.5084441041981085,-0.5999956522691153,8.89049323845664,0.08796919968170896,-0.0329695756404563,-0.026725252051491254
196.70000000000002,28.633746369076135,77.23150600630909,13.575908776170246,0.7054911898868287,28.633756009374043,77.23155888998106,1.0,-0.053667883364286045,0.13273608430820938,10.833714387717949,-0.02315543132928509,0.004523492832291828,0.08504227604865111
196.8,28.633755615270267,77.23151506030881,13.573103093378494,0.7100520606698693,28.633777410122445,77.23152233906302,1.0,-0.09926931671057743,0.3737627975555744,10.088211081377386,0.0001951939685226914,0.06930904973406432,0.027576347239434175
196.9,28.633764904315072,77.2315240527895,13.570303118172466,0.7044010798867542,28.63379369268391,77.2315332701378,1.0,0.6141487944493277,0.21491090364655818,10.264845924908574,0.029587956137676147,0.11152661686939913,-0.08547630299813033
197.0,28.63377420787672,77.23153302134982,13.567508861752058,0.7023168763029768,28.633745662485104,77.23151950006668,1.0,-0.011955608897332728,-0.3067112828847385,9.93639689327265,0.025426048396183055,0.021427333475270025,-0.0501077189778159
197.10000000000002,28.633783526604212,77.23154196502786,13.564720335294293,0.7001445096431851,28.63377181983384,77.23156451392192,1.0,0.24876201267280335,0.5270168427026707,9.84561650162367,-0.04300582604832024,0.07668375688361594,-0.0006358671585997237
197.20000000000002,28.633792815727567,77.23155094417835,13.561937549953274,0.7036649715633605,28.633783181727257,77.23157108875874,1.0,0.4136419980534567,-0.20676037577599055,9.293978850887195,0.052643380075840435,-0.15156160395199136,-0.006330528019810698
197.3,28.633802170076663,77.23155983059189,13.559160516860139,0.6951038750800004,28.633780809796576,77.23155986990645,1.0,0.4061554753580655,0.9329698041036256,10.14188207183547,-0.006908574898491603,-0.010099246841208238,-0.11240225291115623
197.4,28.633811506360423,77.23156873720743,13.556389247123013,0.6971724025177956,28.633817732005237,77.23163364030835,1.0,0.13629712481408968,0.19368882364253584,10.232128627795612,-0.024455266311610786,0.009026766251084756,0.02978690293561983
197.5,28.633820828230295,77.23157765899359,13.553623751826976,0.6987710982706188,28.6338339732099,77.23163485037426,1.0,0.18800745276741335,0.7282024126899999,9.864850465723038,0.05840896860648351,-0.01424515363988965,-0.01063911760969181
197.60000000000002,28.633830086309604,77.2315866622096,13.550864042034002,0.7066383296032482,28.63386830107415,77.23156816689131,1.0,0.601419298035215,0.1098412128243535,10.658588598965784,-0.025874621928806442,-0.02688975794431947,0.06859648926507561
197.70000000000002,28.63383933679566,77.23159567121174,13.548110128782927,0.7073608461089429,28.633840612993925,77.23159348150672,1.0,-0.13723893647853533,0.10985513029181292,9.619395082206543,0.014942182162894155,-0.00010912380918309143,-0.0001487375802685549
197.8,28.633848600449852,77.23160465830267,13.545362023089401,0.7054560650445119,28.63381896062529,77.23161251799453,1.0,-0.06962463686353398,-0.5174379611141594,9.611931342309841,0.01844264592691109,0.06287789080901778,0.02354307007170884
197.9,28.63385783922326,77.23161367425406,13.542619735945845,0.7083676374979319,28.633836167631905,77.23160477952466,1.0,-0.4771266836718061,-0.8675470749119201,10.552754749365151,-0.01362418342312017,0.050418733770902606,0.06507867970934283
198.0,28.633867088241416,77.23162267225425,13.539883278321401,0.7068357173250964,28.63389029939753,77.23162007814275,1.0,0.18601009250224845,0.6330946479862568,9.449998834723877,-0.012549620294786307,-0.050647061611613656,0.0035354605082556414
198.10000000000002,28.633876268656948,77.23163175670024,13.537152661161896,0.7152449077404475,28.633908118391226,77.23159928857619,1.0,-0.24009764419927646,0.5151474218545236,9.686376081901106,0.09690356062629113,0.033994623259819806,0.05939958898731659
198.20000000000002,28.633885472121978,77.23164080656615,13.534427895389797,0.7121166924239373,28.63387164320237,77.23163554306882,1.0,-0.2348370201557877,-1.0910531601447477,10.30432255099852,0.017530615982463756,0.03649973056322069,0.0005820309923413643
198.3,28.633894678118168,77.23164984883081,13.531708991904162,0.7115650827521379,28.633893663432573,77.23166435335466,1.0,-0.4171437871436796,0.13656313824279218,9.659513452031103,0.013453883681084876,0.0027138753925556487,-0.00988946857681685
198.4,28.633903924406805,77.23165883331302,13.528995961580602,0.706239065083777,28.633909079842592,77.2316415009959,1.0,-0.2812718821537944,0.35671792834991883,9.146847711991041,0.05855136585481933,-0.015324192712989217,-0.05036195169738778
198.5,28.63391311049966,77.23166789333439,13.526288815271233,0.7136063230380213,28.63391914062182,77.23161491946748,1.0,0.39941392672889253,0.21195915986418395,9.952278225908499,-0.03953256815708711,-0.004919604303334451,0.0338087334042708
198.60000000000002,28.633922217775,77.23167705185024,13.52358756380464,0.7232340230699134,28.63392765880002,77.231664380073,1.0,0.14882704521045437,-0.1280805252616971,9.808987639248793,0.02946400387337742,-0.00021711904230685455,0.09327378529826921
198.70000000000002,28.633931319720148,77.23168621307437,13.520892217985821,0.7236711996563039,28.633946633242815,77.23165493553866,1.0,-0.2860379040241826,0.544435031331232,9.537940772619448,0.05942163917812687,-0.014146338790691361,-0.04486463689052521
198.8,28.633940403786422,77.23169539315018,13.51820278859616,0.7256673223426106,28.633905298878553,77.23169773426122,1.0,0.6928723620590347,-0.7387976040612088,8.895070156573574,0.013417519848555685,-0.025503452506020347,0.04143247171832379
198.9,28.633949447570018,77.23170462057614,13.515519286393367,0.7304302825940391,28.63394545855089,77.23167665030499,1.0,0.5200471253970992,0.19687272743611103,10.08797759838019,0.03193585764677616,0.02159050374637962,0.058386010698711556
199.0,28.633958507599875,77.23171382318223,13.512841722111451,0.7282002827688999,28.63396054109917,77.23168538321687,1.0,0.2217291328894755,-0.2042182840573025,9.36419613396312,0.017783457629736633,0.022925738705760253,-0.062579777873575
199.10000000000002,28.63396750176762,77.23172310517171,13.510170106460661,0.7360978338216996,28.634023589623894,77.2317365296253,1.0,-0.19771171948634894,-0.20960830140216644,9.870942446751464,0.04935836866370594,-0.001572875727203019,0.08904145194666221
199.20000000000002,28.633976516637606,77.2317323569895,13.507504450127461,0.733334617319638,28.633955442596505,77.23175563496675,1.0,-0.06635029504737441,-1.0351962822624379,9.976014571537366,-0.036188557076697755,-0.027820514249919544,-0.03265917640499504
199.3,28.633985521223323,77.23174161773304,13.504844763774472,0.7343819056835316,28.63402163942318,77.23175637213485,1.0,0.26340353742871137,0.25764021194379966,9.466544478297271,0.04200118714061429,0.023070588002652437,0.014848299257196348
199.4,28.63399457038556,77.23175081784427,13.502191058040431,0.7286618178220475,28.634036365672124,77.23173883081408,1.0,0.358570577237325,-0.7907765658768051,10.284857300267339,-0.008869826226484306,0.004079937840012365,-0.05652219336329997
199.5,28.634003601476905,77.2317600369086,13.499543343540163,0.7306776995438853,28.634005846813995,77.23176211724038,1.0,-0.7158927056488896,0.3890727269632878,9.219936636951124,0.09343373843281064,0.0044297023089301885,0.004259481834226834
199.60000000000002,28.63401268817367,77.23176918071528,13.496901630864517,0.723558897381316,28.63402545299304,77.23174513137687,1.0,0.015713509406727805,-0.08901657977432754,9.817879703772306,-0.06010252728663257,0.0020229331341243668,-0.08203347357683057
199.70000000000002,28.63402177442022,77.23177832102843,13.494265930580347,0.7233938755916752,28.634011734901552,77.23180882079215,1.0,-0.40923368683939754,0.23648706721832358,9.781875154559495,-0.04925239246404481,-0.08252762357579721,0.02964927610023995
199.8,28.634030851756574,77.23178746876161,13.491636253230446,0.7242833750591393,28.634050428955014,77.23177599803688,1.0,0.21370820072056435,-0.011550952051669082,8.455567245892817,-0.018979240544602177,-0.054426553245914944,0.04601904433120717
199.9,28.634039855011977,77.23179670699456,13.489012609333521,0.7332450008650191,28.63403511943594,77.23179359736244,1.0,0.2320222565672683,-0.4773277898444849,10.012318460601222,0.042191911682948384,-0.02247071725019017,0.0886636993792569
