gnss_lat,gnss_lon,GPS ALTITUDE (m),true_velocity_kmh,GPS ACCURACY (m),GPS ORIENTATION (Â°),GPS SATELLITES IN RANGE,timestamp,DATE (YYYY-MO-DD HH-MI-SS_SSS),acc_x,acc_y,acc_z,grav_x,grav_y,grav_z,gyro_x,gyro_y,gyro_z,MAGNETIC FIELD X (Î¼T),MAGNETIC FIELD Y (Î¼T),MAGNETIC FIELD Z (Î¼T),ORIENTATION (Azimuth) (Â°),ORIENTATION (Pitch) (Â°),ORIENTATION (Roll ) (Â°),true_velocity,gnss_status,true_lat,true_lon
52.40290426666667,-1.5565266,164.83,,2,183.79,28 / 28,100011,2019-09-08 12:05:31:741,-0.0461,1.0029,9.8887,-0.0016,0.0051,9.8066,0.0125,-0.0206,0.0026,-10.31,-29.56,34.13,350.3,-81.1,-171.93,3.2199999999999998,1.0,52.40290426666667,-1.5565266
52.40290235555556,-1.5565271333333333,164.83,,2,183.79,28 / 28,100111,2019-09-08 12:05:31:841,-0.0037,0.6871,9.8292,-0.0023,0.0065,9.8066,0.0042,-0.0154,0.0,-8.94,-29.06,35.63,353.33,-81.21,-171.76,3.143333333333333,1.0,52.40290235555556,-1.5565271333333333
52.40290044444445,-1.5565276666666665,164.83,,2,183.79,28 / 28,100213,2019-09-08 12:05:31:943,0.0011,0.6329,9.9174,-0.0035,0.0063,9.8066,0.006,-0.0048,0.0001,-9.0,-28.81,36.5,354.06,-81.32,-171.52,3.0666666666666664,1.0,52.40290044444445,-1.5565276666666665
52.402898533333335,-1.5565282,164.83,,2,183.79,28 / 28,100311,2019-09-08 12:05:32:041,0.1242,0.4649,9.8035,0.0003,0.0038,9.8066,0.0171,-0.0078,0.0042,-8.87,-28.81,37.81,354.61,-81.37,-171.4,2.9899999999999998,1.0,52.402898533333335,-1.5565282
52.40289662222222,-1.5565287333333333,164.83,,2,183.79,28 / 28,100410,2019-09-08 12:05:32:140,0.0043,0.5531,9.9266,-0.001,0.0021,9.8066,-0.0167,0.003,-0.0047,-9.31,-28.37,38.44,354.65,-81.45,-171.4,2.913333333333333,1.0,52.40289662222222,-1.5565287333333333
52.40289471111112,-1.5565292666666666,164.83,,2,183.79,28 / 28,100511,2019-09-08 12:05:32:241,0.0098,0.5646,9.7913,-0.0021,0.0069,9.8066,-0.0118,-0.0066,0.0083,-9.94,-28.94,39.0,353.64,-81.54,-171.24,2.8366666666666664,1.0,52.40289471111112,-1.5565292666666666
52.402892800000004,-1.5565297999999999,164.83,,2,183.79,28 / 28,100611,2019-09-08 12:05:32:341,-0.0495,0.6189,9.9233,-0.0026,0.008,9.8066,0.0313,-0.0035,-0.0057,-10.81,-29.31,39.56,352.69,-81.64,-171.12,2.76,1.0,52.402892800000004,-1.5565297999999999
52.40289088888889,-1.5565303333333333,164.83,,2,183.79,28 / 28,100710,2019-09-08 12:05:32:440,0.0341,0.3068,9.7907,-0.0028,0.0053,9.8066,-0.0073,0.0045,0.0045,-11.56,-29.87,39.13,350.78,-81.72,-171.05,2.683333333333333,1.0,52.40289088888889,-1.5565303333333333
52.40288897777778,-1.5565308666666666,164.83,,2,183.79,28 / 28,100811,2019-09-08 12:05:32:541,0.1003,0.3447,9.9469,-0.0004,0.0045,9.8066,0.0059,-0.008,0.0008,-11.94,-29.69,39.44,350.94,-81.82,-170.92,2.6066666666666665,1.0,52.40288897777778,-1.5565308666666666
52.40288706666667,-1.5565314,164.83,,2,183.79,28 / 28,100911,2019-09-08 12:05:32:641,0.1515,0.0139,9.8341,-0.0026,0.0056,9.8066,0.02,-0.0062,-0.0071,-11.94,-29.75,38.81,351.01,-81.88,-170.87,2.53,1.0,52.40288706666667,-1.5565314
52.40288515555556,-1.5565319333333332,164.83,,2,183.79,28 / 28,101011,2019-09-08 12:05:32:741,0.2283,-0.099,9.9952,-0.0039,0.0039,9.8066,-0.0151,0.0005,0.0172,-12.5,-29.94,39.44,351.23,-81.95,-170.69,2.453333333333333,1.0,52.40288515555556,-1.5565319333333332
52.402883244444446,-1.5565324666666667,164.83,,2,183.79,28 / 28,101111,2019-09-08 12:05:32:841,0.1931,-0.2893,9.7423,-0.0006,0.0028,9.8066,-0.007,0.0088,0.0016,-12.19,-30.87,38.94,351.49,-81.99,-170.43,2.3766666666666665,1.0,52.402883244444446,-1.5565324666666667
52.40288133333333,-1.556533,164.83,,2,183.79,27 / 28,101210,2019-09-08 12:05:32:940,0.1595,-0.115,9.8231,-0.0013,0.0044,9.8066,-0.002,-0.0069,-0.0087,-12.31,-30.31,38.88,351.57,-82.07,-170.39,2.3,1.0,52.40288133333333,-1.556533
52.40287942222223,-1.5565335333333332,164.83,,2,183.79,27 / 28,101311,2019-09-08 12:05:33:041,0.1382,0.0168,9.854,-0.002,0.0073,9.8066,0.0091,-0.0015,0.0055,-12.69,-30.87,38.56,350.18,-82.12,-170.28,2.223333333333333,1.0,52.40287942222223,-1.5565335333333332
52.402877511111114,-1.5565340666666667,164.83,,2,183.79,27 / 28,101410,2019-09-08 12:05:33:140,0.2326,-0.2914,9.8201,-0.0011,0.0027,9.8066,-0.0198,0.0086,-0.0066,-12.56,-30.62,39.31,350.33,-82.24,-170.17,2.1466666666666665,1.0,52.402877511111114,-1.5565340666666667
52.4028756,-1.5565346,164.83,,2,183.79,27 / 28,101511,2019-09-08 12:05:33:241,0.124,-0.0482,9.8921,-0.0016,0.0056,9.8065,-0.0015,0.004,0.0075,-12.37,-31.12,38.56,351.9,-82.33,-170.1,2.07,1.0,52.4028756,-1.5565346
52.40287368888889,-1.5565351333333333,164.83,,2,183.79,27 / 28,101611,2019-09-08 12:05:33:341,0.1758,-0.2536,9.8814,-0.0029,0.0061,9.8066,0.0221,-0.005,-0.0071,-13.37,-30.75,38.56,350.64,-82.39,-169.92,1.9933333333333332,1.0,52.40287368888889,-1.5565351333333333
52.40287177777778,-1.5565356666666665,164.83,,2,183.79,27 / 28,101711,2019-09-08 12:05:33:441,0.1011,-0.0223,9.9063,-0.0002,0.0027,9.8066,-0.0103,-0.002,0.0058,-12.5,-31.0,37.69,351.76,-82.47,-169.81,1.9166666666666665,1.0,52.40287177777778,-1.5565356666666665
52.40286986666667,-1.5565362,164.83,,2,183.79,27 / 28,101810,2019-09-08 12:05:33:540,0.3105,-0.2639,9.8533,-0.0017,0.0048,9.8066,0.0046,-0.0098,0.0014,-12.94,-31.69,38.0,350.32,-82.53,-169.72,1.8399999999999999,1.0,52.40286986666667,-1.5565362
52.40286795555556,-1.5565367333333333,164.83,,2,183.79,27 / 28,101910,2019-09-08 12:05:33:640,0.2269,-0.0642,9.8615,-0.0021,0.0037,9.8065,0.0137,-0.0119,-0.0009,-13.12,-31.0,38.19,350.49,-82.6,-169.61,1.7633333333333332,1.0,52.40286795555556,-1.5565367333333333
52.402866044444444,-1.5565372666666666,164.83,,2,183.79,27 / 28,102010,2019-09-08 12:05:33:740,0.2094,-0.2529,9.8582,-0.002,0.0059,9.8066,-0.0126,0.0139,0.0002,-13.12,-30.81,39.56,351.73,-82.67,-169.42,1.6866666666666665,1.0,52.402866044444444,-1.5565372666666666
52.40286413333334,-1.5565377999999999,164.83,,2,183.79,27 / 28,102110,2019-09-08 12:05:33:840,0.2121,-0.2325,9.7961,-0.0023,0.0083,9.8066,0.011,-0.0019,0.0053,-12.69,-31.31,37.44,350.29,-82.77,-169.31,1.6099999999999999,1.0,52.40286413333334,-1.5565377999999999
52.402862222222225,-1.5565383333333334,164.83,,2,183.79,27 / 28,102210,2019-09-08 12:05:33:940,0.2253,-0.2499,9.876,-0.0013,0.0037,9.8066,-0.0003,0.0013,-0.0063,-12.87,-31.37,38.5,351.48,-82.84,-169.22,1.5333333333333332,1.0,52.402862222222225,-1.5565383333333334
52.40286031111111,-1.5565388666666666,164.83,,2,183.79,27 / 28,102311,2019-09-08 12:05:34:041,0.2527,-0.1343,9.8543,-0.0019,0.0057,9.8066,-0.0153,0.0128,0.0006,-13.06,-31.37,38.5,351.55,-82.88,-169.17,1.4566666666666666,1.0,52.40286031111111,-1.5565388666666666
52.4028584,-1.5565394,164.83,,2,183.79,27 / 28,102410,2019-09-08 12:05:34:140,0.1853,-0.1971,9.9477,-0.0032,0.0036,9.8066,0.0141,-0.0102,-0.0002,-13.25,-30.87,37.94,351.24,-82.99,-168.99,1.38,1.0,52.4028584,-1.5565394
52.402856488888894,-1.5565399333333332,164.83,,2,183.79,27 / 28,102511,2019-09-08 12:05:34:241,0.1715,-0.155,9.8375,-0.0029,0.0045,9.8066,0.0034,0.0023,-0.0105,-12.87,-31.12,38.75,352.1,-83.07,-168.69,1.303333333333333,1.0,52.402856488888894,-1.5565399333333332
52.40285457777778,-1.5565404666666667,164.83,,2,183.79,27 / 28,102610,2019-09-08 12:05:34:340,0.3355,-0.4498,9.8579,0.0006,0.0038,9.8066,-0.0187,0.0022,0.0125,-13.69,-31.44,38.25,350.09,-83.11,-168.71,1.2266666666666663,1.0,52.40285457777778,-1.5565404666666667
52.40285266666667,-1.556541,164.83,,2,183.79,27 / 28,102710,2019-09-08 12:05:34:440,0.2484,-0.1874,9.8007,-0.0033,0.0049,9.8065,0.0111,-0.0063,-0.0092,-13.44,-31.19,37.81,351.76,-83.21,-168.55,1.1499999999999997,1.0,52.40285266666667,-1.556541
52.402850755555555,-1.5565415333333332,164.83,,2,183.79,27 / 28,102811,2019-09-08 12:05:34:541,0.2791,-0.1827,9.8603,-0.0007,0.0036,9.8066,0.0066,-0.0118,0.0044,-13.62,-31.75,38.13,350.36,-83.26,-168.46,1.073333333333333,1.0,52.402850755555555,-1.5565415333333332
52.40284884444445,-1.5565420666666667,164.83,,2,183.79,27 / 28,102911,2019-09-08 12:05:34:641,0.1399,-0.2223,9.9362,-0.0008,0.0039,9.8066,0.0049,-0.0041,0.0057,-13.5,-31.25,37.75,351.92,-83.3,-168.41,0.9966666666666664,1.0,52.40284884444445,-1.5565420666666667
52.402846933333336,-1.5565426,164.83,,2,183.79,27 / 28,103011,2019-09-08 12:05:34:741,0.2633,-0.4157,9.751,0.0001,0.0045,9.8066,-0.0168,0.0136,-0.0019,-13.25,-31.06,37.56,351.89,-83.32,-168.44,0.9199999999999997,1.0,52.402846933333336,-1.5565426
52.40284502222222,-1.5565431333333333,164.83,,2,183.79,27 / 28,103111,2019-09-08 12:05:34:841,0.3285,-0.269,9.9206,-0.0021,0.0054,9.8066,0.0115,0.0009,0.0063,-13.0,-31.44,37.94,351.89,-83.4,-168.46,0.843333333333333,1.0,52.40284502222222,-1.5565431333333333
52.40284311111111,-1.5565436666666665,164.83,,2,183.79,28 / 28,103211,2019-09-08 12:05:34:941,0.1391,-0.2036,9.9044,-0.0016,0.0011,9.8066,-0.0016,-0.0001,-0.0097,-13.37,-31.12,38.13,352.03,-83.44,-168.33,0.7666666666666664,1.0,52.40284311111111,-1.5565436666666665
52.402841200000005,-1.5565442,164.83,,2,183.79,28 / 28,103311,2019-09-08 12:05:35:041,0.2519,-0.4734,9.7591,-0.0009,0.0044,9.8066,0.0173,0.001,0.0031,-13.31,-31.25,37.94,352.16,-83.5,-168.22,0.6899999999999997,1.0,52.402841200000005,-1.5565442
52.40283928888889,-1.5565447333333333,164.83,,2,183.79,28 / 28,103411,2019-09-08 12:05:35:141,0.2859,-0.3245,9.9101,0.0003,0.0001,9.8066,-0.0006,-0.0143,-0.0097,-13.19,-30.81,38.5,352.81,-83.53,-168.1,0.6133333333333331,1.0,52.40283928888889,-1.5565447333333333
52.40283737777778,-1.5565452666666666,164.83,,2,183.79,28 / 28,103510,2019-09-08 12:05:35:240,0.2012,-0.2866,9.9259,0.0013,0.0018,9.8066,0.0019,-0.0043,0.013,-13.44,-31.19,38.06,352.29,-83.55,-168.11,0.5366666666666664,1.0,52.40283737777778,-1.5565452666666666
52.402835466666666,-1.5565457999999999,164.83,,2,183.79,28 / 28,103611,2019-09-08 12:05:35:341,0.2173,-0.394,9.7799,-0.0023,0.0038,9.8066,-0.0149,0.0163,-0.0014,-12.87,-30.75,38.13,352.26,-83.58,-168.14,0.4599999999999997,1.0,52.402835466666666,-1.5565457999999999
52.40283355555556,-1.5565463333333334,164.83,,2,183.79,28 / 28,103710,2019-09-08 12:05:35:440,0.2962,-0.3005,9.8215,-0.001,0.0046,9.8065,-0.0051,0.0159,0.0134,-13.12,-31.25,38.31,352.35,-83.64,-168.06,0.383333333333333,1.0,52.40283355555556,-1.5565463333333334
52.40283164444445,-1.5565468666666666,164.83,,2,183.79,28 / 28,103811,2019-09-08 12:05:35:541,0.2328,-0.4114,9.8922,-0.0001,0.0024,9.8066,-0.0157,0.0126,-0.0014,-12.56,-31.5,39.06,352.96,-83.65,-167.98,0.3066666666666663,1.0,52.40283164444445,-1.5565468666666666
52.402829733333334,-1.5565474,164.83,,2,183.79,28 / 28,103911,2019-09-08 12:05:35:641,0.2378,-0.2688,9.8782,-0.0018,0.0032,9.8066,0.0028,0.002,0.0044,-12.87,-31.31,38.19,352.54,-83.7,-167.9,0.22999999999999965,1.0,52.402829733333334,-1.5565474
52.40282782222222,-1.5565479333333332,164.83,,2,183.79,28 / 28,104011,2019-09-08 12:05:35:741,0.2966,-0.3172,9.7734,-0.0005,0.0032,9.8066,0.0188,-0.016,-0.0009,-13.37,-31.5,37.94,352.68,-83.71,-167.77,0.153333333333333,1.0,52.40282782222222,-1.5565479333333332
52.402825911111115,-1.5565484666666667,164.83,,2,183.79,28 / 28,104111,2019-09-08 12:05:35:841,0.214,-0.4509,9.8186,0.0015,0.001,9.8066,0.0138,-0.0202,0.0016,-13.19,-31.5,38.31,352.73,-83.75,-167.73,0.07666666666666631,1.0,52.402825911111115,-1.5565484666666667
52.402824,-1.556549,164.64,0.0,3,192.72,28 / 28,104212,2019-09-08 12:05:35:942,0.2046,-0.2082,9.9359,0.0002,0.0016,9.8066,0.0161,-0.009,-0.0023,-12.44,-31.5,38.19,354.1,-83.77,-167.84,0.0,1.0,52.402824,-1.556549
52.402823600000005,-1.5565494269230769,164.64,,3,192.72,28 / 28,104311,2019-09-08 12:05:36:041,0.2673,-0.3595,9.9093,0.0001,0.0013,9.8066,-0.0004,0.0028,-0.0001,-13.37,-31.37,38.75,353.12,-83.79,-167.85,0.025884615384615388,1.0,52.402823600000005,-1.5565494269230769
52.4028232,-1.5565498538461537,164.64,,3,192.72,28 / 28,104411,2019-09-08 12:05:36:141,0.2679,-0.3889,9.831,0.0014,0.0005,9.8066,-0.01,0.0069,0.0091,-13.25,-31.69,37.94,352.56,-83.79,-167.87,0.051769230769230776,1.0,52.4028232,-1.5565498538461537
52.4028228,-1.5565502807692306,164.64,,3,192.72,28 / 28,104511,2019-09-08 12:05:36:241,0.2548,-0.3621,9.8183,-0.0001,-0.0012,9.8066,-0.0219,0.0169,0.0002,-13.69,-31.69,38.25,351.01,-83.81,-167.95,0.07765384615384616,1.0,52.4028228,-1.5565502807692306
52.402822400000005,-1.5565507076923077,164.64,,3,192.72,28 / 28,104611,2019-09-08 12:05:36:341,0.3037,-0.3905,9.8711,0.0008,0.0014,9.8066,-0.0016,0.0028,0.0077,-13.31,-31.62,38.25,352.46,-83.82,-167.96,0.10353846153846155,1.0,52.402822400000005,-1.5565507076923077
52.402822,-1.5565511346153846,164.64,,3,192.72,28 / 28,104711,2019-09-08 12:05:36:441,0.273,-0.2487,9.923,-0.0001,0.0012,9.8066,-0.0032,0.0002,-0.0037,-13.19,-31.37,37.94,352.43,-83.85,-168.02,0.12942307692307695,1.0,52.402822,-1.5565511346153846
52.4028216,-1.5565515615384615,164.64,,3,192.72,28 / 28,104811,2019-09-08 12:05:36:541,0.2435,-0.4512,9.7967,-0.0004,0.0014,9.8066,0.0064,-0.0063,0.0039,-13.12,-31.5,38.75,352.91,-83.86,-168.04,0.1553076923076923,1.0,52.4028216,-1.5565515615384615
52.402821200000005,-1.5565519884615384,164.64,,3,192.72,28 / 28,104911,2019-09-08 12:05:36:641,0.3067,-0.3614,9.801,-0.0001,0.0002,9.8066,0.0012,-0.0068,-0.008,-13.56,-31.62,38.06,350.96,-83.87,-168.01,0.1811923076923077,1.0,52.402821200000005,-1.5565519884615384
52.4028208,-1.5565524153846153,164.64,,3,192.72,28 / 28,105011,2019-09-08 12:05:36:741,0.2886,-0.228,9.9559,0.0001,0.0029,9.8066,0.0218,-0.0177,0.0027,-12.81,-31.31,38.44,352.39,-83.89,-168.06,0.2070769230769231,1.0,52.4028208,-1.5565524153846153
52.4028204,-1.5565528423076922,164.64,,3,192.72,28 / 28,105111,2019-09-08 12:05:36:841,0.2558,-0.4797,9.8184,0.0003,-0.0001,9.8065,0.0094,-0.0109,-0.0069,-13.37,-31.37,38.0,352.4,-83.9,-168.05,0.2329615384615385,1.0,52.4028204,-1.5565528423076922
52.402820000000006,-1.556553269230769,164.64,,3,192.72,27 / 27,105211,2019-09-08 12:05:36:941,0.2549,-0.3275,9.7675,0.0001,0.0011,9.8066,-0.0018,0.0034,0.0035,-13.12,-31.44,38.88,352.7,-83.91,-168.24,0.2588461538461539,1.0,52.402820000000006,-1.556553269230769
52.4028196,-1.5565536961538462,164.64,,3,192.72,27 / 27,105311,2019-09-08 12:05:37:041,0.3497,-0.4198,9.8708,0.0009,0.0021,9.8066,-0.01,0.0119,-0.0029,-12.81,-31.69,38.5,352.52,-83.91,-168.39,0.2847307692307693,1.0,52.4028196,-1.5565536961538462
52.4028192,-1.556554123076923,164.64,,3,192.72,27 / 27,105410,2019-09-08 12:05:37:140,0.2479,-0.325,9.9044,0.0005,-0.0029,9.8066,-0.0214,0.0052,0.0054,-13.62,-31.31,39.0,350.94,-83.92,-168.55,0.3106153846153846,1.0,52.4028192,-1.556554123076923
52.402818800000006,-1.55655455,164.64,,3,192.72,27 / 27,105511,2019-09-08 12:05:37:241,0.2691,-0.3374,9.8445,0.0012,-0.0007,9.8065,-0.0167,0.016,0.0015,-13.31,-31.19,38.38,351.79,-83.9,-168.61,0.3365,1.0,52.402818800000006,-1.55655455
52.4028184,-1.5565549769230769,164.64,,3,192.72,27 / 27,105610,2019-09-08 12:05:37:340,0.3314,-0.4643,9.7382,0.0002,0.0003,9.8065,-0.0056,-0.0071,0.0007,-13.37,-31.37,38.0,351.71,-83.91,-168.68,0.3623846153846154,1.0,52.4028184,-1.5565549769230769
52.402818,-1.5565554038461538,164.64,,3,192.72,27 / 27,105710,2019-09-08 12:05:37:440,0.2255,-0.2985,9.972,0.0003,0.0009,9.8066,0.0187,-0.0146,0.002,-13.37,-31.31,38.25,351.69,-83.91,-168.7,0.3882692307692308,1.0,52.402818,-1.5565554038461538
52.402817600000006,-1.5565558307692307,164.64,,3,192.72,27 / 27,105811,2019-09-08 12:05:37:541,0.1688,-0.3044,9.9422,0.0008,-0.001,9.8066,0.0003,-0.0063,-0.0076,-13.31,-31.06,38.56,352.1,-83.9,-168.79,0.4141538461538462,1.0,52.402817600000006,-1.5565558307692307
52.4028172,-1.5565562576923075,164.64,,3,192.72,27 / 27,105911,2019-09-08 12:05:37:641,0.2632,-0.4487,9.7186,0.0017,0.0008,9.8066,0.0162,-0.0099,-0.0012,-13.25,-31.31,38.56,351.87,-83.91,-169.0,0.4400384615384616,1.0,52.4028172,-1.5565562576923075
52.402816800000004,-1.5565566846153847,164.64,,3,192.72,27 / 27,106011,2019-09-08 12:05:37:741,0.3202,-0.4703,9.8347,0.0013,-0.0024,9.8066,0.0096,-0.0089,-0.0103,-13.19,-31.62,37.81,351.39,-83.91,-168.95,0.465923076923077,1.0,52.402816800000004,-1.5565566846153847
52.4028164,-1.5565571115384615,164.64,,3,192.72,27 / 27,106110,2019-09-08 12:05:37:840,0.195,-0.3448,9.9193,0.0027,0.0002,9.8066,0.0044,-0.0061,0.0092,-12.81,-30.94,38.63,351.56,-83.89,-169.29,0.4918076923076924,1.0,52.4028164,-1.5565571115384615
52.402816,-1.5565575384615384,164.64,,3,192.72,28 / 28,106211,2019-09-08 12:05:37:941,0.1851,-0.3173,9.8538,0.0014,0.0004,9.8066,-0.0059,0.0096,-0.0024,-13.0,-31.31,38.13,351.06,-83.87,-169.27,0.5176923076923078,1.0,52.402816,-1.5565575384615384
52.402815600000004,-1.5565579653846153,164.64,,3,192.72,28 / 28,106310,2019-09-08 12:05:38:040,0.315,-0.367,9.7302,0.0015,0.0,9.8066,-0.002,0.0086,0.009,-13.69,-31.5,38.88,349.83,-83.87,-169.56,0.5435769230769232,1.0,52.402815600000004,-1.5565579653846153
52.4028152,-1.5565583923076922,164.64,,3,192.72,28 / 28,106411,2019-09-08 12:05:38:141,0.2067,-0.4786,9.8827,0.0015,-0.0019,9.8066,-0.0133,0.0081,0.0048,-13.44,-31.31,38.5,351.2,-83.84,-169.61,0.5694615384615386,1.0,52.4028152,-1.5565583923076922
52.4028148,-1.556558819230769,164.64,,3,192.72,28 / 28,106511,2019-09-08 12:05:38:241,0.1409,-0.287,9.8879,-0.0006,0.0011,9.8066,0.0104,-0.0018,-0.0023,-13.5,-31.69,38.0,350.57,-83.84,-169.69,0.595346153846154,1.0,52.4028148,-1.556558819230769
52.402814400000004,-1.5565592461538462,164.64,,3,192.72,28 / 28,106611,2019-09-08 12:05:38:341,0.3443,-0.3808,9.849,0.0011,-0.0012,9.8066,0.0016,-0.0056,-0.0017,-13.12,-31.5,38.63,350.92,-83.82,-169.86,0.6212307692307693,1.0,52.402814400000004,-1.5565592461538462
52.402814,-1.5565596730769231,164.64,,3,192.72,28 / 28,106710,2019-09-08 12:05:38:440,0.2277,-0.4646,9.8049,0.0017,-0.0027,9.8066,0.0136,-0.0178,-0.0004,-13.25,-31.44,38.31,350.27,-83.83,-169.99,0.6471153846153846,1.0,52.402814,-1.5565596730769231
52.4028136,-1.5565601,164.64,,3,192.72,28 / 28,106811,2019-09-08 12:05:38:541,0.1106,-0.2356,9.8896,0.0007,0.0027,9.8066,0.0005,0.0121,-0.0021,-12.81,-31.0,38.31,350.08,-83.79,-170.16,0.673,1.0,52.4028136,-1.5565601
52.402813200000004,-1.556560526923077,164.64,,3,192.72,28 / 28,106910,2019-09-08 12:05:38:640,0.2779,-0.3605,9.7958,0.0009,0.0001,9.8066,-0.0073,0.0059,0.0079,-12.5,-31.0,38.44,351.31,-83.79,-170.39,0.6988846153846154,1.0,52.402813200000004,-1.556560526923077
52.4028128,-1.5565609538461538,164.64,,3,192.72,28 / 28,107011,2019-09-08 12:05:38:741,0.173,-0.4455,9.8338,0.0025,-0.0018,9.8066,-0.0175,0.0118,0.0022,-12.94,-31.19,37.63,349.77,-83.77,-170.43,0.7247692307692308,1.0,52.4028128,-1.5565609538461538
52.4028124,-1.5565613807692307,164.64,,3,192.72,28 / 28,107112,2019-09-08 12:05:38:842,0.1713,-0.1992,9.8953,0.0018,-0.003,9.8066,-0.0124,0.0115,0.0011,-13.19,-31.12,37.81,349.45,-83.75,-170.72,0.7506538461538462,1.0,52.4028124,-1.5565613807692307
52.402812000000004,-1.5565618076923076,164.64,,3,192.72,26 / 27,107211,2019-09-08 12:05:38:941,0.3115,-0.3515,9.7664,0.0011,0.0003,9.8066,0.0099,-0.0064,0.0031,-12.94,-31.37,38.63,349.95,-83.73,-170.73,0.7765384615384616,1.0,52.402812000000004,-1.5565618076923076
52.4028116,-1.5565622346153847,164.64,,3,192.72,26 / 27,107311,2019-09-08 12:05:39:041,0.1604,-0.4375,9.7762,0.0012,-0.0017,9.8066,0.0098,-0.011,0.0012,-12.81,-31.5,38.06,349.37,-83.73,-170.79,0.802423076923077,1.0,52.4028116,-1.5565622346153847
52.4028112,-1.5565626615384616,164.64,,3,192.72,26 / 27,107410,2019-09-08 12:05:39:140,0.1704,-0.3083,9.9245,0.0014,-0.0008,9.8066,0.0112,-0.0047,-0.003,-12.94,-31.62,38.56,349.73,-83.69,-170.9,0.8283076923076924,1.0,52.4028112,-1.5565626615384616
52.402810800000005,-1.5565630884615385,164.64,,3,192.72,26 / 27,107511,2019-09-08 12:05:39:241,0.2262,-0.2922,9.7713,0.0012,0.0012,9.8065,0.0015,-0.0012,-0.0027,-13.31,-31.0,38.38,349.0,-83.68,-171.12,0.8541923076923078,1.0,52.402810800000005,-1.5565630884615385
52.4028104,-1.5565635153846153,164.64,,3,192.72,26 / 27,107611,2019-09-08 12:05:39:341,0.1432,-0.4731,9.7852,0.0024,-0.001,9.8066,-0.0024,0.0054,0.0077,-13.0,-31.94,38.06,348.91,-83.66,-171.17,0.8800769230769232,1.0,52.4028104,-1.5565635153846153
52.40281,-1.5565639423076922,164.64,,3,192.72,26 / 27,107711,2019-09-08 12:05:39:441,0.1903,-0.3029,9.9436,0.0005,-0.002,9.8066,-0.0114,0.0133,-0.0022,-13.44,-31.25,39.06,349.22,-83.63,-171.38,0.9059615384615386,1.0,52.40281,-1.5565639423076922
52.402809600000005,-1.5565643692307691,164.64,,3,192.72,26 / 27,107810,2019-09-08 12:05:39:540,0.2753,-0.2888,9.9039,0.0048,-0.0021,9.8066,-0.0078,-0.001,0.0107,-12.87,-31.19,38.5,349.08,-83.61,-171.5,0.931846153846154,1.0,52.402809600000005,-1.5565643692307691
52.4028092,-1.556564796153846,164.64,,3,192.72,26 / 27,107911,2019-09-08 12:05:39:641,0.1404,-0.3833,9.8015,0.0013,-0.0019,9.8066,-0.0103,0.0061,-0.0047,-13.19,-31.06,38.25,348.25,-83.58,-171.79,0.9577307692307694,1.0,52.4028092,-1.556564796153846
52.4028088,-1.5565652230769231,164.64,,3,192.72,26 / 27,108010,2019-09-08 12:05:39:740,0.1554,-0.4057,9.8335,0.0007,-0.0011,9.8066,-0.0038,-0.002,-0.0007,-13.31,-31.0,38.88,348.71,-83.56,-171.84,0.9836153846153848,1.0,52.4028088,-1.5565652230769231
52.402808400000005,-1.55656565,164.64,,3,192.72,26 / 27,108111,2019-09-08 12:05:39:841,0.1057,-0.1389,9.9396,-0.0005,-0.0019,9.8066,0.0033,-0.0012,-0.0126,-13.31,-30.94,38.31,348.16,-83.53,-171.85,1.0095,1.0,52.402808400000005,-1.55656565
52.402808,-1.556566076923077,164.64,,3,192.72,27 / 27,108211,2019-09-08 12:05:39:941,0.1956,-0.3262,9.801,0.0012,-0.0014,9.8066,0.0185,-0.0129,0.0006,-12.81,-31.44,38.56,348.53,-83.51,-172.0,1.0353846153846156,1.0,52.402808,-1.556566076923077
52.4028076,-1.5565665038461538,164.64,,3,192.72,27 / 27,108310,2019-09-08 12:05:40:040,0.1474,-0.3437,9.8037,0.0023,-0.0048,9.8065,-0.0138,-0.0032,-0.0036,-13.5,-31.0,38.94,348.39,-83.46,-172.11,1.0612692307692309,1.0,52.4028076,-1.5565665038461538
52.402807200000005,-1.5565669307692307,164.64,,3,192.72,27 / 27,108411,2019-09-08 12:05:40:141,0.1346,-0.2628,9.9342,0.0,-0.0011,9.8066,0.0088,0.0084,0.0075,-13.12,-31.44,38.38,347.56,-83.43,-172.38,1.0871538461538464,1.0,52.402807200000005,-1.5565669307692307
52.4028068,-1.5565673576923076,164.64,,3,192.72,27 / 27,108511,2019-09-08 12:05:40:241,0.2152,-0.238,9.8526,0.0008,-0.0004,9.8066,-0.0095,0.011,-0.0025,-12.94,-30.75,37.81,347.56,-83.39,-172.38,1.1130384615384616,1.0,52.4028068,-1.5565673576923076
52.4028064,-1.5565677846153845,164.64,,3,192.72,27 / 27,108611,2019-09-08 12:05:40:341,0.1848,-0.3439,9.8857,0.0029,-0.0052,9.8066,-0.0003,-0.0068,0.0023,-12.69,-30.94,38.69,347.91,-83.37,-172.54,1.1389230769230771,1.0,52.4028064,-1.5565677846153845
52.402806000000005,-1.5565682115384616,164.64,,3,192.72,27 / 27,108711,2019-09-08 12:05:40:441,0.1014,-0.2436,9.8966,0.0009,-0.0027,9.8066,0.0046,-0.0025,-0.0138,-12.56,-30.94,38.5,347.76,-83.31,-172.66,1.1648076923076924,1.0,52.402806000000005,-1.5565682115384616
52.4028056,-1.5565686384615385,164.64,,3,192.72,27 / 27,108810,2019-09-08 12:05:40:540,0.121,-0.286,9.8894,0.0021,-0.0028,9.8066,0.0097,-0.0236,0.0043,-13.06,-31.12,38.56,347.58,-83.3,-172.82,1.190692307692308,1.0,52.4028056,-1.5565686384615385
52.4028052,-1.5565690653846154,164.64,,3,192.72,27 / 27,108911,2019-09-08 12:05:40:641,0.1866,-0.3212,9.8022,0.0015,-0.0031,9.8066,-0.0057,-0.009,-0.008,-12.87,-30.81,38.13,346.91,-83.25,-172.94,1.2165769230769232,1.0,52.4028052,-1.5565690653846154
52.402804800000006,-1.5565694923076923,164.64,,3,192.72,27 / 27,109011,2019-09-08 12:05:40:741,0.0922,-0.1578,9.8908,0.0026,-0.0035,9.8066,0.0039,0.0029,0.0037,-13.56,-31.31,38.69,345.85,-83.23,-173.08,1.2424615384615385,1.0,52.402804800000006,-1.5565694923076923
52.4028044,-1.5565699192307692,164.64,,3,192.72,27 / 27,109111,2019-09-08 12:05:40:841,0.155,-0.2449,9.9096,0.0013,-0.0012,9.8066,-0.0136,0.0093,-0.0047,-12.75,-30.87,38.44,346.74,-83.2,-173.08,1.268346153846154,1.0,52.4028044,-1.5565699192307692
52.402804,-1.556570346153846,164.64,,3,192.72,28 / 29,109211,2019-09-08 12:05:40:941,0.1524,-0.3338,9.8476,0.0016,-0.0026,9.8066,-0.0095,0.0028,-0.0001,-13.06,-31.0,38.31,346.56,-83.17,-173.24,1.2942307692307693,1.0,52.402804,-1.556570346153846
52.402803600000006,-1.556570773076923,164.64,,3,192.72,28 / 29,109311,2019-09-08 12:05:41:041,0.0892,-0.3493,9.9349,0.0019,-0.005,9.8066,-0.0156,-0.0062,-0.0013,-13.37,-31.5,38.44,346.48,-83.13,-173.3,1.3201153846153848,1.0,52.402803600000006,-1.556570773076923
52.4028032,-1.5565712,164.64,,3,192.72,28 / 29,109411,2019-09-08 12:05:41:141,0.1626,-0.1669,9.8706,0.0007,0.0001,9.8066,0.0201,-0.0154,0.0013,-13.37,-31.37,38.44,346.46,-83.12,-173.32,1.346,1.0,52.4028032,-1.5565712
52.4028028,-1.556571626923077,164.64,,3,192.72,28 / 29,109511,2019-09-08 12:05:41:241,0.0728,-0.2844,9.8346,0.0021,-0.0026,9.8066,-0.0054,-0.0092,-0.0032,-13.12,-31.62,38.31,346.32,-83.09,-173.4,1.3718846153846156,1.0,52.4028028,-1.556571626923077
52.402802400000006,-1.5565720538461538,164.64,,3,192.72,28 / 29,109611,2019-09-08 12:05:41:341,0.0906,-0.2056,9.8963,0.0012,-0.0015,9.8066,0.0017,-0.0044,0.0076,-13.56,-31.31,38.44,344.74,-83.07,-173.54,1.3977692307692309,1.0,52.402802400000006,-1.5565720538461538
52.402802,-1.5565724807692307,164.64,,3,192.72,28 / 29,109711,2019-09-08 12:05:41:441,0.2002,-0.1853,9.9192,0.0008,-0.0018,9.8066,-0.01,0.0164,-0.0045,-13.31,-31.37,38.13,346.19,-83.04,-173.54,1.4236538461538464,1.0,52.402802,-1.5565724807692307
52.402801600000004,-1.5565729076923076,164.64,,3,192.72,28 / 29,109811,2019-09-08 12:05:41:541,0.1137,-0.2816,9.8722,0.0004,0.0024,9.8066,-0.0057,0.0004,0.0025,-13.19,-30.81,38.13,346.07,-83.02,-173.65,1.4495384615384617,1.0,52.402801600000004,-1.5565729076923076
52.4028012,-1.5565733346153845,164.64,,3,192.72,28 / 29,109910,2019-09-08 12:05:41:640,0.0626,-0.2205,9.937,0.0011,-0.0047,9.8066,-0.0027,-0.0074,-0.0085,-13.56,-31.31,38.75,345.21,-82.98,-173.6,1.4754230769230772,1.0,52.4028012,-1.5565733346153845
52.4028008,-1.5565737615384614,164.64,,3,192.72,28 / 29,110011,2019-09-08 12:05:41:741,0.1575,-0.2187,9.8436,0.0019,-0.0003,9.8066,0.0105,-0.013,0.0009,-13.0,-31.31,38.31,345.96,-82.97,-173.74,1.5013076923076925,1.0,52.4028008,-1.5565737615384614
52.402800400000004,-1.5565741884615385,164.64,,3,192.72,28 / 29,110111,2019-09-08 12:05:41:841,0.0847,-0.1811,9.8048,0.0028,-0.0031,9.8066,-0.015,-0.0009,-0.0061,-12.87,-31.62,38.25,345.7,-82.93,-173.92,1.527192307692308,1.0,52.402800400000004,-1.5565741884615385
52.4028,-1.5565746153846154,164.64,,3,192.72,29 / 29,110211,2019-09-08 12:05:41:941,0.0513,-0.2168,9.9091,0.0009,-0.0024,9.8066,0.0028,0.006,0.0057,-13.31,-31.81,38.69,346.12,-82.92,-174.02,1.5530769230769232,1.0,52.4028,-1.5565746153846154
52.4027996,-1.5565750423076923,164.64,,3,192.72,29 / 29,110311,2019-09-08 12:05:42:041,0.0803,-0.175,9.8596,0.0003,-0.0003,9.8066,-0.0096,0.0029,-0.0008,-13.25,-31.75,38.5,346.13,-82.89,-174.01,1.5789615384615387,1.0,52.4027996,-1.5565750423076923
52.402799200000004,-1.5565754692307692,164.64,,3,192.72,29 / 29,110411,2019-09-08 12:05:42:141,0.1342,-0.155,9.8855,0.0008,-0.0014,9.8066,0.0081,-0.0059,0.003,-13.37,-31.44,37.75,345.61,-82.88,-174.04,1.604846153846154,1.0,52.402799200000004,-1.5565754692307692
52.4027988,-1.556575896153846,164.64,,3,192.72,29 / 29,110511,2019-09-08 12:05:42:241,0.1101,-0.1605,9.937,0.0006,-0.0027,9.8066,0.011,-0.0063,-0.0102,-12.94,-31.12,38.19,345.59,-82.84,-174.05,1.6307307692307695,1.0,52.4027988,-1.556575896153846
52.4027984,-1.556576323076923,164.64,,3,192.72,29 / 29,110611,2019-09-08 12:05:42:341,0.1125,-0.186,9.8967,0.0,-0.0002,9.8066,0.0198,-0.0154,0.0006,-13.12,-31.0,38.25,345.54,-82.83,-174.09,1.6566153846153848,1.0,52.4027984,-1.556576323076923
52.402798000000004,-1.55657675,164.64,,3,192.72,29 / 29,110711,2019-09-08 12:05:42:441,0.0518,-0.2478,9.8112,0.001,-0.0038,9.8066,-0.0055,-0.0066,-0.0049,-13.19,-31.81,38.63,346.09,-82.8,-174.03,1.6825,1.0,52.402798000000004,-1.55657675
52.4027976,-1.556577176923077,164.64,,3,192.72,29 / 29,110811,2019-09-08 12:05:42:541,0.1092,-0.2096,9.9651,0.0013,-0.0008,9.8066,0.0026,-0.0042,0.0055,-13.19,-31.44,38.19,345.4,-82.78,-174.2,1.7083846153846156,1.0,52.4027976,-1.556577176923077
52.4027972,-1.5565776038461538,164.64,,3,192.72,29 / 29,110911,2019-09-08 12:05:42:641,0.1235,-0.0238,9.8815,0.0002,0.0002,9.8066,-0.0202,0.0156,-0.0048,-13.31,-31.19,37.63,345.37,-82.75,-174.22,1.734269230769231,1.0,52.4027972,-1.5565776038461538
52.402796800000004,-1.5565780307692307,164.64,,3,192.72,29 / 29,111011,2019-09-08 12:05:42:741,0.0629,-0.2917,9.802,0.0,-0.003,9.8066,-0.0098,0.0065,0.0001,-13.25,-31.62,38.25,345.18,-82.74,-174.34,1.7601538461538464,1.0,52.402796800000004,-1.5565780307692307
52.4027964,-1.5565784576923076,164.64,,3,192.72,29 / 29,111111,2019-09-08 12:05:42:841,0.0543,-0.2436,9.9472,0.0001,-0.0007,9.8066,-0.0073,0.0117,-0.0053,-13.06,-31.44,38.5,345.79,-82.7,-174.32,1.7860384615384617,1.0,52.4027964,-1.5565784576923076
52.402796,-1.5565788846153845,164.64,,3,192.72,28 / 28,111211,2019-09-08 12:05:42:941,0.0931,-0.2335,9.8147,0.0017,-0.0042,9.8066,0.0064,-0.0176,-0.0032,-12.94,-31.37,38.0,345.21,-82.71,-174.36,1.8119230769230772,1.0,52.402796,-1.5565788846153845
52.402795600000005,-1.5565793115384614,164.64,,3,192.72,28 / 28,111311,2019-09-08 12:05:43:041,0.0419,-0.2679,9.9245,0.0018,-0.0034,9.8066,0.0039,-0.0091,-0.0073,-13.19,-31.25,39.13,345.74,-82.67,-174.35,1.8378076923076925,1.0,52.402795600000005,-1.5565793115384614
52.4027952,-1.5565797384615385,164.64,,3,192.72,28 / 28,111413,2019-09-08 12:05:43:143,0.1294,-0.1319,9.8054,-0.0013,0.0001,9.8065,0.0022,0.008,-0.0034,-13.37,-30.87,38.38,345.04,-82.66,-174.5,1.863692307692308,1.0,52.4027952,-1.5565797384615385
52.4027948,-1.5565801653846154,164.64,,3,192.72,28 / 28,111510,2019-09-08 12:05:43:240,0.1593,-0.2015,9.8581,0.0006,0.0016,9.8066,-0.014,0.0112,-0.0004,-12.75,-30.87,37.94,345.11,-82.64,-174.43,1.8895769230769233,1.0,52.4027948,-1.5565801653846154
52.402794400000005,-1.5565805923076923,164.64,,3,192.72,28 / 28,111611,2019-09-08 12:05:43:341,0.0754,-0.2934,9.8594,-0.0003,-0.0007,9.8066,-0.0014,0.0148,-0.0008,-13.0,-30.69,38.0,344.95,-82.63,-174.57,1.9154615384615388,1.0,52.402794400000005,-1.5565805923076923
52.402794,-1.5565810192307692,164.64,,3,192.72,28 / 28,111710,2019-09-08 12:05:43:440,0.1449,-0.1519,9.8336,-0.0002,-0.0011,9.8066,-0.0065,0.0128,-0.0016,-13.0,-31.62,38.69,345.48,-82.6,-174.53,1.941346153846154,1.0,52.402794,-1.5565810192307692
52.4027936,-1.556581446153846,164.64,,3,192.72,28 / 28,111811,2019-09-08 12:05:43:541,0.1755,-0.2221,9.9147,-0.0006,0.001,9.8066,0.0149,-0.0165,-0.0021,-13.0,-31.12,38.63,345.53,-82.6,-174.53,1.9672307692307696,1.0,52.4027936,-1.556581446153846
52.402793200000005,-1.556581873076923,164.64,,3,192.72,28 / 28,111911,2019-09-08 12:05:43:641,0.0998,-0.2824,9.9122,0.0025,-0.0022,9.8066,0.0136,-0.0147,-0.0033,-12.94,-31.62,37.88,344.87,-82.57,-174.59,1.9931153846153848,1.0,52.402793200000005,-1.556581873076923
52.4027928,-1.5565822999999999,164.64,,3,192.72,28 / 28,112011,2019-09-08 12:05:43:741,0.1486,-0.1688,9.8324,0.0002,-0.0024,9.8066,-0.0043,-0.0038,-0.0032,-13.0,-31.12,38.06,344.86,-82.56,-174.63,2.019,1.0,52.4027928,-1.5565822999999999
52.4027924,-1.556582726923077,164.64,,3,192.72,28 / 28,112110,2019-09-08 12:05:43:840,0.1373,-0.1901,9.7998,-0.0001,0.0011,9.8066,-0.0066,0.003,-0.0016,-13.25,-31.19,38.31,344.91,-82.54,-174.58,2.044884615384616,1.0,52.4027924,-1.556582726923077
52.402792000000005,-1.5565831538461539,164.64,,3,192.72,28 / 28,112211,2019-09-08 12:05:43:941,0.1146,-0.2102,9.9097,0.0005,-0.0035,9.8066,-0.0215,0.0099,0.0035,-13.19,-31.19,38.13,344.82,-82.53,-174.66,2.070769230769231,1.0,52.402792000000005,-1.5565831538461539
52.4027916,-1.5565835807692308,164.64,,3,192.72,28 / 28,112311,2019-09-08 12:05:44:041,0.1084,-0.1106,9.8687,0.0009,-0.0021,9.8066,-0.0167,0.015,0.0035,-13.25,-31.19,38.31,344.86,-82.5,-174.62,2.0966538461538464,1.0,52.4027916,-1.5565835807692308
52.4027912,-1.5565840076923076,164.64,,3,192.72,28 / 28,112411,2019-09-08 12:05:44:141,0.1479,-0.2354,9.8091,0.0002,-0.0009,9.8066,-0.0019,-0.0013,-0.0024,-13.5,-31.44,38.56,345.39,-82.5,-174.63,2.1225384615384617,1.0,52.4027912,-1.5565840076923076
52.402790800000005,-1.5565844346153845,164.64,,3,192.72,28 / 28,112511,2019-09-08 12:05:44:241,0.1044,-0.2133,9.9585,0.0005,0.0004,9.8066,0.0144,-0.0074,-0.0011,-13.56,-31.94,38.63,343.89,-82.49,-174.62,2.148423076923077,1.0,52.402790800000005,-1.5565844346153845
52.4027904,-1.5565848615384614,164.64,,3,192.72,28 / 28,112611,2019-09-08 12:05:44:341,0.0721,-0.0676,9.883,0.0014,-0.0018,9.8066,0.0082,-0.0068,-0.0105,-12.94,-31.19,38.25,344.8,-82.48,-174.67,2.1743076923076927,1.0,52.4027904,-1.5565848615384614
52.40279,-1.5565852884615383,164.64,,3,192.72,28 / 28,112711,2019-09-08 12:05:44:441,0.1196,-0.2687,9.7608,0.0009,0.0008,9.8066,0.0167,-0.0054,-0.0029,-13.06,-31.12,38.5,345.37,-82.46,-174.64,2.200192307692308,1.0,52.40279,-1.5565852884615383
52.402789600000006,-1.5565857153846154,164.64,,3,192.72,28 / 28,112811,2019-09-08 12:05:44:541,0.082,-0.1538,9.9396,-0.0001,-0.0024,9.8066,-0.0002,-0.0006,-0.0042,-12.87,-30.62,38.69,345.2,-82.45,-174.79,2.2260769230769233,1.0,52.402789600000006,-1.5565857153846154
52.4027892,-1.5565861423076923,164.64,,3,192.72,28 / 28,112910,2019-09-08 12:05:44:640,0.008,-0.0306,9.942,0.0014,-0.0033,9.8066,-0.0068,0.0005,0.0114,-13.19,-31.56,39.31,345.12,-82.41,-174.81,2.2519615384615386,1.0,52.4027892,-1.5565861423076923
52.4027888,-1.5565865692307692,164.64,,3,192.72,28 / 28,113011,2019-09-08 12:05:44:741,0.1075,-0.2372,9.803,-0.0007,-0.0037,9.8066,-0.0158,0.0118,-0.0053,-12.87,-31.44,38.69,345.25,-82.4,-174.73,2.2778461538461543,1.0,52.4027888,-1.5565865692307692
52.402788400000006,-1.556586996153846,164.64,,3,192.72,28 / 28,113111,2019-09-08 12:05:44:841,0.1002,-0.1847,9.8883,0.0022,-0.0005,9.8065,-0.0075,0.0001,0.0074,-12.5,-30.62,38.75,346.5,-82.38,-174.94,2.3037307692307696,1.0,52.402788400000006,-1.556586996153846
52.402788,-1.556587423076923,164.64,,3,192.72,26 / 27,113213,2019-09-08 12:05:44:943,0.021,-0.0776,9.9437,-0.0015,-0.0015,9.8066,0.0011,-0.0027,-0.0075,-13.56,-31.56,38.19,342.95,-82.37,-174.92,2.329615384615385,1.0,52.402788,-1.556587423076923
52.4027876,-1.5565878499999999,164.64,,3,192.72,26 / 27,113311,2019-09-08 12:05:45:041,0.0805,-0.2745,9.7443,0.0017,0.0006,9.8066,0.0142,-0.0051,0.0036,-13.31,-31.81,38.69,345.05,-82.36,-174.86,2.3555,1.0,52.4027876,-1.5565878499999999
52.402787200000006,-1.5565882769230768,164.64,,3,192.72,26 / 27,113411,2019-09-08 12:05:45:141,0.1134,-0.0797,9.9214,0.0023,-0.0035,9.8065,-0.0045,-0.0011,-0.0042,-13.06,-31.12,38.13,344.47,-82.34,-174.94,2.381384615384616,1.0,52.402787200000006,-1.5565882769230768
52.4027868,-1.5565887038461539,164.64,,3,192.72,26 / 27,113510,2019-09-08 12:05:45:240,0.0232,-0.1455,9.9578,0.0012,-0.001,9.8066,0.0048,0.0034,0.0088,-13.62,-31.56,38.19,342.77,-82.32,-175.06,2.407269230769231,1.0,52.4027868,-1.5565887038461539
52.402786400000004,-1.5565891307692308,164.64,,3,192.72,26 / 27,113611,2019-09-08 12:05:45:341,0.0751,-0.206,9.7771,0.001,-0.0012,9.8066,-0.0147,0.0062,-0.0016,-13.69,-31.31,38.25,342.78,-82.3,-175.1,2.4331538461538464,1.0,52.402786400000004,-1.5565891307692308
52.402786,-1.5565895576923077,164.64,,3,192.72,26 / 27,113711,2019-09-08 12:05:45:441,0.1718,-0.1445,9.924,0.0024,-0.0015,9.8066,0.004,-0.003,0.0106,-13.19,-31.44,38.5,344.68,-82.27,-175.22,2.4590384615384617,1.0,52.402786,-1.5565895576923077
52.4027856,-1.5565899846153846,164.64,,3,192.72,26 / 27,113811,2019-09-08 12:05:45:541,0.008,-0.1129,9.9284,-0.0014,-0.0016,9.8066,-0.0034,-0.0039,-0.0077,-13.31,-31.31,37.81,344.22,-82.26,-175.13,2.484923076923077,1.0,52.4027856,-1.5565899846153846
52.402785200000004,-1.5565904115384614,164.64,,3,192.72,26 / 27,113911,2019-09-08 12:05:45:641,0.0433,-0.2435,9.7533,0.0003,0.0,9.8066,0.009,-0.002,-0.0014,-13.5,-31.94,38.44,344.26,-82.26,-175.05,2.5108076923076927,1.0,52.402785200000004,-1.5565904115384614
52.4027848,-1.5565908384615383,164.64,,3,192.72,26 / 27,114011,2019-09-08 12:05:45:741,0.1057,-0.0818,9.8648,0.0012,-0.0011,9.8066,0.0137,-0.0134,-0.0069,-13.25,-31.31,38.31,344.22,-82.25,-175.13,2.536692307692308,1.0,52.4027848,-1.5565908384615383
52.4027844,-1.5565912653846152,164.64,,3,192.72,26 / 27,114111,2019-09-08 12:05:45:841,0.0155,-0.0467,9.9376,0.0019,-0.0009,9.8066,0.0061,-0.009,0.0075,-13.25,-31.5,37.88,344.06,-82.23,-175.27,2.5625769230769233,1.0,52.4027844,-1.5565912653846152
52.402784000000004,-1.5565916923076923,164.64,,3,192.72,27 / 27,114211,2019-09-08 12:05:45:941,0.0903,-0.1905,9.8011,0.0018,-0.0014,9.8066,-0.008,0.012,0.0019,-12.69,-31.5,38.5,344.57,-82.21,-175.3,2.5884615384615386,1.0,52.402784000000004,-1.5565916923076923
52.4027836,-1.5565921192307692,164.64,,3,192.72,27 / 27,114311,2019-09-08 12:05:46:041,0.0758,-0.1404,9.9643,0.0,0.0003,9.8066,-0.0016,0.0051,0.0091,-12.94,-31.12,38.06,343.96,-82.2,-175.36,2.6143461538461543,1.0,52.4027836,-1.5565921192307692
52.4027832,-1.5565925461538461,164.64,,3,192.72,27 / 27,114411,2019-09-08 12:05:46:141,0.0631,-0.1059,9.885,0.002,-0.0027,9.8066,-0.0196,0.0076,0.0021,-13.0,-31.5,38.5,344.55,-82.19,-175.31,2.6402307692307696,1.0,52.4027832,-1.5565925461538461
52.402782800000004,-1.556592973076923,164.64,,3,192.72,27 / 27,114510,2019-09-08 12:05:46:240,0.059,-0.189,9.7634,0.0007,-0.0023,9.8066,-0.0086,0.0051,0.0021,-13.31,-31.37,38.5,344.48,-82.17,-175.37,2.666115384615385,1.0,52.402782800000004,-1.556592973076923
52.4027824,-1.5565934,164.64,,3,192.72,27 / 27,114611,2019-09-08 12:05:46:341,0.1077,-0.0885,9.872,0.0,0.0022,9.8066,0.0181,-0.0126,0.0037,-13.06,-31.69,38.13,343.87,-82.16,-175.37,2.692,1.0,52.4027824,-1.5565934
52.402782,-1.5565938269230768,164.64,,3,192.72,27 / 27,114711,2019-09-08 12:05:46:441,0.033,-0.0284,9.9037,0.0,0.0003,9.8066,0.0177,-0.0202,-0.0013,-12.69,-31.5,38.75,344.47,-82.16,-175.37,2.717884615384616,1.0,52.402782,-1.5565938269230768
52.402781600000004,-1.5565942538461537,164.64,,3,192.72,27 / 27,114810,2019-09-08 12:05:46:540,0.0408,-0.1472,9.8534,0.0,0.0002,9.8066,0.0182,-0.0001,-0.0015,-13.0,-31.44,37.88,343.98,-82.15,-175.32,2.743769230769231,1.0,52.402781600000004,-1.5565942538461537
52.4027812,-1.5565946807692308,164.64,,3,192.72,27 / 27,114910,2019-09-08 12:05:46:640,0.1259,-0.1629,9.8719,-0.0001,-0.0005,9.8066,0.0109,-0.0045,-0.0011,-12.94,-31.81,38.44,343.88,-82.14,-175.36,2.7696538461538465,1.0,52.4027812,-1.5565946807692308
52.4027808,-1.5565951076923077,164.64,,3,192.72,27 / 27,115011,2019-09-08 12:05:46:741,0.0966,0.0174,9.9797,0.0018,-0.0018,9.8066,-0.019,0.013,0.0067,-13.31,-31.19,38.31,343.92,-82.13,-175.37,2.7955384615384617,1.0,52.4027808,-1.5565951076923077
52.402780400000005,-1.5565955346153846,164.64,,3,192.72,27 / 27,115111,2019-09-08 12:05:46:841,0.0077,-0.0699,9.8529,-0.0005,-0.0032,9.8066,-0.0178,0.0054,0.0015,-13.69,-31.37,38.56,343.02,-82.12,-175.37,2.8214230769230775,1.0,52.402780400000005,-1.5565955346153846
52.40278,-1.5565959615384615,164.64,,3,192.72,27 / 27,115212,2019-09-08 12:05:46:942,0.1166,-0.0994,9.777,0.0005,0.0026,9.8066,0.0069,0.0011,0.0076,-13.37,-31.19,38.13,343.93,-82.11,-175.36,2.8473076923076928,1.0,52.40278,-1.5565959615384615
52.4027796,-1.5565963884615384,164.64,,3,192.72,27 / 27,115310,2019-09-08 12:05:47:040,0.1011,0.0286,9.9212,-0.001,0.0017,9.8066,0.0106,-0.0099,-0.005,-12.75,-31.19,38.19,343.86,-82.1,-175.42,2.873192307692308,1.0,52.4027796,-1.5565963884615384
52.402779200000005,-1.5565968153846153,164.64,,3,192.72,27 / 27,115411,2019-09-08 12:05:47:141,0.0251,-0.0631,9.9011,0.0011,-0.0012,9.8066,0.0094,-0.0061,0.0014,-13.37,-31.56,38.69,344.37,-82.1,-175.4,2.8990769230769233,1.0,52.402779200000005,-1.5565968153846153
52.4027788,-1.5565972423076924,164.64,,3,192.72,27 / 27,115511,2019-09-08 12:05:47:241,0.1301,-0.1134,9.7686,0.0001,-0.0005,9.8066,0.0089,-0.0097,-0.0072,-12.94,-31.12,38.06,343.85,-82.1,-175.42,2.9249615384615386,1.0,52.4027788,-1.5565972423076924
52.4027784,-1.5565976692307693,164.64,,3,192.72,27 / 27,115610,2019-09-08 12:05:47:340,0.1539,-0.0722,9.9046,0.0008,-0.0002,9.8066,0.0028,-0.0008,0.0082,-13.56,-31.44,38.31,342.33,-82.09,-175.45,2.9508461538461543,1.0,52.4027784,-1.5565976692307693
52.402778000000005,-1.5565980961538461,164.64,,3,192.72,27 / 27,115711,2019-09-08 12:05:47:441,0.0142,0.043,9.9414,0.0009,-0.0033,9.8066,-0.0136,0.0042,-0.0014,-12.94,-31.44,37.88,343.76,-82.07,-175.5,2.9767307692307696,1.0,52.402778000000005,-1.5565980961538461
52.4027776,-1.556598523076923,164.64,,3,192.72,27 / 27,115810,2019-09-08 12:05:47:540,0.1036,-0.0712,9.7848,-0.0003,-0.001,9.8066,-0.0013,0.0056,0.0081,-13.06,-31.94,38.63,344.24,-82.06,-175.51,3.002615384615385,1.0,52.4027776,-1.556598523076923
52.4027772,-1.55659895,164.64,,3,192.72,27 / 27,115910,2019-09-08 12:05:47:640,0.1389,-0.1307,9.8613,-0.0004,0.0,9.8066,-0.0128,0.0069,-0.0039,-12.69,-31.25,38.31,343.62,-82.05,-175.62,3.0285,1.0,52.4027772,-1.55659895
52.402776800000005,-1.5565993769230768,164.64,,3,192.72,27 / 27,116011,2019-09-08 12:05:47:741,0.0247,-0.0253,9.9541,0.0001,-0.0011,9.8066,0.0007,-0.0001,0.0004,-12.87,-31.19,38.06,343.6,-82.04,-175.63,3.054384615384616,1.0,52.402776800000005,-1.5565993769230768
52.4027764,-1.5565998038461537,164.64,,3,192.72,27 / 27,116111,2019-09-08 12:05:47:841,0.0912,-0.0297,9.8616,-0.0001,-0.0018,9.8066,-0.0046,-0.0086,-0.0095,-13.37,-31.0,38.81,344.18,-82.03,-175.61,3.080269230769231,1.0,52.4027764,-1.5565998038461537
52.402776,-1.5566002307692308,164.64,,3,192.72,26 / 26,116211,2019-09-08 12:05:47:941,0.0683,-0.2075,9.772,0.0004,-0.0005,9.8066,0.0166,-0.0172,-0.0015,-13.0,-31.12,38.31,343.54,-82.03,-175.68,3.1061538461538465,1.0,52.402776,-1.5566002307692308
52.402775600000005,-1.5566006576923077,164.64,,3,192.72,26 / 26,116310,2019-09-08 12:05:48:040,0.042,-0.098,9.8782,0.0008,-0.0012,9.8066,0.0082,-0.015,-0.0056,-13.37,-31.5,37.94,343.56,-82.02,-175.66,3.1320384615384618,1.0,52.402775600000005,-1.5566006576923077
52.4027752,-1.5566010846153846,164.64,,3,192.72,26 / 26,116411,2019-09-08 12:05:48:141,0.0293,-0.0115,9.9374,0.0009,-0.0025,9.8066,0.0058,-0.0024,0.0048,-13.19,-31.12,38.56,344.03,-82.03,-175.73,3.1579230769230775,1.0,52.4027752,-1.5566010846153846
52.4027748,-1.5566015115384615,164.64,,3,192.72,26 / 26,116511,2019-09-08 12:05:48:241,0.0166,-0.1692,9.7987,0.0004,-0.0003,9.8066,0.0024,0.0051,-0.0037,-13.19,-31.06,38.56,344.1,-82.01,-175.67,3.183807692307693,1.0,52.4027748,-1.5566015115384615
52.402774400000006,-1.5566019384615384,164.64,,3,192.72,26 / 26,116610,2019-09-08 12:05:48:340,0.0456,-0.2103,9.7701,-0.0006,0.0011,9.8066,-0.0131,0.0086,0.0016,-13.5,-31.5,38.44,343.5,-82.0,-175.71,3.209692307692308,1.0,52.402774400000006,-1.5566019384615384
52.402774,-1.5566023653846153,164.64,,3,192.72,26 / 26,116710,2019-09-08 12:05:48:440,0.0256,-0.1732,9.9137,0.0014,-0.001,9.8066,-0.0141,0.0165,0.004,-13.19,-31.75,38.81,343.94,-81.98,-175.75,3.2355769230769234,1.0,52.402774,-1.5566023653846153
52.4027736,-1.5566027923076922,164.64,,3,192.72,26 / 26,116811,2019-09-08 12:05:48:541,0.0061,-0.0198,9.8665,-0.0011,0.001,9.8066,-0.0086,0.0072,0.0016,-13.06,-31.5,38.63,343.99,-81.97,-175.76,3.261461538461539,1.0,52.4027736,-1.5566027923076922
52.402773200000006,-1.5566032192307693,164.64,,3,192.72,26 / 26,116911,2019-09-08 12:05:48:641,0.0261,-0.2259,9.8354,-0.0005,0.003,9.8066,0.0062,-0.0061,0.0075,-13.06,-31.0,38.56,344.02,-81.98,-175.74,3.2873461538461544,1.0,52.402773200000006,-1.5566032192307693
52.4027728,-1.5566036461538462,164.64,,3,192.72,26 / 26,117011,2019-09-08 12:05:48:741,0.0719,-0.2632,9.8442,0.0004,-0.001,9.8066,-0.0081,0.0035,-0.0041,-13.56,-31.44,38.38,341.98,-81.97,-175.73,3.3132307692307696,1.0,52.4027728,-1.5566036461538462
52.4027724,-1.556604073076923,164.64,,3,192.72,26 / 26,117112,2019-09-08 12:05:48:842,-0.0145,-0.0155,9.9079,-0.0006,0.0004,9.8066,0.0194,-0.0113,-0.0012,-13.44,-31.75,38.19,343.4,-81.97,-175.73,3.339115384615385,1.0,52.4027724,-1.556604073076923
52.402772,-1.5566045,164.64,,3,192.72,29 / 29,117211,2019-09-08 12:05:48:941,0.0209,-0.1827,9.8766,0.0006,-0.0008,9.8066,0.0085,-0.013,-0.0057,-13.06,-31.12,38.06,343.52,-81.96,-175.69,3.365,1.0,52.402772,-1.5566045
52.4027716,-1.5566049269230768,164.64,,3,192.72,29 / 29,117311,2019-09-08 12:05:49:041,0.0082,-0.2049,9.8039,0.0011,-0.0013,9.8065,0.0091,-0.0114,0.0064,-12.94,-31.5,38.56,343.98,-81.95,-175.77,3.390884615384616,1.0,52.4027716,-1.5566049269230768
52.402771200000004,-1.5566053538461537,164.64,,3,192.72,29 / 29,117411,2019-09-08 12:05:49:141,0.0074,0.0329,9.926,0.0004,0.0001,9.8066,0.0015,0.0083,-0.0018,-13.44,-31.5,38.19,343.47,-81.93,-175.72,3.4167692307692312,1.0,52.402771200000004,-1.5566053538461537
52.4027708,-1.5566057807692306,164.64,,3,192.72,29 / 29,117511,2019-09-08 12:05:49:241,-0.0525,-0.1034,9.9422,0.0008,-0.0004,9.8066,-0.01,-0.0004,0.0141,-13.75,-31.19,38.13,341.91,-81.92,-175.78,3.4426538461538465,1.0,52.4027708,-1.5566057807692306
52.4027704,-1.5566062076923077,164.64,,3,192.72,29 / 29,117611,2019-09-08 12:05:49:341,0.0403,-0.2113,9.801,0.0013,-0.0025,9.8066,-0.0204,0.011,0.0039,-12.75,-30.94,38.31,343.47,-81.92,-175.72,3.468538461538462,1.0,52.4027704,-1.5566062076923077
52.402770000000004,-1.5566066346153846,164.64,,3,192.72,29 / 29,117710,2019-09-08 12:05:49:440,0.0952,-0.1148,9.9389,0.0015,-0.0015,9.8066,-0.0136,0.0035,0.0033,-12.44,-31.69,38.0,344.89,-81.92,-175.75,3.4944230769230775,1.0,52.402770000000004,-1.5566066346153846
52.4027696,-1.5566070615384615,164.64,,3,192.72,29 / 29,117811,2019-09-08 12:05:49:541,0.0387,-0.0464,9.9582,-0.0007,0.0008,9.8066,0.0087,-0.0076,0.0027,-13.56,-30.62,37.88,341.96,-81.9,-175.74,3.520307692307693,1.0,52.4027696,-1.5566070615384615
52.4027692,-1.5566074884615384,164.64,,3,192.72,29 / 29,117911,2019-09-08 12:05:49:641,0.0135,-0.1501,9.8547,-0.0006,0.0008,9.8066,0.0146,-0.0184,-0.0027,-13.25,-31.62,38.44,343.43,-81.91,-175.7,3.546192307692308,1.0,52.4027692,-1.5566074884615384
52.402768800000004,-1.5566079153846153,164.64,,3,192.72,29 / 29,118011,2019-09-08 12:05:49:741,0.039,-0.1385,9.8411,0.0002,0.0015,9.8066,0.0149,-0.008,-0.0015,-13.12,-30.75,38.56,344.08,-81.91,-175.66,3.5720769230769234,1.0,52.402768800000004,-1.5566079153846153
52.4027684,-1.5566083423076922,164.64,,3,192.72,29 / 29,118111,2019-09-08 12:05:49:841,0.1279,-0.1169,9.8843,-0.0011,-0.0004,9.8066,0.0096,-0.0009,-0.0079,-12.5,-31.69,38.88,345.5,-81.92,-175.68,3.597961538461539,1.0,52.4027684,-1.5566083423076922
52.402768,-1.556608769230769,164.64,,3,192.72,28 / 29,118211,2019-09-08 12:05:49:941,0.0129,0.0649,9.904,0.001,-0.0005,9.8066,0.0128,-0.0051,0.0078,-13.0,-31.12,38.75,344.04,-81.91,-175.7,3.6238461538461544,1.0,52.402768,-1.556608769230769
52.402767600000004,-1.5566091961538462,164.64,,3,192.72,28 / 29,118311,2019-09-08 12:05:50:041,0.0334,-0.2127,9.8096,0.0002,-0.0028,9.8066,-0.0145,0.0024,0.0028,-13.44,-31.37,38.19,343.45,-81.9,-175.73,3.6497307692307697,1.0,52.402767600000004,-1.5566091961538462
52.4027672,-1.556609623076923,164.64,,3,192.72,28 / 29,118411,2019-09-08 12:05:50:141,0.0881,-0.0513,9.8165,0.0003,0.002,9.8066,-0.0033,0.0107,0.0117,-13.25,-30.94,38.13,343.51,-81.89,-175.68,3.675615384615385,1.0,52.4027672,-1.556609623076923
52.4027668,-1.55661005,164.64,,3,192.72,28 / 29,118510,2019-09-08 12:05:50:240,0.063,0.0245,9.9466,-0.0008,0.0008,9.8066,-0.0178,0.0135,-0.0002,-13.31,-31.5,37.81,343.53,-81.89,-175.66,3.7015000000000007,1.0,52.4027668,-1.55661005
52.402766400000004,-1.5566104769230769,164.64,,3,192.72,28 / 29,118611,2019-09-08 12:05:50:341,0.0439,-0.1949,9.8303,0.0011,-0.0007,9.8066,-0.0077,0.006,0.0039,-12.81,-31.81,38.56,344.01,-81.9,-175.67,3.727384615384616,1.0,52.402766400000004,-1.5566104769230769
52.402766,-1.5566109038461537,164.64,,3,192.72,28 / 29,118710,2019-09-08 12:05:50:440,0.0341,-0.0042,9.7698,0.0006,-0.0026,9.8066,-0.0177,-0.0036,-0.0036,-12.94,-30.87,38.13,343.5,-81.88,-175.68,3.7532692307692312,1.0,52.402766,-1.5566109038461537
52.4027656,-1.5566113307692306,164.64,,3,192.72,28 / 29,118811,2019-09-08 12:05:50:541,0.1463,-0.0898,9.8716,0.0005,0.0001,9.8066,0.0162,-0.0212,-0.0004,-13.5,-30.87,37.38,342.93,-81.89,-175.68,3.7791538461538465,1.0,52.4027656,-1.5566113307692306
52.402765200000005,-1.5566117576923075,164.64,,3,192.72,28 / 29,118911,2019-09-08 12:05:50:641,-0.0019,-0.1459,9.8913,0.0006,0.0,9.8066,0.0104,-0.0126,-0.0033,-13.31,-31.62,37.75,343.46,-81.88,-175.66,3.805038461538462,1.0,52.402765200000005,-1.5566117576923075
52.4027648,-1.5566121846153846,164.64,,3,192.72,28 / 29,119011,2019-09-08 12:05:50:741,0.1001,-0.0521,9.8334,0.0004,-0.0021,9.8066,0.0053,-0.0075,-0.0029,-13.81,-31.19,38.13,341.99,-81.88,-175.7,3.8309230769230775,1.0,52.4027648,-1.5566121846153846
52.4027644,-1.5566126115384615,164.64,,3,192.72,28 / 29,119111,2019-09-08 12:05:50:841,0.0548,0.0234,9.943,0.0011,0.0004,9.8066,-0.005,0.0008,0.0035,-12.69,-31.44,38.06,343.48,-81.86,-175.69,3.856807692307693,1.0,52.4027644,-1.5566126115384615
52.402764000000005,-1.5566130384615384,164.64,,3,192.72,27 / 27,119211,2019-09-08 12:05:50:941,-0.0069,-0.2564,9.8291,0.0014,-0.004,9.8066,-0.0219,0.0052,0.0025,-13.31,-31.37,38.69,344.03,-81.86,-175.7,3.882692307692308,1.0,52.402764000000005,-1.5566130384615384
52.4027636,-1.5566134653846153,164.64,,3,192.72,27 / 27,119310,2019-09-08 12:05:51:040,0.0146,-0.1475,9.8806,0.0006,-0.0002,9.8066,-0.0161,0.0173,0.0017,-13.06,-31.19,37.94,343.44,-81.83,-175.72,3.9085769230769234,1.0,52.4027636,-1.5566134653846153
52.4027632,-1.5566138923076922,164.64,,3,192.72,27 / 27,119411,2019-09-08 12:05:51:141,0.0754,-0.0173,9.9319,0.0004,-0.0015,9.8066,-0.0021,-0.0066,-0.0024,-13.44,-31.44,38.0,343.43,-81.84,-175.73,3.934461538461539,1.0,52.4027632,-1.5566138923076922
52.402762800000005,-1.556614319230769,164.64,,3,192.72,27 / 27,119510,2019-09-08 12:05:51:240,0.0494,-0.2221,9.8669,-0.0007,0.0018,9.8066,0.0209,-0.0089,0.0015,-13.25,-30.94,38.06,343.42,-81.84,-175.74,3.9603461538461544,1.0,52.402762800000005,-1.556614319230769
52.4027624,-1.5566147461538462,164.64,,3,192.72,27 / 27,119611,2019-09-08 12:05:51:341,0.0103,-0.177,9.8164,0.0004,-0.0011,9.8066,0.0094,-0.012,-0.0107,-13.37,-31.62,38.5,343.95,-81.83,-175.71,3.9862307692307697,1.0,52.4027624,-1.5566147461538462
52.402762,-1.556615173076923,164.64,,3,192.72,27 / 27,119711,2019-09-08 12:05:51:441,0.1139,-0.1222,9.8835,0.0009,0.0,9.8066,0.0183,-0.005,-0.002,-13.56,-30.87,38.56,342.49,-81.81,-175.76,4.012115384615385,1.0,52.402762,-1.556615173076923
52.402761600000005,-1.5566156,164.64,,3,192.72,27 / 27,119811,2019-09-08 12:05:51:541,-0.0593,-0.0677,9.9254,-0.0007,-0.0004,9.8066,-0.0032,0.0039,-0.0002,-12.81,-31.37,37.94,343.35,-81.81,-175.8,4.038,1.0,52.402761600000005,-1.5566156
52.4027612,-1.5566160269230769,164.64,,3,192.72,27 / 27,119911,2019-09-08 12:05:51:641,0.0036,-0.1727,9.7795,0.0005,0.0001,9.8066,-0.0032,-0.0027,0.0101,-13.0,-30.87,38.13,343.44,-81.81,-175.71,4.063884615384616,1.0,52.4027612,-1.5566160269230769
52.4027608,-1.5566164538461538,164.64,,3,192.72,27 / 27,120011,2019-09-08 12:05:51:741,0.0315,-0.1268,9.8052,0.0,0.0005,9.8066,-0.0106,0.0127,-0.0003,-12.94,-31.31,38.31,343.46,-81.79,-175.69,4.089769230769232,1.0,52.4027608,-1.5566164538461538
52.402760400000005,-1.5566168807692307,164.64,,3,192.72,27 / 27,120111,2019-09-08 12:05:51:841,0.0428,-0.0384,9.9433,-0.0005,0.0013,9.8066,-0.0008,0.0066,0.0101,-13.62,-31.31,38.44,341.87,-81.79,-175.78,4.1156538461538466,1.0,52.402760400000005,-1.5566168807692307
52.40276,-1.5566173076923076,164.64,,3,192.72,27 / 27,120210,2019-09-08 12:05:51:940,0.0816,-0.092,9.8533,-0.0007,0.001,9.8066,-0.0204,0.0056,0.0051,-13.5,-31.06,38.69,343.94,-81.78,-175.75,4.141538461538462,1.0,52.40276,-1.5566173076923076
52.4027596,-1.5566177346153847,164.64,,3,192.72,27 / 27,120311,2019-09-08 12:05:52:041,0.0252,-0.1308,9.7811,-0.0001,-0.0016,9.8065,-0.0074,0.0037,0.003,-13.37,-31.62,38.81,343.91,-81.77,-175.72,4.167423076923077,1.0,52.4027596,-1.5566177346153847
52.402759200000006,-1.5566181615384616,164.64,,3,192.72,27 / 27,120411,2019-09-08 12:05:52:141,0.0808,-0.0603,9.9337,-0.0007,0.0009,9.8066,0.0108,-0.0145,-0.0043,-13.12,-31.0,38.0,343.44,-81.76,-175.7,4.193307692307693,1.0,52.402759200000006,-1.5566181615384616
52.4027588,-1.5566185884615384,164.64,,3,192.72,27 / 27,120511,2019-09-08 12:05:52:241,0.0859,-0.0132,9.9275,0.0001,-0.0006,9.8066,0.0104,-0.0222,0.0011,-12.69,-30.62,38.31,343.45,-81.77,-175.7,4.219192307692309,1.0,52.4027588,-1.5566185884615384
52.4027584,-1.5566190153846153,164.64,,3,192.72,27 / 27,120612,2019-09-08 12:05:52:342,0.0364,-0.0775,9.8249,0.0007,0.0004,9.8066,0.0073,-0.0054,0.0019,-13.12,-31.31,37.69,343.5,-81.76,-175.65,4.245076923076923,1.0,52.4027584,-1.5566190153846153
52.402758000000006,-1.5566194423076922,164.64,,3,192.72,27 / 27,120711,2019-09-08 12:05:52:441,0.069,-0.0309,9.8301,-0.0003,0.0006,9.8066,0.0011,0.0038,-0.0018,-12.81,-31.44,37.88,343.45,-81.76,-175.69,4.270961538461539,1.0,52.402758000000006,-1.5566194423076922
52.4027576,-1.5566198692307691,164.64,,3,192.72,27 / 27,120811,2019-09-08 12:05:52:541,0.0477,0.0786,9.921,0.0023,-0.0017,9.8066,-0.0057,0.0021,0.0038,-12.81,-31.44,38.06,343.39,-81.75,-175.75,4.296846153846154,1.0,52.4027576,-1.5566198692307691
52.4027572,-1.556620296153846,164.64,,3,192.72,27 / 27,120911,2019-09-08 12:05:52:641,0.0163,-0.0168,9.9013,0.0009,-0.0022,9.8066,-0.0156,0.0092,0.0057,-12.94,-31.62,37.63,343.19,-81.73,-175.86,4.32273076923077,1.0,52.4027572,-1.556620296153846
52.4027568,-1.5566207230769231,164.64,,3,192.72,27 / 27,121011,2019-09-08 12:05:52:741,0.0783,-0.045,9.7924,-0.0003,0.0017,9.8065,0.0021,-0.0076,0.0097,-12.87,-31.06,37.94,343.3,-81.72,-175.81,4.348615384615385,1.0,52.4027568,-1.5566207230769231
52.4027564,-1.55662115,164.64,,3,192.72,27 / 27,121111,2019-09-08 12:05:52:841,0.0696,0.0067,9.8977,-0.0011,0.0007,9.8066,0.0008,-0.008,-0.0029,-12.69,-30.94,37.75,343.32,-81.72,-175.8,4.3745,1.0,52.4027564,-1.55662115
52.402756000000004,-1.556621576923077,164.64,,3,192.72,26 / 26,121213,2019-09-08 12:05:52:943,0.0381,0.0881,9.9281,0.0016,0.0035,9.8066,0.0126,-0.0056,0.0009,-13.56,-31.37,38.13,341.79,-81.72,-175.83,4.400384615384616,1.0,52.402756000000004,-1.556621576923077
52.4027556,-1.5566220038461538,164.64,,3,192.72,26 / 26,121312,2019-09-08 12:05:53:042,0.077,-0.0585,9.7646,-0.0021,-0.0005,9.8066,0.0143,-0.0059,-0.0083,-12.87,-31.37,38.5,343.8,-81.74,-175.87,4.426269230769232,1.0,52.4027556,-1.5566220038461538
52.4027552,-1.5566224307692307,164.64,,3,192.72,26 / 26,121411,2019-09-08 12:05:53:141,0.1015,-0.0408,9.8974,0.0017,-0.0016,9.8066,0.002,-0.002,0.0117,-13.0,-31.25,38.13,343.22,-81.73,-175.89,4.452153846153847,1.0,52.4027552,-1.5566224307692307
52.402754800000004,-1.5566228576923076,164.64,,3,192.72,26 / 26,121511,2019-09-08 12:05:53:241,-0.0198,0.0437,9.9955,0.0011,-0.0035,9.8066,-0.0129,0.0046,-0.0055,-13.31,-30.94,38.31,343.18,-81.7,-175.92,4.478038461538462,1.0,52.402754800000004,-1.5566228576923076
52.4027544,-1.5566232846153845,164.64,,3,192.72,26 / 26,121611,2019-09-08 12:05:53:341,0.0737,-0.0177,9.7567,-0.0006,0.0017,9.8065,0.0051,0.0001,0.0059,-12.81,-30.94,38.44,343.08,-81.7,-176.01,4.503923076923077,1.0,52.4027544,-1.5566232846153845
52.402754,-1.5566237115384616,164.64,,3,192.72,26 / 26,121711,2019-09-08 12:05:53:441,0.0856,-0.0536,9.8721,-0.0003,0.0002,9.8066,-0.0129,0.0056,-0.002,-13.25,-31.19,37.94,343.09,-81.7,-176.0,4.529807692307693,1.0,52.402754,-1.5566237115384616
52.402753600000004,-1.5566241384615385,164.64,,3,192.72,26 / 26,121813,2019-09-08 12:05:53:543,-0.013,0.0266,9.9512,-0.0009,0.0,9.8066,0.0021,0.0013,-0.0007,-13.5,-31.37,38.0,343.13,-81.71,-175.97,4.555692307692309,1.0,52.402753600000004,-1.5566241384615385
52.4027532,-1.5566245653846154,164.64,,3,192.72,26 / 26,121911,2019-09-08 12:05:53:641,0.0524,0.0016,9.7894,0.0016,-0.003,9.8066,0.0005,-0.0057,-0.0065,-12.81,-31.44,37.69,343.12,-81.69,-175.97,4.581576923076923,1.0,52.4027532,-1.5566245653846154
52.4027528,-1.5566249923076922,164.64,,3,192.72,26 / 26,122011,2019-09-08 12:05:53:741,0.0829,-0.0483,9.7748,0.0015,0.0007,9.8066,0.0182,-0.0198,0.0032,-13.25,-30.75,38.38,343.08,-81.7,-176.01,4.607461538461539,1.0,52.4027528,-1.5566249923076922
52.402752400000004,-1.5566254192307691,164.64,,3,192.72,26 / 26,122112,2019-09-08 12:05:53:842,0.0527,-0.0153,9.931,-0.0009,-0.0004,9.8066,0.0085,-0.0124,-0.0052,-13.06,-31.75,39.0,343.59,-81.69,-175.99,4.633346153846154,1.0,52.402752400000004,-1.5566254192307691
52.402752,-1.556625846153846,164.64,,3,192.72,28 / 29,122211,2019-09-08 12:05:53:941,-0.0288,-0.0027,9.89,0.0002,-0.0007,9.8066,-0.0037,0.0079,0.0012,-12.75,-31.31,38.13,343.08,-81.68,-176.01,4.65923076923077,1.0,52.402752,-1.556625846153846
52.4027516,-1.556626273076923,164.64,,3,192.72,28 / 29,122311,2019-09-08 12:05:54:041,0.1181,-0.0266,9.8517,-0.0004,0.0013,9.8066,-0.0043,0.0171,-0.0034,-13.37,-31.81,38.19,342.93,-81.69,-176.07,4.6851153846153855,1.0,52.4027516,-1.556626273076923
52.402751200000004,-1.5566267,164.64,,3,192.72,28 / 29,122410,2019-09-08 12:05:54:140,-0.0062,-0.0619,9.9403,0.001,-0.0002,9.8066,-0.0246,0.0157,0.0004,-13.25,-31.81,38.13,342.95,-81.68,-176.05,4.711,1.0,52.402751200000004,-1.5566267
52.4027508,-1.556627126923077,164.64,,3,192.72,28 / 29,122514,2019-09-08 12:05:54:244,0.0709,-0.021,9.8502,-0.0002,-0.0009,9.8066,-0.0114,0.0124,0.0016,-13.37,-31.19,38.25,342.89,-81.68,-176.17,4.736884615384616,1.0,52.4027508,-1.556627126923077
52.4027504,-1.5566275538461538,164.64,,3,192.72,28 / 29,122611,2019-09-08 12:05:54:341,0.1383,-0.1516,9.7884,0.0003,0.0007,9.8066,-0.0051,-0.0064,-0.0007,-12.87,-31.69,38.69,343.39,-81.68,-176.16,4.762769230769232,1.0,52.4027504,-1.5566275538461538
52.402750000000005,-1.5566279807692307,164.64,,3,192.72,28 / 29,122711,2019-09-08 12:05:54:441,-0.0016,-0.1302,9.9653,-0.0001,-0.0018,9.8066,0.0112,-0.0141,0.0016,-13.06,-31.19,38.88,343.41,-81.67,-176.2,4.788653846153847,1.0,52.402750000000005,-1.5566279807692307
52.4027496,-1.5566284076923076,164.64,,3,192.72,28 / 29,122812,2019-09-08 12:05:54:542,-0.0085,0.0673,9.8807,0.0003,0.0009,9.8066,0.0157,-0.0108,-0.0062,-12.94,-31.44,38.5,343.41,-81.66,-176.2,4.814538461538462,1.0,52.4027496,-1.5566284076923076
52.4027492,-1.5566288346153845,164.64,,3,192.72,28 / 29,122911,2019-09-08 12:05:54:641,0.0719,-0.1555,9.7507,0.0005,0.0004,9.8065,0.0195,-0.009,-0.0061,-13.19,-31.37,38.81,343.43,-81.66,-176.18,4.840423076923077,1.0,52.4027492,-1.5566288346153845
52.402748800000005,-1.5566292615384614,164.64,,3,192.72,28 / 29,123011,2019-09-08 12:05:54:741,0.0161,-0.0228,9.9142,-0.0006,0.0035,9.8066,-0.0031,-0.0016,-0.005,-12.94,-31.31,38.38,342.84,-81.65,-176.2,4.866307692307693,1.0,52.402748800000005,-1.5566292615384614
52.4027484,-1.5566296884615385,164.64,,3,192.72,28 / 29,123110,2019-09-08 12:05:54:840,-0.0182,0.0364,9.9837,0.0006,-0.0039,9.8066,-0.0046,0.0082,0.0082,-12.94,-31.25,38.44,342.81,-81.66,-176.23,4.892192307692309,1.0,52.4027484,-1.5566296884615385
52.402748,-1.5566301153846154,164.64,,3,192.72,27 / 27,123210,2019-09-08 12:05:54:940,0.0812,-0.0543,9.849,0.0011,-0.0009,9.8066,-0.0173,0.0103,-0.0035,-13.31,-31.81,38.5,343.28,-81.64,-176.25,4.9180769230769235,1.0,52.402748,-1.5566301153846154
52.402747600000005,-1.5566305423076923,164.64,,3,192.72,27 / 27,123311,2019-09-08 12:05:55:041,-0.0289,-0.0542,9.9226,0.0,-0.0006,9.8066,0.0001,-0.0025,0.0093,-13.56,-31.19,38.31,341.22,-81.64,-176.31,4.943961538461539,1.0,52.402747600000005,-1.5566305423076923
52.4027472,-1.5566309692307692,164.64,,3,192.72,27 / 27,123410,2019-09-08 12:05:55:140,0.0072,-0.1794,9.8146,-0.0005,-0.0013,9.8065,-0.0055,-0.0007,-0.0043,-13.62,-31.12,38.5,341.9,-81.63,-176.24,4.969846153846154,1.0,52.4027472,-1.5566309692307692
52.4027468,-1.556631396153846,164.64,,3,192.72,27 / 27,123511,2019-09-08 12:05:55:241,0.0894,-0.1436,9.7434,0.0,0.0016,9.8065,0.0087,-0.003,-0.0044,-13.25,-31.5,38.38,342.8,-81.64,-176.24,4.99573076923077,1.0,52.4027468,-1.556631396153846
52.402746400000005,-1.556631823076923,164.64,,3,192.72,27 / 27,123611,2019-09-08 12:05:55:341,0.0679,0.0108,9.8776,-0.0015,0.0012,9.8066,0.0225,-0.014,-0.0017,-13.37,-31.44,38.56,343.34,-81.63,-176.25,5.0216153846153855,1.0,52.402746400000005,-1.556631823076923
52.402746,-1.55663225,164.64,,3,192.72,27 / 27,123711,2019-09-08 12:05:55:441,0.0796,-0.0698,9.851,0.0022,0.0029,9.8066,0.0167,-0.0085,0.0038,-13.12,-31.31,38.0,342.68,-81.63,-176.34,5.0475,1.0,52.402746,-1.55663225
52.4027456,-1.556632676923077,164.64,,3,192.72,27 / 27,123810,2019-09-08 12:05:55:540,-0.0171,-0.1387,9.7731,-0.0006,-0.0011,9.8066,-0.0168,0.0133,-0.0014,-12.56,-31.0,38.25,342.69,-81.61,-176.32,5.073384615384616,1.0,52.4027456,-1.556632676923077
52.402745200000005,-1.5566331038461538,164.64,,3,192.72,27 / 27,123910,2019-09-08 12:05:55:640,0.0474,-0.0259,9.9066,0.0007,0.0009,9.8066,-0.0063,0.0091,0.0105,-13.19,-31.44,37.75,342.63,-81.61,-176.38,5.099269230769232,1.0,52.402745200000005,-1.5566331038461538
52.4027448,-1.5566335307692307,164.64,,3,192.72,27 / 27,124010,2019-09-08 12:05:55:740,0.0812,-0.0729,9.8578,0.0012,-0.0016,9.8066,-0.0156,0.0082,0.001,-13.37,-31.31,38.25,342.68,-81.6,-176.33,5.125153846153847,1.0,52.4027448,-1.5566335307692307
52.4027444,-1.5566339576923076,164.64,,3,192.72,27 / 27,124110,2019-09-08 12:05:55:840,0.0447,-0.1292,9.7647,-0.0005,-0.0009,9.8065,-0.0058,0.0068,0.0043,-13.06,-31.69,38.75,343.1,-81.59,-176.39,5.151038461538462,1.0,52.4027444,-1.5566339576923076
52.402744000000006,-1.5566343846153845,164.64,,3,192.72,29 / 29,124211,2019-09-08 12:05:55:941,0.0713,0.0323,9.8095,-0.0005,0.0021,9.8066,0.0177,-0.0118,0.0007,-13.12,-31.62,38.75,343.15,-81.6,-176.35,5.176923076923077,1.0,52.402744000000006,-1.5566343846153845
52.4027436,-1.5566348115384614,164.64,,3,192.72,29 / 29,124311,2019-09-08 12:05:56:041,-0.0224,0.0187,10.0031,0.0017,-0.0024,9.8066,0.0112,-0.0175,0.006,-13.44,-30.87,38.63,343.21,-81.6,-176.36,5.202807692307693,1.0,52.4027436,-1.5566348115384614
52.4027432,-1.5566352384615385,164.64,,3,192.72,29 / 29,124411,2019-09-08 12:05:56:141,0.1052,-0.3433,9.7503,0.003,-0.0007,9.8066,0.0008,-0.0201,0.0128,-13.37,-31.06,38.25,342.72,-81.61,-176.3,5.228692307692309,1.0,52.4027432,-1.5566352384615385
52.402742800000006,-1.5566356653846154,164.64,,3,192.72,29 / 29,124511,2019-09-08 12:05:56:241,-0.0885,-0.2044,9.6375,0.0032,-0.0072,9.8066,-0.0273,-0.0064,0.0048,-12.94,-31.69,38.19,342.62,-81.64,-176.34,5.2545769230769235,1.0,52.402742800000006,-1.5566356653846154
52.4027424,-1.5566360923076923,164.64,,3,192.72,29 / 29,124611,2019-09-08 12:05:56:341,0.2999,-0.2434,9.9062,0.0006,0.0048,9.8066,0.0488,-0.01,0.0146,-13.0,-31.06,37.69,342.65,-81.6,-176.36,5.280461538461539,1.0,52.4027424,-1.5566360923076923
52.402742,-1.5566365192307692,164.64,,3,192.72,29 / 29,124711,2019-09-08 12:05:56:441,0.1135,-0.2789,9.9579,-0.0037,0.0047,9.8066,0.0482,0.0104,-0.0053,-12.44,-31.62,37.63,344.16,-81.63,-176.32,5.306346153846155,1.0,52.402742,-1.5566365192307692
52.4027416,-1.556636946153846,164.64,,3,192.72,29 / 29,124811,2019-09-08 12:05:56:541,0.183,-0.3885,9.8719,0.0023,-0.0062,9.8066,-0.0144,-0.0124,0.0098,-13.0,-31.56,37.94,342.65,-81.61,-176.3,5.33223076923077,1.0,52.4027416,-1.556636946153846
52.4027412,-1.556637373076923,164.64,,3,192.72,29 / 29,124911,2019-09-08 12:05:56:641,0.0736,-0.3529,10.008,0.0018,-0.0052,9.8066,0.0148,-0.0225,-0.0047,-13.44,-31.5,38.13,342.72,-81.57,-176.29,5.3581153846153855,1.0,52.4027412,-1.556637373076923
52.402740800000004,-1.5566377999999998,164.64,,3,192.72,29 / 29,125011,2019-09-08 12:05:56:741,0.1247,-0.4863,9.7423,0.0011,-0.0015,9.8066,-0.0089,-0.0053,0.0168,-12.87,-31.12,37.81,342.74,-81.54,-176.26,5.384,1.0,52.402740800000004,-1.5566377999999998
52.4027404,-1.556638226923077,164.64,,3,192.72,29 / 29,125110,2019-09-08 12:05:56:840,0.1645,-0.5826,9.9103,0.0012,-0.0045,9.8066,-0.0086,-0.0155,0.0017,-12.87,-30.81,37.69,342.76,-81.53,-176.25,5.409884615384616,1.0,52.4027404,-1.556638226923077
52.40274,-1.5566386538461539,164.64,,3,192.72,28 / 29,125211,2019-09-08 12:05:56:941,0.0923,-0.3006,9.7847,0.0006,0.0016,9.8066,0.0017,-0.0157,0.0099,-12.94,-31.19,38.5,343.38,-81.47,-176.18,5.435769230769232,1.0,52.40274,-1.5566386538461539
52.402739600000004,-1.5566390807692307,164.64,,3,192.72,28 / 29,125311,2019-09-08 12:05:57:041,0.1066,-0.7609,9.9102,-0.0006,0.0003,9.8066,-0.0053,-0.0178,0.0065,-12.69,-30.87,38.25,342.84,-81.47,-176.16,5.461653846153847,1.0,52.402739600000004,-1.5566390807692307
52.4027392,-1.5566395076923076,164.64,,3,192.72,28 / 29,125410,2019-09-08 12:05:57:140,0.1494,-0.6628,9.8015,0.0006,-0.0009,9.8066,-0.0022,0.0036,0.0028,-12.44,-31.12,38.06,344.42,-81.43,-176.1,5.487538461538462,1.0,52.4027392,-1.5566395076923076
52.4027388,-1.5566399346153845,164.64,,3,192.72,28 / 29,125512,2019-09-08 12:05:57:242,0.2627,-0.5271,9.8999,0.0005,-0.003,9.8066,-0.0011,-0.0284,0.0027,-13.0,-31.56,37.94,342.81,-81.39,-176.1,5.513423076923077,1.0,52.4027388,-1.5566399346153845
52.402738400000004,-1.5566403615384614,164.64,,3,192.72,28 / 29,125611,2019-09-08 12:05:57:341,0.2893,-0.7346,9.8215,0.0003,-0.0039,9.8066,0.0066,-0.0056,0.0027,-12.62,-30.94,37.94,342.97,-81.37,-176.01,5.539307692307693,1.0,52.402738400000004,-1.5566403615384614
52.402738,-1.5566407884615383,164.64,,3,192.72,28 / 29,125711,2019-09-08 12:05:57:441,0.1973,-0.8383,9.8328,0.0024,-0.005,9.8066,0.0023,-0.0117,0.0067,-12.81,-30.81,38.25,343.02,-81.32,-175.96,5.565192307692309,1.0,52.402738,-1.5566407884615383
52.4027376,-1.5566412153846154,164.64,,3,192.72,28 / 29,125811,2019-09-08 12:05:57:541,0.024,-0.6193,9.817,-0.0003,-0.0037,9.8066,0.013,-0.0167,0.0005,-12.19,-31.56,38.31,344.54,-81.24,-175.9,5.5910769230769235,1.0,52.4027376,-1.5566412153846154
52.402737200000004,-1.5566416423076923,164.64,,3,192.72,28 / 29,125911,2019-09-08 12:05:57:641,0.545,-1.6119,9.9305,-0.0011,-0.0043,9.8066,0.0119,-0.0342,0.0052,-12.62,-30.69,38.56,343.79,-81.16,-175.74,5.616961538461539,1.0,52.402737200000004,-1.5566416423076923
52.4027368,-1.5566420692307692,164.64,,3,192.72,28 / 29,126011,2019-09-08 12:05:57:741,0.1718,-0.6237,9.7805,0.003,0.0004,9.8066,-0.0082,-0.0234,-0.0072,-12.81,-31.0,38.5,343.64,-81.09,-175.85,5.642846153846155,1.0,52.4027368,-1.5566420692307692
52.4027364,-1.556642496153846,164.64,,3,192.72,28 / 29,126111,2019-09-08 12:05:57:841,0.5549,-1.7047,9.8023,0.001,-0.0052,9.8066,0.0034,-0.0452,0.0137,-12.87,-31.06,38.56,343.55,-81.04,-175.92,5.66873076923077,1.0,52.4027364,-1.556642496153846
52.402736000000004,-1.556642923076923,164.64,,3,192.72,27 / 27,126210,2019-09-08 12:05:57:940,0.3365,-1.1166,9.6349,0.0006,-0.0105,9.8066,-0.0035,-0.0284,-0.0032,-12.62,-31.0,38.19,343.1,-80.94,-175.79,5.6946153846153855,1.0,52.402736000000004,-1.556642923076923
52.4027356,-1.5566433499999999,164.64,,3,192.72,27 / 27,126311,2019-09-08 12:05:58:041,0.3477,-1.5293,9.7606,-0.0021,-0.0044,9.8065,0.0379,-0.0483,0.0223,-12.12,-30.5,38.25,345.01,-80.86,-175.51,5.7205,1.0,52.4027356,-1.5566433499999999
52.4027352,-1.5566437769230768,164.64,,3,192.72,27 / 27,126411,2019-09-08 12:05:58:141,0.1822,-1.3382,9.6959,-0.0024,-0.0008,9.8066,-0.0052,-0.0316,-0.0002,-12.0,-30.5,38.75,345.71,-80.83,-175.35,5.746384615384616,1.0,52.4027352,-1.5566437769230768
52.402734800000005,-1.5566442038461539,164.64,,3,192.72,27 / 27,126511,2019-09-08 12:05:58:241,0.757,-2.1118,9.8869,-0.0022,0.0072,9.8066,0.0564,-0.0386,0.0177,-12.06,-30.44,38.88,346.0,-80.84,-175.1,5.772269230769232,1.0,52.402734800000005,-1.5566442038461539
52.4027344,-1.5566446307692308,164.64,,3,192.72,27 / 27,126611,2019-09-08 12:05:58:341,0.6807,-1.7187,10.0457,0.0088,-0.0199,9.8065,0.096,-0.0503,0.002,-12.62,-31.12,38.94,344.57,-80.85,-174.97,5.798153846153847,1.0,52.4027344,-1.5566446307692308
52.402734,-1.5566450576923077,164.64,,3,192.72,27 / 27,126711,2019-09-08 12:05:58:441,0.339,-1.886,10.0353,0.0024,-0.0182,9.8065,-0.0845,-0.0548,0.0218,-12.31,-30.19,38.5,346.22,-80.79,-174.9,5.824038461538462,1.0,52.402734,-1.5566450576923077
52.402733600000005,-1.5566454846153845,164.64,,3,192.72,27 / 27,126810,2019-09-08 12:05:58:540,0.2474,-1.3476,9.4604,-0.0064,0.0078,9.8066,-0.0788,-0.0343,0.0197,-12.75,-30.75,38.0,344.17,-80.67,-174.78,5.849923076923077,1.0,52.402733600000005,-1.5566454846153845
52.4027332,-1.5566459115384614,164.64,,3,192.72,27 / 27,126911,2019-09-08 12:05:58:641,0.2186,-2.4853,9.6868,0.0022,-0.0045,9.8066,-0.0391,-0.0542,-0.012,-11.94,-30.87,38.88,346.45,-80.62,-174.61,5.875807692307693,1.0,52.4027332,-1.5566459115384614
52.4027328,-1.5566463384615383,164.64,,3,192.72,27 / 27,127011,2019-09-08 12:05:58:741,0.2427,-2.2362,9.8825,-0.0031,0.0009,9.8066,0.0331,-0.0794,0.0346,-12.0,-30.87,38.13,345.88,-80.6,-174.64,5.901692307692309,1.0,52.4027328,-1.5566463384615383
52.402732400000005,-1.5566467653846152,164.64,,3,192.72,27 / 27,127111,2019-09-08 12:05:58:841,0.7068,-2.3629,10.0256,0.0046,0.0035,9.8065,-0.0271,-0.0946,0.0149,-11.5,-30.87,37.75,347.12,-80.63,-174.94,5.9275769230769235,1.0,52.402732400000005,-1.5566467653846152
52.402732,-1.5566471923076923,164.64,,3,192.72,28 / 28,127211,2019-09-08 12:05:58:941,0.6399,-2.3967,10.4307,0.0006,-0.0125,9.8065,-0.0021,-0.0871,0.0156,-11.44,-31.0,38.19,347.2,-80.67,-174.88,5.953461538461539,1.0,52.402732,-1.5566471923076923
52.4027316,-1.5566476192307692,164.64,,3,192.72,28 / 28,127310,2019-09-08 12:05:59:040,0.092,-2.0618,9.9948,0.0,0.0096,9.8065,0.0369,-0.1374,0.0301,-11.69,-30.87,38.94,346.36,-80.71,-174.7,5.979346153846155,1.0,52.4027316,-1.5566476192307692
52.402731200000005,-1.556648046153846,164.64,,3,192.72,28 / 28,127411,2019-09-08 12:05:59:141,0.3634,-1.7558,9.8505,-0.001,0.0013,9.8066,-0.0341,-0.122,0.0425,-11.69,-31.12,37.94,346.18,-80.73,-174.41,6.00523076923077,1.0,52.402731200000005,-1.556648046153846
52.4027308,-1.556648473076923,164.64,,3,192.72,28 / 28,127510,2019-09-08 12:05:59:240,-0.4835,-1.8154,9.8262,0.0034,-0.0191,9.8066,-0.029,-0.1152,0.0421,-11.56,-30.81,38.44,346.53,-80.62,-174.08,6.0311153846153855,1.0,52.4027308,-1.556648473076923
52.4027304,-1.5566489,164.64,,3,192.72,28 / 28,127611,2019-09-08 12:05:59:341,0.2433,-1.1381,9.9845,-0.0062,0.0129,9.8066,0.0809,-0.1314,0.0446,-11.19,-31.44,38.25,348.3,-80.59,-173.91,6.057,1.0,52.4027304,-1.5566489
52.402730000000005,-1.5566493269230768,164.64,,3,192.72,28 / 28,127711,2019-09-08 12:05:59:441,-0.1892,-1.6386,9.6963,-0.0098,0.02,9.8065,0.0671,-0.1407,0.0352,-10.75,-31.0,38.38,348.67,-80.56,-173.59,6.082884615384616,1.0,52.402730000000005,-1.5566493269230768
52.4027296,-1.5566497538461537,164.64,,3,192.72,28 / 28,127810,2019-09-08 12:05:59:540,-0.4497,-1.0831,9.9463,-0.0086,0.01,9.8066,0.0853,-0.1382,0.0662,-11.06,-31.12,38.63,349.78,-80.64,-173.07,6.108769230769232,1.0,52.4027296,-1.5566497538461537
52.4027292,-1.5566501807692308,164.64,,3,192.72,28 / 28,127911,2019-09-08 12:05:59:641,0.1047,-1.5449,9.8464,-0.0069,-0.0063,9.8066,0.0375,-0.1184,-0.0073,-11.0,-31.75,38.25,349.92,-80.57,-172.47,6.134653846153847,1.0,52.4027292,-1.5566501807692308
52.402728800000006,-1.5566506076923077,164.64,,3,192.72,28 / 28,128011,2019-09-08 12:05:59:741,-0.4368,-2.111,10.288,0.0057,-0.0012,9.8066,-0.0234,-0.1319,0.0393,-10.37,-31.75,37.31,351.04,-80.54,-172.49,6.160538461538462,1.0,52.402728800000006,-1.5566506076923077
52.4027284,-1.5566510346153846,164.64,,3,192.72,28 / 28,128112,2019-09-08 12:05:59:842,-0.2874,-1.2442,9.7255,-0.0049,-0.0122,9.8065,-0.0459,-0.1552,0.0239,-10.5,-31.06,37.38,351.31,-80.54,-172.3,6.186423076923078,1.0,52.4027284,-1.5566510346153846
52.402728,-1.5566514615384615,164.64,,3,192.72,29 / 29,128211,2019-09-08 12:05:59:941,-0.2714,-1.6701,10.0437,-0.0031,0.0023,9.8066,-0.0193,-0.1612,0.0382,-9.69,-31.37,37.88,352.3,-80.62,-171.87,6.212307692307693,1.0,52.402728,-1.5566514615384615
52.402727600000006,-1.5566518884615383,164.64,,3,192.72,29 / 29,128311,2019-09-08 12:06:00:041,-0.5718,-1.3622,9.7414,-0.0109,-0.0023,9.8065,0.0653,-0.1908,0.0513,-10.19,-31.19,37.25,352.61,-80.61,-171.19,6.238192307692309,1.0,52.402727600000006,-1.5566518884615383
52.4027272,-1.5566523153846152,164.64,,3,192.72,29 / 29,128411,2019-09-08 12:06:00:141,0.0649,-1.9752,9.3983,-0.0011,0.0193,9.8065,-0.0591,-0.1752,0.0229,-9.69,-31.69,36.5,352.62,-80.54,-171.15,6.2640769230769235,1.0,52.4027272,-1.5566523153846152
52.4027268,-1.5566527423076923,164.64,,3,192.72,29 / 29,128511,2019-09-08 12:06:00:241,-1.0793,-1.1849,10.331,0.0012,-0.0062,9.8066,0.0784,-0.155,-0.026,-8.81,-31.25,37.0,354.35,-80.45,-171.14,6.289961538461539,1.0,52.4027268,-1.5566527423076923
52.4027264,-1.5566531692307692,164.64,,3,192.72,29 / 29,128611,2019-09-08 12:06:00:341,-0.656,-2.028,9.699,0.0011,-0.0057,9.8066,0.0276,-0.1705,0.0761,-9.06,-31.69,36.31,353.63,-80.42,-171.33,6.315846153846155,1.0,52.4027264,-1.5566531692307692
52.402726,-1.5566535961538461,164.64,,3,192.72,29 / 29,128711,2019-09-08 12:06:00:441,-0.6746,-2.1531,10.1603,0.0052,-0.0273,9.8066,-0.1056,-0.1955,0.0086,-9.06,-31.56,36.44,353.6,-80.36,-171.35,6.34173076923077,1.0,52.402726,-1.5566535961538461
52.402725600000004,-1.556654023076923,164.64,,3,192.72,29 / 29,128811,2019-09-08 12:06:00:541,-2.2619,-1.7704,10.2366,-0.0021,0.0107,9.8066,0.0353,-0.3345,0.1091,-8.0,-32.06,36.0,355.76,-80.31,-171.03,6.367615384615386,1.0,52.402725600000004,-1.556654023076923
52.4027252,-1.55665445,164.64,,3,192.72,29 / 29,128911,2019-09-08 12:06:00:641,-0.6396,-1.2009,10.0888,-0.0185,0.0124,9.8065,-0.015,-0.1811,0.0867,-8.0,-31.81,36.63,356.8,-80.41,-170.5,6.3935,1.0,52.4027252,-1.55665445
52.4027248,-1.5566548769230768,164.64,,3,192.72,29 / 29,129011,2019-09-08 12:06:00:741,-1.4273,-2.7099,10.226,-0.0049,0.0211,9.8066,-0.0607,-0.2378,0.0215,-7.87,-31.81,35.94,356.41,-80.43,-170.49,6.419384615384616,1.0,52.4027248,-1.5566548769230768
52.402724400000004,-1.5566553038461537,164.64,,3,192.72,29 / 29,129111,2019-09-08 12:06:00:841,0.133,-0.2187,9.4017,0.0009,-0.0296,9.8065,-0.035,-0.216,0.0315,-7.31,-32.31,35.56,358.02,-80.42,-170.66,6.445269230769232,1.0,52.402724400000004,-1.5566553038461537
52.402724,-1.5566557307692308,164.64,,3,192.72,29 / 29,129211,2019-09-08 12:06:00:941,-0.7393,1.1849,8.8207,-0.0066,0.0588,9.8064,-0.1529,-0.1199,-0.0106,-6.62,-32.44,35.44,357.47,-80.44,-170.8,6.471153846153847,1.0,52.402724,-1.5566557307692308
52.4027236,-1.5566561576923077,164.64,,3,192.72,29 / 29,129310,2019-09-08 12:06:01:040,-1.0591,-0.0159,9.2293,-0.0083,0.0481,9.8065,0.2188,-0.2339,0.0111,-7.37,-32.69,34.69,357.28,-80.35,-170.95,6.497038461538462,1.0,52.4027236,-1.5566561576923077
52.402723200000004,-1.5566565846153846,164.64,,3,192.72,29 / 29,129411,2019-09-08 12:06:01:141,-0.8407,-1.7316,10.1151,-0.006,-0.0168,9.8066,0.1937,-0.2085,0.0461,-6.25,-32.31,34.69,359.31,-80.51,-170.85,6.522923076923078,1.0,52.402723200000004,-1.5566565846153846
52.4027228,-1.5566570115384615,164.64,,3,192.72,29 / 29,129510,2019-09-08 12:06:01:240,-0.8647,-2.2004,10.093,0.002,-0.0055,9.8066,-0.141,-0.1838,0.0319,-5.94,-31.87,34.56,359.9,-80.35,-170.36,6.548807692307693,1.0,52.4027228,-1.5566570115384615
52.4027224,-1.5566574384615384,164.64,,3,192.72,29 / 29,129611,2019-09-08 12:06:01:341,-1.0101,-1.5048,10.6178,0.0047,-0.0215,9.8066,-0.068,-0.2094,0.0274,-6.31,-33.0,34.31,359.71,-80.35,-170.23,6.574692307692309,1.0,52.4027224,-1.5566574384615384
52.402722000000004,-1.5566578653846153,164.64,,3,192.72,29 / 29,129710,2019-09-08 12:06:01:440,-1.2634,-0.592,9.9364,0.0011,-0.0155,9.8066,0.001,-0.2336,0.0843,-5.75,-32.44,33.88,359.76,-80.32,-170.19,6.600576923076924,1.0,52.402722000000004,-1.5566578653846153
52.4027216,-1.5566582923076921,164.64,,3,192.72,29 / 29,129811,2019-09-08 12:06:01:541,-0.9427,-0.4702,9.7543,-0.0017,0.0097,9.8065,-0.0579,-0.1899,0.0302,-6.12,-32.75,33.44,359.96,-80.42,-169.73,6.626461538461539,1.0,52.4027216,-1.5566582923076921
52.4027212,-1.5566587192307693,164.64,,3,192.72,29 / 29,129911,2019-09-08 12:06:01:641,-1.0559,-0.7163,9.598,-0.0119,0.0096,9.8066,0.0264,-0.2002,0.0626,-5.62,-32.5,33.38,0.07,-80.41,-169.64,6.652346153846155,1.0,52.4027212,-1.5566587192307693
52.402720800000004,-1.5566591461538462,164.64,,3,192.72,29 / 29,130011,2019-09-08 12:06:01:741,-1.7835,-1.436,10.1522,0.0022,-0.0109,9.8066,0.0571,-0.229,0.0227,-4.31,-33.0,33.38,4.4,-80.34,-169.48,6.67823076923077,1.0,52.402720800000004,-1.5566591461538462
52.4027204,-1.556659573076923,164.64,,3,192.72,29 / 29,130111,2019-09-08 12:06:01:841,-0.4156,-1.2187,10.3306,-0.0027,-0.0167,9.8066,-0.0223,-0.2017,0.0572,-4.62,-32.69,32.19,1.49,-80.29,-169.91,6.704115384615386,1.0,52.4027204,-1.556659573076923
52.40272,-1.55666,164.19,6.73,2,227.07,29 / 29,130211,2019-09-08 12:06:01:941,-1.2405,-0.016,9.8306,0.0075,0.0093,9.8066,0.0751,-0.1752,-0.0177,-4.5,-33.06,32.94,3.57,-80.34,-170.16,6.73,1.0,52.40272,-1.55666
52.40271762637363,-1.5566717252747253,164.19,,2,227.07,29 / 29,130311,2019-09-08 12:06:02:041,-1.1969,-0.509,9.1487,0.0092,-0.0299,9.8065,-0.1228,-0.215,0.0288,-4.62,-32.87,32.56,359.81,-80.03,-171.54,6.726593406593407,1.0,52.40271762637363,-1.5566717252747253
52.40271525274726,-1.5566834505494505,164.19,,2,227.07,29 / 29,130411,2019-09-08 12:06:02:141,-1.0708,-0.5071,9.043,-0.0082,0.0309,9.8065,0.0108,-0.1468,0.0423,-4.62,-32.87,33.0,359.6,-79.91,-171.71,6.723186813186814,1.0,52.40271525274726,-1.5566834505494505
52.402712879120884,-1.5566951758241758,164.19,,2,227.07,29 / 29,130511,2019-09-08 12:06:02:241,-0.6638,0.01,9.0859,-0.0042,0.0382,9.8065,0.0008,-0.1687,0.0464,-3.37,-32.62,32.38,3.71,-79.8,-171.66,6.71978021978022,1.0,52.402712879120884,-1.5566951758241758
52.40271050549451,-1.556706901098901,164.19,,2,227.07,29 / 29,130610,2019-09-08 12:06:02:340,-1.4623,-1.1348,9.6524,0.0082,-0.0124,9.8065,0.0112,-0.1116,-0.013,-3.56,-33.37,31.88,2.02,-79.92,-171.25,6.716373626373627,1.0,52.40271050549451,-1.556706901098901
52.40270813186813,-1.5567186263736263,164.19,,2,227.07,29 / 29,130710,2019-09-08 12:06:02:440,-0.3181,0.3817,9.6355,-0.004,0.0084,9.8066,-0.0704,-0.0504,-0.0861,-4.19,-32.62,32.0,1.26,-79.88,-171.86,6.7129670329670335,1.0,52.40270813186813,-1.5567186263736263
52.40270575824176,-1.5567303516483515,164.19,,2,227.07,29 / 29,130810,2019-09-08 12:06:02:540,-0.6211,-0.5332,9.8888,0.0092,-0.0247,9.8065,0.0424,-0.1451,0.0231,-3.25,-32.87,31.25,1.97,-79.93,-172.9,6.70956043956044,1.0,52.40270575824176,-1.5567303516483515
52.402703384615386,-1.5567420769230769,164.19,,2,227.07,29 / 29,130911,2019-09-08 12:06:02:641,-0.6884,-1.7014,10.1709,-0.0014,-0.0289,9.8065,0.0164,-0.1463,0.0105,-3.12,-33.12,31.88,1.96,-79.77,-173.07,6.706153846153846,1.0,52.402703384615386,-1.5567420769230769
52.40270101098901,-1.5567538021978022,164.19,,2,227.07,29 / 29,131011,2019-09-08 12:06:02:741,-0.5108,-1.961,9.843,-0.0014,-0.0044,9.8066,-0.057,-0.1471,0.049,-3.56,-32.37,31.31,359.43,-79.88,-173.11,6.702747252747253,1.0,52.40270101098901,-1.5567538021978022
52.40269863736264,-1.5567655274725274,164.19,,2,227.07,29 / 29,131111,2019-09-08 12:06:02:841,-1.0981,-0.0577,9.8617,-0.0107,0.0028,9.8066,-0.0308,-0.0945,0.0002,-2.62,-33.5,30.81,1.98,-79.82,-172.89,6.69934065934066,1.0,52.40269863736264,-1.5567655274725274
52.40269626373627,-1.5567772527472528,164.19,,2,227.07,30 / 30,131211,2019-09-08 12:06:02:941,-1.41,-0.9699,9.9036,0.0006,0.0081,9.8066,0.0446,-0.2114,0.0644,-3.19,-32.75,30.69,2.39,-79.79,-172.57,6.6959340659340665,1.0,52.40269626373627,-1.5567772527472528
52.402693890109894,-1.556788978021978,164.19,,2,227.07,30 / 30,131310,2019-09-08 12:06:03:040,-1.5928,-0.2019,9.8042,-0.0054,0.0089,9.8065,0.0428,-0.1988,0.0655,-1.81,-33.5,30.81,5.02,-79.79,-172.31,6.692527472527473,1.0,52.402693890109894,-1.556788978021978
52.40269151648352,-1.5568007032967033,164.19,,2,227.07,30 / 30,131411,2019-09-08 12:06:03:141,-0.8905,-0.6719,10.354,0.0113,-0.0223,9.8066,-0.1534,-0.1884,0.0435,-3.0,-33.62,30.0,3.1,-79.66,-171.87,6.689120879120879,1.0,52.40269151648352,-1.5568007032967033
52.40268914285714,-1.5568124285714284,164.19,,2,227.07,30 / 30,131511,2019-09-08 12:06:03:241,-0.8836,-0.1316,9.664,0.0026,-0.0353,9.8066,-0.1374,-0.1461,0.0529,-2.31,-33.0,30.0,4.87,-79.45,-172.37,6.685714285714286,1.0,52.40268914285714,-1.5568124285714284
52.40268676923077,-1.5568241538461538,164.19,,2,227.07,30 / 30,131611,2019-09-08 12:06:03:341,-1.7507,-0.0446,9.6259,0.0032,0.0276,9.8066,0.0791,-0.1009,0.0098,-3.37,-33.37,29.81,3.19,-79.34,-171.8,6.682307692307693,1.0,52.40268676923077,-1.5568241538461538
52.402684395604396,-1.5568358791208792,164.19,,2,227.07,30 / 30,131711,2019-09-08 12:06:03:441,-1.5898,-0.4132,9.6763,-0.0108,0.0094,9.8065,0.0575,-0.1058,0.0463,-2.19,-33.5,30.5,5.09,-79.38,-172.3,6.6789010989010995,1.0,52.402684395604396,-1.5568358791208792
52.40268202197802,-1.5568476043956043,164.19,,2,227.07,30 / 30,131811,2019-09-08 12:06:03:541,-1.8377,-0.8586,10.6915,0.0093,-0.0416,9.8065,-0.0336,-0.2153,0.0207,-2.56,-33.81,29.31,3.48,-79.41,-171.42,6.675494505494505,1.0,52.40268202197802,-1.5568476043956043
52.40267964835165,-1.5568593296703297,164.19,,2,227.07,30 / 30,131911,2019-09-08 12:06:03:641,-1.8868,-0.8221,9.8052,0.0126,-0.019,9.8065,-0.0433,-0.1752,0.0543,-2.25,-33.44,28.94,4.88,-79.21,-172.3,6.672087912087912,1.0,52.40267964835165,-1.5568593296703297
52.40267727472528,-1.5568710549450548,164.19,,2,227.07,30 / 30,132010,2019-09-08 12:06:03:740,-1.9777,-0.7997,9.8817,-0.0032,0.0094,9.8066,0.0187,-0.1833,0.018,-2.37,-33.69,29.0,5.12,-79.26,-172.14,6.668681318681319,1.0,52.40267727472528,-1.5568710549450548
52.402674901098905,-1.5568827802197802,164.19,,2,227.07,30 / 30,132111,2019-09-08 12:06:03:841,-1.2511,0.1595,10.6653,0.0146,0.0428,9.8065,0.0966,-0.1637,-0.0157,-2.19,-33.75,29.31,4.59,-79.48,-172.52,6.665274725274726,1.0,52.402674901098905,-1.5568827802197802
52.40267252747253,-1.5568945054945054,164.19,,2,227.07,30 / 30,132210,2019-09-08 12:06:03:940,-3.019,0.5987,9.3952,-0.0031,0.0749,9.8063,0.1224,0.0225,-0.0315,-1.75,-34.25,28.44,3.07,-79.13,-173.6,6.6618681318681325,1.0,52.40267252747253,-1.5568945054945054
52.40267015384615,-1.5569062307692307,164.19,,2,227.07,30 / 30,132311,2019-09-08 12:06:04:041,-0.9992,-1.4978,10.642,-0.0028,-0.038,9.8065,-0.0214,-0.1636,0.0664,-1.5,-33.44,28.0,5.34,-79.18,-173.89,6.658461538461538,1.0,52.40267015384615,-1.5569062307692307
52.40266778021978,-1.556917956043956,164.19,,2,227.07,30 / 30,132411,2019-09-08 12:06:04:141,-0.9109,-0.2365,10.141,0.0027,-0.0256,9.8066,-0.0536,-0.0815,-0.0455,-1.62,-33.69,28.5,2.22,-79.07,-174.37,6.655054945054945,1.0,52.40266778021978,-1.556917956043956
52.40266540659341,-1.5569296813186813,164.19,,2,227.07,30 / 30,132511,2019-09-08 12:06:04:241,0.4193,-0.8881,10.0828,0.0252,-0.0456,9.8064,-0.1126,-0.2469,0.0611,-1.25,-33.81,27.38,4.58,-78.96,-174.48,6.651648351648352,1.0,52.40266540659341,-1.5569296813186813
52.402663032967034,-1.5569414065934066,164.19,,2,227.07,30 / 30,132611,2019-09-08 12:06:04:341,-0.7581,0.9196,9.4755,-0.0102,0.0707,9.8063,-0.1827,-0.1482,0.038,-1.0,-34.12,27.44,2.54,-78.62,-176.02,6.648241758241759,1.0,52.402663032967034,-1.5569414065934066
52.40266065934066,-1.5569531318681318,164.19,,2,227.07,30 / 30,132711,2019-09-08 12:06:04:441,-0.2051,0.4964,9.3325,-0.0035,0.1043,9.8061,0.2658,-0.2691,0.0891,-1.0,-33.62,27.31,2.99,-79.18,-175.65,6.644835164835166,1.0,52.40266065934066,-1.5569531318681318
52.40265828571429,-1.5569648571428572,164.19,,2,227.07,30 / 30,132810,2019-09-08 12:06:04:540,-1.3449,-0.2238,9.3736,-0.0036,-0.0191,9.8065,0.0449,-0.067,-0.0017,-1.31,-33.87,27.0,2.57,-79.13,-175.96,6.6414285714285715,1.0,52.40265828571429,-1.5569648571428572
52.402655912087916,-1.5569765824175823,164.19,,2,227.07,30 / 30,132911,2019-09-08 12:06:04:641,-0.0538,-0.8192,9.7926,0.012,0.0043,9.8066,-0.0672,-0.0939,-0.0118,-1.44,-33.69,26.75,2.23,-79.07,-176.22,6.638021978021978,1.0,52.402655912087916,-1.5569765824175823
52.40265353846154,-1.5569883076923077,164.19,,2,227.07,30 / 30,133011,2019-09-08 12:06:04:741,-0.7535,-0.0441,9.9499,-0.0107,0.0037,9.8066,0.0021,-0.0566,0.043,-1.06,-33.5,26.44,1.69,-79.11,-176.54,6.634615384615385,1.0,52.40265353846154,-1.5569883076923077
52.40265116483516,-1.557000032967033,164.19,,2,227.07,30 / 30,133111,2019-09-08 12:06:04:841,-0.1963,-0.1841,9.9359,0.0062,0.0157,9.8066,-0.0038,-0.1102,0.0121,-1.06,-34.19,26.56,2.4,-79.06,-176.1,6.631208791208792,1.0,52.40265116483516,-1.557000032967033
52.40264879120879,-1.5570117582417582,164.19,,2,227.07,30 / 30,133211,2019-09-08 12:06:04:941,-0.4072,-0.1052,10.2939,-0.0002,-0.0344,9.8065,0.0435,-0.0413,0.0003,-0.44,-33.56,26.0,4.69,-79.21,-176.54,6.627802197802198,1.0,52.40264879120879,-1.5570117582417582
52.40264641758242,-1.5570234835164836,164.19,,2,227.07,29 / 29,133311,2019-09-08 12:06:05:041,-0.5144,-0.2498,9.9226,0.0097,-0.0202,9.8066,0.0071,-0.0517,0.0078,-1.12,-33.87,26.13,1.4,-79.05,-176.77,6.6243956043956045,1.0,52.40264641758242,-1.5570234835164836
52.402644043956045,-1.5570352087912087,164.19,,2,227.07,29 / 29,133411,2019-09-08 12:06:05:141,0.2303,0.2671,9.4543,-0.0079,0.025,9.8066,-0.0157,-0.0931,0.0478,-1.19,-34.0,25.75,1.57,-79.0,-176.65,6.620989010989011,1.0,52.402644043956045,-1.5570352087912087
52.40264167032967,-1.557046934065934,164.19,,2,227.07,29 / 29,133511,2019-09-08 12:06:05:241,-1.4725,-0.4916,9.9047,-0.0016,0.0505,9.8064,0.0139,-0.0038,0.0028,-0.94,-33.06,25.0,2.1,-79.2,-176.16,6.617582417582418,1.0,52.40264167032967,-1.557046934065934
52.4026392967033,-1.5570586593406592,164.19,,2,227.07,29 / 29,133610,2019-09-08 12:06:05:340,0.0643,0.3433,9.9334,0.0048,-0.0247,9.8065,0.04,-0.0374,0.001,-0.94,-34.06,25.25,1.98,-79.22,-176.27,6.614175824175825,1.0,52.4026392967033,-1.5570586593406592
52.402636923076926,-1.5570703846153846,164.19,,2,227.07,29 / 29,133711,2019-09-08 12:06:05:441,-0.1721,-0.5399,10.2993,-0.0012,-0.0039,9.8066,-0.1469,-0.0451,0.0301,-0.56,-33.25,25.56,2.15,-79.21,-176.2,6.610769230769231,1.0,52.402636923076926,-1.5570703846153846
52.40263454945055,-1.55708210989011,164.19,,2,227.07,29 / 29,133811,2019-09-08 12:06:05:541,-1.0398,1.0022,9.8566,0.0028,0.0005,9.8066,-0.0571,-0.0774,0.0207,-0.75,-34.0,24.69,2.34,-79.3,-176.0,6.6073626373626375,1.0,52.40263454945055,-1.55708210989011
52.40263217582418,-1.5570938351648351,164.19,,2,227.07,29 / 29,133911,2019-09-08 12:06:05:641,-0.6371,0.7516,9.638,0.0024,-0.0097,9.8066,-0.022,-0.0286,0.0126,-0.5,-33.81,25.5,4.92,-79.25,-176.36,6.603956043956044,1.0,52.40263217582418,-1.5570938351648351
52.4026298021978,-1.5571055604395605,164.19,,2,227.07,29 / 29,134011,2019-09-08 12:06:05:741,-0.5716,-0.0843,10.4434,-0.0107,-0.0132,9.8066,-0.0159,-0.1344,0.0706,-1.12,-34.25,24.63,2.1,-79.23,-176.18,6.600549450549451,1.0,52.4026298021978,-1.5571055604395605
52.40262742857143,-1.5571172857142856,164.19,,2,227.07,29 / 29,134110,2019-09-08 12:06:05:840,0.1777,1.0928,8.5375,0.0001,-0.0323,9.8066,0.0955,-0.0219,-0.0334,-0.62,-33.75,24.19,2.28,-79.09,-175.99,6.597142857142857,1.0,52.40262742857143,-1.5571172857142856
52.402625054945055,-1.557129010989011,164.19,,2,227.07,27 / 28,134212,2019-09-08 12:06:05:942,-0.8577,-0.2742,9.0569,-0.0039,-0.0439,9.8065,0.0736,-0.1249,0.0422,0.25,-34.69,24.44,5.34,-79.03,-176.23,6.593736263736264,1.0,52.402625054945055,-1.557129010989011
52.40262268131868,-1.5571407362637362,164.19,,2,227.07,27 / 28,134311,2019-09-08 12:06:06:041,-0.9206,0.9092,10.0756,-0.0026,0.0572,9.8064,0.3634,0.0165,-0.1042,-1.0,-34.12,25.0,2.52,-79.37,-175.87,6.5903296703296705,1.0,52.40262268131868,-1.5571407362637362
52.40262030769231,-1.5571524615384615,164.19,,2,227.07,27 / 28,134410,2019-09-08 12:06:06:140,-1.2162,1.0564,10.0087,0.0021,-0.0682,9.8064,0.3692,-0.062,0.0164,-0.62,-33.81,24.38,1.86,-79.44,-176.27,6.586923076923077,1.0,52.40262030769231,-1.5571524615384615
52.40261793406594,-1.557164186813187,164.19,,2,227.07,27 / 28,134511,2019-09-08 12:06:06:241,1.6977,-0.1608,10.5226,-0.0017,-0.0029,9.8066,-0.0179,-0.1353,0.0134,-0.56,-33.87,24.38,1.4,-79.24,-176.61,6.583516483516484,1.0,52.40261793406594,-1.557164186813187
52.402615560439564,-1.557175912087912,164.19,,2,227.07,27 / 28,134611,2019-09-08 12:06:06:341,-0.1542,0.6235,10.1254,-0.0096,0.0215,9.8065,0.0459,-0.0995,0.0335,-0.44,-33.87,24.44,4.74,-79.18,-176.6,6.58010989010989,1.0,52.402615560439564,-1.557175912087912
52.40261318681319,-1.5571876373626374,164.19,,2,227.07,27 / 28,134711,2019-09-08 12:06:06:441,-0.1521,0.1971,10.2177,0.0065,-0.0271,9.8066,-0.0163,-0.0461,0.0191,-0.81,-33.94,24.56,1.31,-79.16,-176.76,6.576703296703297,1.0,52.40261318681319,-1.5571876373626374
52.40261081318681,-1.5571993626373626,164.19,,2,227.07,27 / 28,134811,2019-09-08 12:06:06:541,-2.0421,0.8213,10.7831,-0.011,-0.0408,9.8064,0.1358,-0.1605,0.0483,0.0,-33.69,24.19,4.82,-79.15,-176.55,6.573296703296704,1.0,52.40261081318681,-1.5571993626373626
52.40260843956044,-1.557211087912088,164.19,,2,227.07,27 / 28,134911,2019-09-08 12:06:06:641,0.1043,0.1894,9.8301,-0.0016,-0.0564,9.8064,-0.0984,0.0361,0.0171,-0.56,-34.06,24.69,1.2,-78.9,-176.84,6.56989010989011,1.0,52.40260843956044,-1.557211087912088
52.402606065934066,-1.557222813186813,164.19,,2,227.07,27 / 28,135011,2019-09-08 12:06:06:741,-0.0512,1.0676,9.741,0.0053,0.0218,9.8066,-0.0693,0.0522,-0.0365,-0.5,-34.06,24.0,4.58,-78.86,-176.76,6.566483516483516,1.0,52.402606065934066,-1.557222813186813
52.40260369230769,-1.5572345384615385,164.19,,2,227.07,27 / 28,135111,2019-09-08 12:06:06:841,0.2363,1.1846,9.4109,0.0087,-0.0044,9.8066,-0.0308,-0.114,0.0448,-0.25,-34.12,23.63,4.04,-78.93,-177.13,6.563076923076923,1.0,52.40260369230769,-1.5572345384615385
52.40260131868132,-1.5572462637362638,164.19,,2,227.07,29 / 29,135211,2019-09-08 12:06:06:941,0.0971,0.7531,9.6127,0.0061,0.0067,9.8066,-0.011,-0.0747,0.0232,0.06,-34.19,23.88,3.96,-78.96,-177.19,6.55967032967033,1.0,52.40260131868132,-1.5572462637362638
52.40259894505495,-1.557257989010989,164.19,,2,227.07,29 / 29,135311,2019-09-08 12:06:07:041,-0.5135,0.8,9.8709,-0.0006,-0.0124,9.8066,0.0156,0.0403,-0.0179,-0.81,-34.75,24.13,0.3,-79.03,-177.41,6.556263736263737,1.0,52.40259894505495,-1.557257989010989
52.402596571428575,-1.5572697142857144,164.19,,2,227.07,29 / 29,135411,2019-09-08 12:06:07:141,0.2936,2.1978,9.4181,0.0006,0.0246,9.8065,-0.1155,0.0663,-0.0334,-0.69,-33.5,23.44,0.48,-78.87,-177.17,6.552857142857143,1.0,52.402596571428575,-1.5572697142857144
52.4025941978022,-1.5572814395604395,164.19,,2,227.07,29 / 29,135510,2019-09-08 12:06:07:240,0.3989,0.4112,9.769,-0.0034,0.0136,9.8066,0.0503,-0.0561,0.0412,-0.56,-34.06,24.06,0.76,-78.93,-177.07,6.549450549450549,1.0,52.4025941978022,-1.5572814395604395
52.40259182417582,-1.557293164835165,164.19,,2,227.07,29 / 29,135610,2019-09-08 12:06:07:340,-0.4116,0.8562,9.9445,-0.0014,0.009,9.8066,-0.0915,0.0007,0.0114,-0.31,-34.81,24.63,4.93,-78.79,-176.5,6.546043956043956,1.0,52.40259182417582,-1.557293164835165
52.40258945054945,-1.55730489010989,164.19,,2,227.07,29 / 29,135711,2019-09-08 12:06:07:441,-0.6509,1.4483,9.426,0.0077,0.0101,9.8066,0.0144,-0.0929,0.0331,-0.81,-34.44,24.38,1.16,-78.79,-176.79,6.542637362637363,1.0,52.40258945054945,-1.55730489010989
52.402587076923076,-1.5573166153846154,164.19,,2,227.07,29 / 29,135811,2019-09-08 12:06:07:541,-0.6915,0.9967,9.2288,-0.0068,0.027,9.8066,-0.0663,0.0013,0.011,-0.75,-33.87,24.0,1.61,-78.7,-176.48,6.53923076923077,1.0,52.402587076923076,-1.5573166153846154
52.402584703296704,-1.5573283406593408,164.19,,2,227.07,29 / 29,135910,2019-09-08 12:06:07:640,-0.3723,1.6962,8.9558,0.0041,0.0618,9.8063,0.2039,0.0087,-0.0457,-0.62,-34.44,24.38,1.63,-78.62,-176.47,6.5358241758241755,1.0,52.402584703296704,-1.5573283406593408
52.40258232967033,-1.557340065934066,164.19,,2,227.07,29 / 29,136011,2019-09-08 12:06:07:741,0.3581,0.2582,9.932,0.0008,-0.0132,9.8065,0.0433,0.0118,0.0085,-0.44,-34.06,23.69,4.63,-78.93,-176.72,6.532417582417582,1.0,52.40258232967033,-1.557340065934066
52.40257995604396,-1.5573517912087913,164.19,,2,227.07,29 / 29,136111,2019-09-08 12:06:07:841,0.3837,0.2301,9.8104,0.0085,0.0072,9.8066,0.0011,-0.0768,0.0045,-0.31,-34.62,24.19,4.19,-78.92,-177.06,6.529010989010989,1.0,52.40257995604396,-1.5573517912087913
52.402577582417585,-1.5573635164835165,164.19,,2,227.07,30 / 30,136211,2019-09-08 12:06:07:941,-0.6734,0.5361,10.3006,-0.0012,0.0112,9.8066,0.0816,-0.0625,-0.01,0.0,-34.37,24.19,4.37,-78.88,-176.9,6.525604395604396,1.0,52.402577582417585,-1.5573635164835165
52.40257520879121,-1.5573752417582418,164.19,,2,227.07,30 / 30,136311,2019-09-08 12:06:08:041,-0.1749,0.5142,10.2934,0.0077,-0.0123,9.8065,-0.0212,-0.0807,0.0229,-0.56,-34.81,24.13,359.82,-78.76,-177.74,6.522197802197803,1.0,52.40257520879121,-1.5573752417582418
52.40257283516484,-1.557386967032967,164.19,,2,227.07,30 / 30,136410,2019-09-08 12:06:08:140,-1.1161,0.1837,10.2477,-0.0103,-0.0377,9.8065,0.0571,-0.0817,0.0478,-0.44,-33.75,24.0,3.41,-78.77,-177.6,6.5187912087912085,1.0,52.40257283516484,-1.557386967032967
52.40257046153846,-1.5573986923076923,164.19,,2,227.07,30 / 30,136511,2019-09-08 12:06:08:241,0.4058,0.3319,9.9931,0.0014,-0.0336,9.8066,-0.0975,-0.0182,0.0192,-0.37,-34.44,24.38,3.54,-78.69,-177.51,6.515384615384615,1.0,52.40257046153846,-1.5573986923076923
52.40256808791209,-1.5574104175824177,164.19,,2,227.07,30 / 30,136611,2019-09-08 12:06:08:341,-0.0998,2.0309,9.5599,0.0023,0.0577,9.8064,-0.144,0.0011,-0.0153,-0.12,-34.31,23.5,3.45,-78.37,-177.61,6.511978021978022,1.0,52.40256808791209,-1.5574104175824177
52.402565714285714,-1.5574221428571429,164.19,,2,227.07,30 / 30,136711,2019-09-08 12:06:08:441,0.3971,0.2713,9.5353,0.0029,0.0324,9.8066,0.0372,-0.0495,0.0016,-0.5,-33.69,23.56,2.89,-78.67,-177.97,6.508571428571429,1.0,52.402565714285714,-1.5574221428571429
52.40256334065934,-1.5574338681318682,164.19,,2,227.07,30 / 30,136810,2019-09-08 12:06:08:540,-0.2451,0.3052,10.3228,-0.0039,-0.0166,9.8066,0.0045,-0.0531,0.0142,-0.19,-34.25,24.0,2.8,-78.61,-178.04,6.505164835164835,1.0,52.40256334065934,-1.5574338681318682
52.40256096703297,-1.5574455934065934,164.19,,2,227.07,30 / 30,136911,2019-09-08 12:06:08:641,-0.5326,1.2482,10.1157,0.004,-0.0098,9.8066,-0.03,-0.0416,0.0031,0.06,-33.94,24.0,2.66,-78.55,-178.14,6.501758241758242,1.0,52.40256096703297,-1.5574455934065934
52.402558593406596,-1.5574573186813188,164.19,,2,227.07,30 / 30,137011,2019-09-08 12:06:08:741,0.1923,1.8755,9.406,0.0016,0.0113,9.8066,-0.0565,0.0023,-0.0158,-0.25,-34.56,23.5,2.28,-78.6,-178.42,6.498351648351648,1.0,52.402558593406596,-1.5574573186813188
52.40255621978022,-1.557469043956044,164.19,,2,227.07,30 / 30,137111,2019-09-08 12:06:08:841,0.4646,0.8178,9.1715,-0.0023,0.0099,9.8066,0.085,-0.0488,0.0019,-0.44,-34.19,24.44,2.03,-78.56,-178.58,6.494945054945055,1.0,52.40255621978022,-1.557469043956044
52.40255384615385,-1.5574807692307693,164.19,,2,227.07,30 / 30,137211,2019-09-08 12:06:08:941,-0.8283,1.6226,10.687,-0.0043,0.0158,9.8066,0.1069,-0.0777,0.0552,0.0,-33.87,23.75,2.39,-78.6,-178.32,6.491538461538462,1.0,52.40255384615385,-1.5574807692307693
52.40255147252747,-1.5574924945054947,164.19,,2,227.07,30 / 30,137311,2019-09-08 12:06:09:041,1.0352,1.4831,10.1945,0.0114,-0.0101,9.8066,0.065,-0.0902,0.0043,0.5,-33.62,24.38,6.06,-78.62,-178.13,6.488131868131868,1.0,52.40255147252747,-1.5574924945054947
52.4025490989011,-1.5575042197802198,164.19,,2,227.07,30 / 30,137411,2019-09-08 12:06:09:141,1.2129,1.164,9.6482,0.0096,-0.0006,9.8065,0.0704,-0.061,0.0342,-0.06,-34.81,23.63,2.23,-78.58,-178.46,6.484725274725275,1.0,52.4025490989011,-1.5575042197802198
52.402546725274725,-1.5575159450549452,164.19,,2,227.07,30 / 30,137511,2019-09-08 12:06:09:241,0.124,1.4005,9.3756,-0.0069,-0.0035,9.8066,-0.1249,0.0928,-0.0549,0.69,-34.12,23.88,5.98,-78.52,-178.21,6.481318681318681,1.0,52.402546725274725,-1.5575159450549452
52.40254435164835,-1.5575276703296703,164.19,,2,227.07,30 / 30,137611,2019-09-08 12:06:09:341,0.7283,1.8006,9.0448,-0.0021,-0.0104,9.8066,-0.1388,0.0556,-0.0053,0.0,-34.44,23.5,2.68,-78.48,-178.13,6.477912087912088,1.0,52.40254435164835,-1.5575276703296703
52.40254197802198,-1.5575393956043957,164.19,,2,227.07,30 / 30,137712,2019-09-08 12:06:09:442,0.2043,1.0648,9.5591,-0.0024,0.0111,9.8066,0.0423,0.0141,-0.0199,-0.31,-34.19,23.63,2.82,-78.51,-178.04,6.474505494505495,1.0,52.40254197802198,-1.5575393956043957
52.402539604395606,-1.5575511208791208,164.19,,2,227.07,30 / 30,137811,2019-09-08 12:06:09:541,0.5232,1.2199,9.7408,-0.0076,0.0181,9.8065,0.0319,0.0483,-0.0134,0.19,-34.25,23.69,3.07,-78.62,-177.85,6.471098901098901,1.0,52.402539604395606,-1.5575511208791208
52.402537230769234,-1.5575628461538462,164.19,,2,227.07,30 / 30,137911,2019-09-08 12:06:09:641,1.0653,1.8336,9.8803,-0.0082,-0.0029,9.8066,0.0711,-0.1028,0.0191,-0.19,-34.69,23.5,3.32,-78.6,-177.7,6.467692307692308,1.0,52.402537230769234,-1.5575628461538462
52.40253485714286,-1.5575745714285716,164.19,,2,227.07,30 / 30,138010,2019-09-08 12:06:09:740,0.8543,1.5578,9.8635,0.0069,0.0029,9.8066,0.0428,-0.0933,0.0765,0.38,-34.25,23.63,4.28,-78.54,-177.01,6.464285714285714,1.0,52.40253485714286,-1.5575745714285716
52.40253248351648,-1.5575862967032967,164.19,,2,227.07,30 / 30,138110,2019-09-08 12:06:09:840,-0.0932,1.9041,10.0563,-0.0132,-0.0048,9.8066,0.0154,0.0645,-0.0152,0.0,-34.94,22.94,5.06,-78.58,-176.56,6.460879120879121,1.0,52.40253248351648,-1.5575862967032967
52.40253010989011,-1.557598021978022,164.19,,2,227.07,30 / 30,138212,2019-09-08 12:06:09:942,0.8051,2.0009,9.8121,-0.0098,-0.0004,9.8066,-0.0241,0.1167,-0.0731,0.31,-34.12,24.13,6.12,-78.52,-175.72,6.457472527472527,1.0,52.40253010989011,-1.557598021978022
52.402527736263735,-1.5576097472527473,164.19,,2,227.07,30 / 30,138311,2019-09-08 12:06:10:041,0.8205,1.638,9.6603,-0.0011,-0.0153,9.8065,-0.037,-0.0389,0.0427,-0.06,-34.12,24.13,5.97,-78.59,-175.82,6.454065934065934,1.0,52.402527736263735,-1.5576097472527473
52.40252536263736,-1.5576214725274726,164.19,,2,227.07,30 / 30,138411,2019-09-08 12:06:10:141,0.2331,1.585,9.8215,-0.0081,-0.0179,9.8066,-0.0246,-0.0118,-0.0089,-0.25,-34.31,23.38,6.78,-78.46,-175.36,6.450659340659341,1.0,52.40252536263736,-1.5576214725274726
52.40252298901099,-1.5576331978021978,164.19,,2,227.07,30 / 30,138511,2019-09-08 12:06:10:241,-0.5376,0.3282,9.9573,-0.0107,-0.0101,9.8065,-0.1364,0.0112,0.0117,0.13,-34.06,23.63,7.01,-78.52,-175.1,6.447252747252747,1.0,52.40252298901099,-1.5576331978021978
52.40252061538462,-1.5576449230769231,164.19,,2,227.07,30 / 30,138611,2019-09-08 12:06:10:341,0.3812,0.8872,10.0935,-0.0103,-0.0144,9.8066,-0.0672,-0.0416,0.0065,-0.12,-34.62,23.56,7.69,-78.57,-174.68,6.443846153846154,1.0,52.40252061538462,-1.5576449230769231
52.402518241758244,-1.5576566483516485,164.19,,2,227.07,30 / 30,138711,2019-09-08 12:06:10:441,0.552,1.1345,9.5226,-0.0023,-0.0036,9.8066,-0.0417,0.0214,0.0014,-0.69,-34.5,23.94,4.94,-78.53,-174.17,6.44043956043956,1.0,52.402518241758244,-1.5576566483516485
52.40251586813187,-1.5576683736263737,164.19,,2,227.07,30 / 30,138811,2019-09-08 12:06:10:541,0.3231,2.1253,9.8453,-0.0041,-0.0264,9.8066,-0.1009,0.0026,-0.0136,-0.19,-34.37,24.13,8.71,-78.43,-173.93,6.437032967032967,1.0,52.40251586813187,-1.5576683736263737
52.40251349450549,-1.557680098901099,164.19,,2,227.07,30 / 30,138911,2019-09-08 12:06:10:641,0.4349,1.9575,9.6754,-0.0069,0.0385,9.8065,0.0272,0.0106,0.0351,-1.06,-35.37,23.31,5.37,-78.43,-173.88,6.433626373626374,1.0,52.40251349450549,-1.557680098901099
52.40251112087912,-1.5576918241758242,164.19,,2,227.07,30 / 30,139011,2019-09-08 12:06:10:741,0.029,1.3095,9.3775,-0.0118,0.0355,9.8065,-0.0148,-0.0111,0.0071,-0.12,-34.06,23.31,10.27,-78.66,-172.9,6.4302197802197805,1.0,52.40251112087912,-1.5576918241758242
52.402508747252746,-1.5577035494505496,164.19,,2,227.07,30 / 30,139111,2019-09-08 12:06:10:841,-0.2258,1.6088,9.4039,-0.0037,0.0195,9.8065,0.0258,0.011,0.0042,-0.81,-34.62,24.06,7.06,-78.61,-172.72,6.426813186813186,1.0,52.402508747252746,-1.5577035494505496
52.40250637362637,-1.5577152747252747,164.19,,2,227.07,30 / 30,139211,2019-09-08 12:06:10:941,-0.6112,2.1746,9.9474,-0.0104,0.0138,9.8066,-0.0075,0.0228,-0.0238,-0.62,-35.56,23.25,7.34,-78.65,-172.56,6.423406593406593,1.0,52.40250637362637,-1.5577152747252747
52.402504,-1.557727,163.69,6.42,2,259.82,30 / 30,139311,2019-09-08 12:06:11:041,0.7028,1.6695,9.3125,0.0015,0.0204,9.8066,0.0001,0.001,0.0013,0.25,-34.56,23.56,10.99,-78.71,-172.34,6.42,1.0,52.402504,-1.557727
52.40250373033708,-1.5577297303370787,163.69,,2,259.82,30 / 30,139410,2019-09-08 12:06:11:140,0.3517,1.2812,9.3775,0.0096,0.0138,9.8066,-0.0211,-0.0663,0.015,-0.5,-35.19,23.88,11.3,-78.78,-172.1,6.347865168539326,1.0,52.40250373033708,-1.5577297303370787
52.402503460674154,-1.5577324606741574,163.69,,2,259.82,30 / 30,139511,2019-09-08 12:06:11:241,0.2888,1.6457,9.8896,-0.007,-0.0066,9.8066,-0.0272,-0.0202,0.0148,-0.19,-35.12,23.56,11.2,-78.79,-172.17,6.2757303370786515,1.0,52.402503460674154,-1.5577324606741574
52.402503191011235,-1.557735191011236,163.69,,2,259.82,30 / 30,139611,2019-09-08 12:06:11:341,-0.5151,1.8546,10.0155,-0.002,0.0142,9.8065,0.0262,0.0382,-0.064,-0.19,-34.62,23.31,11.63,-78.71,-172.04,6.203595505617978,1.0,52.402503191011235,-1.557735191011236
52.402502921348315,-1.5577379213483147,163.69,,2,259.82,30 / 30,139711,2019-09-08 12:06:11:441,0.1548,0.4751,10.034,0.0047,0.0187,9.8066,0.0967,-0.0047,0.0361,-0.87,-34.31,23.75,7.37,-78.8,-172.4,6.131460674157303,1.0,52.402502921348315,-1.5577379213483147
52.402502651685396,-1.5577406516853933,163.69,,2,259.82,30 / 30,139812,2019-09-08 12:06:11:542,-1.2332,1.2165,10.535,-0.0051,-0.0402,9.8065,-0.0912,0.0515,-0.0686,-0.31,-34.87,23.88,11.26,-78.77,-172.13,6.059325842696629,1.0,52.402502651685396,-1.5577406516853933
52.40250238202247,-1.557743382022472,163.69,,2,259.82,30 / 30,139911,2019-09-08 12:06:11:641,-0.1724,0.8164,10.0043,0.0042,-0.0252,9.8066,0.004,0.0378,-0.0048,-0.44,-35.0,23.94,10.62,-78.7,-172.6,5.9871910112359545,1.0,52.40250238202247,-1.557743382022472
52.40250211235955,-1.5577461123595506,163.69,,2,259.82,30 / 30,140011,2019-09-08 12:06:11:741,0.7516,1.0235,9.8125,0.0051,-0.0227,9.8066,-0.0377,-0.0512,0.0032,-0.37,-34.5,24.13,9.99,-78.65,-172.98,5.915056179775281,1.0,52.40250211235955,-1.5577461123595506
52.40250184269663,-1.5577488426966293,163.69,,2,259.82,30 / 30,140111,2019-09-08 12:06:11:841,-0.1101,1.2771,9.9957,0.0024,-0.0021,9.8066,0.021,-0.0155,0.0069,-0.19,-34.56,24.38,9.87,-78.66,-173.13,5.842921348314607,1.0,52.40250184269663,-1.5577488426966293
52.40250157303371,-1.557751573033708,163.69,,2,259.82,30 / 30,140210,2019-09-08 12:06:11:940,1.0457,1.1456,10.1168,0.0052,0.0034,9.8066,-0.003,-0.0535,0.0163,-0.12,-35.0,23.63,9.71,-78.72,-173.24,5.770786516853932,1.0,52.40250157303371,-1.557751573033708
52.402501303370784,-1.5577543033707866,163.69,,2,259.82,30 / 30,140311,2019-09-08 12:06:12:041,0.3104,1.4744,9.2572,0.0111,-0.011,9.8065,-0.0694,-0.0055,-0.027,0.0,-33.81,23.81,9.02,-78.71,-173.64,5.6986516853932585,1.0,52.402501303370784,-1.5577543033707866
52.402501033707864,-1.5577570337078652,163.69,,2,259.82,30 / 30,140411,2019-09-08 12:06:12:141,0.1887,1.2067,9.4861,-0.0014,0.0143,9.8066,0.0103,0.0289,-0.0104,-0.25,-33.94,24.31,8.41,-78.7,-174.08,5.626516853932584,1.0,52.402501033707864,-1.5577570337078652
52.402500764044945,-1.5577597640449439,163.69,,2,259.82,30 / 30,140511,2019-09-08 12:06:12:241,0.485,1.863,9.9219,0.0013,0.0119,9.8066,0.0487,0.0248,-0.0235,-0.5,-34.44,23.81,8.39,-78.77,-174.08,5.55438202247191,1.0,52.402500764044945,-1.5577597640449439
52.402500494382025,-1.5577624943820225,163.69,,2,259.82,30 / 30,140611,2019-09-08 12:06:12:341,-0.095,1.1093,9.9272,-0.003,-0.0219,9.8066,-0.0388,0.0069,0.0094,0.13,-34.25,23.69,8.21,-78.83,-174.19,5.482247191011236,1.0,52.402500494382025,-1.5577624943820225
52.4025002247191,-1.5577652247191012,163.69,,2,259.82,30 / 30,140711,2019-09-08 12:06:12:441,0.1224,0.8951,9.7052,-0.0037,-0.0101,9.8066,-0.0061,0.0363,-0.0024,-0.44,-34.19,23.81,8.45,-78.73,-174.04,5.410112359550562,1.0,52.4025002247191,-1.5577652247191012
52.40249995505618,-1.5577679550561798,163.69,,2,259.82,30 / 30,140810,2019-09-08 12:06:12:540,-0.1177,1.448,10.0617,0.0082,0.0198,9.8066,-0.0146,0.0374,-0.0472,0.31,-34.06,24.0,8.61,-78.74,-173.92,5.337977528089888,1.0,52.40249995505618,-1.5577679550561798
52.40249968539326,-1.5577706853932585,163.69,,2,259.82,30 / 30,140910,2019-09-08 12:06:12:640,0.1469,1.6683,10.1648,0.0033,0.0108,9.8065,0.0066,0.0005,0.0306,-0.62,-34.81,23.69,4.36,-78.96,-174.55,5.265842696629213,1.0,52.40249968539326,-1.5577706853932585
52.40249941573034,-1.5577734157303371,163.69,,2,259.82,30 / 30,141011,2019-09-08 12:06:12:741,0.1737,1.6129,9.8569,0.0018,-0.0048,9.8066,0.0123,0.0095,-0.0135,-0.25,-34.44,23.44,8.15,-79.0,-174.29,5.193707865168539,1.0,52.40249941573034,-1.5577734157303371
52.40249914606741,-1.5577761460674158,163.69,,2,259.82,30 / 30,141110,2019-09-08 12:06:12:840,0.2369,0.9712,9.7244,0.0047,-0.0043,9.8066,-0.0428,0.0234,0.0017,-0.12,-34.37,23.38,7.83,-79.0,-174.51,5.121573033707865,1.0,52.40249914606741,-1.5577761460674158
52.40249887640449,-1.5577788764044944,163.69,,2,259.82,30 / 30,141213,2019-09-08 12:06:12:943,0.2564,1.4013,9.592,-0.002,0.0149,9.8066,-0.0435,0.0171,0.0185,-0.31,-33.56,23.94,7.46,-79.1,-174.67,5.049438202247191,1.0,52.40249887640449,-1.5577788764044944
52.402498606741574,-1.557781606741573,163.69,,2,259.82,30 / 30,141310,2019-09-08 12:06:13:040,0.2107,1.5159,9.8618,-0.002,0.0118,9.8066,0.0334,0.0166,-0.0067,-0.19,-34.69,23.94,7.8,-79.26,-174.45,4.977303370786517,1.0,52.402498606741574,-1.557781606741573
52.402498337078654,-1.5577843370786517,163.69,,2,259.82,30 / 30,141411,2019-09-08 12:06:13:141,0.1082,1.5101,9.9028,-0.0015,0.0014,9.8066,0.0142,0.0143,0.0109,-0.75,-34.31,23.5,4.77,-79.31,-174.18,4.905168539325842,1.0,52.402498337078654,-1.5577843370786517
52.40249806741573,-1.5577870674157304,163.69,,2,259.82,30 / 30,141511,2019-09-08 12:06:13:241,0.1118,0.817,10.207,0.0003,-0.0024,9.8066,-0.0196,0.0077,-0.0007,-0.06,-35.06,23.81,8.28,-79.29,-174.1,4.833033707865169,1.0,52.40249806741573,-1.5577870674157304
52.40249779775281,-1.557789797752809,163.69,,2,259.82,30 / 30,141611,2019-09-08 12:06:13:341,0.0679,1.3673,9.8796,0.004,-0.0028,9.8066,-0.0154,0.0036,-0.0118,0.06,-34.0,23.25,8.4,-79.37,-174.02,4.760898876404494,1.0,52.40249779775281,-1.557789797752809
52.40249752808989,-1.5577925280898877,163.69,,2,259.82,30 / 30,141710,2019-09-08 12:06:13:440,0.4204,1.5344,9.6415,0.0027,0.0028,9.8066,-0.036,0.0018,0.0053,-0.44,-33.87,23.25,8.04,-79.45,-174.26,4.68876404494382,1.0,52.40249752808989,-1.5577925280898877
52.40249725842697,-1.5577952584269663,163.69,,2,259.82,30 / 30,141811,2019-09-08 12:06:13:541,0.3993,1.7358,9.9778,0.0029,0.0065,9.8066,-0.0112,0.0177,-0.006,0.31,-34.0,23.75,7.87,-79.55,-174.28,4.6166292134831455,1.0,52.40249725842697,-1.5577952584269663
52.40249698876404,-1.557797988764045,163.69,,2,259.82,30 / 30,141911,2019-09-08 12:06:13:641,0.1563,1.4498,9.7979,0.0028,0.0029,9.8066,-0.0242,0.0015,-0.0033,-0.69,-34.56,23.81,4.33,-79.63,-174.49,4.544494382022472,1.0,52.40249698876404,-1.557797988764045
52.40249671910112,-1.5578007191011236,163.69,,2,259.82,30 / 30,142011,2019-09-08 12:06:13:741,0.3245,1.391,9.5965,-0.0043,0.0075,9.8066,-0.0066,-0.0175,0.0173,-0.62,-34.12,23.88,4.26,-79.69,-174.5,4.472359550561798,1.0,52.40249671910112,-1.5578007191011236
52.4024964494382,-1.5578034494382023,163.69,,2,259.82,30 / 30,142111,2019-09-08 12:06:13:841,0.269,1.6997,10.0343,-0.001,0.0118,9.8066,0.0314,0.0045,0.004,0.13,-34.5,24.31,7.96,-79.75,-174.17,4.400224719101123,1.0,52.4024964494382,-1.5578034494382023
52.402496179775284,-1.557806179775281,163.69,,2,259.82,30 / 30,142211,2019-09-08 12:06:13:941,-0.0611,1.7,10.0867,-0.0026,-0.0103,9.8066,0.0241,-0.0066,0.0128,-0.25,-34.12,24.25,8.01,-79.81,-174.12,4.328089887640449,1.0,52.402496179775284,-1.557806179775281
52.40249591011236,-1.5578089101123596,163.69,,2,259.82,30 / 30,142311,2019-09-08 12:06:14:041,0.086,1.1755,9.8298,0.0016,-0.0029,9.8066,-0.0031,-0.0011,-0.003,-0.69,-34.19,23.75,4.81,-79.83,-174.08,4.255955056179775,1.0,52.40249591011236,-1.5578089101123596
52.40249564044944,-1.5578116404494382,163.69,,2,259.82,30 / 30,142411,2019-09-08 12:06:14:141,0.2892,1.6762,9.9035,0.0041,0.0015,9.8066,-0.0255,0.0057,-0.0162,-0.19,-34.12,24.31,7.88,-79.93,-174.19,4.183820224719101,1.0,52.40249564044944,-1.5578116404494382
52.40249537078652,-1.5578143707865169,163.69,,2,259.82,30 / 30,142511,2019-09-08 12:06:14:241,0.2915,1.6817,9.9019,0.0026,-0.0094,9.8066,-0.017,0.0201,-0.0031,-0.25,-34.37,24.25,7.55,-79.99,-174.42,4.111685393258426,1.0,52.40249537078652,-1.5578143707865169
52.40249510112359,-1.5578171011235955,163.69,,2,259.82,30 / 30,142611,2019-09-08 12:06:14:341,0.2996,1.1521,9.6819,0.0001,0.0185,9.8065,-0.045,0.013,-0.0082,-0.69,-33.81,23.88,4.23,-80.05,-174.48,4.0395505617977525,1.0,52.40249510112359,-1.5578171011235955
52.40249483146067,-1.5578198314606742,163.69,,2,259.82,30 / 30,142711,2019-09-08 12:06:14:441,0.0999,1.5219,9.8857,0.0019,0.0102,9.8066,0.0217,-0.0008,0.0019,-0.06,-34.56,24.0,7.49,-80.19,-174.47,3.9674157303370783,1.0,52.40249483146067,-1.5578198314606742
52.40249456179775,-1.5578225617977528,163.69,,2,259.82,30 / 30,142811,2019-09-08 12:06:14:541,0.0993,1.6309,10.0974,-0.0006,-0.0007,9.8066,0.0072,0.0079,0.0003,-0.5,-34.19,23.63,7.52,-80.26,-174.39,3.895280898876404,1.0,52.40249456179775,-1.5578225617977528
52.40249429213483,-1.5578252921348315,163.69,,2,259.82,30 / 30,142911,2019-09-08 12:06:14:641,0.1925,1.3279,9.9445,-0.0003,0.0037,9.8066,0.0117,-0.0052,-0.0049,-0.5,-35.0,23.88,7.64,-80.29,-174.34,3.8231460674157303,1.0,52.40249429213483,-1.5578252921348315
52.402494022471906,-1.55782802247191,163.69,,2,259.82,30 / 30,143011,2019-09-08 12:06:14:741,0.2098,1.2115,9.7711,0.0006,0.0007,9.8066,0.0158,0.0004,-0.001,-0.44,-34.25,23.88,7.53,-80.36,-174.36,3.751011235955056,1.0,52.402494022471906,-1.55782802247191
52.40249375280899,-1.5578307528089888,163.69,,2,259.82,30 / 30,143110,2019-09-08 12:06:14:840,0.0578,1.1595,9.9262,0.0048,0.0002,9.8065,-0.0158,-0.0028,-0.0203,-0.56,-34.06,23.44,4.02,-80.41,-174.53,3.678876404494382,1.0,52.40249375280899,-1.5578307528089888
52.40249348314607,-1.5578334831460674,163.69,,2,259.82,30 / 30,143211,2019-09-08 12:06:14:941,0.0888,1.1566,9.8237,-0.0012,0.0097,9.8066,-0.0271,0.0084,0.0075,-0.25,-33.75,24.25,6.93,-80.48,-174.78,3.6067415730337076,1.0,52.40249348314607,-1.5578334831460674
52.40249321348315,-1.557836213483146,163.69,,2,259.82,30 / 30,143310,2019-09-08 12:06:15:040,0.2501,0.8791,9.7719,0.0024,0.0044,9.8066,0.0147,-0.0129,-0.0026,-0.69,-34.25,23.63,3.69,-80.56,-174.83,3.5346067415730333,1.0,52.40249321348315,-1.557836213483146
52.40249294382022,-1.5578389438202247,163.69,,2,259.82,30 / 30,143411,2019-09-08 12:06:15:141,0.0822,0.8565,9.8327,-0.0033,0.0088,9.8066,0.0116,-0.0142,0.0126,-0.94,-33.44,23.63,3.48,-80.61,-174.96,3.462471910112359,1.0,52.40249294382022,-1.5578389438202247
52.4024926741573,-1.5578416741573033,163.69,,2,259.82,30 / 30,143510,2019-09-08 12:06:15:240,-0.0151,0.6047,9.948,-0.0028,0.0085,9.8066,-0.0017,0.0085,0.0009,-1.12,-32.69,23.75,3.74,-80.68,-174.75,3.3903370786516853,1.0,52.4024926741573,-1.5578416741573033
52.40249240449438,-1.557844404494382,163.69,,2,259.82,30 / 30,143611,2019-09-08 12:06:15:341,0.0924,0.5316,9.9069,-0.0013,-0.0006,9.8066,0.0079,-0.0007,0.0088,-0.56,-33.56,23.56,4.03,-80.81,-174.55,3.318202247191011,1.0,52.40249240449438,-1.557844404494382
52.40249213483146,-1.5578471348314606,163.69,,2,259.82,30 / 30,143710,2019-09-08 12:06:15:440,0.0737,0.5237,9.9082,-0.0007,0.0,9.8065,0.0122,-0.005,-0.0027,-0.81,-33.19,23.81,4.17,-80.86,-174.41,3.246067415730337,1.0,52.40249213483146,-1.5578471348314606
52.402491865168535,-1.5578498651685395,163.69,,2,259.82,30 / 30,143811,2019-09-08 12:06:15:541,0.1143,0.3739,9.9632,-0.0004,0.0076,9.8066,-0.0137,0.0037,0.0034,-0.56,-33.31,23.25,4.21,-80.94,-174.3,3.1739325842696626,1.0,52.402491865168535,-1.5578498651685395
52.402491595505616,-1.5578525955056182,163.69,,2,259.82,30 / 30,143911,2019-09-08 12:06:15:641,0.1399,0.1486,9.8393,0.0015,0.001,9.8066,0.0107,-0.0064,0.0017,-0.56,-33.37,23.88,4.32,-81.02,-174.27,3.1017977528089884,1.0,52.402491595505616,-1.5578525955056182
52.402491325842696,-1.5578553258426968,163.69,,2,259.82,30 / 30,144011,2019-09-08 12:06:15:741,0.1166,0.0662,9.8173,0.0021,0.0101,9.8066,0.0001,-0.0083,-0.0076,-0.25,-33.44,24.0,7.32,-81.03,-174.33,3.029662921348314,1.0,52.402491325842696,-1.5578553258426968
52.40249105617978,-1.5578580561797755,163.69,,2,259.82,30 / 30,144111,2019-09-08 12:06:15:841,0.1372,0.1929,9.74,-0.001,0.0092,9.8066,0.0031,-0.0012,0.0036,0.0,-33.31,23.75,7.23,-81.1,-174.39,2.9575280898876404,1.0,52.40249105617978,-1.5578580561797755
52.40249078651685,-1.5578607865168541,163.69,,2,259.82,29 / 30,144211,2019-09-08 12:06:15:941,0.2077,0.0966,9.8312,0.001,0.0055,9.8066,0.0091,-0.0049,0.0009,0.06,-34.0,23.94,7.26,-81.22,-174.39,2.885393258426966,1.0,52.40249078651685,-1.5578607865168541
52.40249051685393,-1.5578635168539328,163.69,,2,259.82,29 / 30,144311,2019-09-08 12:06:16:041,0.0924,0.1429,9.905,0.0012,0.007,9.8065,-0.0042,-0.0006,0.002,-0.19,-33.5,23.88,7.2,-81.32,-174.37,2.813258426966292,1.0,52.40249051685393,-1.5578635168539328
52.40249024719101,-1.5578662471910114,163.69,,2,259.82,29 / 30,144411,2019-09-08 12:06:16:141,0.1616,0.0205,9.913,0.0007,0.0051,9.8065,-0.0017,0.0138,0.0065,-0.5,-33.44,24.13,7.18,-81.4,-174.37,2.7411235955056177,1.0,52.40249024719101,-1.5578662471910114
52.40248997752809,-1.55786897752809,163.69,,2,259.82,29 / 30,144511,2019-09-08 12:06:16:241,-0.0084,0.2634,9.9299,0.0002,0.0026,9.8065,-0.0096,-0.0043,-0.0087,-0.25,-33.62,23.94,7.25,-81.5,-174.34,2.6689887640449435,1.0,52.40248997752809,-1.55786897752809
52.402489707865165,-1.5578717078651687,163.69,,2,259.82,29 / 30,144611,2019-09-08 12:06:16:341,0.2164,0.3165,9.8564,0.0004,0.0075,9.8066,-0.0145,0.0084,0.0029,-0.25,-33.69,24.38,7.14,-81.59,-174.41,2.596853932584269,1.0,52.402489707865165,-1.5578717078651687
52.402489438202245,-1.5578744382022474,163.69,,2,259.82,29 / 30,144712,2019-09-08 12:06:16:442,0.0296,0.3949,9.8797,0.0002,0.0041,9.8066,0.0003,0.0038,-0.006,-0.25,-33.75,24.19,7.21,-81.67,-174.34,2.524719101123595,1.0,52.402489438202245,-1.5578744382022474
52.402489168539326,-1.557877168539326,163.69,,2,259.82,29 / 30,144811,2019-09-08 12:06:16:541,0.1847,0.6084,9.8024,0.0012,0.0095,9.8065,-0.0059,-0.0084,-0.0001,-0.25,-33.69,24.0,7.04,-81.77,-174.46,2.452584269662921,1.0,52.402489168539326,-1.557877168539326
52.402488898876406,-1.5578798988764047,163.69,,2,259.82,29 / 30,144911,2019-09-08 12:06:16:641,0.0884,0.0774,10.0647,-0.0018,0.0092,9.8066,-0.0023,-0.0008,0.002,-0.62,-33.44,24.56,4.23,-81.91,-174.31,2.380449438202247,1.0,52.402488898876406,-1.5578798988764047
52.40248862921348,-1.5578826292134833,163.69,,2,259.82,29 / 30,145011,2019-09-08 12:06:16:741,0.0022,-0.3736,9.8558,0.0006,0.0025,9.8066,-0.0026,0.0003,0.003,-0.62,-33.31,23.56,4.17,-81.9,-174.3,2.3083146067415727,1.0,52.40248862921348,-1.5578826292134833
52.40248835955056,-1.557885359550562,163.69,,2,259.82,29 / 30,145111,2019-09-08 12:06:16:841,0.0445,-0.5809,9.8437,0.0017,0.0016,9.8066,0.028,0.0033,-0.0078,-0.5,-33.81,24.31,7.07,-81.92,-174.41,2.2361797752808985,1.0,52.40248835955056,-1.557885359550562
52.40248808988764,-1.5578880898876406,163.69,,2,259.82,28 / 28,145211,2019-09-08 12:06:16:941,0.2565,-0.2998,9.6228,0.0024,0.0048,9.8066,0.0188,-0.0142,0.0005,-0.25,-33.69,24.25,6.91,-81.91,-174.53,2.1640449438202243,1.0,52.40248808988764,-1.5578880898876406
52.402487820224714,-1.5578908202247193,163.69,,2,259.82,28 / 28,145310,2019-09-08 12:06:17:040,0.0124,-0.2632,10.0556,-0.0015,0.0035,9.8065,-0.0071,0.002,-0.0025,-0.31,-34.06,23.94,6.9,-81.99,-174.53,2.09191011235955,1.0,52.402487820224714,-1.5578908202247193
52.402487550561794,-1.557893550561798,163.69,,2,259.82,28 / 28,145411,2019-09-08 12:06:17:141,-0.0107,-0.324,9.8325,0.0014,0.0028,9.8065,-0.0068,-0.002,0.0044,-0.19,-33.25,24.63,6.72,-82.04,-174.57,2.0197752808988763,1.0,52.402487550561794,-1.557893550561798
52.402487280898875,-1.5578962808988766,163.69,,2,259.82,28 / 28,145511,2019-09-08 12:06:17:241,0.1497,-0.1451,9.7811,0.0013,0.0038,9.8066,0.0121,0.0059,-0.0087,-0.25,-33.44,24.0,6.7,-82.07,-174.63,1.9476404494382018,1.0,52.402487280898875,-1.5578962808988766
52.402487011235955,-1.5578990112359552,163.69,,2,259.82,28 / 28,145611,2019-09-08 12:06:17:341,0.1294,-0.3049,9.9608,-0.0004,0.0029,9.8065,-0.0051,-0.0075,0.0024,-0.5,-33.25,24.13,6.55,-82.14,-174.74,1.8755056179775278,1.0,52.402487011235955,-1.5578990112359552
52.40248674157303,-1.5579017415730338,163.69,,2,259.82,28 / 28,145711,2019-09-08 12:06:17:441,0.0415,-0.3675,9.8662,-0.0005,0.0023,9.8066,0.0055,-0.002,0.0066,-0.12,-33.62,23.81,6.68,-82.18,-174.66,1.8033707865168536,1.0,52.40248674157303,-1.5579017415730338
52.40248647191011,-1.5579044719101125,163.69,,2,259.82,28 / 28,145811,2019-09-08 12:06:17:541,0.0768,-0.506,9.8067,0.0009,0.0031,9.8066,0.0064,-0.0028,0.0003,-0.75,-33.06,23.81,3.69,-82.22,-174.64,1.7312359550561793,1.0,52.40248647191011,-1.5579044719101125
52.40248620224719,-1.5579072022471911,163.69,,2,259.82,28 / 28,145911,2019-09-08 12:06:17:641,0.0539,-0.616,9.7265,0.0013,0.0019,9.8066,0.0104,-0.0023,-0.0074,-0.25,-33.37,23.69,6.51,-82.27,-174.75,1.6591011235955053,1.0,52.40248620224719,-1.5579072022471911
52.40248593258427,-1.5579099325842698,163.69,,2,259.82,28 / 28,146012,2019-09-08 12:06:17:742,0.1059,-0.3104,9.9804,0.0001,0.0026,9.8066,0.001,0.0041,0.0067,-0.75,-34.0,24.38,3.55,-82.3,-174.77,1.586966292134831,1.0,52.40248593258427,-1.5579099325842698
52.40248566292134,-1.5579126629213484,163.69,,2,259.82,28 / 28,146111,2019-09-08 12:06:17:841,0.0208,-0.3416,9.8324,-0.0001,0.0015,9.8065,0.0039,-0.0044,-0.0025,-0.06,-33.62,24.06,6.58,-82.34,-174.72,1.5148314606741569,1.0,52.40248566292134,-1.5579126629213484
52.402485393258424,-1.557915393258427,163.69,,2,259.82,28 / 28,146211,2019-09-08 12:06:17:941,0.0288,-0.5463,9.8283,0.0008,0.0031,9.8066,0.0039,-0.0028,-0.0057,-0.31,-33.5,24.06,6.55,-82.39,-174.7,1.4426966292134829,1.0,52.402485393258424,-1.557915393258427
52.402485123595504,-1.5579181235955057,163.69,,2,259.82,28 / 28,146311,2019-09-08 12:06:18:041,0.0297,-0.5248,9.8008,0.0003,0.0034,9.8066,0.0026,0.0059,0.0028,-0.56,-33.37,24.38,3.57,-82.43,-174.72,1.3705617977528086,1.0,52.402485123595504,-1.5579181235955057
52.402484853932584,-1.5579208539325844,163.69,,2,259.82,28 / 28,146411,2019-09-08 12:06:18:141,0.1355,-0.2926,9.9219,0.0017,0.0045,9.8066,-0.0072,-0.0017,-0.0052,-0.5,-33.44,24.38,6.45,-82.47,-174.77,1.2984269662921344,1.0,52.402484853932584,-1.5579208539325844
52.40248458426966,-1.557923584269663,163.69,,2,259.82,28 / 28,146511,2019-09-08 12:06:18:241,0.1032,-0.4648,9.7632,0.0,0.0033,9.8066,-0.0034,0.0016,0.0049,-1.12,-33.75,23.75,3.5,-82.54,-174.78,1.2262921348314602,1.0,52.40248458426966,-1.557923584269663
52.40248431460674,-1.5579263146067417,163.69,,2,259.82,28 / 28,146611,2019-09-08 12:06:18:341,0.0953,-0.4557,9.8925,0.0011,0.0031,9.8066,0.023,-0.0176,-0.0028,-0.56,-33.94,23.63,3.4,-82.56,-174.87,1.1541573033707861,1.0,52.40248431460674,-1.5579263146067417
52.40248404494382,-1.5579290449438203,163.69,,2,259.82,28 / 28,146711,2019-09-08 12:06:18:441,0.1226,-0.4659,9.8684,-0.0006,0.0063,9.8066,-0.0121,-0.0019,0.0034,-0.44,-33.62,23.94,6.18,-82.59,-174.99,1.082022471910112,1.0,52.40248404494382,-1.5579290449438203
52.4024837752809,-1.557931775280899,163.69,,2,259.82,28 / 28,146810,2019-09-08 12:06:18:540,0.0493,-0.4982,9.787,0.0007,0.0004,9.8066,0.0019,-0.0024,0.0094,-0.75,-33.12,24.13,3.3,-82.68,-174.92,1.0098876404494377,1.0,52.4024837752809,-1.557931775280899
52.40248350561797,-1.5579345056179776,163.69,,2,259.82,28 / 28,146911,2019-09-08 12:06:18:641,0.0929,-0.4404,9.9588,0.0013,0.0028,9.8066,-0.0026,-0.0024,-0.0091,-1.06,-33.75,24.5,3.26,-82.72,-175.03,0.9377528089887637,1.0,52.40248350561797,-1.5579345056179776
52.40248323595505,-1.5579372359550563,163.69,,2,259.82,28 / 28,147011,2019-09-08 12:06:18:741,0.0425,-0.4904,9.8375,0.001,0.0016,9.8066,0.0038,-0.0033,0.0045,-0.62,-33.56,24.06,3.11,-82.75,-175.09,0.8656179775280894,1.0,52.40248323595505,-1.5579372359550563
52.40248296629213,-1.557939966292135,163.69,,2,259.82,28 / 28,147111,2019-09-08 12:06:18:841,0.0143,-0.5202,9.8462,0.0019,0.0015,9.8066,0.0034,-0.0055,-0.0099,-0.06,-33.44,23.69,5.76,-82.78,-175.28,0.7934831460674153,1.0,52.40248296629213,-1.557939966292135
52.402482696629214,-1.5579426966292136,163.69,,2,259.82,28 / 29,147211,2019-09-08 12:06:18:941,0.0846,-0.4296,9.8887,-0.0004,0.0044,9.8065,-0.0033,-0.0003,0.007,-0.25,-33.94,24.19,5.77,-82.83,-175.29,0.7213483146067411,1.0,52.402482696629214,-1.5579426966292136
52.40248242696629,-1.5579454269662922,163.69,,2,259.82,28 / 29,147311,2019-09-08 12:06:19:041,0.0002,-0.5144,9.8447,0.0008,0.0008,9.8065,-0.0118,0.0012,-0.0042,-1.0,-33.56,24.44,2.87,-82.85,-175.27,0.649213483146067,1.0,52.40248242696629,-1.5579454269662922
52.40248215730337,-1.5579481573033709,163.69,,2,259.82,28 / 29,147411,2019-09-08 12:06:19:141,-0.0175,-0.5097,9.8525,0.0008,0.0042,9.8066,-0.0195,0.0136,0.0044,-0.31,-33.25,23.75,5.74,-82.89,-175.28,0.5770786516853929,1.0,52.40248215730337,-1.5579481573033709
52.40248188764045,-1.5579508876404495,163.69,,2,259.82,28 / 29,147511,2019-09-08 12:06:19:241,0.0754,-0.5692,9.8589,0.0015,0.0031,9.8066,-0.0068,-0.0001,-0.0038,-0.19,-33.0,24.25,5.56,-82.95,-175.42,0.5049438202247186,1.0,52.40248188764045,-1.5579508876404495
52.40248161797753,-1.5579536179775282,163.69,,2,259.82,28 / 29,147610,2019-09-08 12:06:19:340,-0.065,-0.4939,9.9474,0.0005,0.0015,9.8066,0.018,-0.0061,0.0096,0.0,-33.75,24.44,5.5,-82.96,-175.49,0.4328089887640445,1.0,52.40248161797753,-1.5579536179775282
52.4024813483146,-1.5579563483146068,163.69,,2,259.82,28 / 29,147711,2019-09-08 12:06:19:441,0.0259,-0.5039,9.808,0.0025,0.0012,9.8066,0.0113,-0.0045,-0.0024,-0.25,-33.62,24.38,5.36,-82.96,-175.61,0.3606741573033703,1.0,52.4024813483146,-1.5579563483146068
52.40248107865168,-1.5579590786516855,163.69,,2,259.82,28 / 29,147811,2019-09-08 12:06:19:541,0.0339,-0.4954,9.7861,0.0008,0.0015,9.8066,0.0151,-0.0077,0.0016,-0.06,-33.56,23.56,5.49,-82.97,-175.5,0.28853932584269615,1.0,52.40248107865168,-1.5579590786516855
52.40248080898876,-1.5579618089887641,163.69,,2,259.82,28 / 29,147911,2019-09-08 12:06:19:641,0.0361,-0.4481,9.9368,0.0009,0.005,9.8066,-0.0003,-0.0033,-0.0025,-0.44,-33.94,23.56,5.36,-82.98,-175.61,0.216404494382022,1.0,52.40248080898876,-1.5579618089887641
52.40248053932584,-1.5579645393258428,163.69,,2,259.82,28 / 29,148010,2019-09-08 12:06:19:740,0.0354,-0.566,9.8048,0.0003,-0.0018,9.8066,0.0074,-0.0058,0.0087,-0.19,-33.25,23.94,5.24,-83.01,-175.68,0.14426966292134785,1.0,52.40248053932584,-1.5579645393258428
52.40248026966292,-1.5579672696629214,163.69,,2,259.82,28 / 29,148111,2019-09-08 12:06:19:841,0.0482,-0.5524,9.7661,0.0011,-0.0002,9.8065,-0.0147,0.0069,0.0002,-0.19,-33.62,24.13,5.12,-83.03,-175.8,0.07213483146067368,1.0,52.40248026966292,-1.5579672696629214
52.40248,-1.55797,163.71,0.0,2,262.44,28 / 28,148211,2019-09-08 12:06:19:941,0.0147,-0.4465,9.9398,0.0,-0.0011,9.8066,-0.0046,0.0038,0.0081,-0.44,-33.56,24.25,5.12,-83.03,-175.8,0.0,1.0,52.40248,-1.55797
52.402479939393935,-1.557970575757576,163.71,,2,262.44,28 / 28,148311,2019-09-08 12:06:20:041,-0.022,-0.474,9.8124,0.0008,0.0014,9.8066,0.0011,0.006,-0.0055,-0.12,-34.12,24.25,4.95,-83.04,-175.94,0.023809523809523808,1.0,52.402479939393935,-1.557970575757576
52.40247987878788,-1.5579711515151515,163.71,,2,262.44,28 / 28,148410,2019-09-08 12:06:20:140,0.0789,-0.4634,9.8801,-0.0007,0.0005,9.8066,0.0027,0.0006,0.0015,-0.19,-33.25,24.75,4.76,-83.06,-176.03,0.047619047619047616,1.0,52.40247987878788,-1.5579711515151515
52.40247981818182,-1.5579717272727274,163.71,,2,262.44,28 / 28,148511,2019-09-08 12:06:20:241,-0.0389,-0.4795,9.8971,0.0009,0.0008,9.8066,0.0116,-0.0123,0.0038,-0.44,-33.56,23.88,4.86,-83.05,-176.01,0.07142857142857142,1.0,52.40247981818182,-1.5579717272727274
52.402479757575755,-1.5579723030303032,163.71,,2,262.44,28 / 28,148611,2019-09-08 12:06:20:341,0.0695,-0.5683,9.8035,0.0004,0.0005,9.8066,0.0247,-0.0102,0.0001,-0.69,-33.81,24.38,1.85,-83.07,-176.09,0.09523809523809523,1.0,52.402479757575755,-1.5579723030303032
52.40247969696969,-1.5579728787878788,163.71,,2,262.44,28 / 28,148711,2019-09-08 12:06:20:441,0.0702,-0.4479,9.9406,0.0018,0.0034,9.8066,-0.0063,0.0051,0.0008,-0.12,-34.06,23.75,4.7,-83.04,-176.14,0.11904761904761904,1.0,52.40247969696969,-1.5579728787878788
52.40247963636364,-1.5579734545454547,163.71,,2,262.44,28 / 28,148811,2019-09-08 12:06:20:541,0.0248,-0.5303,9.8594,-0.0009,0.0007,9.8066,-0.0026,0.0014,0.0005,0.06,-33.94,23.63,4.59,-83.06,-176.23,0.14285714285714285,1.0,52.40247963636364,-1.5579734545454547
52.402479575757575,-1.5579740303030303,163.71,,2,262.44,28 / 28,148910,2019-09-08 12:06:20:640,-0.0242,-0.5024,9.8145,0.0014,-0.0001,9.8066,-0.0122,0.0144,0.0064,-0.37,-33.75,24.06,4.55,-83.04,-176.27,0.16666666666666666,1.0,52.402479575757575,-1.5579740303030303
52.40247951515151,-1.5579746060606061,163.71,,2,262.44,28 / 28,149011,2019-09-08 12:06:20:741,0.0479,-0.4085,9.8967,0.0007,-0.0011,9.8066,-0.0134,0.0077,-0.0024,-0.62,-33.12,24.0,1.46,-83.05,-176.41,0.19047619047619047,1.0,52.40247951515151,-1.5579746060606061
52.40247945454545,-1.557975181818182,163.71,,2,262.44,28 / 28,149111,2019-09-08 12:06:20:841,0.087,-0.4761,9.9036,0.0016,0.0017,9.8066,0.0154,-0.002,0.0054,-0.56,-33.12,23.81,1.34,-83.05,-176.5,0.21428571428571427,1.0,52.40247945454545,-1.557975181818182
52.402479393939394,-1.5579757575757576,163.71,,2,262.44,28 / 28,149211,2019-09-08 12:06:20:941,0.0506,-0.5051,9.857,0.0,-0.0013,9.8066,0.0097,-0.0226,-0.0063,-0.37,-33.5,24.56,4.09,-83.05,-176.59,0.23809523809523808,1.0,52.402479393939394,-1.5579757575757576
52.40247933333333,-1.5579763333333334,163.71,,2,262.44,28 / 28,149310,2019-09-08 12:06:21:040,-0.0482,-0.5364,9.8017,-0.0003,-0.001,9.8066,0.0146,-0.0049,0.001,-0.25,-33.75,23.81,4.06,-83.04,-176.67,0.26190476190476186,1.0,52.40247933333333,-1.5579763333333334
52.40247927272727,-1.5579769090909092,163.71,,2,262.44,28 / 28,149411,2019-09-08 12:06:21:141,0.0689,-0.4953,9.8449,0.0017,0.0006,9.8066,0.0087,-0.0098,-0.0154,0.19,-33.56,24.44,3.93,-83.03,-176.77,0.2857142857142857,1.0,52.40247927272727,-1.5579769090909092
52.40247921212121,-1.5579774848484849,163.71,,2,262.44,28 / 28,149511,2019-09-08 12:06:21:241,0.0917,-0.4438,9.913,0.0008,-0.0017,9.8066,0.0131,-0.0118,0.0074,-0.44,-33.87,24.0,3.79,-83.01,-176.89,0.30952380952380953,1.0,52.40247921212121,-1.5579774848484849
52.40247915151515,-1.5579780606060607,163.71,,2,262.44,28 / 28,149611,2019-09-08 12:06:21:341,-0.0313,-0.5487,9.7988,0.0002,-0.001,9.8066,-0.0068,-0.0042,-0.0031,-0.75,-33.0,24.69,1.02,-83.02,-176.86,0.3333333333333333,1.0,52.40247915151515,-1.5579780606060607
52.40247909090909,-1.5579786363636365,163.71,,2,262.44,28 / 28,149711,2019-09-08 12:06:21:441,0.0628,-0.4372,9.7896,0.0,-0.0022,9.8066,-0.0024,0.006,0.0017,-0.62,-33.69,24.31,0.92,-83.01,-176.86,0.3571428571428571,1.0,52.40247909090909,-1.5579786363636365
52.40247903030303,-1.5579792121212122,163.71,,2,262.44,28 / 28,149810,2019-09-08 12:06:21:540,0.0806,-0.4835,9.9303,0.0001,-0.0026,9.8066,-0.0152,0.0132,0.0,-0.62,-33.19,24.13,0.77,-82.99,-176.98,0.38095238095238093,1.0,52.40247903030303,-1.5579792121212122
52.402478969696965,-1.557979787878788,163.71,,2,262.44,28 / 28,149911,2019-09-08 12:06:21:641,-0.0061,-0.6072,9.8363,0.0,-0.0018,9.8066,-0.0058,0.0142,0.0058,-0.44,-33.5,24.25,3.68,-82.96,-176.97,0.40476190476190477,1.0,52.402478969696965,-1.557979787878788
52.40247890909091,-1.5579803636363636,163.71,,2,262.44,28 / 28,150010,2019-09-08 12:06:21:740,0.087,-0.5372,9.7887,-0.0003,-0.0037,9.8066,-0.0012,0.0007,-0.0024,-0.81,-33.87,23.75,0.72,-82.95,-177.02,0.42857142857142855,1.0,52.40247890909091,-1.5579803636363636
52.40247884848485,-1.5579809393939394,163.71,,2,262.44,28 / 28,150111,2019-09-08 12:06:21:841,0.0153,-0.4717,9.9541,0.0003,-0.001,9.8066,0.0111,-0.0009,-0.0036,-0.62,-34.06,24.0,0.75,-82.91,-177.0,0.45238095238095233,1.0,52.40247884848485,-1.5579809393939394
52.402478787878785,-1.5579815151515153,163.71,,2,262.44,28 / 29,150211,2019-09-08 12:06:21:941,0.0037,-0.5528,9.8754,-0.0004,-0.0041,9.8066,0.0088,-0.0077,0.0003,-0.19,-33.56,24.31,3.61,-82.9,-177.05,0.47619047619047616,1.0,52.402478787878785,-1.5579815151515153
52.40247872727272,-1.557982090909091,163.71,,2,262.44,28 / 29,150311,2019-09-08 12:06:22:041,0.0109,-0.5672,9.8526,0.0008,-0.0034,9.8066,0.0041,-0.0072,-0.0048,0.13,-33.62,24.5,3.57,-82.88,-177.06,0.5,1.0,52.40247872727272,-1.557982090909091
52.40247866666667,-1.5579826666666667,163.71,,2,262.44,28 / 29,150411,2019-09-08 12:06:22:141,0.0797,-0.3092,9.9714,0.0002,-0.0001,9.8066,-0.0173,0.0021,0.003,-0.44,-33.69,23.94,3.54,-82.84,-177.12,0.5238095238095237,1.0,52.40247866666667,-1.5579826666666667
52.402478606060605,-1.5579832424242426,163.71,,2,262.44,28 / 29,150510,2019-09-08 12:06:22:240,-0.1396,-0.5314,9.7956,0.0002,-0.0024,9.8066,-0.019,0.0084,-0.0048,-0.12,-33.69,24.13,3.53,-82.81,-177.12,0.5476190476190476,1.0,52.402478606060605,-1.5579832424242426
52.40247854545454,-1.5579838181818182,163.71,,2,262.44,28 / 29,150610,2019-09-08 12:06:22:340,-0.0546,-0.5839,9.8862,0.0003,-0.0021,9.8065,-0.0128,0.0146,0.0016,-0.25,-33.19,24.06,3.46,-82.81,-177.16,0.5714285714285714,1.0,52.40247854545454,-1.5579838181818182
52.40247848484848,-1.557984393939394,163.71,,2,262.44,28 / 29,150711,2019-09-08 12:06:22:441,0.0971,-0.4292,9.8954,0.0006,0.0017,9.8066,0.001,-0.0008,-0.0066,-0.5,-33.5,24.38,3.37,-82.78,-177.24,0.5952380952380952,1.0,52.40247848484848,-1.557984393939394
52.402478424242425,-1.5579849696969699,163.71,,2,262.44,28 / 29,150811,2019-09-08 12:06:22:541,-0.0297,-0.5061,9.8443,-0.0006,-0.0052,9.8066,0.0185,-0.0086,0.0084,-0.75,-33.5,24.44,0.45,-82.76,-177.25,0.6190476190476191,1.0,52.402478424242425,-1.5579849696969699
52.40247836363636,-1.5579855454545455,163.71,,2,262.44,28 / 29,150910,2019-09-08 12:06:22:640,-0.0116,-0.5237,9.8581,0.0009,-0.0033,9.8066,-0.0017,-0.0065,-0.0113,-0.56,-33.56,24.31,0.49,-82.72,-177.22,0.6428571428571428,1.0,52.40247836363636,-1.5579855454545455
52.4024783030303,-1.5579861212121213,163.71,,2,262.44,28 / 29,151011,2019-09-08 12:06:22:741,0.0776,-0.3645,9.8755,-0.0001,-0.0051,9.8066,0.0027,0.0016,0.0019,-0.06,-33.0,24.38,3.3,-82.68,-177.3,0.6666666666666666,1.0,52.4024783030303,-1.5579861212121213
52.40247824242424,-1.557986696969697,163.71,,2,262.44,28 / 29,151111,2019-09-08 12:06:22:841,0.0297,-0.4982,9.8024,0.0011,0.0029,9.8066,-0.0085,-0.0003,-0.0018,-0.5,-33.37,24.75,3.16,-82.67,-177.39,0.6904761904761905,1.0,52.40247824242424,-1.557986696969697
52.40247818181818,-1.5579872727272728,163.71,,2,262.44,28 / 29,151211,2019-09-08 12:06:22:941,-0.0031,-0.547,9.8367,-0.0004,-0.002,9.8066,-0.0103,0.0048,0.0128,-0.06,-33.5,24.31,3.22,-82.64,-177.37,0.7142857142857142,1.0,52.40247818181818,-1.5579872727272728
52.40247812121212,-1.5579878484848486,163.71,,2,262.44,27 / 27,151311,2019-09-08 12:06:23:041,0.0776,-0.3791,9.9155,0.0007,0.0011,9.8066,0.005,0.0027,-0.0072,-0.56,-33.12,24.94,0.53,-82.61,-177.27,0.738095238095238,1.0,52.40247812121212,-1.5579878484848486
52.40247806060606,-1.5579884242424242,163.71,,2,262.44,27 / 27,151410,2019-09-08 12:06:23:140,-0.0469,-0.4903,9.8545,0.0002,-0.0051,9.8066,0.0141,-0.0107,0.0038,-0.06,-33.69,24.56,3.15,-82.57,-177.43,0.7619047619047619,1.0,52.40247806060606,-1.5579884242424242
52.402477999999995,-1.557989,163.71,,2,262.44,27 / 27,151511,2019-09-08 12:06:23:241,-0.0551,-0.511,9.8377,0.002,-0.0036,9.8066,0.008,-0.0082,-0.0119,-0.12,-33.5,24.06,3.01,-82.52,-177.55,0.7857142857142857,1.0,52.402477999999995,-1.557989
52.40247793939394,-1.557989575757576,163.71,,2,262.44,27 / 27,151610,2019-09-08 12:06:23:340,0.0725,-0.3419,9.8947,0.0003,-0.0015,9.8066,-0.0017,0.0038,0.0037,-0.44,-33.69,23.81,3.05,-82.49,-177.54,0.8095238095238095,1.0,52.40247793939394,-1.557989575757576
52.40247787878788,-1.5579901515151515,163.71,,2,262.44,27 / 27,151711,2019-09-08 12:06:23:441,-0.0377,-0.4413,9.8597,0.0008,-0.0024,9.8065,-0.0145,0.0022,-0.0025,-0.56,-33.81,24.75,0.11,-82.46,-177.62,0.8333333333333333,1.0,52.40247787878788,-1.5579901515151515
52.402477818181815,-1.5579907272727274,163.71,,2,262.44,27 / 27,151811,2019-09-08 12:06:23:541,-0.0756,-0.5121,9.8563,-0.0012,-0.0047,9.8066,-0.0128,0.0079,0.0097,0.06,-33.87,24.38,3.06,-82.44,-177.54,0.8571428571428571,1.0,52.402477818181815,-1.5579907272727274
52.40247775757575,-1.5579913030303032,163.71,,2,262.44,27 / 27,151910,2019-09-08 12:06:23:640,0.0919,-0.3354,9.8931,0.0009,-0.0038,9.8066,-0.0038,-0.0076,-0.0065,-0.56,-33.56,24.31,0.05,-82.39,-177.57,0.8809523809523809,1.0,52.40247775757575,-1.5579913030303032
52.4024776969697,-1.5579918787878788,163.71,,2,262.44,27 / 27,152011,2019-09-08 12:06:23:741,-0.0366,-0.4466,9.8353,-0.0002,-0.0032,9.8066,0.0133,-0.0031,0.0049,-0.69,-33.69,23.81,359.93,-82.34,-177.67,0.9047619047619047,1.0,52.4024776969697,-1.5579918787878788
52.402477636363635,-1.5579924545454547,163.71,,2,262.44,27 / 27,152111,2019-09-08 12:06:23:841,-0.056,-0.3849,9.9292,0.0018,-0.0034,9.8065,0.0096,-0.0041,-0.009,-0.31,-33.81,24.0,2.81,-82.29,-177.75,0.9285714285714285,1.0,52.402477636363635,-1.5579924545454547
52.40247757575757,-1.5579930303030303,163.71,,2,262.44,27 / 27,152211,2019-09-08 12:06:23:941,0.0016,-0.4141,9.8139,0.0022,-0.0012,9.8066,0.0097,0.0029,0.0015,-0.31,-33.37,24.56,2.82,-82.27,-177.71,0.9523809523809523,1.0,52.40247757575757,-1.5579930303030303
52.40247751515151,-1.557993606060606,163.71,,2,262.44,27 / 27,152311,2019-09-08 12:06:24:041,0.066,-0.3841,9.8922,-0.0002,-0.0047,9.8066,-0.0113,0.0025,-0.0023,-0.19,-33.44,24.75,2.66,-82.24,-177.84,0.9761904761904762,1.0,52.40247751515151,-1.557993606060606
52.402477454545455,-1.557994181818182,163.71,,2,262.44,27 / 27,152410,2019-09-08 12:06:24:140,-0.0505,-0.2079,9.9414,0.0006,-0.0048,9.8066,-0.0145,0.009,0.0072,-0.19,-33.81,23.88,2.66,-82.18,-177.88,1.0,1.0,52.402477454545455,-1.557994181818182
52.40247739393939,-1.5579947575757576,163.71,,2,262.44,27 / 27,152511,2019-09-08 12:06:24:241,-0.0095,-0.4762,9.7332,0.0009,-0.0014,9.8066,-0.0143,0.0103,-0.0044,-0.37,-33.94,25.13,2.61,-82.15,-177.9,1.0238095238095237,1.0,52.40247739393939,-1.5579947575757576
52.40247733333333,-1.5579953333333334,163.71,,2,262.44,27 / 27,152610,2019-09-08 12:06:24:340,0.1091,-0.3608,9.8576,0.0008,0.0009,9.8066,0.0049,-0.0056,0.0053,-0.31,-33.5,24.5,2.48,-82.12,-177.99,1.0476190476190474,1.0,52.40247733333333,-1.5579953333333334
52.40247727272727,-1.5579959090909092,163.71,,2,262.44,27 / 27,152710,2019-09-08 12:06:24:440,-0.0073,-0.3529,9.9376,0.0008,-0.0022,9.8066,-0.0119,0.0016,-0.0045,-0.25,-33.31,24.56,2.44,-82.09,-178.03,1.0714285714285714,1.0,52.40247727272727,-1.5579959090909092
52.40247721212121,-1.5579964848484849,163.71,,2,262.44,27 / 27,152811,2019-09-08 12:06:24:541,-0.0518,-0.4819,9.785,-0.0002,-0.0038,9.8066,0.0139,-0.0081,0.0033,-0.31,-33.56,24.19,2.42,-82.07,-178.07,1.0952380952380951,1.0,52.40247721212121,-1.5579964848484849
52.40247715151515,-1.5579970606060607,163.71,,2,262.44,27 / 27,152911,2019-09-08 12:06:24:641,0.0849,-0.4156,9.8564,0.0004,-0.0028,9.8066,0.0118,-0.0095,-0.0031,0.25,-32.94,23.44,2.52,-82.03,-178.01,1.119047619047619,1.0,52.40247715151515,-1.5579970606060607
52.40247709090909,-1.5579976363636365,163.71,,2,262.44,27 / 27,153011,2019-09-08 12:06:24:741,-0.0047,-0.2675,9.9188,0.0012,-0.0009,9.8066,0.008,-0.0087,0.0035,-0.75,-33.69,24.19,359.38,-82.0,-178.1,1.1428571428571428,1.0,52.40247709090909,-1.5579976363636365
52.402477030303025,-1.5579982121212121,163.71,,2,262.44,27 / 27,153110,2019-09-08 12:06:24:840,0.0101,-0.3697,9.7987,-0.0011,0.0008,9.8066,-0.0042,0.0066,0.0,-0.25,-32.87,23.5,2.37,-81.95,-178.11,1.1666666666666665,1.0,52.402477030303025,-1.5579982121212121
52.40247696969697,-1.557998787878788,163.71,,2,262.44,28 / 28,153212,2019-09-08 12:06:24:942,0.0336,-0.2871,9.8255,0.0003,-0.0016,9.8066,-0.0027,0.0057,0.0071,-0.19,-33.69,24.06,2.36,-81.92,-178.13,1.1904761904761905,1.0,52.40247696969697,-1.557998787878788
52.40247690909091,-1.5579993636363636,163.71,,2,262.44,28 / 28,153311,2019-09-08 12:06:25:041,-0.0183,-0.263,9.886,0.0,0.0,9.8066,-0.0054,0.01,-0.0011,-0.44,-34.0,24.19,2.45,-81.89,-178.07,1.2142857142857142,1.0,52.40247690909091,-1.5579993636363636
52.402476848484845,-1.5579999393939394,163.71,,2,262.44,28 / 28,153411,2019-09-08 12:06:25:141,0.0376,-0.3106,9.766,-0.0006,-0.0023,9.8066,0.002,0.003,0.0002,-0.87,-33.5,24.25,359.37,-81.88,-178.11,1.2380952380952381,1.0,52.402476848484845,-1.5579999393939394
52.40247678787878,-1.5580005151515153,163.71,,2,262.44,28 / 28,153510,2019-09-08 12:06:25:240,0.0778,-0.3244,9.8387,0.0006,0.0004,9.8066,0.0112,-0.0133,0.0021,-0.62,-33.19,24.25,359.56,-81.82,-177.97,1.2619047619047619,1.0,52.40247678787878,-1.5580005151515153
52.40247672727273,-1.558001090909091,163.71,,2,262.44,28 / 28,153611,2019-09-08 12:06:25:341,-0.0883,-0.1656,9.835,-0.0013,0.0007,9.8066,0.009,-0.0095,0.0032,-0.37,-33.31,23.56,2.61,-81.82,-177.93,1.2857142857142856,1.0,52.40247672727273,-1.558001090909091
52.402476666666665,-1.5580016666666667,163.71,,2,262.44,28 / 28,153711,2019-09-08 12:06:25:441,0.0296,-0.3187,9.9148,0.0003,-0.0052,9.8066,-0.0052,0.0048,0.0056,-0.75,-33.0,24.0,359.71,-81.79,-177.85,1.3095238095238095,1.0,52.402476666666665,-1.5580016666666667
52.4024766060606,-1.5580022424242426,163.71,,2,262.44,28 / 28,153811,2019-09-08 12:06:25:541,0.0511,-0.2973,9.8171,0.0002,-0.0007,9.8066,-0.0011,0.0053,-0.0038,-0.56,-34.25,23.81,359.71,-81.75,-177.85,1.3333333333333333,1.0,52.4024766060606,-1.5580022424242426
52.40247654545454,-1.5580028181818182,163.71,,2,262.44,28 / 28,153911,2019-09-08 12:06:25:641,-0.0773,-0.3039,9.8434,0.0004,-0.0022,9.8066,-0.017,0.0118,0.0062,-0.81,-33.5,23.94,359.69,-81.73,-177.86,1.357142857142857,1.0,52.40247654545454,-1.5580028181818182
52.402476484848485,-1.558003393939394,163.71,,2,262.44,28 / 28,154011,2019-09-08 12:06:25:741,0.0587,-0.275,9.9076,-0.0009,-0.0022,9.8066,-0.003,0.0169,-0.0033,-0.5,-33.44,23.88,2.73,-81.7,-177.84,1.380952380952381,1.0,52.402476484848485,-1.558003393939394
52.40247642424242,-1.5580039696969699,163.71,,2,262.44,28 / 28,154111,2019-09-08 12:06:25:841,0.0734,-0.283,9.7572,0.0007,0.0014,9.8066,0.0158,-0.0057,0.0047,-0.06,-33.25,24.06,2.8,-81.68,-177.79,1.4047619047619047,1.0,52.40247642424242,-1.5580039696969699
52.40247636363636,-1.5580045454545455,163.71,,2,262.44,29 / 29,154211,2019-09-08 12:06:25:941,-0.0589,-0.3349,9.8821,0.0001,-0.002,9.8066,0.0108,-0.0129,-0.0039,-0.31,-33.56,24.25,2.79,-81.66,-177.81,1.4285714285714284,1.0,52.40247636363636,-1.5580045454545455
52.4024763030303,-1.5580051212121213,163.71,,2,262.44,29 / 29,154311,2019-09-08 12:06:26:041,-0.0235,-0.2572,9.7847,0.001,-0.0001,9.8066,0.0076,-0.0039,0.001,-0.31,-33.37,24.13,2.69,-81.65,-177.87,1.4523809523809523,1.0,52.4024763030303,-1.5580051212121213
52.40247624242424,-1.558005696969697,163.71,,2,262.44,29 / 29,154411,2019-09-08 12:06:26:141,0.1104,-0.2853,9.8187,-0.0014,-0.0028,9.8066,-0.0001,0.0009,-0.0033,-0.62,-33.56,24.44,359.59,-81.64,-177.94,1.476190476190476,1.0,52.40247624242424,-1.558005696969697
52.40247618181818,-1.5580062727272728,163.71,,2,262.44,29 / 29,154511,2019-09-08 12:06:26:241,0.0626,-0.1445,9.9615,0.001,-0.0021,9.8066,-0.0036,0.0028,0.0108,-0.56,-33.56,24.31,359.67,-81.59,-177.87,1.5,1.0,52.40247618181818,-1.5580062727272728
52.40247612121212,-1.5580068484848486,163.71,,2,262.44,29 / 29,154611,2019-09-08 12:06:26:341,0.0139,-0.1149,9.8718,-0.0008,-0.0024,9.8066,-0.011,0.0027,0.001,-0.37,-32.94,24.0,2.78,-81.56,-177.81,1.5238095238095237,1.0,52.40247612121212,-1.5580068484848486
52.402476060606055,-1.5580074242424242,163.71,,2,262.44,29 / 29,154710,2019-09-08 12:06:26:440,0.0682,-0.2083,9.7929,0.0007,-0.0003,9.8066,0.0061,0.0017,0.003,-0.5,-33.31,24.25,2.75,-81.54,-177.83,1.5476190476190474,1.0,52.402476060606055,-1.5580074242424242
52.402476,-1.558008,163.71,,2,262.44,29 / 29,154811,2019-09-08 12:06:26:541,0.0553,-0.216,9.9247,-0.0002,-0.0016,9.8066,-0.0055,-0.0038,-0.0024,-0.44,-33.5,24.69,2.7,-81.52,-177.86,1.5714285714285714,1.0,52.402476,-1.558008
52.40247593939394,-1.558008575757576,163.71,,2,262.44,29 / 29,154911,2019-09-08 12:06:26:641,0.0273,-0.0782,9.9418,-0.0003,-0.0015,9.8066,0.0186,-0.0026,-0.0036,-0.5,-33.37,23.44,2.7,-81.51,-177.9,1.5952380952380951,1.0,52.40247593939394,-1.558008575757576
52.402475878787875,-1.5580091515151515,163.71,,2,262.44,29 / 29,155011,2019-09-08 12:06:26:741,0.0654,-0.1781,9.7978,0.0001,-0.0036,9.8066,-0.0008,-0.0046,-0.008,0.0,-33.69,24.13,2.68,-81.49,-177.91,1.619047619047619,1.0,52.402475878787875,-1.5580091515151515
52.40247581818181,-1.5580097272727274,163.71,,2,262.44,29 / 29,155111,2019-09-08 12:06:26:841,0.0679,-0.3003,9.8834,-0.0004,-0.0019,9.8066,0.0151,-0.0128,0.0034,-0.62,-33.75,24.31,359.55,-81.47,-177.96,1.6428571428571428,1.0,52.40247581818181,-1.5580097272727274
52.40247575757576,-1.5580103030303032,163.71,,2,262.44,28 / 29,155211,2019-09-08 12:06:26:941,-0.0094,-0.0838,9.944,-0.0001,-0.0046,9.8066,-0.0068,-0.006,0.0002,-0.25,-33.37,24.31,2.64,-81.42,-177.93,1.6666666666666665,1.0,52.40247575757576,-1.5580103030303032
52.402475696969695,-1.5580108787878788,163.71,,2,262.44,28 / 29,155311,2019-09-08 12:06:27:041,0.084,-0.1923,9.796,-0.0003,-0.0016,9.8065,-0.0057,0.005,0.0047,0.0,-33.44,23.94,2.63,-81.41,-177.94,1.6904761904761905,1.0,52.402475696969695,-1.5580108787878788
52.40247563636363,-1.5580114545454546,163.71,,2,262.44,28 / 29,155411,2019-09-08 12:06:27:141,0.0302,-0.0546,9.922,0.001,0.0,9.8066,-0.0148,0.0082,-0.0019,0.0,-33.25,24.19,2.6,-81.39,-177.97,1.7142857142857142,1.0,52.40247563636363,-1.5580114545454546
52.40247557575757,-1.5580120303030303,163.71,,2,262.44,28 / 29,155511,2019-09-08 12:06:27:241,-0.0213,-0.3733,9.8565,-0.0004,-0.0025,9.8066,-0.006,0.007,0.0017,0.88,-33.19,24.88,5.34,-81.38,-178.06,1.738095238095238,1.0,52.40247557575757,-1.5580120303030303
52.402475515151515,-1.558012606060606,163.71,,2,262.44,28 / 29,155611,2019-09-08 12:06:27:341,0.0117,-0.1611,9.7643,0.0006,-0.0016,9.8066,-0.0108,0.002,-0.0012,1.88,-32.94,24.75,8.31,-81.36,-177.99,1.7619047619047619,1.0,52.402475515151515,-1.558012606060606
52.40247545454545,-1.558013181818182,163.71,,2,262.44,28 / 29,155711,2019-09-08 12:06:27:441,0.03,-0.1848,9.9196,-0.0003,-0.0009,9.8066,0.0189,-0.0181,-0.0059,0.63,-33.31,23.19,5.78,-81.35,-178.02,1.7857142857142856,1.0,52.40247545454545,-1.558013181818182
52.40247539393939,-1.5580137575757576,163.71,,2,262.44,28 / 29,155811,2019-09-08 12:06:27:541,-0.0115,-0.2795,9.859,0.0013,-0.0009,9.8066,0.0042,-0.0123,0.0015,0.19,-32.5,22.38,2.47,-81.31,-178.1,1.8095238095238093,1.0,52.40247539393939,-1.5580137575757576
52.40247533333333,-1.5580143333333334,163.71,,2,262.44,28 / 29,155911,2019-09-08 12:06:27:641,0.0583,-0.2134,9.7907,-0.0014,-0.0023,9.8066,0.0007,-0.004,-0.0112,0.0,-33.56,23.63,2.4,-81.31,-178.14,1.8333333333333333,1.0,52.40247533333333,-1.5580143333333334
52.40247527272727,-1.5580149090909092,163.71,,2,262.44,28 / 29,156011,2019-09-08 12:06:27:741,0.0123,-0.2152,9.8895,0.0008,-0.0001,9.8066,-0.0097,0.0088,0.0023,-0.44,-32.75,23.88,2.37,-81.28,-178.15,1.857142857142857,1.0,52.40247527272727,-1.5580149090909092
52.40247521212121,-1.5580154848484848,163.71,,2,262.44,28 / 29,156111,2019-09-08 12:06:27:841,-0.0553,-0.1436,9.9354,-0.0009,-0.0017,9.8066,-0.0122,0.0006,-0.0065,-0.44,-33.5,24.25,2.27,-81.26,-178.23,1.880952380952381,1.0,52.40247521212121,-1.5580154848484848
52.40247515151515,-1.5580160606060607,163.71,,2,262.44,28 / 28,156211,2019-09-08 12:06:27:941,0.0235,-0.1389,9.8293,0.001,-0.0017,9.8066,-0.0176,0.013,0.0016,-0.31,-32.81,24.13,2.23,-81.25,-178.26,1.9047619047619047,1.0,52.40247515151515,-1.5580160606060607
52.402475090909086,-1.5580166363636365,163.71,,2,262.44,28 / 28,156311,2019-09-08 12:06:28:041,0.0232,-0.2812,9.7973,-0.0007,0.0005,9.8066,0.0024,0.001,-0.0062,-0.31,-33.5,23.94,2.2,-81.23,-178.28,1.9285714285714284,1.0,52.402475090909086,-1.5580166363636365
52.40247503030303,-1.5580172121212121,163.71,,2,262.44,28 / 28,156411,2019-09-08 12:06:28:141,-0.0198,-0.2112,9.9426,0.0001,0.001,9.8066,0.013,-0.0072,0.0043,-0.44,-33.56,23.88,2.25,-81.22,-178.26,1.9523809523809523,1.0,52.40247503030303,-1.5580172121212121
52.40247496969697,-1.558017787878788,163.71,,2,262.44,28 / 28,156511,2019-09-08 12:06:28:241,0.0375,-0.1382,9.9124,0.0002,-0.0014,9.8066,0.0036,-0.0027,-0.0096,-1.06,-32.69,24.25,359.14,-81.22,-178.29,1.976190476190476,1.0,52.40247496969697,-1.558017787878788
52.402474909090905,-1.5580183636363636,163.71,,2,262.44,28 / 28,156611,2019-09-08 12:06:28:341,-0.0219,-0.2308,9.7744,0.0009,-0.0008,9.8066,0.0104,0.0006,-0.0002,-0.5,-34.12,23.75,2.11,-81.2,-178.37,2.0,1.0,52.402474909090905,-1.5580183636363636
52.40247484848484,-1.5580189393939394,163.71,,2,262.44,28 / 28,156712,2019-09-08 12:06:28:442,0.0836,-0.2458,9.8947,0.0006,-0.0033,9.8066,-0.0002,-0.0062,-0.0025,-0.31,-33.69,23.88,2.15,-81.18,-178.34,2.0238095238095237,1.0,52.40247484848484,-1.5580189393939394
52.40247478787879,-1.5580195151515153,163.71,,2,262.44,28 / 28,156811,2019-09-08 12:06:28:541,-0.0082,-0.1587,9.9411,0.0007,-0.0009,9.8066,0.0011,0.0017,0.0076,-0.06,-33.37,23.88,2.09,-81.16,-178.38,2.0476190476190474,1.0,52.40247478787879,-1.5580195151515153
52.402474727272725,-1.5580200909090909,163.71,,2,262.44,28 / 28,156911,2019-09-08 12:06:28:641,-0.0427,-0.1936,9.8105,0.0007,-0.0004,9.8066,-0.0125,0.0112,-0.0023,-0.69,-33.87,24.25,359.04,-81.14,-178.35,2.071428571428571,1.0,52.402474727272725,-1.5580200909090909
52.40247466666666,-1.5580206666666667,163.71,,2,262.44,28 / 28,157012,2019-09-08 12:06:28:742,0.0585,-0.1201,9.8065,-0.0001,-0.0003,9.8066,-0.0048,0.0025,0.0096,-0.19,-33.62,24.38,2.09,-81.13,-178.39,2.095238095238095,1.0,52.40247466666666,-1.5580206666666667
52.4024746060606,-1.5580212424242426,163.71,,2,262.44,28 / 28,157111,2019-09-08 12:06:28:841,-0.0172,-0.2773,9.8893,-0.0003,-0.0007,9.8066,-0.0144,-0.0013,-0.0016,-0.37,-33.25,24.31,2.14,-81.12,-178.34,2.119047619047619,1.0,52.4024746060606,-1.5580212424242426
52.402474545454545,-1.5580218181818182,163.71,,2,262.44,29 / 29,157212,2019-09-08 12:06:28:942,-0.0091,-0.0979,9.8934,-0.0006,-0.0021,9.8066,-0.0021,-0.0059,0.0006,-0.31,-33.44,24.19,2.1,-81.11,-178.37,2.142857142857143,1.0,52.402474545454545,-1.5580218181818182
52.40247448484848,-1.558022393939394,163.71,,2,262.44,29 / 29,157311,2019-09-08 12:06:29:041,0.0547,-0.1166,9.7932,-0.0001,0.0011,9.8066,0.0125,-0.0067,0.0004,-0.56,-33.31,24.13,359.05,-81.1,-178.35,2.1666666666666665,1.0,52.40247448484848,-1.558022393939394
52.40247442424242,-1.5580229696969699,163.71,,2,262.44,29 / 29,157410,2019-09-08 12:06:29:140,-0.0394,-0.2964,9.8452,-0.0001,0.0,9.8066,0.0173,-0.0214,-0.0014,-0.44,-32.87,24.19,2.12,-81.1,-178.35,2.1904761904761902,1.0,52.40247442424242,-1.5580229696969699
52.40247436363636,-1.5580235454545455,163.71,,2,262.44,29 / 29,157511,2019-09-08 12:06:29:241,0.0131,-0.0701,9.9158,0.0012,-0.0001,9.8066,0.0138,-0.0039,-0.0032,-0.06,-33.75,23.88,2.14,-81.08,-178.36,2.214285714285714,1.0,52.40247436363636,-1.5580235454545455
52.4024743030303,-1.5580241212121213,163.71,,2,262.44,29 / 29,157610,2019-09-08 12:06:29:340,0.039,-0.1714,9.812,-0.0005,-0.0014,9.8066,-0.0015,-0.0046,-0.0022,-0.37,-33.25,24.25,2.02,-81.06,-178.44,2.238095238095238,1.0,52.4024743030303,-1.5580241212121213
52.40247424242424,-1.558024696969697,163.71,,2,262.44,29 / 29,157711,2019-09-08 12:06:29:441,-0.0543,-0.224,9.8289,0.0016,-0.0012,9.8066,-0.0063,0.0097,0.0122,0.25,-33.19,23.5,2.02,-81.05,-178.44,2.261904761904762,1.0,52.40247424242424,-1.558024696969697
52.40247418181818,-1.5580252727272728,163.71,,2,262.44,29 / 29,157811,2019-09-08 12:06:29:541,0.0115,-0.0529,9.9167,-0.0008,-0.0023,9.8066,-0.0167,0.0074,-0.0005,-0.5,-33.31,23.94,2.02,-81.03,-178.44,2.2857142857142856,1.0,52.40247418181818,-1.5580252727272728
52.402474121212116,-1.5580258484848486,163.71,,2,262.44,29 / 29,157910,2019-09-08 12:06:29:640,0.0735,-0.1877,9.8161,0.0006,-0.0007,9.8066,0.0031,-0.0067,0.0076,-0.56,-33.19,24.44,358.88,-81.03,-178.48,2.3095238095238093,1.0,52.402474121212116,-1.5580258484848486
52.40247406060606,-1.5580264242424242,163.71,,2,262.44,29 / 29,158011,2019-09-08 12:06:29:741,-0.0545,-0.1862,9.8105,-0.0005,-0.0017,9.8066,0.0041,-0.0137,-0.0011,-0.5,-33.62,24.13,1.98,-81.02,-178.48,2.333333333333333,1.0,52.40247406060606,-1.5580264242424242
52.402474,-1.558027,163.71,,2,262.44,29 / 29,158111,2019-09-08 12:06:29:841,0.0011,-0.0369,9.8523,-0.0002,-0.0005,9.8066,0.013,-0.0035,-0.0017,-0.81,-33.56,23.63,358.89,-81.01,-178.47,2.357142857142857,1.0,52.402474,-1.558027
52.402473939393936,-1.5580275757575759,163.71,,2,262.44,29 / 29,158211,2019-09-08 12:06:29:941,0.0591,-0.1453,9.7992,-0.001,-0.0007,9.8066,0.0061,-0.003,-0.0086,-0.5,-33.19,23.94,2.03,-81.0,-178.43,2.380952380952381,1.0,52.402473939393936,-1.5580275757575759
52.40247387878787,-1.5580281515151515,163.71,,2,262.44,29 / 29,158311,2019-09-08 12:06:30:041,0.0446,-0.0366,9.9314,-0.0003,-0.0018,9.8066,0.0062,-0.0068,0.0029,-0.06,-33.37,24.5,1.92,-80.98,-178.5,2.4047619047619047,1.0,52.40247387878787,-1.5580281515151515
52.40247381818182,-1.5580287272727273,163.71,,2,262.44,29 / 29,158410,2019-09-08 12:06:30:140,0.0261,-0.0603,9.9193,0.0004,-0.0024,9.8066,-0.0122,0.0009,0.0016,-0.44,-33.37,24.13,1.96,-80.97,-178.48,2.4285714285714284,1.0,52.40247381818182,-1.5580287272727273
52.402473757575756,-1.5580293030303032,163.71,,2,262.44,29 / 29,158510,2019-09-08 12:06:30:240,0.0307,-0.1175,9.8113,-0.0004,0.0005,9.8066,-0.0014,0.0074,0.0067,0.19,-33.25,24.25,1.89,-80.95,-178.54,2.452380952380952,1.0,52.402473757575756,-1.5580293030303032
52.40247369696969,-1.5580298787878788,163.71,,2,262.44,29 / 29,158611,2019-09-08 12:06:30:341,0.0375,-0.2464,9.9138,0.0001,-0.0027,9.8066,-0.0171,0.0065,-0.0001,-0.19,-33.37,24.19,1.94,-80.93,-178.5,2.4761904761904763,1.0,52.40247369696969,-1.5580298787878788
52.40247363636363,-1.5580304545454546,163.71,,2,262.44,29 / 29,158710,2019-09-08 12:06:30:440,0.049,-0.0424,9.8979,-0.0005,0.0017,9.8066,0.0073,-0.0026,0.0008,0.31,-33.56,24.38,1.92,-80.93,-178.53,2.5,1.0,52.40247363636363,-1.5580304545454546
52.402473575757575,-1.5580310303030303,163.71,,2,262.44,29 / 29,158811,2019-09-08 12:06:30:541,0.0037,-0.052,9.8239,-0.0003,-0.0005,9.8066,-0.0029,-0.0103,-0.0026,-0.31,-33.44,24.69,1.97,-80.92,-178.47,2.5238095238095237,1.0,52.402473575757575,-1.5580310303030303
52.40247351515151,-1.558031606060606,163.71,,2,262.44,29 / 29,158911,2019-09-08 12:06:30:641,0.0145,-0.236,9.7851,0.0001,0.0006,9.8066,0.0294,-0.0232,-0.0061,-0.37,-33.31,24.69,1.94,-80.91,-178.49,2.5476190476190474,1.0,52.40247351515151,-1.558031606060606
52.40247345454545,-1.558032181818182,163.71,,2,262.44,29 / 29,159011,2019-09-08 12:06:30:741,-0.0008,-0.0748,9.9052,0.0007,-0.0016,9.8066,0.0058,-0.0103,0.0019,-0.56,-32.69,24.06,358.79,-80.88,-178.54,2.571428571428571,1.0,52.40247345454545,-1.558032181818182
52.40247339393939,-1.5580327575757575,163.71,,2,262.44,29 / 29,159111,2019-09-08 12:06:30:841,0.0065,-0.0304,9.9226,0.0,-0.0024,9.8066,0.0054,-0.007,-0.0021,-0.69,-33.5,24.25,358.77,-80.87,-178.56,2.595238095238095,1.0,52.40247339393939,-1.5580327575757575
52.40247333333333,-1.5580333333333334,163.71,,2,262.44,30 / 30,159211,2019-09-08 12:06:30:941,0.0051,-0.2974,9.7994,0.001,-0.0008,9.8066,-0.0091,0.0069,0.0023,-0.19,-33.69,24.81,1.92,-80.85,-178.52,2.619047619047619,1.0,52.40247333333333,-1.5580333333333334
52.40247327272727,-1.5580339090909092,163.71,,2,262.44,30 / 30,159311,2019-09-08 12:06:31:041,-0.0397,-0.2279,9.8073,-0.0017,-0.002,9.8066,-0.0217,0.0107,-0.0012,-0.19,-33.62,24.5,1.83,-80.85,-178.59,2.642857142857143,1.0,52.40247327272727,-1.5580339090909092
52.40247321212121,-1.5580344848484848,163.71,,2,262.44,30 / 30,159411,2019-09-08 12:06:31:141,-0.0448,-0.1057,9.9402,0.0003,-0.0029,9.8066,-0.024,0.0093,0.0069,-0.31,-33.5,24.0,1.9,-80.82,-178.54,2.6666666666666665,1.0,52.40247321212121,-1.5580344848484848
52.402473151515146,-1.5580350606060607,163.71,,2,262.44,30 / 30,159511,2019-09-08 12:06:31:241,-0.0251,-0.1953,9.805,-0.0002,0.0007,9.8065,-0.0106,-0.0029,-0.0022,-0.19,-33.5,24.25,1.93,-80.83,-178.52,2.6904761904761902,1.0,52.402473151515146,-1.5580350606060607
52.40247309090909,-1.5580356363636365,163.71,,2,262.44,30 / 30,159611,2019-09-08 12:06:31:341,-0.0749,-0.1969,9.8063,-0.0002,0.0039,9.8066,0.0128,-0.0044,0.0064,-0.5,-33.56,24.56,1.9,-80.84,-178.53,2.714285714285714,1.0,52.40247309090909,-1.5580356363636365
52.40247303030303,-1.5580362121212121,163.71,,2,262.44,30 / 30,159711,2019-09-08 12:06:31:441,-0.0551,-0.1762,9.9032,-0.0007,-0.0021,9.8066,0.0025,-0.0007,-0.0091,-0.06,-33.94,24.5,1.94,-80.83,-178.51,2.738095238095238,1.0,52.40247303030303,-1.5580362121212121
52.402472969696966,-1.558036787878788,163.71,,2,262.44,30 / 30,159811,2019-09-08 12:06:31:541,0.027,-0.0793,9.879,0.0005,0.0008,9.8066,0.0189,-0.005,0.0025,-0.25,-33.37,24.31,1.93,-80.81,-178.51,2.761904761904762,1.0,52.402472969696966,-1.558036787878788
52.4024729090909,-1.5580373636363636,163.71,,2,262.44,30 / 30,159910,2019-09-08 12:06:31:640,-0.1008,-0.1867,9.8577,0.0001,-0.0009,9.8066,-0.0027,-0.012,-0.0044,-0.31,-33.69,24.5,2.01,-80.8,-178.45,2.7857142857142856,1.0,52.4024729090909,-1.5580373636363636
52.40247284848485,-1.5580379393939394,163.71,,2,262.44,30 / 30,160011,2019-09-08 12:06:31:741,-0.0534,-0.233,9.8599,0.0008,-0.0014,9.8066,0.0036,0.0026,0.0065,-0.37,-33.87,24.38,1.93,-80.79,-178.53,2.8095238095238093,1.0,52.40247284848485,-1.5580379393939394
52.402472787878786,-1.5580385151515153,163.71,,2,262.44,30 / 30,160111,2019-09-08 12:06:31:841,0.0263,-0.037,9.905,0.0004,0.0009,9.8066,-0.0132,0.02,0.0018,-0.37,-32.94,24.38,1.97,-80.77,-178.49,2.833333333333333,1.0,52.402472787878786,-1.5580385151515153
52.40247272727272,-1.5580390909090909,163.71,,2,262.44,28 / 28,160210,2019-09-08 12:06:31:940,-0.077,-0.1701,9.8895,-0.0004,0.0025,9.8066,-0.0008,0.0129,0.0055,0.0,-33.44,24.38,1.93,-80.78,-178.52,2.8571428571428568,1.0,52.40247272727272,-1.5580390909090909
52.40247266666666,-1.5580396666666667,163.71,,2,262.44,28 / 28,160311,2019-09-08 12:06:32:041,-0.0271,-0.2205,9.8108,0.0011,0.0008,9.8066,-0.0088,0.0178,0.0023,-0.75,-33.69,24.81,358.95,-80.79,-178.52,2.880952380952381,1.0,52.40247266666666,-1.5580396666666667
52.402472606060606,-1.5580402424242425,163.71,,2,262.44,28 / 28,160411,2019-09-08 12:06:32:141,0.041,-0.0865,9.9317,0.0004,-0.0007,9.8066,0.0024,0.0017,0.0021,0.0,-33.06,23.56,2.05,-80.77,-178.43,2.9047619047619047,1.0,52.402472606060606,-1.5580402424242425
52.40247254545454,-1.5580408181818182,163.71,,2,262.44,28 / 28,160511,2019-09-08 12:06:32:241,-0.0184,-0.0881,9.9242,-0.0001,0.0002,9.8066,0.0198,-0.008,0.0031,-1.0,-33.56,24.31,358.86,-80.77,-178.48,2.9285714285714284,1.0,52.40247254545454,-1.5580408181818182
52.40247248484848,-1.558041393939394,163.71,,2,262.44,28 / 28,160611,2019-09-08 12:06:32:341,-0.0651,-0.1294,9.8125,0.001,-0.0006,9.8066,0.018,-0.0237,0.0001,-0.31,-33.62,24.44,2.08,-80.75,-178.42,2.952380952380952,1.0,52.40247248484848,-1.558041393939394
52.40247242424242,-1.5580419696969698,163.71,,2,262.44,28 / 28,160711,2019-09-08 12:06:32:441,0.0148,-0.0793,9.9089,-0.0008,-0.0013,9.8066,0.0081,-0.0039,-0.0004,-0.19,-33.19,24.31,1.98,-80.75,-178.48,2.976190476190476,1.0,52.40247242424242,-1.5580419696969698
52.40247236363636,-1.5580425454545455,163.71,,2,262.44,28 / 28,160811,2019-09-08 12:06:32:541,0.0514,-0.091,9.9327,-0.0002,0.002,9.8066,-0.0047,0.0039,0.0002,-0.56,-33.25,23.81,358.91,-80.73,-178.45,3.0,1.0,52.40247236363636,-1.5580425454545455
52.4024723030303,-1.5580431212121213,163.71,,2,262.44,28 / 28,160911,2019-09-08 12:06:32:641,-0.0404,-0.0756,9.8278,0.0003,-0.0012,9.8066,-0.0057,0.0143,0.005,-1.12,-33.19,24.69,359.08,-80.74,-178.42,3.0238095238095237,1.0,52.4024723030303,-1.5580431212121213
52.40247224242424,-1.558043696969697,163.71,,2,262.44,28 / 28,161011,2019-09-08 12:06:32:741,-0.02,-0.2221,9.8696,0.0005,0.0003,9.8066,-0.0197,0.0061,0.0012,-0.37,-33.44,24.31,2.1,-80.73,-178.4,3.0476190476190474,1.0,52.40247224242424,-1.558043696969697
52.402472181818176,-1.5580442727272727,163.71,,2,262.44,28 / 28,161111,2019-09-08 12:06:32:841,0.0261,-0.093,9.9275,0.0001,-0.0016,9.8066,0.0075,-0.0098,0.0048,0.25,-33.31,24.19,2.02,-80.72,-178.45,3.071428571428571,1.0,52.402472181818176,-1.5580442727272727
52.40247212121212,-1.5580448484848486,163.71,,2,262.44,29 / 29,161212,2019-09-08 12:06:32:942,0.0078,0.0303,9.8786,0.0015,0.0003,9.8066,-0.0047,-0.0087,-0.0057,-0.31,-33.62,24.13,1.97,-80.7,-178.5,3.095238095238095,1.0,52.40247212121212,-1.5580448484848486
52.40247206060606,-1.5580454242424242,163.71,,2,262.44,29 / 29,161311,2019-09-08 12:06:33:041,-0.053,-0.1984,9.8133,-0.0006,-0.0025,9.8066,0.0232,-0.0053,-0.0023,0.0,-33.37,23.81,1.8,-80.69,-178.62,3.119047619047619,1.0,52.40247206060606,-1.5580454242424242
52.402471999999996,-1.558046,163.71,,2,262.44,29 / 29,161411,2019-09-08 12:06:33:141,0.047,-0.0081,9.8469,0.0003,0.001,9.8066,0.0002,-0.0054,-0.0076,-0.25,-33.44,23.88,1.74,-80.67,-178.67,3.142857142857143,1.0,52.402471999999996,-1.558046
52.402471939393934,-1.5580465757575759,163.71,,2,262.44,29 / 29,161510,2019-09-08 12:06:33:240,0.0628,0.0158,9.9219,-0.0006,0.001,9.8066,0.0191,-0.0153,0.0024,-0.25,-33.56,24.56,1.76,-80.67,-178.65,3.1666666666666665,1.0,52.402471939393934,-1.5580465757575759
52.40247187878788,-1.5580471515151515,163.71,,2,262.44,29 / 29,161611,2019-09-08 12:06:33:341,-0.0904,-0.2472,9.8202,0.0006,-0.0021,9.8066,-0.0017,-0.0071,-0.0048,-0.62,-33.44,24.44,358.58,-80.67,-178.7,3.1904761904761902,1.0,52.40247187878788,-1.5580471515151515
52.402471818181816,-1.5580477272727273,163.71,,2,262.44,29 / 29,161710,2019-09-08 12:06:33:440,0.0518,-0.1144,9.8082,-0.0011,-0.0015,9.8066,-0.0028,0.0018,0.0033,-0.31,-33.31,24.63,1.72,-80.65,-178.67,3.214285714285714,1.0,52.402471818181816,-1.5580477272727273
52.40247175757575,-1.5580483030303032,163.71,,2,262.44,29 / 29,161811,2019-09-08 12:06:33:541,0.0525,-0.118,9.9364,0.0007,-0.0004,9.8065,-0.0116,0.0164,-0.0019,-0.94,-33.69,24.19,358.56,-80.65,-178.7,3.238095238095238,1.0,52.40247175757575,-1.5580483030303032
52.40247169696969,-1.5580488787878788,163.71,,2,262.44,29 / 29,161911,2019-09-08 12:06:33:641,-0.0824,-0.1016,9.8906,0.0,-0.0018,9.8065,-0.0106,0.0044,0.0006,-0.25,-33.5,24.0,1.68,-80.64,-178.72,3.261904761904762,1.0,52.40247169696969,-1.5580488787878788
52.402471636363636,-1.5580494545454546,163.71,,2,262.44,29 / 29,162011,2019-09-08 12:06:33:741,0.0213,-0.0477,9.7732,-0.0001,0.0004,9.8066,-0.0175,0.0033,-0.0014,-0.12,-34.19,24.88,1.63,-80.62,-178.75,3.2857142857142856,1.0,52.402471636363636,-1.5580494545454546
52.40247157575757,-1.5580500303030302,163.71,,2,262.44,29 / 29,162111,2019-09-08 12:06:33:841,0.0548,-0.1173,9.8523,-0.0004,0.0007,9.8066,0.0125,-0.0171,-0.0016,-0.62,-33.62,24.38,358.49,-80.61,-178.75,3.3095238095238093,1.0,52.40247157575757,-1.5580500303030302
52.40247151515151,-1.558050606060606,163.71,,2,262.44,29 / 29,162211,2019-09-08 12:06:33:941,-0.1115,-0.142,9.8156,-0.001,-0.0003,9.8066,0.0077,-0.008,0.0017,-0.5,-33.25,24.06,1.54,-80.61,-178.83,3.333333333333333,1.0,52.40247151515151,-1.558050606060606
52.40247145454545,-1.558051181818182,163.71,,2,262.44,29 / 29,162310,2019-09-08 12:06:34:040,-0.0743,-0.1884,9.8614,0.0005,-0.0011,9.8066,0.0118,-0.0054,-0.0124,-0.69,-33.75,24.13,358.45,-80.6,-178.79,3.3571428571428568,1.0,52.40247145454545,-1.558051181818182
52.40247139393939,-1.5580517575757575,163.71,,2,262.44,29 / 29,162411,2019-09-08 12:06:34:141,0.072,-0.0241,9.9322,-0.0004,-0.0005,9.8066,0.0009,0.0048,0.0041,-0.19,-33.56,24.0,1.51,-80.6,-178.86,3.380952380952381,1.0,52.40247139393939,-1.5580517575757575
52.40247133333333,-1.5580523333333334,163.71,,2,262.44,29 / 29,162511,2019-09-08 12:06:34:241,-0.0864,-0.1239,9.8676,0.0006,0.0001,9.8066,-0.0059,0.0035,-0.0024,-0.37,-33.44,24.19,1.44,-80.59,-178.9,3.4047619047619047,1.0,52.40247133333333,-1.5580523333333334
52.40247127272727,-1.5580529090909092,163.71,,2,262.44,29 / 29,162611,2019-09-08 12:06:34:341,-0.0737,-0.1995,9.8475,-0.0006,-0.001,9.8066,-0.0124,0.0118,0.0034,-0.44,-33.37,24.13,1.47,-80.58,-178.88,3.4285714285714284,1.0,52.40247127272727,-1.5580529090909092
52.402471212121206,-1.5580534848484848,163.71,,2,262.44,29 / 29,162710,2019-09-08 12:06:34:440,0.034,-0.0364,9.9041,0.0005,-0.0006,9.8066,-0.0026,0.0049,-0.0067,-0.81,-33.12,23.94,358.35,-80.57,-178.87,3.452380952380952,1.0,52.402471212121206,-1.5580534848484848
52.40247115151515,-1.5580540606060607,163.71,,2,262.44,29 / 29,162811,2019-09-08 12:06:34:541,-0.0258,-0.1642,9.8537,-0.0001,-0.0008,9.8066,0.012,-0.0089,0.0051,0.06,-33.5,24.13,1.5,-80.56,-178.86,3.476190476190476,1.0,52.40247115151515,-1.5580540606060607
52.40247109090909,-1.5580546363636365,163.71,,2,262.44,29 / 29,162911,2019-09-08 12:06:34:641,-0.0546,-0.1839,9.7971,0.0001,0.0007,9.8066,0.0051,-0.0035,-0.0077,-0.87,-33.75,24.38,358.31,-80.55,-178.89,3.5,1.0,52.40247109090909,-1.5580546363636365
52.402471030303026,-1.5580552121212121,163.71,,2,262.44,29 / 29,163011,2019-09-08 12:06:34:741,0.0027,-0.1497,9.9027,-0.0008,-0.0005,9.8066,0.02,-0.0057,0.0025,-0.25,-33.56,24.19,1.47,-80.54,-178.89,3.5238095238095237,1.0,52.402471030303026,-1.5580552121212121
52.402470969696964,-1.558055787878788,163.71,,2,262.44,29 / 29,163110,2019-09-08 12:06:34:840,-0.0006,-0.0336,9.8367,0.0017,-0.0005,9.8066,0.0116,-0.0014,-0.0094,-0.87,-33.5,24.25,358.23,-80.54,-178.96,3.5476190476190474,1.0,52.402470969696964,-1.558055787878788
52.40247090909091,-1.5580563636363636,163.71,,2,262.44,28 / 28,163211,2019-09-08 12:06:34:941,0.0087,-0.1165,9.9375,0.0005,-0.0019,9.8066,0.0083,-0.0002,0.0064,-0.69,-33.81,24.5,358.39,-80.53,-178.94,3.571428571428571,1.0,52.40247090909091,-1.5580563636363636
52.402470848484846,-1.5580569393939394,163.71,,2,262.44,28 / 28,163311,2019-09-08 12:06:35:041,-0.0304,-0.1354,9.763,0.0001,-0.0002,9.8066,-0.0046,0.0088,-0.0004,-0.81,-33.25,24.06,358.2,-80.53,-178.98,3.595238095238095,1.0,52.402470848484846,-1.5580569393939394
52.402470787878784,-1.5580575151515152,163.71,,2,262.44,28 / 28,163411,2019-09-08 12:06:35:141,0.0071,-0.0966,9.932,0.0008,-0.0011,9.8066,0.0008,0.006,0.0062,-0.62,-33.37,24.44,358.25,-80.52,-178.95,3.6190476190476186,1.0,52.402470787878784,-1.5580575151515152
52.40247072727272,-1.5580580909090909,163.71,,2,262.44,28 / 28,163511,2019-09-08 12:06:35:241,0.0045,-0.0362,9.8195,0.0,0.0014,9.8066,-0.0101,0.0172,0.0017,-0.94,-33.19,24.25,358.18,-80.51,-178.99,3.642857142857143,1.0,52.40247072727272,-1.5580580909090909
52.402470666666666,-1.5580586666666667,163.71,,2,262.44,28 / 28,163610,2019-09-08 12:06:35:340,-0.0763,-0.1364,9.803,0.0009,-0.0016,9.8066,0.0017,-0.004,0.0036,-0.56,-33.31,24.25,358.25,-80.51,-178.94,3.6666666666666665,1.0,52.402470666666666,-1.5580586666666667
52.402470606060604,-1.5580592424242425,163.71,,2,262.44,28 / 28,163711,2019-09-08 12:06:35:441,0.0209,-0.0499,9.8621,0.0008,0.0012,9.8066,0.0109,-0.0108,0.0055,-0.37,-34.06,24.56,1.29,-80.5,-179.02,3.6904761904761902,1.0,52.402470606060604,-1.5580592424242425
52.40247054545454,-1.5580598181818182,163.71,,2,262.44,28 / 28,163811,2019-09-08 12:06:35:541,0.0604,-0.0107,9.9391,0.0007,-0.0015,9.8066,0.0114,-0.0146,-0.0005,-0.25,-33.94,24.56,1.34,-80.48,-178.98,3.714285714285714,1.0,52.40247054545454,-1.5580598181818182
52.40247048484848,-1.558060393939394,163.71,,2,262.44,28 / 28,163911,2019-09-08 12:06:35:641,-0.006,-0.0814,9.8228,-0.0018,-0.001,9.8065,0.0052,-0.0001,0.0014,-0.25,-33.62,24.06,1.4,-80.47,-178.95,3.7380952380952377,1.0,52.40247048484848,-1.558060393939394
52.40247042424242,-1.5580609696969698,163.71,,2,262.44,28 / 28,164010,2019-09-08 12:06:35:740,0.0094,-0.0833,9.8401,0.0003,0.0008,9.8066,0.0035,0.0007,-0.0042,-0.62,-33.75,24.44,358.3,-80.47,-178.89,3.761904761904762,1.0,52.40247042424242,-1.5580609696969698
52.40247036363636,-1.5580615454545454,163.71,,2,262.44,28 / 28,164111,2019-09-08 12:06:35:841,-0.0109,0.07,9.9529,-0.0009,0.0009,9.8066,-0.0058,0.0032,0.0047,-0.75,-33.44,24.25,358.32,-80.47,-178.89,3.7857142857142856,1.0,52.40247036363636,-1.5580615454545454
52.4024703030303,-1.5580621212121213,163.71,,2,262.44,29 / 29,164211,2019-09-08 12:06:35:941,0.0247,-0.0786,9.8371,0.0016,0.0012,9.8066,-0.0149,0.0042,-0.0053,-0.69,-33.0,23.81,358.25,-80.47,-178.94,3.8095238095238093,1.0,52.4024703030303,-1.5580621212121213
52.402470242424236,-1.558062696969697,163.71,,2,262.44,29 / 29,164310,2019-09-08 12:06:36:040,0.0359,-0.0776,9.7794,-0.001,-0.0022,9.8066,0.0025,0.0037,0.0067,-0.81,-33.56,24.38,358.19,-80.46,-178.97,3.833333333333333,1.0,52.402470242424236,-1.558062696969697
52.40247018181818,-1.5580632727272727,163.71,,2,262.44,29 / 29,164410,2019-09-08 12:06:36:140,0.0206,0.0263,9.975,-0.0004,0.0017,9.8066,-0.0026,-0.0021,-0.0036,-0.62,-33.25,24.31,358.2,-80.44,-178.98,3.8571428571428568,1.0,52.40247018181818,-1.5580632727272727
52.40247012121212,-1.5580638484848486,163.71,,2,262.44,29 / 29,164511,2019-09-08 12:06:36:241,0.0034,0.0012,9.8821,0.0001,-0.0015,9.8066,0.0182,0.0014,-0.0066,-0.75,-33.5,24.44,358.28,-80.45,-178.92,3.880952380952381,1.0,52.40247012121212,-1.5580638484848486
52.402470060606056,-1.5580644242424242,163.71,,2,262.44,29 / 29,164610,2019-09-08 12:06:36:340,0.0349,-0.0938,9.82,0.0008,0.0007,9.8066,0.0099,-0.0062,-0.0059,-0.19,-33.81,24.19,1.33,-80.44,-179.0,3.9047619047619047,1.0,52.402470060606056,-1.5580644242424242
52.402469999999994,-1.558065,163.71,,2,262.44,29 / 29,164712,2019-09-08 12:06:36:442,0.0536,-0.0633,9.9169,0.0003,-0.0001,9.8066,0.0129,-0.0067,0.0045,-0.44,-33.69,24.38,1.34,-80.44,-179.0,3.9285714285714284,1.0,52.402469999999994,-1.558065
52.40246993939394,-1.5580655757575759,163.71,,2,262.44,29 / 29,164811,2019-09-08 12:06:36:541,-0.0056,0.1192,9.9526,0.0,0.0,9.8065,-0.016,-0.0017,-0.0033,-0.75,-32.94,23.94,358.16,-80.43,-179.0,3.952380952380952,1.0,52.40246993939394,-1.5580655757575759
52.402469878787876,-1.5580661515151515,163.71,,2,262.44,29 / 29,164911,2019-09-08 12:06:36:641,0.0373,-0.0588,9.7939,-0.0008,-0.0019,9.8066,-0.0002,0.0039,0.0039,-1.06,-33.62,23.75,358.21,-80.42,-178.96,3.976190476190476,1.0,52.402469878787876,-1.5580661515151515
52.402469818181814,-1.5580667272727273,163.71,,2,262.44,29 / 29,165011,2019-09-08 12:06:36:741,0.0223,-0.1223,9.8712,-0.0005,-0.0001,9.8066,-0.0163,0.0095,0.0022,-1.19,-33.81,23.88,358.25,-80.43,-178.93,4.0,1.0,52.402469818181814,-1.5580667272727273
52.40246975757575,-1.5580673030303032,163.71,,2,262.44,29 / 29,165111,2019-09-08 12:06:36:841,-0.0049,0.078,9.9683,-0.001,-0.0013,9.8066,0.0066,-0.0008,-0.001,-0.37,-33.44,24.25,1.52,-80.41,-178.85,4.023809523809524,1.0,52.40246975757575,-1.5580673030303032
52.402469696969696,-1.5580678787878788,163.71,,2,262.44,28 / 29,165211,2019-09-08 12:06:36:941,0.0349,-0.043,9.8289,-0.0011,0.0,9.8066,-0.0028,-0.0038,-0.0021,-0.12,-33.62,24.44,1.5,-80.4,-178.88,4.0476190476190474,1.0,52.402469696969696,-1.5580678787878788
52.402469636363634,-1.5580684545454546,163.71,,2,262.44,28 / 29,165311,2019-09-08 12:06:37:041,0.0226,-0.1376,9.8148,0.0008,-0.0005,9.8066,0.0205,-0.0177,-0.0011,-1.0,-34.12,24.81,358.49,-80.39,-178.86,4.071428571428571,1.0,52.402469636363634,-1.5580684545454546
52.40246957575757,-1.5580690303030302,163.71,,2,262.44,28 / 29,165411,2019-09-08 12:06:37:141,-0.0286,0.0181,9.9325,-0.0015,-0.0007,9.8066,-0.0009,-0.0053,-0.0006,-0.25,-33.5,24.56,1.48,-80.39,-178.87,4.095238095238095,1.0,52.40246957575757,-1.5580690303030302
52.40246951515151,-1.558069606060606,163.71,,2,262.44,28 / 29,165511,2019-09-08 12:06:37:241,0.0008,0.0146,9.9082,-0.0002,-0.0021,9.8066,-0.0023,0.0014,-0.001,-0.75,-33.19,24.06,358.47,-80.38,-178.77,4.119047619047619,1.0,52.40246951515151,-1.558069606060606
52.402469454545454,-1.558070181818182,163.71,,2,262.44,28 / 29,165611,2019-09-08 12:06:37:341,0.0024,-0.1929,9.7914,0.0006,-0.0003,9.8066,-0.0082,-0.0018,-0.0013,-0.5,-33.75,24.75,1.61,-80.39,-178.78,4.142857142857142,1.0,52.402469454545454,-1.558070181818182
52.40246939393939,-1.5580707575757575,163.71,,2,262.44,28 / 29,165711,2019-09-08 12:06:37:441,-0.0305,-0.0395,9.8379,0.0001,0.0007,9.8066,-0.011,0.0065,-0.0016,-1.19,-33.87,24.69,358.63,-80.38,-178.75,4.166666666666666,1.0,52.40246939393939,-1.5580707575757575
52.40246933333333,-1.5580713333333334,163.71,,2,262.44,28 / 29,165811,2019-09-08 12:06:37:541,-0.0365,-0.1083,9.9525,-0.0004,-0.0019,9.8066,-0.0156,0.0138,0.0053,-0.44,-33.87,24.56,1.65,-80.39,-178.75,4.19047619047619,1.0,52.40246933333333,-1.5580713333333334
52.40246927272727,-1.5580719090909092,163.71,,2,262.44,28 / 29,165911,2019-09-08 12:06:37:641,-0.024,-0.0933,9.8221,-0.0001,0.0019,9.8066,-0.0078,0.0032,-0.0016,-0.75,-33.06,24.06,358.47,-80.39,-178.77,4.214285714285714,1.0,52.40246927272727,-1.5580719090909092
52.40246921212121,-1.5580724848484848,163.71,,2,262.44,28 / 29,166011,2019-09-08 12:06:37:741,-0.0941,-0.1253,9.8273,-0.0002,-0.0033,9.8066,0.0068,-0.011,0.0061,-0.37,-33.31,23.69,1.65,-80.38,-178.76,4.238095238095238,1.0,52.40246921212121,-1.5580724848484848
52.40246915151515,-1.5580730606060607,163.71,,2,262.44,28 / 29,166111,2019-09-08 12:06:37:841,-0.0016,0.0269,9.9273,0.0002,0.0008,9.8066,0.0045,-0.0043,-0.0073,-0.5,-33.19,24.13,1.56,-80.36,-178.82,4.261904761904762,1.0,52.40246915151515,-1.5580730606060607
52.402469090909086,-1.5580736363636365,163.71,,2,262.44,27 / 27,166211,2019-09-08 12:06:37:941,-0.027,-0.1303,9.79,0.0005,-0.0011,9.8066,0.0109,-0.0016,0.0011,-0.56,-33.44,24.31,358.48,-80.35,-178.76,4.285714285714286,1.0,52.402469090909086,-1.5580736363636365
52.402469030303024,-1.558074212121212,163.71,,2,262.44,27 / 27,166311,2019-09-08 12:06:38:041,0.0519,-0.0753,9.8693,0.0003,-0.0021,9.8066,0.0053,-0.0132,-0.0013,-0.37,-33.37,24.25,1.65,-80.35,-178.75,4.309523809523809,1.0,52.402469030303024,-1.558074212121212
52.40246896969697,-1.558074787878788,163.71,,2,262.44,27 / 27,166411,2019-09-08 12:06:38:141,-0.0049,-0.0983,9.9525,0.0003,0.0001,9.8066,0.0089,-0.0014,0.0051,-0.12,-33.62,24.06,1.61,-80.34,-178.8,4.333333333333333,1.0,52.40246896969697,-1.558074787878788
52.402468909090906,-1.5580753636363636,163.71,,2,262.44,27 / 27,166511,2019-09-08 12:06:38:241,-0.0044,-0.0334,9.8511,0.0004,-0.0014,9.8066,-0.0167,0.0123,0.0034,-0.06,-33.81,24.63,1.65,-80.33,-178.75,4.357142857142857,1.0,52.402468909090906,-1.5580753636363636
52.402468848484844,-1.5580759393939394,163.71,,2,262.44,27 / 27,166611,2019-09-08 12:06:38:341,0.0132,0.0009,9.8258,-0.0004,-0.0011,9.8066,-0.015,0.0075,0.0084,-0.56,-33.5,24.38,358.52,-80.33,-178.73,4.3809523809523805,1.0,52.402468848484844,-1.5580759393939394
52.40246878787878,-1.5580765151515152,163.71,,2,262.44,27 / 27,166711,2019-09-08 12:06:38:441,-0.1011,-0.4045,9.9267,0.001,-0.0053,9.8066,-0.0287,0.0073,0.0034,0.0,-33.37,24.69,1.71,-80.32,-178.69,4.404761904761904,1.0,52.40246878787878,-1.5580765151515152
52.402468727272726,-1.5580770909090909,163.71,,2,262.44,27 / 27,166810,2019-09-08 12:06:38:540,0.0286,0.0891,9.9928,-0.0003,-0.0026,9.8066,-0.0089,0.007,-0.003,0.0,-32.69,24.44,1.63,-80.3,-178.77,4.428571428571428,1.0,52.402468727272726,-1.5580770909090909
52.402468666666664,-1.5580776666666667,163.71,,2,262.44,27 / 27,166911,2019-09-08 12:06:38:641,0.0807,-0.1806,9.8271,0.0005,0.0012,9.8066,0.011,-0.0206,0.0051,0.06,-33.44,23.81,1.6,-80.28,-178.8,4.4523809523809526,1.0,52.402468666666664,-1.5580776666666667
52.4024686060606,-1.5580782424242425,163.71,,2,262.44,27 / 27,167011,2019-09-08 12:06:38:741,-0.0079,-0.662,9.7832,-0.0011,-0.0006,9.8066,0.0156,-0.0055,-0.0066,-0.12,-33.56,24.19,1.65,-80.29,-178.77,4.476190476190476,1.0,52.4024686060606,-1.5580782424242425
52.40246854545454,-1.5580788181818181,163.71,,2,262.44,27 / 27,167111,2019-09-08 12:06:38:841,-0.0474,-0.197,9.8078,-0.0004,-0.0011,9.8066,-0.0007,0.0008,0.0086,-0.31,-33.12,24.19,1.71,-80.26,-178.71,4.5,1.0,52.40246854545454,-1.5580788181818181
52.402468484848484,-1.558079393939394,163.71,,2,262.44,27 / 27,167211,2019-09-08 12:06:38:941,-0.0506,-0.7665,9.8592,-0.0009,-0.0029,9.8066,0.0008,0.0017,-0.0016,-0.12,-33.62,23.56,1.86,-80.22,-178.62,4.523809523809524,1.0,52.402468484848484,-1.558079393939394
52.40246842424242,-1.5580799696969698,163.71,,2,262.44,27 / 27,167311,2019-09-08 12:06:39:041,-0.1031,-0.7049,9.9142,0.0008,-0.0062,9.8066,0.022,-0.0014,-0.0003,0.06,-33.37,24.5,1.8,-80.16,-178.64,4.5476190476190474,1.0,52.40246842424242,-1.5580799696969698
52.40246836363636,-1.5580805454545454,163.71,,2,262.44,27 / 27,167411,2019-09-08 12:06:39:141,0.0155,-1.6765,9.9309,-0.0008,-0.0038,9.8066,0.0168,0.0086,-0.0061,0.19,-33.06,24.19,1.74,-80.07,-178.7,4.571428571428571,1.0,52.40246836363636,-1.5580805454545454
52.4024683030303,-1.5580811212121213,163.71,,2,262.44,27 / 27,167511,2019-09-08 12:06:39:241,-0.1343,-0.4884,9.7606,-0.0005,-0.0035,9.8066,0.015,0.0015,0.0011,0.0,-33.06,24.19,1.71,-79.98,-178.72,4.595238095238095,1.0,52.4024683030303,-1.5580811212121213
52.40246824242424,-1.558081696969697,163.71,,2,262.44,27 / 27,167611,2019-09-08 12:06:39:341,-0.0404,-0.8711,9.7061,-0.0013,-0.0067,9.8065,0.0137,0.0035,-0.0027,0.13,-33.44,24.31,1.65,-79.91,-178.77,4.619047619047619,1.0,52.40246824242424,-1.558081696969697
52.40246818181818,-1.5580822727272727,163.71,,2,262.44,27 / 27,167711,2019-09-08 12:06:39:441,-0.0046,-1.8444,9.8696,-0.0002,-0.0048,9.8066,0.0153,0.004,0.003,0.19,-33.06,25.25,1.71,-79.82,-178.71,4.642857142857142,1.0,52.40246818181818,-1.5580822727272727
52.40246812121212,-1.5580828484848486,163.71,,2,262.44,27 / 27,167812,2019-09-08 12:06:39:542,-0.0443,-1.9523,9.9738,0.0009,-0.0037,9.8066,0.0052,0.0107,-0.0031,-0.25,-33.37,24.31,1.77,-79.77,-178.69,4.666666666666666,1.0,52.40246812121212,-1.5580828484848486
52.402468060606054,-1.5580834242424242,163.71,,2,262.44,27 / 27,167911,2019-09-08 12:06:39:641,-0.202,-1.8689,10.0709,-0.0002,-0.0046,9.8066,-0.0109,-0.002,0.0052,0.06,-33.44,24.69,1.77,-79.77,-178.67,4.69047619047619,1.0,52.402468060606054,-1.5580834242424242
52.402468,-1.558084,163.71,,2,262.44,27 / 27,168011,2019-09-08 12:06:39:741,0.0158,-1.7257,10.0454,-0.0014,-0.0087,9.8065,0.0041,0.0047,-0.0075,-0.31,-33.62,24.81,1.9,-79.72,-178.59,4.714285714285714,1.0,52.402468,-1.558084
52.40246793939394,-1.5580845757575759,163.71,,2,262.44,27 / 27,168110,2019-09-08 12:06:39:840,-0.0812,-1.4434,9.9421,-0.0008,-0.0066,9.8066,-0.0242,0.004,0.008,-0.56,-33.37,24.69,358.8,-79.72,-178.61,4.738095238095238,1.0,52.40246793939394,-1.5580845757575759
52.402467878787874,-1.5580851515151515,163.71,,2,262.44,29 / 29,168212,2019-09-08 12:06:39:942,-0.0686,-2.1463,9.8353,-0.0001,-0.0077,9.8066,-0.0346,-0.0098,0.004,-0.19,-33.75,24.56,2.02,-79.64,-178.51,4.761904761904762,1.0,52.402467878787874,-1.5580851515151515
52.40246781818181,-1.5580857272727273,163.71,,2,262.44,29 / 29,168311,2019-09-08 12:06:40:041,-0.1746,-1.9017,9.7108,-0.002,0.0127,9.8066,0.012,0.002,-0.0052,-0.5,-33.94,24.13,2.13,-79.59,-178.45,4.785714285714286,1.0,52.40246781818181,-1.5580857272727273
52.40246775757576,-1.5580863030303032,163.71,,2,262.44,29 / 29,168411,2019-09-08 12:06:40:141,-0.2297,-1.3413,9.6402,-0.0018,0.0014,9.8066,-0.0587,0.0089,0.0004,-0.37,-34.25,23.69,2.27,-79.58,-178.35,4.809523809523809,1.0,52.40246775757576,-1.5580863030303032
52.402467696969694,-1.5580868787878788,163.71,,2,262.44,29 / 29,168510,2019-09-08 12:06:40:240,0.0184,-1.9322,9.8596,0.0006,0.0183,9.8065,0.1041,-0.024,0.0014,-0.44,-33.12,24.31,2.22,-79.49,-178.37,4.833333333333333,1.0,52.402467696969694,-1.5580868787878788
52.40246763636363,-1.5580874545454546,163.71,,2,262.44,29 / 29,168611,2019-09-08 12:06:40:341,-0.278,-1.4105,9.737,0.0011,0.0174,9.8066,0.0717,-0.0216,0.0106,-0.31,-33.56,24.63,2.17,-79.46,-178.4,4.857142857142857,1.0,52.40246763636363,-1.5580874545454546
52.40246757575757,-1.5580880303030302,163.71,,2,262.44,29 / 29,168711,2019-09-08 12:06:40:441,-0.1802,-1.9429,10.0036,0.0036,-0.0155,9.8066,-0.0219,-0.0095,-0.008,-0.37,-33.69,23.81,2.26,-79.55,-178.36,4.8809523809523805,1.0,52.40246757575757,-1.5580880303030302
52.402467515151514,-1.558088606060606,163.71,,2,262.44,29 / 29,168811,2019-09-08 12:06:40:541,0.0458,-1.9657,9.9698,0.0056,-0.0199,9.8066,0.0012,0.0158,-0.0125,0.25,-33.69,24.25,1.71,-79.46,-178.76,4.904761904761904,1.0,52.402467515151514,-1.558088606060606
52.40246745454545,-1.558089181818182,163.71,,2,262.44,29 / 29,168911,2019-09-08 12:06:40:641,0.1579,-1.7606,10.2518,0.0021,-0.0057,9.8066,0.0031,0.0131,-0.0129,-0.56,-32.87,24.88,358.3,-79.44,-178.97,4.928571428571428,1.0,52.40246745454545,-1.558089181818182
52.40246739393939,-1.5580897575757575,163.71,,2,262.44,29 / 29,169011,2019-09-08 12:06:40:741,0.3851,-2.4635,9.516,-0.001,0.0155,9.8066,0.0125,-0.0097,0.0099,-0.06,-33.5,24.69,1.29,-79.43,-179.04,4.9523809523809526,1.0,52.40246739393939,-1.5580897575757575
52.40246733333333,-1.5580903333333334,163.71,,2,262.44,29 / 29,169111,2019-09-08 12:06:40:841,0.2548,-1.947,9.6003,-0.005,0.0124,9.8066,0.0532,-0.0349,0.0149,-0.81,-34.12,24.88,358.52,-79.35,-178.79,4.976190476190476,1.0,52.40246733333333,-1.5580903333333334
52.40246727272727,-1.5580909090909092,163.71,,2,262.44,29 / 29,169211,2019-09-08 12:06:40:941,-0.652,-0.8602,9.8195,0.0003,0.0048,9.8066,-0.0258,-0.0134,0.0177,-0.87,-34.12,24.06,358.83,-79.33,-178.46,5.0,1.0,52.40246727272727,-1.5580909090909092
52.40246721212121,-1.5580914848484848,163.71,,2,262.44,29 / 29,169311,2019-09-08 12:06:41:041,0.248,-2.1411,10.278,0.0017,-0.0136,9.8066,-0.0039,-0.057,0.0249,0.56,-33.56,24.19,5.44,-79.37,-178.46,5.023809523809524,1.0,52.40246721212121,-1.5580914848484848
52.40246715151515,-1.5580920606060606,163.71,,2,262.44,29 / 29,169411,2019-09-08 12:06:41:141,0.1626,-2.9948,9.9987,0.0042,-0.0104,9.8066,0.0339,0.0103,-0.0024,0.19,-33.19,24.81,1.9,-79.31,-178.6,5.0476190476190474,1.0,52.40246715151515,-1.5580920606060606
52.402467090909084,-1.5580926363636365,163.71,,2,262.44,29 / 29,169511,2019-09-08 12:06:41:241,0.2815,-2.1368,10.0571,0.0053,-0.0185,9.8066,-0.0869,-0.0379,0.0204,-0.5,-33.75,24.94,1.7,-79.31,-178.76,5.071428571428571,1.0,52.402467090909084,-1.5580926363636365
52.40246703030303,-1.558093212121212,163.71,,2,262.44,29 / 29,169610,2019-09-08 12:06:41:340,-0.5595,-1.9285,10.0715,-0.0037,-0.0253,9.8066,-0.0878,0.0048,0.0152,-0.62,-33.87,24.94,358.56,-79.15,-178.76,5.095238095238095,1.0,52.40246703030303,-1.558093212121212
52.40246696969697,-1.558093787878788,163.71,,2,262.44,29 / 29,169710,2019-09-08 12:06:41:440,-0.4895,-1.9132,9.8983,-0.0055,0.0105,9.8066,0.0191,-0.0101,0.0079,0.0,-33.81,24.88,1.98,-79.15,-178.56,5.119047619047619,1.0,52.40246696969697,-1.558093787878788
52.402466909090904,-1.5580943636363636,163.71,,2,262.44,29 / 29,169811,2019-09-08 12:06:41:541,-0.497,-0.6918,9.8861,-0.0003,0.0153,9.8066,0.0147,0.0127,-0.0012,0.19,-34.25,24.69,2.33,-79.18,-178.3,5.142857142857142,1.0,52.402466909090904,-1.5580943636363636
52.40246684848484,-1.5580949393939394,163.71,,2,262.44,29 / 29,169910,2019-09-08 12:06:41:640,0.144,-1.5601,9.7339,0.0025,0.0012,9.8066,-0.0168,0.005,0.0003,-0.31,-33.25,24.25,2.21,-79.27,-178.4,5.166666666666666,1.0,52.40246684848484,-1.5580949393939394
52.40246678787879,-1.5580955151515152,163.71,,2,262.44,29 / 29,170011,2019-09-08 12:06:41:741,-0.2568,-0.3908,9.985,-0.0005,0.0033,9.8065,-0.006,-0.0193,0.0046,-0.06,-33.75,24.75,2.0,-79.22,-178.54,5.19047619047619,1.0,52.40246678787879,-1.5580955151515152
52.402466727272724,-1.5580960909090908,163.71,,2,262.44,29 / 29,170111,2019-09-08 12:06:41:841,0.1211,-1.0403,9.9805,-0.0005,-0.0031,9.8066,0.0566,0.0008,0.0102,-0.25,-33.87,24.75,1.83,-79.22,-178.67,5.214285714285714,1.0,52.402466727272724,-1.5580960909090908
52.40246666666666,-1.5580966666666667,163.71,,2,262.44,30 / 30,170211,2019-09-08 12:06:41:941,-0.0833,-0.8292,9.9346,-0.0064,0.0037,9.8066,0.079,-0.0091,0.0082,0.31,-34.31,24.44,2.37,-79.17,-178.3,5.238095238095238,1.0,52.40246666666666,-1.5580966666666667
52.4024666060606,-1.5580972424242425,163.71,,2,262.44,30 / 30,170311,2019-09-08 12:06:42:041,-0.4082,-1.2503,9.7054,0.0023,-0.0078,9.8066,0.0488,0.0115,-0.0071,-0.06,-33.62,24.75,2.54,-79.08,-178.16,5.261904761904762,1.0,52.4024666060606,-1.5580972424242425
52.402466545454544,-1.5580978181818181,163.71,,2,262.44,30 / 30,170411,2019-09-08 12:06:42:141,-0.2776,-1.8797,10.2123,-0.0077,0.0076,9.8065,0.1117,0.0156,0.0086,-0.56,-33.44,25.13,359.13,-78.96,-178.34,5.285714285714286,1.0,52.402466545454544,-1.5580978181818181
52.40246648484848,-1.558098393939394,163.71,,2,262.44,30 / 30,170511,2019-09-08 12:06:42:241,0.0663,-1.4189,10.0987,-0.0042,-0.0325,9.8065,-0.0279,-0.0031,0.0231,-0.31,-33.75,25.69,2.89,-79.0,-177.88,5.309523809523809,1.0,52.40246648484848,-1.558098393939394
52.40246642424242,-1.5580989696969698,163.71,,2,262.44,30 / 30,170611,2019-09-08 12:06:42:341,-0.2296,-1.2291,10.3507,-0.0025,-0.0059,9.8066,0.0202,-0.0041,0.0108,-0.12,-34.0,24.75,3.42,-78.82,-177.55,5.333333333333333,1.0,52.40246642424242,-1.5580989696969698
52.40246636363636,-1.5580995454545454,163.71,,2,262.44,30 / 30,170711,2019-09-08 12:06:42:441,0.1317,-1.1993,9.7812,-0.0004,0.0017,9.8066,0.0158,-0.0215,0.0137,-0.69,-33.62,24.31,0.22,-78.75,-177.46,5.357142857142857,1.0,52.40246636363636,-1.5580995454545454
52.4024663030303,-1.5581001212121213,163.71,,2,262.44,30 / 30,170810,2019-09-08 12:06:42:540,-0.3986,-1.7629,10.1327,-0.0033,-0.0181,9.8066,-0.0565,0.0127,-0.0246,-1.0,-34.06,24.94,0.7,-78.66,-177.21,5.3809523809523805,1.0,52.4024663030303,-1.5581001212121213
52.40246624242424,-1.5581006969696969,163.71,,2,262.44,30 / 30,170911,2019-09-08 12:06:42:641,-0.7116,-1.073,9.8943,-0.0118,0.0108,9.8066,0.1073,0.0043,0.0146,0.19,-33.87,24.94,3.45,-78.71,-177.54,5.404761904761904,1.0,52.40246624242424,-1.5581006969696969
52.40246618181818,-1.5581012727272727,163.71,,2,262.44,30 / 30,171011,2019-09-08 12:06:42:741,-0.6912,-2.1102,10.2692,-0.0084,0.0064,9.8066,0.0877,-0.0251,0.0257,-0.19,-33.62,24.5,4.16,-78.64,-177.03,5.428571428571428,1.0,52.40246618181818,-1.5581012727272727
52.402466121212115,-1.5581018484848486,163.71,,2,262.44,30 / 30,171111,2019-09-08 12:06:42:841,-0.3432,-1.6215,10.3154,-0.007,0.0149,9.8066,-0.0558,-0.0098,0.0079,-0.69,-33.44,25.06,1.78,-78.69,-176.42,5.452380952380952,1.0,52.402466121212115,-1.5581018484848486
52.40246606060606,-1.5581024242424242,163.71,,2,262.44,30 / 30,171210,2019-09-08 12:06:42:940,-0.4883,-1.1276,10.4822,0.0015,-0.0256,9.8066,0.0335,-0.0419,0.0489,-0.94,-33.5,24.88,1.73,-78.48,-176.47,5.476190476190476,1.0,52.40246606060606,-1.5581024242424242
52.402466,-1.558103,163.63,5.5,2,260.1,30 / 30,171311,2019-09-08 12:06:43:041,0.0441,-1.1276,9.9395,-0.0034,-0.0004,9.8066,-0.0174,-0.0124,0.0486,-0.75,-34.62,24.56,2.03,-78.57,-176.28,5.5,1.0,52.402466,-1.558103
52.4024682247191,-1.5581136516853933,163.63,,2,260.1,30 / 30,171410,2019-09-08 12:06:43:140,-0.8404,-1.1762,9.7111,-0.0033,-0.0016,9.8066,-0.0615,-0.0441,0.0205,-0.44,-33.69,24.31,6.43,-78.6,-175.49,5.54752808988764,1.0,52.4024682247191,-1.5581136516853933
52.4024704494382,-1.5581243033707866,163.63,,2,260.1,30 / 30,171511,2019-09-08 12:06:43:241,-0.5031,-1.1697,9.9962,-0.0025,-0.0006,9.8066,-0.0154,-0.0539,0.0402,-0.44,-33.81,24.75,6.54,-78.63,-175.34,5.5950561797752805,1.0,52.4024704494382,-1.5581243033707866
52.4024726741573,-1.5581349550561798,163.63,,2,260.1,30 / 30,171610,2019-09-08 12:06:43:340,-0.1061,-1.5517,9.9803,0.0029,0.0094,9.8066,0.0029,-0.0578,0.0258,-0.62,-34.0,24.5,4.09,-78.62,-174.8,5.642584269662922,1.0,52.4024726741573,-1.5581349550561798
52.4024748988764,-1.558145606741573,163.63,,2,260.1,30 / 30,171710,2019-09-08 12:06:43:440,-0.2773,-1.0698,10.1118,0.002,0.0173,9.8066,0.048,-0.061,0.0231,-0.87,-34.06,23.88,3.75,-78.77,-174.97,5.690112359550562,1.0,52.4024748988764,-1.558145606741573
52.4024771235955,-1.5581562584269664,163.63,,2,260.1,30 / 30,171811,2019-09-08 12:06:43:541,-0.3977,-0.5672,9.9695,-0.0041,-0.0035,9.8066,0.037,0.0119,0.0045,-0.81,-33.69,24.63,4.25,-78.67,-174.68,5.737640449438202,1.0,52.4024771235955,-1.5581562584269664
52.40247934831461,-1.5581669101123596,163.63,,2,260.1,30 / 30,171911,2019-09-08 12:06:43:641,-0.1719,-0.9779,9.5481,-0.011,0.0,9.8066,0.0105,-0.0117,0.0362,-0.56,-34.44,24.19,4.41,-78.59,-174.53,5.785168539325843,1.0,52.40247934831461,-1.5581669101123596
52.402481573033704,-1.558177561797753,163.63,,2,260.1,30 / 30,172011,2019-09-08 12:06:43:741,-0.3394,-0.9382,10.0347,-0.0025,-0.0331,9.8065,0.0126,-0.075,0.0434,-0.75,-33.81,24.38,5.51,-78.63,-173.75,5.832696629213483,1.0,52.402481573033704,-1.558177561797753
52.40248379775281,-1.5581882134831462,163.63,,2,260.1,30 / 30,172111,2019-09-08 12:06:43:841,-0.1239,-0.8461,10.3311,-0.0052,0.0081,9.8066,0.1043,-0.0068,0.0153,-0.87,-34.0,24.5,6.13,-78.43,-173.37,5.880224719101124,1.0,52.40248379775281,-1.5581882134831462
52.402486022471905,-1.5581988651685392,163.63,,2,260.1,30 / 30,172210,2019-09-08 12:06:43:940,-0.0849,-0.5547,10.5634,0.0018,-0.0278,9.8065,-0.1183,-0.1238,0.0428,-0.37,-33.56,24.19,9.94,-78.42,-173.07,5.927752808988764,1.0,52.402486022471905,-1.5581988651685392
52.40248824719101,-1.5582095168539325,163.63,,2,260.1,30 / 30,172311,2019-09-08 12:06:44:041,-0.2657,-0.349,9.5786,0.0031,-0.04,9.8065,-0.1078,-0.0407,0.0217,-0.75,-34.19,24.19,6.45,-78.28,-173.15,5.975280898876404,1.0,52.40248824719101,-1.5582095168539325
52.40249047191011,-1.5582201685393258,163.63,,2,260.1,30 / 30,172411,2019-09-08 12:06:44:141,-0.7198,-0.387,9.8763,-0.0048,-0.0161,9.8066,0.0102,-0.0602,0.0105,-0.62,-34.87,23.19,6.82,-78.33,-172.92,6.022808988764045,1.0,52.40249047191011,-1.5582201685393258
52.40249269662921,-1.558230820224719,163.63,,2,260.1,30 / 30,172511,2019-09-08 12:06:44:241,-1.1495,-0.5383,9.7722,-0.0038,0.0023,9.8066,-0.0314,-0.0581,0.0282,-0.62,-34.19,23.88,7.54,-78.26,-172.4,6.0703370786516855,1.0,52.40249269662921,-1.558230820224719
52.402494921348314,-1.5582414719101123,163.63,,2,260.1,30 / 30,172611,2019-09-08 12:06:44:341,-1.0378,-0.0911,10.2819,-0.0026,-0.0102,9.8066,0.0478,-0.0842,0.0207,-0.87,-34.81,23.88,7.54,-78.24,-172.46,6.117865168539326,1.0,52.402494921348314,-1.5582414719101123
52.40249714606741,-1.5582521235955056,163.63,,2,260.1,30 / 30,172711,2019-09-08 12:06:44:441,-0.7809,0.0753,10.1369,-0.0077,0.0145,9.8066,0.0948,-0.133,0.0448,-0.69,-34.56,23.25,7.98,-78.22,-172.16,6.165393258426967,1.0,52.40249714606741,-1.5582521235955056
52.402499370786515,-1.5582627752808988,163.63,,2,260.1,30 / 30,172811,2019-09-08 12:06:44:541,-0.3998,0.1044,9.5897,-0.0101,-0.0297,9.8066,0.0649,-0.1535,0.0678,-0.75,-34.44,23.69,8.5,-78.18,-171.75,6.212921348314607,1.0,52.402499370786515,-1.5582627752808988
52.40250159550562,-1.5582734269662921,163.63,,2,260.1,30 / 30,172911,2019-09-08 12:06:44:641,-0.5133,-0.5456,10.3258,0.0087,-0.016,9.8066,0.0855,-0.1012,0.0147,-1.31,-34.62,23.31,9.2,-77.98,-171.41,6.260449438202247,1.0,52.40250159550562,-1.5582734269662921
52.402503820224716,-1.5582840786516854,163.63,,2,260.1,30 / 30,173011,2019-09-08 12:06:44:741,-0.6972,-0.0185,10.3659,-0.0153,0.0121,9.8065,-0.11,-0.0928,0.0366,-0.94,-34.12,23.69,9.63,-78.08,-170.99,6.3079775280898875,1.0,52.402503820224716,-1.5582840786516854
52.40250604494382,-1.5582947303370787,163.63,,2,260.1,30 / 30,173111,2019-09-08 12:06:44:841,-0.4365,-0.9506,10.3216,0.0072,-0.0252,9.8065,-0.0542,-0.0871,0.0431,-1.06,-35.06,22.81,10.68,-78.02,-170.42,6.355505617977528,1.0,52.40250604494382,-1.5582947303370787
52.40250826966292,-1.558305382022472,163.63,,2,260.1,30 / 30,173211,2019-09-08 12:06:44:941,-1.6417,-0.5835,9.7582,-0.0104,0.0244,9.8066,-0.0555,-0.0229,-0.0243,-0.94,-34.75,22.88,10.71,-77.87,-170.44,6.403033707865169,1.0,52.40250826966292,-1.558305382022472
52.40251049438202,-1.5583160337078652,163.63,,2,260.1,30 / 30,173311,2019-09-08 12:06:45:041,-0.6429,-0.3617,9.4617,-0.0053,0.0067,9.8066,0.1066,-0.1522,0.0148,-0.81,-34.44,23.25,11.23,-77.98,-169.96,6.450561797752809,1.0,52.40251049438202,-1.5583160337078652
52.402512719101125,-1.5583266853932585,163.63,,2,260.1,30 / 30,173410,2019-09-08 12:06:45:140,-0.9715,-0.4347,9.6157,0.0027,0.0268,9.8065,-0.0382,-0.0846,0.0327,-1.25,-35.06,22.63,11.78,-77.84,-169.74,6.498089887640449,1.0,52.402512719101125,-1.5583266853932585
52.40251494382022,-1.5583373370786517,163.63,,2,260.1,30 / 30,173511,2019-09-08 12:06:45:241,-0.984,-1.3033,10.8337,0.0011,0.0406,9.8066,0.0929,-0.1063,-0.0184,-0.94,-34.0,22.0,11.56,-78.03,-169.76,6.5456179775280905,1.0,52.40251494382022,-1.5583373370786517
52.402517168539326,-1.558347988764045,163.63,,2,260.1,30 / 30,173610,2019-09-08 12:06:45:340,-0.4233,-1.6709,10.3593,0.0001,-0.0522,9.8065,0.0768,-0.0637,0.0426,-1.44,-35.44,22.38,11.9,-77.96,-169.67,6.593146067415731,1.0,52.402517168539326,-1.558347988764045
52.40251939325842,-1.5583586404494383,163.63,,2,260.1,30 / 30,173711,2019-09-08 12:06:45:441,-1.0849,-0.7593,9.9124,-0.009,-0.0437,9.8065,-0.0584,-0.0971,0.0368,-1.12,-35.44,21.69,11.99,-77.84,-169.66,6.640674157303371,1.0,52.40251939325842,-1.5583586404494383
52.40252161797753,-1.5583692921348316,163.63,,2,260.1,30 / 30,173811,2019-09-08 12:06:45:541,-1.7906,-0.9211,8.4977,-0.0172,0.0371,9.8065,-0.0813,-0.1417,0.1036,-1.37,-35.0,22.06,13.44,-77.56,-168.83,6.688202247191011,1.0,52.40252161797753,-1.5583692921348316
52.402523842696624,-1.5583799438202248,163.63,,2,260.1,30 / 30,173913,2019-09-08 12:06:45:643,-3.518,-0.2374,9.2316,-0.0174,0.0477,9.8064,0.1035,0.0398,0.0176,-1.56,-35.62,21.5,11.7,-77.79,-167.37,6.735730337078651,1.0,52.402523842696624,-1.5583799438202248
52.40252606741573,-1.5583905955056179,163.63,,2,260.1,30 / 30,174011,2019-09-08 12:06:45:741,-5.5836,-4.4901,12.5985,-0.0303,-0.1177,9.8058,-0.1053,-0.2809,0.1269,-1.12,-34.5,21.31,16.64,-78.09,-166.47,6.7832584269662926,1.0,52.40252606741573,-1.5583905955056179
52.40252829213483,-1.5584012471910111,163.63,,2,260.1,30 / 30,174111,2019-09-08 12:06:45:841,0.074,0.1804,11.1048,0.0285,-0.2629,9.8031,-0.355,0.016,0.204,-2.0,-34.56,21.56,8.84,-75.0,-169.88,6.830786516853933,1.0,52.40252829213483,-1.5584012471910111
52.40253051685393,-1.5584118988764044,163.63,,2,260.1,30 / 30,174211,2019-09-08 12:06:45:941,-1.3885,-0.9536,9.4712,-0.0064,-0.1736,9.805,0.3767,-0.0912,-0.0322,-1.81,-33.37,22.19,10.34,-75.61,-168.61,6.878314606741573,1.0,52.40253051685393,-1.5584118988764044
52.40253274157303,-1.5584225505617977,163.63,,2,260.1,30 / 30,174311,2019-09-08 12:06:46:041,-3.4215,0.2535,8.1053,-0.042,-0.245,9.8034,1.0945,-0.3099,-0.0344,-2.0,-31.87,23.81,8.34,-73.34,-170.41,6.925842696629214,1.0,52.40253274157303,-1.5584225505617977
52.40253496629213,-1.558433202247191,163.63,,2,260.1,30 / 30,174411,2019-09-08 12:06:46:141,-1.9604,-1.7735,8.1356,0.019,-0.5772,9.7896,1.6001,-0.1977,0.0974,-2.31,-28.81,25.63,5.35,-69.51,-172.67,6.973370786516854,1.0,52.40253496629213,-1.558433202247191
52.402537191011234,-1.5584438539325842,163.63,,2,260.1,30 / 30,174511,2019-09-08 12:06:46:241,0.5905,-5.3343,2.4988,0.3936,-1.8212,9.6279,5.806,-1.3078,-0.901,-0.12,-14.81,30.06,4.21,-55.78,-177.7,7.020898876404495,1.0,52.402537191011234,-1.5584438539325842
52.40253941573034,-1.5584545056179775,163.63,,2,260.1,30 / 30,174610,2019-09-08 12:06:46:340,11.1953,-31.9607,9.6798,0.7295,-2.1269,9.5453,13.692,4.5591,-0.5376,-0.56,4.63,20.56,338.48,-19.01,170.36,7.068426966292135,1.0,52.40253941573034,-1.5584545056179775
52.402541640449435,-1.5584651573033708,163.63,,2,260.1,30 / 30,174711,2019-09-08 12:06:46:441,0.5618,1.6744,4.2221,1.52,2.5598,9.3438,4.2025,-1.7719,-1.4885,-1.94,-27.37,-23.75,214.67,37.69,-173.27,7.115955056179775,1.0,52.402541640449435,-1.5584651573033708
52.40254386516854,-1.558475808988764,163.63,,2,260.1,30 / 30,174811,2019-09-08 12:06:46:541,-1.8479,-0.0345,2.4672,0.0669,-1.8973,9.6211,3.2673,0.4431,-3.0156,-9.0,1.88,-48.06,323.95,74.83,-155.16,7.163483146067416,1.0,52.40254386516854,-1.558475808988764
52.402546089887636,-1.5584864606741573,163.63,,2,260.1,30 / 30,174911,2019-09-08 12:06:46:641,-0.2706,-2.6242,0.6053,-1.5134,-0.9501,9.6424,2.3231,1.8287,-3.7952,-11.56,29.38,-29.31,273.36,66.27,-92.23,7.211011235955056,1.0,52.402546089887636,-1.5584864606741573
52.40254831460674,-1.5584971123595506,163.63,,2,260.1,30 / 30,175011,2019-09-08 12:06:46:741,-17.9018,2.019,41.0555,-1.3802,2.0958,9.4801,1.5818,-2.0682,10.1022,-18.87,30.38,-9.25,325.86,47.9,-73.36,7.258539325842697,1.0,52.40254831460674,-1.5584971123595506
52.402550539325844,-1.5585077640449438,163.63,,2,260.1,30 / 30,175111,2019-09-08 12:06:46:841,-1.5473,-1.3463,20.505,1.1685,-0.6801,9.713,-2.0292,-0.426,-3.9108,2.75,36.94,14.63,19.36,78.75,-39.34,7.306067415730338,1.0,52.402550539325844,-1.5585077640449438
52.40255276404494,-1.5585184157303371,163.63,,2,260.1,29 / 29,175211,2019-09-08 12:06:46:941,3.0021,-2.8325,4.1236,-0.0789,0.9564,9.7596,0.438,-0.4227,-0.2449,-0.81,36.69,10.63,34.28,66.48,-77.41,7.353595505617978,1.0,52.40255276404494,-1.5585184157303371
52.402554988764045,-1.5585290674157304,163.63,,2,260.1,29 / 29,175311,2019-09-08 12:06:47:041,0.8271,2.6746,7.4332,0.2906,1.0014,9.751,0.4118,0.5565,-0.5054,-8.19,36.19,10.25,47.81,63.73,-83.41,7.401123595505618,1.0,52.402554988764045,-1.5585290674157304
52.40255721348314,-1.5585397191011237,163.63,,2,260.1,29 / 29,175411,2019-09-08 12:06:47:141,0.8617,1.0656,11.1949,0.457,0.3758,9.7888,0.5896,0.1313,-1.783,-13.25,35.69,6.25,35.87,53.94,-77.57,7.4486516853932585,1.0,52.40255721348314,-1.5585397191011237
52.402559438202246,-1.558550370786517,163.63,,2,260.1,29 / 29,175511,2019-09-08 12:06:47:241,-0.2637,-7.6787,7.7601,-0.7057,0.6139,9.7618,0.889,-0.0638,0.1546,-16.75,34.63,-3.44,11.48,47.34,-72.47,7.496179775280899,1.0,52.402559438202246,-1.558550370786517
52.40256166292135,-1.5585610224719102,163.63,,2,260.1,29 / 29,175611,2019-09-08 12:06:47:341,1.4067,-5.5047,6.7497,-0.2229,-0.749,9.7754,-1.6413,-0.1156,3.4098,-11.87,36.94,-1.25,12.88,44.68,-64.81,7.54370786516854,1.0,52.40256166292135,-1.5585610224719102
52.40256388764045,-1.5585716741573035,163.63,,2,260.1,29 / 29,175711,2019-09-08 12:06:47:441,-4.271,-2.6181,14.3126,0.3925,0.1224,9.7979,-0.6221,-0.3389,-1.1102,-5.69,35.75,11.63,42.71,62.87,-73.6,7.59123595505618,1.0,52.40256388764045,-1.5585716741573035
52.40256611235955,-1.5585823258426965,163.63,,2,260.1,29 / 29,175810,2019-09-08 12:06:47:540,-3.1736,2.8505,13.2302,0.1913,0.1685,9.8033,0.0874,-0.5005,-2.3307,-9.12,34.94,10.44,41.28,57.24,-78.27,7.63876404494382,1.0,52.40256611235955,-1.5585823258426965
52.40256833707865,-1.5585929775280898,163.63,,2,260.1,29 / 29,175910,2019-09-08 12:06:47:640,1.7118,-1.667,6.1625,-0.1146,-0.3785,9.7986,-1.7117,0.7757,1.184,-13.56,34.56,5.81,31.01,46.46,-76.01,7.6862921348314615,1.0,52.40256833707865,-1.5585929775280898
52.40257056179775,-1.558603629213483,163.63,,2,260.1,29 / 29,176011,2019-09-08 12:06:47:741,-2.9116,-0.1228,14.8088,-0.164,-0.2409,9.8022,-0.5936,1.1225,1.0604,-9.56,34.38,8.19,35.41,53.17,-78.76,7.733820224719102,1.0,52.40257056179775,-1.558603629213483
52.402572786516856,-1.5586142808988763,163.63,,2,260.1,29 / 29,176110,2019-09-08 12:06:47:840,-0.0384,0.5845,11.3679,-0.6211,0.0884,9.7864,1.1339,1.2809,-0.0208,-9.0,36.0,1.94,21.33,56.08,-66.46,7.781348314606742,1.0,52.402572786516856,-1.5586142808988763
52.40257501123595,-1.5586249325842696,163.63,,2,260.1,24 / 25,176211,2019-09-08 12:06:47:941,0.266,-1.8296,9.0304,-0.5023,0.0897,9.7933,0.529,0.8691,0.4712,-8.0,37.0,-7.37,355.92,55.17,-53.6,7.828876404494382,1.0,52.40257501123595,-1.5586249325842696
52.40257723595506,-1.5586355842696629,163.63,,2,260.1,24 / 25,176311,2019-09-08 12:06:48:041,0.927,-0.3807,8.4389,-0.4172,0.045,9.7976,0.3595,0.7463,0.0822,-5.81,36.94,-13.0,340.73,53.59,-40.14,7.876404494382022,1.0,52.40257723595506,-1.5586355842696629
52.402579460674154,-1.5586462359550561,163.63,,2,260.1,24 / 25,176411,2019-09-08 12:06:48:141,0.4092,0.3485,9.8626,-0.1435,-0.1372,9.8046,-0.0039,0.5225,0.2825,-2.37,35.44,-15.06,328.21,52.65,-32.63,7.9239325842696635,1.0,52.402579460674154,-1.5586462359550561
52.40258168539326,-1.5586568876404494,163.63,,2,260.1,24 / 25,176510,2019-09-08 12:06:48:240,1.8074,0.1054,9.9157,0.9193,0.064,9.7631,-0.2662,0.3285,-0.0482,-0.5,35.88,-14.87,326.35,53.36,-29.12,7.971460674157304,1.0,52.40258168539326,-1.5586568876404494
52.40258391011236,-1.5586675393258427,163.63,,2,260.1,24 / 25,176611,2019-09-08 12:06:48:341,-0.7687,-0.8702,10.3865,-0.005,-0.2355,9.8037,-0.47,0.3724,0.2856,0.56,36.31,-13.06,321.58,57.69,-38.24,8.018988764044945,1.0,52.40258391011236,-1.5586675393258427
52.40258613483146,-1.558678191011236,163.63,,2,260.1,24 / 25,176711,2019-09-08 12:06:48:441,0.6237,-0.3797,10.3638,-0.0761,-0.2374,9.8034,0.0637,0.4369,0.2566,1.5,37.25,-11.81,320.47,61.0,-35.39,8.066516853932585,1.0,52.40258613483146,-1.558678191011236
52.40258835955056,-1.5586888426966292,163.63,,2,260.1,24 / 25,176811,2019-09-08 12:06:48:541,-0.2586,-0.6347,9.7417,-0.0777,-0.0535,9.8061,0.054,0.3256,-0.0792,2.19,36.81,-11.06,323.45,62.02,-30.88,8.114044943820225,1.0,52.40258835955056,-1.5586888426966292
52.40259058426966,-1.5586994943820225,163.63,,2,260.1,24 / 25,176911,2019-09-08 12:06:48:641,-0.2023,0.6499,10.1034,-0.0739,0.0804,9.806,0.0985,0.0928,-0.2212,1.63,36.25,-12.81,315.27,61.39,-28.67,8.161573033707866,1.0,52.40259058426966,-1.5586994943820225
52.402592808988764,-1.5587101460674158,163.63,,2,260.1,24 / 25,177011,2019-09-08 12:06:48:741,-0.3647,-0.9508,9.3952,-0.1032,-0.0869,9.8056,-0.1222,0.5382,0.297,2.06,36.5,-12.25,323.45,60.37,-27.26,8.209101123595506,1.0,52.402592808988764,-1.5587101460674158
52.40259503370787,-1.558720797752809,163.63,,2,260.1,24 / 25,177111,2019-09-08 12:06:48:841,0.1009,0.5848,10.5535,-0.1008,0.0176,9.806,0.3201,0.1185,-0.0819,3.56,36.69,-12.37,317.37,61.75,-24.37,8.256629213483146,1.0,52.40259503370787,-1.558720797752809
52.402597258426965,-1.5587314494382023,163.63,,2,260.1,28 / 30,177210,2019-09-08 12:06:48:940,-0.4715,0.3207,10.8095,-0.1202,-0.0045,9.8059,0.6892,0.394,0.2493,3.63,36.25,-14.56,307.26,60.24,-22.2,8.304157303370786,1.0,52.402597258426965,-1.5587314494382023
52.40259948314607,-1.5587421011235956,163.63,,2,260.1,28 / 30,177313,2019-09-08 12:06:49:043,0.5048,0.8509,14.0011,-0.5851,0.0997,9.7886,2.0489,0.4177,-1.0639,5.25,33.69,-19.75,287.37,57.64,-17.72,8.351685393258428,1.0,52.40259948314607,-1.5587421011235956
52.402601707865166,-1.5587527528089888,163.63,,2,260.1,28 / 30,177411,2019-09-08 12:06:49:141,-0.3793,0.9395,10.7952,-1.3245,-0.5367,9.7019,3.8009,-0.3198,-1.563,2.69,24.19,-31.44,244.87,48.53,-17.17,8.399213483146069,1.0,52.402601707865166,-1.5587527528089888
52.40260393258427,-1.558763404494382,163.63,,2,260.1,28 / 30,177511,2019-09-08 12:06:49:241,-0.0578,-1.1698,10.39,-1.0555,-0.8413,9.7132,3.2326,0.7091,-1.6384,3.06,0.69,-38.56,235.53,20.18,-20.49,8.446741573033709,1.0,52.40260393258427,-1.558763404494382
52.402606157303374,-1.5587740561797752,163.63,,2,260.1,28 / 30,177610,2019-09-08 12:06:49:340,-2.1554,-0.418,7.6606,-0.8305,-0.9707,9.723,2.0134,0.5519,-1.0384,6.06,-12.69,-30.12,231.43,-3.26,-16.67,8.494269662921349,1.0,52.402606157303374,-1.5587740561797752
52.40260838202247,-1.5587847078651684,163.63,,2,260.1,28 / 30,177711,2019-09-08 12:06:49:441,-1.6688,-0.4326,10.1542,-0.203,-0.7111,9.7787,2.126,0.3948,-1.2173,5.06,-16.62,-19.94,215.58,-10.86,-13.33,8.54179775280899,1.0,52.40260838202247,-1.5587847078651684
52.402610606741575,-1.5587953595505617,163.63,,2,260.1,28 / 30,177811,2019-09-08 12:06:49:541,-0.0441,-1.3476,9.7796,-0.1183,-0.8467,9.7692,2.3307,0.3864,-0.445,2.94,-19.69,-13.31,200.49,-24.8,-8.25,8.58932584269663,1.0,52.402610606741575,-1.5587953595505617
52.40261283146067,-1.558806011235955,163.63,,2,260.1,28 / 30,177911,2019-09-08 12:06:49:641,0.6963,3.3353,11.2318,-0.0019,-0.3873,9.7989,2.2597,-0.3788,-0.4952,-0.87,-21.37,-10.94,182.88,-34.09,-8.12,8.63685393258427,1.0,52.40261283146067,-1.558806011235955
52.402615056179776,-1.5588166629213482,163.63,,2,260.1,28 / 30,178011,2019-09-08 12:06:49:741,-0.1744,1.2584,7.8702,-0.05,-1.3724,9.7099,3.8585,-0.0872,0.6116,-3.19,-25.0,-5.87,171.77,-42.58,-8.88,8.68438202247191,1.0,52.402615056179776,-1.5588166629213482
52.40261728089887,-1.5588273146067415,163.63,,2,260.1,28 / 30,178111,2019-09-08 12:06:49:841,-0.4863,0.1992,9.6904,0.702,-1.3256,9.6911,2.5686,0.6618,-2.4047,-6.94,-27.94,4.81,144.9,-66.98,-27.14,8.73191011235955,1.0,52.40261728089887,-1.5588273146067415
52.40261950561798,-1.5588379662921348,163.63,,2,260.1,28 / 29,178213,2019-09-08 12:06:49:943,6.5559,3.6358,14.0763,1.0853,-1.1758,9.6752,2.9028,1.3909,-1.2917,-5.75,-28.62,10.88,301.61,-86.41,157.36,8.779438202247192,1.0,52.40261950561798,-1.5588379662921348
52.40262173033708,-1.558848617977528,163.63,,2,260.1,28 / 29,178311,2019-09-08 12:06:50:041,-0.9219,0.2984,8.0264,0.1804,-0.7142,9.7789,2.2452,-0.1184,0.7683,-8.37,-31.62,11.44,287.81,-80.9,165.05,8.826966292134832,1.0,52.40262173033708,-1.558848617977528
52.40262395505618,-1.5588592696629213,163.63,,2,260.1,28 / 29,178411,2019-09-08 12:06:50:141,1.7089,-3.2193,10.2614,0.6529,-0.4257,9.7756,1.3973,0.2968,0.4973,-12.0,-31.44,19.69,305.01,-68.39,-177.18,8.874494382022473,1.0,52.40262395505618,-1.5588592696629213
52.40262617977528,-1.5588699213483146,163.63,,2,260.1,28 / 29,178511,2019-09-08 12:06:50:241,0.009,-0.6291,9.4047,-0.0526,0.3181,9.8013,-0.9111,0.0086,-0.8205,-12.44,-34.69,20.94,301.5,-64.14,-170.56,8.922022471910113,1.0,52.40262617977528,-1.5588699213483146
52.40262840449438,-1.5588805730337079,163.63,,2,260.1,28 / 29,178611,2019-09-08 12:06:50:341,-2.0062,-0.5221,8.0989,-0.2859,-0.1764,9.8008,-0.364,-0.4285,1.3222,-11.37,-37.75,19.69,294.54,-67.22,-176.06,8.969550561797753,1.0,52.40262840449438,-1.5588805730337079
52.40263062921348,-1.5588912247191011,163.63,,2,260.1,28 / 29,178711,2019-09-08 12:06:50:441,-0.5777,-1.1568,10.2285,-0.1468,-0.0944,9.8051,-0.6287,0.5552,0.564,-11.94,-39.31,18.13,296.49,-67.63,-167.21,9.017078651685393,1.0,52.40263062921348,-1.5588912247191011
52.40263285393259,-1.5589018764044944,163.63,,2,260.1,28 / 29,178811,2019-09-08 12:06:50:541,-0.5477,0.9066,6.8146,-0.3062,-0.0789,9.8015,-0.5337,0.5501,-0.48,-12.5,-40.37,13.94,304.27,-70.75,-155.67,9.064606741573034,1.0,52.40263285393259,-1.5589018764044944
52.402635078651684,-1.5589125280898877,163.63,,2,260.1,28 / 29,178911,2019-09-08 12:06:50:641,0.371,-1.9302,10.8712,-0.2477,-0.4343,9.7938,-0.6385,0.3087,0.4141,-15.44,-40.5,10.31,302.76,-72.78,-144.95,9.112134831460676,1.0,52.402635078651684,-1.5589125280898877
52.40263730337079,-1.558923179775281,163.63,,2,260.1,28 / 29,179010,2019-09-08 12:06:50:740,-1.2307,-2.5388,11.2685,-0.037,-0.0156,9.8065,-0.5345,0.6519,-0.782,-16.37,-39.19,7.31,312.79,-72.54,-129.23,9.159662921348316,1.0,52.40263730337079,-1.558923179775281
52.402639528089885,-1.5589338314606742,163.63,,2,260.1,28 / 29,179110,2019-09-08 12:06:50:840,-1.3136,1.5749,9.9235,0.1071,0.3147,9.801,0.1119,-0.264,0.4173,-14.87,-40.75,6.5,312.89,-75.88,-134.5,9.207191011235956,1.0,52.402639528089885,-1.5589338314606742
52.40264175280899,-1.5589444831460675,163.63,,2,260.1,29 / 29,179211,2019-09-08 12:06:50:941,0.2256,-0.3423,10.3361,0.0415,0.2488,9.8033,0.1473,-0.0743,-0.6147,-13.87,-39.75,6.19,302.19,-75.23,-134.66,9.254719101123596,1.0,52.40264175280899,-1.5589444831460675
52.40264397752809,-1.5589551348314608,163.63,,2,260.1,29 / 29,179311,2019-09-08 12:06:51:041,1.9576,0.7513,10.0102,0.1619,-0.0358,9.8052,0.4262,-0.5492,0.5089,-13.87,-39.81,6.56,295.48,-75.35,-143.54,9.302247191011237,1.0,52.40264397752809,-1.5589551348314608
52.40264620224719,-1.5589657865168538,163.63,,2,260.1,29 / 29,179410,2019-09-08 12:06:51:140,-2.2447,-2.021,12.3568,0.2303,-0.2657,9.8003,0.065,-0.666,0.0654,-16.37,-37.69,7.94,291.32,-70.75,-140.83,9.349775280898877,1.0,52.40264620224719,-1.5589657865168538
52.402648426966294,-1.558976438202247,163.63,,2,260.1,29 / 29,179510,2019-09-08 12:06:51:240,-2.7961,0.4096,7.8974,-0.373,-0.236,9.7967,-0.0366,0.178,0.2774,-16.25,-38.37,6.56,279.33,-70.53,-144.49,9.397303370786517,1.0,52.402648426966294,-1.558976438202247
52.40265065168539,-1.5589870898876403,163.63,,2,260.1,29 / 29,179611,2019-09-08 12:06:51:341,1.0069,-1.8146,10.2342,0.2017,-0.0529,9.8044,0.4346,-0.3848,0.4158,-17.44,-37.19,7.0,292.5,-70.32,-137.41,9.444831460674157,1.0,52.40265065168539,-1.5589870898876403
52.402652876404495,-1.5589977415730336,163.63,,2,260.1,29 / 29,179710,2019-09-08 12:06:51:440,-1.1419,-0.7241,7.7303,-0.2385,-0.2083,9.8015,-0.4758,0.1007,0.0097,-18.06,-37.37,5.56,281.31,-68.83,-138.74,9.492359550561797,1.0,52.402652876404495,-1.5589977415730336
52.4026551011236,-1.5590083932584269,163.63,,2,260.1,29 / 29,179811,2019-09-08 12:06:51:541,-0.3689,-1.3097,10.3449,0.0798,0.0057,9.8062,0.0193,-0.2697,0.072,-18.56,-37.56,5.44,290.48,-70.31,-133.07,9.53988764044944,1.0,52.4026551011236,-1.5590083932584269
52.402657325842696,-1.5590190449438202,163.63,,2,260.1,29 / 29,179911,2019-09-08 12:06:51:641,-0.6171,-2.1742,9.1762,-0.071,0.0052,9.8063,0.5146,-0.0553,-0.1103,-18.44,-37.25,4.94,288.3,-70.18,-133.82,9.58741573033708,1.0,52.402657325842696,-1.5590190449438202
,,163.63,,2,260.1,29 / 29,180011,2019-09-08 12:06:51:741,-1.9007,-1.0827,8.563,-0.073,-0.0652,9.8061,-0.3062,-0.0986,-0.009,-18.69,-37.5,5.25,288.05,-69.78,-134.65,9.63494382022472,0.0,52.4026595505618,-1.5590296966292134
,,163.63,,2,260.1,29 / 29,180111,2019-09-08 12:06:51:841,0.304,-0.3214,10.6841,-0.0498,-0.0152,9.8065,-0.1995,-0.2772,-0.1053,-18.69,-37.37,4.81,285.65,-69.28,-135.03,9.68247191011236,0.0,52.4026617752809,-1.5590403483146067
,,163.21,9.73,6,337.91,28 / 29,180211,2019-09-08 12:06:51:941,0.0045,-1.7533,11.2451,0.05,0.0537,9.8063,0.1752,-0.3416,-0.0104,-18.69,-37.37,5.25,288.62,-69.86,-134.45,9.73,0.0,52.402664,-1.559051
,,163.21,,6,337.91,28 / 29,180311,2019-09-08 12:06:52:041,1.6817,0.2251,11.7028,0.2159,0.0819,9.8039,0.1114,-0.2621,0.084,-19.06,-37.5,5.94,292.95,-70.29,-135.95,9.75506329113924,0.0,52.40267584810127,-1.5590524683544305
,,163.21,,6,337.91,28 / 29,180411,2019-09-08 12:06:52:141,-0.3775,-0.5577,10.515,0.0289,-0.0039,9.8066,0.0158,-0.1557,-0.0228,-19.87,-37.44,5.44,282.97,-69.13,-138.54,9.78012658227848,0.0,52.402687696202534,-1.5590539367088607
,,163.21,,6,337.91,28 / 29,180511,2019-09-08 12:06:52:241,0.0325,-1.0698,9.998,-0.0293,0.0035,9.8065,0.032,-0.1578,-0.0481,-20.06,-36.87,5.38,283.09,-69.06,-138.25,9.805189873417723,0.0,52.4026995443038,-1.5590554050632912
,,163.21,,6,337.91,28 / 29,180611,2019-09-08 12:06:52:341,0.0538,-0.533,9.8604,-0.0288,0.0129,9.8066,-0.1319,-0.1615,-0.0365,-20.44,-37.37,5.44,284.2,-69.5,-138.54,9.830253164556963,0.0,52.40271139240507,-1.5590568734177215
,,163.21,,6,337.91,28 / 29,180711,2019-09-08 12:06:52:441,-0.4127,-0.0328,10.1666,-0.0253,0.0188,9.8065,-0.1519,-0.2785,-0.073,-19.81,-37.5,5.13,282.89,-69.45,-139.48,9.855316455696203,0.0,52.40272324050633,-1.559058341772152
,,163.21,,6,337.91,28 / 29,180810,2019-09-08 12:06:52:540,-0.1507,-1.6754,10.1679,-0.0037,0.0251,9.8065,-0.067,-0.296,0.0723,-19.87,-37.5,4.69,283.44,-69.93,-140.3,9.880379746835443,0.0,52.4027350886076,-1.5590598101265822
,,163.21,,6,337.91,28 / 29,180910,2019-09-08 12:06:52:640,-0.7022,-1.3308,10.0018,-0.0195,-0.0052,9.8066,0.1421,-0.0569,-0.0571,-20.56,-37.44,4.75,284.46,-69.93,-140.9,9.905443037974685,0.0,52.40274693670886,-1.5590612784810127
,,163.21,,6,337.91,28 / 29,181011,2019-09-08 12:06:52:741,-1.4825,-0.1731,9.6718,-0.1151,0.0728,9.8056,-0.3404,0.2157,-0.4957,-19.81,-38.56,3.88,276.1,-70.03,-141.17,9.930506329113925,0.0,52.402758784810125,-1.559062746835443
,,163.21,,6,337.91,28 / 29,181111,2019-09-08 12:06:52:841,-4.5136,-0.8642,8.4926,-0.4094,-0.0491,9.7979,-0.2936,0.1108,0.7934,-18.0,-40.19,0.13,264.95,-73.35,-143.85,9.955569620253165,0.0,52.40277063291139,-1.5590642151898735
,,163.21,,6,337.91,29 / 30,181210,2019-09-08 12:06:52:940,-0.9175,2.1334,9.8965,0.3289,0.0204,9.801,0.6798,-0.5198,0.2233,-18.0,-39.62,1.88,272.12,-73.19,-142.32,9.980632911392405,0.0,52.40278248101266,-1.5590656835443037
,,163.21,,6,337.91,29 / 30,181311,2019-09-08 12:06:53:041,-0.7417,0.0902,10.7203,-0.1478,-0.0459,9.8054,-0.5175,-0.0886,0.3638,-21.44,-37.44,3.69,279.27,-69.01,-140.02,10.005696202531647,0.0,52.402794329113924,-1.5590671518987342
,,163.21,,6,337.91,29 / 30,181411,2019-09-08 12:06:53:141,-2.5438,-0.0148,9.7343,0.2595,0.0455,9.8031,-0.1184,-0.6661,0.591,-23.12,-36.5,4.5,289.45,-68.81,-137.84,10.030759493670887,0.0,52.40280617721519,-1.5590686202531645
,,163.21,,6,337.91,29 / 30,181511,2019-09-08 12:06:53:241,-0.9653,-0.0813,9.7329,0.1036,0.022,9.806,0.3969,-0.3015,0.234,-24.12,-36.19,6.81,292.94,-67.79,-139.37,10.055822784810127,0.0,52.402818025316456,-1.559070088607595
,,163.21,,6,337.91,29 / 30,181611,2019-09-08 12:06:53:341,-0.5538,0.1008,11.2214,-0.0771,0.0671,9.806,0.1319,-0.0642,-0.4024,-23.25,-36.06,6.81,286.49,-66.75,-141.31,10.080886075949367,0.0,52.40282987341772,-1.5590715569620253
,,163.21,,6,337.91,29 / 30,181710,2019-09-08 12:06:53:440,-0.2617,-0.5703,10.5024,0.0127,0.0648,9.8064,-0.2916,0.8968,-0.4805,-22.31,-37.5,5.06,282.27,-69.14,-142.21,10.105949367088607,0.0,52.40284172151899,-1.5590730253164558
,,163.21,,6,337.91,29 / 30,181811,2019-09-08 12:06:53:541,0.5489,1.0584,9.8575,-0.3085,0.144,9.8007,-0.0426,2.3626,-1.7379,-18.12,-39.06,1.0,263.83,-72.26,-146.21,10.13101265822785,0.0,52.402853569620255,-1.559074493670886
,,163.21,,6,337.91,29 / 30,181910,2019-09-08 12:06:53:640,-1.2383,1.37,10.6852,-0.1045,-0.0059,9.8061,-0.198,-0.8855,0.3533,-14.94,-40.06,-0.56,249.81,-74.52,-153.55,10.15607594936709,0.0,52.40286541772152,-1.5590759620253165
,,163.21,,6,337.91,29 / 30,182010,2019-09-08 12:06:53:740,-1.9907,-1.2038,10.0428,0.0866,-0.0225,9.8062,-0.1791,-0.2782,0.3283,-16.56,-39.62,0.0,257.31,-73.9,-151.79,10.18113924050633,0.0,52.40287726582279,-1.5590774303797468
,,163.21,,6,337.91,29 / 30,182110,2019-09-08 12:06:53:840,-0.2265,-0.6771,9.2047,-0.0335,-0.023,9.8065,-0.3126,-0.0698,0.211,-17.69,-39.5,-0.87,259.74,-73.95,-149.77,10.20620253164557,0.0,52.402889113924054,-1.5590788987341773
,,163.21,,6,337.91,29 / 30,182211,2019-09-08 12:06:53:941,-0.4222,-0.7616,9.6505,0.0632,-0.0198,9.8064,0.4516,-0.0799,0.0983,-17.87,-39.31,-0.31,269.68,-74.64,-143.8,10.231265822784811,0.0,52.40290096202531,-1.5590803670886075
,,163.21,,6,337.91,29 / 30,182311,2019-09-08 12:06:54:041,-1.2965,-1.1712,10.4471,-0.0339,-0.0339,9.8064,0.1893,0.2009,-0.1179,-18.5,-39.81,-0.12,264.95,-73.78,-145.2,10.256329113924052,0.0,52.40291281012658,-1.559081835443038
,,163.21,,6,337.91,29 / 30,182410,2019-09-08 12:06:54:140,-0.7541,1.2783,10.7099,-0.0817,-0.0436,9.8061,0.0211,0.0696,-0.1333,-17.06,-39.81,-0.69,262.69,-74.66,-144.52,10.281392405063292,0.0,52.402924658227846,-1.5590833037974683
,,163.21,,6,337.91,29 / 30,182511,2019-09-08 12:06:54:241,-0.8065,-0.3149,10.0119,0.0483,0.0092,9.8065,-0.0705,-0.1242,0.0239,-18.06,-39.94,-0.81,269.76,-75.89,-143.18,10.306455696202532,0.0,52.40293650632911,-1.5590847721518988
,,163.21,,6,337.91,29 / 30,182611,2019-09-08 12:06:54:341,-0.0039,1.6046,10.856,-0.0377,-0.0114,9.8065,-0.0436,-0.1346,-0.038,-18.56,-39.44,-1.94,270.98,-75.92,-142.18,10.331518987341772,0.0,52.40294835443038,-1.559086240506329
,,163.21,,6,337.91,29 / 30,182710,2019-09-08 12:06:54:440,-1.3267,1.5664,9.9943,-0.0476,0.0556,9.8063,-0.0157,-0.1436,-0.0042,-17.37,-39.31,-1.69,268.09,-76.4,-141.84,10.356582278481014,0.0,52.402960202531645,-1.5590877088607595
,,163.21,,6,337.91,29 / 30,182811,2019-09-08 12:06:54:541,-1.0477,-0.0387,9.5415,-0.0005,-0.0023,9.8066,0.0079,0.0027,0.0286,-17.75,-40.0,-1.94,268.96,-76.68,-143.2,10.381645569620254,0.0,52.40297205063291,-1.5590891772151898
,,163.21,,6,337.91,29 / 30,182911,2019-09-08 12:06:54:641,-0.6124,0.3023,9.8783,0.0243,0.039,9.8064,-0.0267,0.0232,0.1201,-17.94,-40.06,-1.87,269.15,-76.57,-142.71,10.406708860759494,0.0,52.40298389873418,-1.5590906455696203
,,163.21,,6,337.91,29 / 30,183010,2019-09-08 12:06:54:740,-0.6771,1.3851,10.2799,0.025,-0.0269,9.8065,0.174,0.0357,0.1366,-18.37,-40.31,-1.87,269.41,-76.32,-141.75,10.431772151898734,0.0,52.402995746835444,-1.5590921139240506
,,163.21,,6,337.91,29 / 30,183110,2019-09-08 12:06:54:840,-0.431,-0.5931,10.3907,0.0335,-0.125,9.8058,0.0083,-0.0222,0.1844,-20.0,-38.94,-2.31,276.39,-75.94,-138.83,10.456835443037976,0.0,52.40300759493671,-1.559093582278481
,,163.21,,6,337.91,29 / 29,183211,2019-09-08 12:06:54:941,-0.7941,1.21,9.2331,0.0102,0.0322,9.8065,0.3102,-0.2011,0.1263,-20.12,-38.56,-1.94,277.61,-75.4,-136.39,10.481898734177216,0.0,52.40301944303798,-1.5590950506329113
,,163.21,,6,337.91,29 / 29,183310,2019-09-08 12:06:55:040,-1.5321,-0.0626,7.5852,-0.0288,0.044,9.8065,0.1566,-0.1357,0.1799,-19.69,-39.0,-1.31,272.66,-73.79,-139.94,10.506962025316456,0.0,52.40303129113924,-1.5590965189873418
,,163.21,,6,337.91,29 / 29,183411,2019-09-08 12:06:55:141,-1.1051,1.3833,9.7251,0.1315,0.054,9.8055,-0.0155,0.1543,-0.3595,-19.56,-38.19,-0.94,265.4,-72.16,-144.49,10.532025316455696,0.0,52.40304313924051,-1.559097987341772
,,163.21,,6,337.91,29 / 29,183510,2019-09-08 12:06:55:240,0.2033,3.3079,10.5046,-0.0924,-0.0988,9.8057,-0.2138,-0.2451,0.095,-19.56,-38.06,-1.0,264.9,-72.52,-145.96,10.557088607594938,0.0,52.40305498734177,-1.5590994556962026
,,163.21,,6,337.91,29 / 29,183611,2019-09-08 12:06:55:341,1.2209,1.4328,10.4501,0.0278,-0.0207,9.8065,0.3995,0.04,-0.0843,-19.94,-38.06,-1.19,269.23,-73.24,-143.1,10.582151898734178,0.0,52.403066835443035,-1.5591009240506328
,,163.21,,6,337.91,29 / 29,183711,2019-09-08 12:06:55:441,-0.7156,0.2757,10.6991,0.0156,0.164,9.8052,0.2322,-0.3964,-0.5807,-18.69,-38.87,-0.56,263.93,-73.2,-145.37,10.607215189873418,0.0,52.4030786835443,-1.5591023924050633
,,163.21,,6,337.91,29 / 29,183811,2019-09-08 12:06:55:541,-0.3307,-0.8027,9.8678,0.0475,-0.0917,9.806,0.2298,0.2649,0.1393,-18.5,-38.12,-0.19,261.64,-73.39,-150.22,10.632278481012658,0.0,52.40309053164557,-1.5591038607594936
,,163.21,,6,337.91,29 / 29,183911,2019-09-08 12:06:55:641,-0.2541,0.8377,9.9034,0.0206,-0.025,9.8065,-0.526,-0.8914,0.2131,-18.87,-37.94,0.75,263.8,-72.97,-152.06,10.657341772151899,0.0,52.403102379746834,-1.559105329113924
,,163.21,,6,337.91,29 / 29,184011,2019-09-08 12:06:55:741,-3.9543,-7.1213,10.6556,0.0768,-0.0403,9.8062,-0.2508,-0.056,0.4454,-20.75,-37.37,2.06,278.19,-73.98,-147.06,10.68240506329114,0.0,52.4031142278481,-1.5591067974683543
,,163.21,,6,337.91,29 / 29,184111,2019-09-08 12:06:55:841,-2.2022,2.4064,9.6468,0.0094,0.0274,9.8066,-0.212,0.3089,0.2353,-19.56,-37.0,2.56,272.64,-73.08,-152.0,10.70746835443038,0.0,52.403126075949366,-1.5591082658227848
,,163.21,,6,337.91,30 / 30,184210,2019-09-08 12:06:55:940,0.7439,-2.0451,10.8763,-0.0456,0.0481,9.8063,0.1105,-0.7276,0.0887,-19.12,-36.37,2.31,270.2,-73.26,-151.28,10.73253164556962,0.0,52.40313792405063,-1.559109734177215
,,163.21,,6,337.91,30 / 30,184311,2019-09-08 12:06:56:041,-1.1143,0.3587,9.4026,0.0823,0.0475,9.8062,0.3943,-0.4518,-0.2924,-18.56,-36.81,2.5,273.74,-73.63,-150.75,10.75759493670886,0.0,52.4031497721519,-1.5591112025316456
,,163.21,,6,337.91,30 / 30,184411,2019-09-08 12:06:56:141,-1.0621,0.3376,9.7786,-0.2459,-0.0778,9.8032,-0.0006,-0.0357,0.0563,-17.87,-35.75,1.38,263.28,-72.97,-152.82,10.782658227848103,0.0,52.403161620253165,-1.5591126708860759
,,163.21,,6,337.91,30 / 30,184511,2019-09-08 12:06:56:241,-0.9111,0.7593,10.0841,-0.0232,0.0047,9.8065,-0.1805,-0.0323,0.068,-17.44,-36.12,0.81,263.86,-74.13,-153.08,10.807721518987343,0.0,52.40317346835443,-1.5591141392405063
,,163.21,,6,337.91,30 / 30,184612,2019-09-08 12:06:56:342,-1.4567,-0.0358,9.1857,-0.0157,-0.0328,9.8065,-0.0016,-0.0533,0.1371,-18.56,-37.12,0.0,266.29,-74.64,-151.58,10.832784810126583,0.0,52.4031853164557,-1.5591156075949366
,,163.21,,6,337.91,30 / 30,184711,2019-09-08 12:06:56:441,-0.3306,0.595,9.9386,0.083,0.0628,9.806,0.283,-0.1868,0.0327,-19.56,-37.56,2.25,268.07,-73.24,-153.05,10.857848101265823,0.0,52.403197164556964,-1.559117075949367
,,163.21,,6,337.91,30 / 30,184811,2019-09-08 12:06:56:541,-1.2522,0.2,9.9724,-0.0045,0.0163,9.8066,0.012,-0.1101,-0.0603,-19.25,-37.81,1.63,264.65,-73.04,-154.46,10.882911392405065,0.0,52.40320901265823,-1.5591185443037974
,,163.21,,6,337.91,30 / 30,184911,2019-09-08 12:06:56:641,-2.3109,-0.3918,9.5945,-0.1139,-0.0733,9.8057,-0.1565,0.027,-0.002,-19.94,-38.44,1.44,263.17,-73.04,-154.96,10.907974683544305,0.0,52.40322086075949,-1.5591200126582279
,,163.21,,6,337.91,30 / 30,185011,2019-09-08 12:06:56:741,-0.7569,0.1555,10.4845,0.0178,-0.0067,9.8066,-0.0421,-0.0773,0.1097,-19.5,-38.62,1.06,263.22,-73.61,-153.32,10.933037974683545,0.0,52.403232708860756,-1.5591214810126581
,,163.21,,6,337.91,30 / 30,185112,2019-09-08 12:06:56:842,-1.825,1.3379,9.9019,-0.0071,-0.0308,9.8066,-0.0506,-0.1028,0.0589,-19.69,-38.19,0.94,266.85,-73.64,-152.34,10.958101265822785,0.0,52.40324455696202,-1.5591229493670886
,,163.21,,6,337.91,30 / 30,185211,2019-09-08 12:06:56:941,-1.637,0.4004,9.0404,-0.0543,-0.0253,9.8064,0.0357,-0.0388,-0.0012,-20.5,-39.19,1.19,268.43,-74.1,-150.83,10.983164556962025,0.0,52.40325640506329,-1.5591244177215189
,,163.21,,6,337.91,30 / 30,185312,2019-09-08 12:06:57:042,-1.5411,-0.0658,9.4667,-0.0006,-0.0147,9.8065,0.2614,-0.0343,-0.0918,-20.0,-38.12,0.44,266.39,-74.02,-150.89,11.008227848101267,0.0,52.403268253164555,-1.5591258860759494
,,163.21,,6,337.91,30 / 30,185411,2019-09-08 12:06:57:141,-2.0891,0.1823,9.523,0.0288,0.0062,9.8065,-0.2111,0.0741,0.0733,-20.37,-38.12,1.25,267.24,-73.78,-152.28,11.033291139240507,0.0,52.40328010126582,-1.5591273544303796
,,163.21,,6,337.91,30 / 30,185511,2019-09-08 12:06:57:241,-2.0042,-0.1571,10.2631,0.0108,0.0291,9.8066,-0.0878,-0.0327,-0.0084,-20.37,-39.0,2.06,268.63,-73.51,-152.1,11.058354430379747,0.0,52.40329194936709,-1.5591288227848101
,,163.21,,6,337.91,30 / 30,185610,2019-09-08 12:06:57:340,-2.3297,-0.3848,8.4724,-0.0636,-0.046,9.8063,-0.2016,0.0081,0.0314,-20.19,-38.5,1.06,269.71,-74.28,-150.88,11.083417721518988,0.0,52.403303797468354,-1.5591302911392404
,,163.21,,6,337.91,30 / 30,185710,2019-09-08 12:06:57:440,-1.652,0.1631,10.1291,-0.0357,-0.0045,9.8065,-0.1532,0.0172,0.0496,-20.31,-39.19,1.25,266.31,-73.88,-152.52,11.10848101265823,0.0,52.40331564556962,-1.5591317594936709
,,163.21,,6,337.91,30 / 30,185811,2019-09-08 12:06:57:541,-1.456,0.8321,10.1152,0.0203,0.0177,9.8066,0.167,-0.0513,-0.0564,-20.12,-39.06,1.69,271.15,-74.35,-151.59,11.13354430379747,0.0,52.403327493670886,-1.5591332278481012
,,163.21,,6,337.91,30 / 30,185911,2019-09-08 12:06:57:641,-1.1778,-0.1254,10.3503,0.0353,0.0256,9.8065,0.0767,0.0581,-0.0088,-20.31,-38.87,1.06,267.32,-74.21,-152.28,11.15860759493671,0.0,52.40333934177215,-1.5591346962025316
,,163.21,,6,337.91,30 / 30,186011,2019-09-08 12:06:57:741,-2.3587,0.3672,9.3796,0.0138,-0.0125,9.8066,0.2027,-0.0239,0.0788,-20.0,-38.06,1.94,269.91,-73.8,-152.48,11.18367088607595,0.0,52.40335118987342,-1.559136164556962
,,163.21,,6,337.91,30 / 30,186111,2019-09-08 12:06:57:841,-1.6429,0.1545,10.2539,-0.0018,-0.0001,9.8066,0.1373,-0.0787,0.0812,-20.75,-38.56,1.88,269.66,-73.49,-152.57,11.20873417721519,0.0,52.403363037974685,-1.5591376329113924
,,163.21,,6,337.91,30 / 30,186211,2019-09-08 12:06:57:941,-1.6487,-0.565,9.6104,0.0218,-0.0146,9.8066,0.0177,0.0166,-0.0785,-20.56,-38.81,1.56,270.22,-73.35,-151.64,11.233797468354432,0.0,52.403374886075945,-1.5591391012658227
,,163.21,,6,337.91,30 / 30,186311,2019-09-08 12:06:58:041,-2.6228,-1.6553,8.8838,-0.1172,-0.0473,9.8058,-0.4528,-0.0144,-0.0221,-20.94,-38.81,1.56,270.28,-73.57,-152.11,11.258860759493672,0.0,52.40338673417721,-1.5591405696202532
,,163.21,,6,337.91,28 / 29,10,2019-09-08 12:06:59:249,-1.2973,-0.1213,9.5872,-0.0016,-0.0343,9.8065,0.0401,-0.0803,0.0584,-22.06,-38.44,0.94,271.38,-74.29,-152.15,11.283924050632912,0.0,52.40339858227848,-1.5591420379746834
,,163.21,,6,337.91,28 / 29,110,2019-09-08 12:06:59:349,-1.9767,-0.4255,10.2286,0.0349,0.0249,9.8065,0.035,-0.0694,-0.001,-21.19,-38.31,1.69,271.73,-73.98,-152.52,11.308987341772152,0.0,52.40341043037974,-1.559143506329114
,,163.21,,6,337.91,28 / 29,211,2019-09-08 12:06:59:450,-2.4373,-0.6689,9.5117,0.0085,0.0114,9.8066,0.139,-0.0144,-0.0637,-21.25,-38.56,0.31,266.58,-74.21,-151.93,11.334050632911394,0.0,52.40342227848101,-1.5591449746835442
,,163.21,,6,337.91,28 / 29,310,2019-09-08 12:06:59:549,-1.6047,-0.7089,8.9495,-0.0247,-0.0083,9.8066,0.0475,-0.1034,0.0433,-21.62,-37.81,1.44,270.13,-74.04,-152.89,11.359113924050634,0.0,52.403434126582276,-1.5591464430379747
,,163.21,,6,337.91,28 / 29,410,2019-09-08 12:06:59:649,-1.7934,0.1555,8.9005,-0.0454,-0.0522,9.8063,-0.3237,0.0527,0.0322,-21.75,-37.69,0.94,270.41,-73.92,-152.35,11.384177215189874,0.0,52.40344597468354,-1.559147911392405
,,163.21,,6,337.91,28 / 29,509,2019-09-08 12:06:59:748,-2.1136,-0.0084,9.4235,0.0073,-0.01,9.8066,-0.5156,0.1101,0.1131,-21.5,-37.87,0.25,268.73,-74.28,-150.71,11.409240506329114,0.0,52.40345782278481,-1.5591493797468354
,,163.21,,6,337.91,28 / 29,610,2019-09-08 12:06:59:849,-1.7188,-1.2719,9.1834,-0.0573,-0.0343,9.8064,-0.1913,-0.0268,0.0235,-22.12,-38.06,0.19,275.07,-75.07,-147.47,11.434303797468356,0.0,52.403469670886075,-1.5591508481012657
,,163.21,,6,337.91,28 / 29,709,2019-09-08 12:06:59:948,-1.8441,-0.0444,9.9576,0.0174,0.0136,9.8066,0.0866,-0.0816,-0.1511,-22.19,-38.44,1.13,278.14,-75.22,-147.42,11.459367088607596,0.0,52.40348151898734,-1.5591523164556962
,,163.21,,6,337.91,28 / 29,810,2019-09-08 12:07:00:049,-0.5146,0.8465,10.7228,0.05,0.0403,9.8064,-0.4403,0.18,0.0924,-22.44,-38.19,0.19,272.26,-74.97,-150.05,11.484430379746836,0.0,52.40349336708861,-1.5591537848101265
,,163.21,,6,337.91,30 / 30,910,2019-09-08 12:07:00:149,-2.2631,-0.9815,8.9013,-0.0558,-0.0586,9.8062,0.1468,0.1086,-0.0708,-22.0,-38.12,0.06,276.89,-75.61,-146.81,11.509493670886076,0.0,52.403505215189874,-1.559155253164557
,,163.21,,6,337.91,30 / 30,1010,2019-09-08 12:07:00:249,-0.4373,-0.2371,10.2207,0.0307,0.0331,9.8065,-0.0375,-0.0151,0.0159,-21.94,-38.25,0.06,275.34,-75.38,-147.84,11.534556962025317,0.0,52.40351706329114,-1.5591567215189872
,,163.21,,6,337.91,30 / 30,1109,2019-09-08 12:07:00:348,-0.4373,-0.2371,10.2207,0.0307,0.0331,9.8065,-0.0375,-0.0151,0.0159,-21.94,-38.25,0.06,275.34,-75.38,-147.84,11.559620253164558,0.0,52.4035289113924,-1.5591581898734177
,,163.21,,6,337.91,30 / 30,1211,2019-09-08 12:07:00:450,-2.1186,-1.1413,9.2547,-0.0953,-0.0127,9.8061,-0.4766,-0.0164,0.171,-21.56,-38.69,0.75,269.23,-74.39,-153.74,11.584683544303799,0.0,52.403540759493666,-1.559159658227848
,,163.21,,6,337.91,30 / 30,1309,2019-09-08 12:07:00:548,-0.4444,-0.7917,10.7539,0.0852,0.0202,9.8062,-0.0468,0.0087,-0.033,-21.81,-38.37,0.69,273.6,-75.2,-151.81,11.609746835443039,0.0,52.40355260759493,-1.5591611265822785
,,163.21,,6,337.91,30 / 30,1410,2019-09-08 12:07:00:649,-1.8727,-0.4947,9.4124,-0.0418,-0.0795,9.8062,0.0594,-0.1037,0.2166,-21.69,-38.87,0.75,271.59,-74.68,-151.94,11.634810126582279,0.0,52.4035644556962,-1.5591625949367087
,,163.21,,6,337.91,30 / 30,1510,2019-09-08 12:07:00:749,-1.9685,-1.4334,8.7633,0.2046,0.0684,9.8042,0.5661,0.1909,-0.2249,-21.62,-38.62,1.44,272.29,-74.44,-150.71,11.65987341772152,0.0,52.403576303797465,-1.5591640632911392
,,163.21,,6,337.91,30 / 30,1611,2019-09-08 12:07:00:850,-2.8775,-0.0931,8.7823,-0.0561,-0.0283,9.8064,-0.3424,0.154,-0.0487,-22.37,-38.69,1.13,270.23,-74.2,-152.3,11.68493670886076,0.0,52.40358815189873,-1.5591655316455695
,,163.38,11.71,6,359.84,29 / 29,1711,2019-09-08 12:07:00:950,-2.0121,-0.0762,10.0832,0.0575,0.0306,9.8064,0.3398,-0.0438,-0.0729,-21.12,-38.5,1.88,272.1,-74.21,-152.66,11.71,0.0,52.4036,-1.559167
,,163.38,,6,359.84,29 / 29,1810,2019-09-08 12:07:01:049,-1.7128,0.0345,9.7352,0.0677,0.0338,9.8063,-0.0068,0.0158,0.0644,-21.69,-37.56,2.31,269.03,-73.21,-154.94,11.705222222222224,0.0,52.40360468888888,-1.5591748777777779
,,163.38,,6,359.84,29 / 29,1910,2019-09-08 12:07:01:149,-1.4597,0.2291,9.2983,-0.0193,-0.0834,9.8062,0.0953,0.077,-0.0559,-21.37,-37.69,2.13,269.38,-73.44,-153.7,11.700444444444445,0.0,52.40360937777778,-1.5591827555555555
,,163.38,,6,359.84,29 / 29,2012,2019-09-08 12:07:01:251,-3.6883,-0.7039,7.6506,-0.1049,-0.0592,9.8058,-0.4037,-0.0659,-0.072,-20.94,-37.62,1.06,271.26,-74.41,-151.13,11.695666666666668,0.0,52.40361406666666,-1.5591906333333334
,,163.38,,6,359.84,29 / 29,2110,2019-09-08 12:07:01:349,-2.6153,-0.2689,9.8391,-0.0253,-0.0585,9.8064,-0.349,0.0524,0.0754,-21.5,-37.62,0.88,267.85,-73.77,-153.25,11.690888888888889,0.0,52.403618755555556,-1.559198511111111
,,163.38,,6,359.84,29 / 29,2209,2019-09-08 12:07:01:448,-0.2546,1.2209,11.0662,0.1072,0.0332,9.8059,-0.2536,0.0767,0.2065,-21.94,-36.94,0.19,268.43,-73.54,-151.86,11.686111111111112,0.0,52.40362344444444,-1.559206388888889
,,163.38,,6,359.84,29 / 29,2310,2019-09-08 12:07:01:549,-3.6988,0.4623,7.2293,0.0001,-0.019,9.8066,-0.5323,0.1095,-0.0767,-21.94,-37.12,0.88,273.87,-74.06,-149.98,11.681333333333335,0.0,52.40362813333333,-1.5592142666666666
,,163.38,,6,359.84,29 / 29,2410,2019-09-08 12:07:01:649,-2.5418,-0.4324,8.5462,0.0683,0.0402,9.8062,-0.5355,0.0773,0.0691,-22.12,-36.69,0.19,271.33,-74.08,-149.97,11.676555555555556,0.0,52.40363282222222,-1.5592221444444445
,,163.38,,6,359.84,29 / 29,2510,2019-09-08 12:07:01:749,-2.4667,-0.1505,9.0661,-0.145,-0.0204,9.8055,-0.4202,-0.16,-0.1554,-21.94,-37.81,-0.06,271.4,-74.53,-150.0,11.671777777777779,0.0,52.40363751111111,-1.5592300222222222
,,163.38,,6,359.84,29 / 29,2610,2019-09-08 12:07:01:849,-2.6207,0.3128,10.3542,0.0808,0.0155,9.8063,0.5916,0.4186,0.0095,-21.19,-37.81,0.31,273.5,-75.7,-148.97,11.667000000000002,0.0,52.4036422,-1.5592379
,,163.38,,6,359.84,29 / 29,2712,2019-09-08 12:07:01:951,-1.7439,0.532,10.6707,0.0763,0.069,9.806,0.1137,0.0226,-0.0408,-20.25,-37.5,0.06,271.86,-75.31,-149.09,11.662222222222223,0.0,52.403646888888886,-1.5592457777777777
,,163.38,,6,359.84,29 / 29,2810,2019-09-08 12:07:02:049,-2.4948,1.3696,10.0656,-0.0832,-0.0147,9.8062,0.1946,0.1007,-0.056,-20.69,-37.25,0.44,272.43,-75.45,-150.31,11.657444444444446,0.0,52.40365157777777,-1.5592536555555556
,,163.38,,6,359.84,29 / 29,2910,2019-09-08 12:07:02:149,-4.3131,0.3062,8.6807,-0.043,-0.0236,9.8065,0.4137,0.1301,0.0003,-19.12,-37.44,0.13,269.9,-75.85,-150.7,11.652666666666667,0.0,52.403656266666665,-1.5592615333333333
,,163.38,,6,359.84,29 / 29,3010,2019-09-08 12:07:02:249,-1.9302,0.8962,10.1427,-0.0849,-0.0463,9.8061,0.1005,0.0558,0.0519,-20.12,-37.81,-0.12,271.22,-75.91,-150.26,11.64788888888889,0.0,52.40366095555555,-1.5592694111111112
,,163.38,,6,359.84,29 / 29,3110,2019-09-08 12:07:02:349,-2.8075,1.0569,9.6374,-0.0102,0.0137,9.8066,0.0105,0.1713,-0.0618,-19.37,-37.12,0.31,270.84,-75.92,-149.9,11.643111111111113,0.0,52.403665644444445,-1.5592772888888888
,,163.38,,6,359.84,29 / 29,3210,2019-09-08 12:07:02:449,-2.1878,-0.3433,10.2947,0.0107,0.0069,9.8066,-0.0033,0.2247,-0.1195,-19.19,-37.44,-0.06,269.38,-75.72,-150.93,11.638333333333334,0.0,52.40367033333333,-1.5592851666666667
,,163.38,,6,359.84,29 / 29,3311,2019-09-08 12:07:02:550,-3.1189,0.5415,9.1919,0.0325,0.0256,9.8065,0.0679,0.1029,-0.0187,-18.25,-36.81,-0.37,266.69,-75.64,-151.72,11.633555555555557,0.0,52.40367502222222,-1.5592930444444444
,,163.38,,6,359.84,29 / 29,3411,2019-09-08 12:07:02:650,-3.5043,1.4083,9.4377,0.0186,0.031,9.8065,0.1664,0.1368,-0.2276,-18.87,-36.87,-0.06,267.99,-75.65,-152.21,11.628777777777778,0.0,52.40367971111111,-1.5593009222222223
,,163.38,,6,359.84,29 / 29,3510,2019-09-08 12:07:02:749,-3.5975,0.6166,9.3896,-0.0344,-0.0147,9.8065,-0.0311,0.0991,-0.0399,-18.44,-37.12,0.31,265.03,-75.57,-153.34,11.624,0.0,52.403684399999996,-1.5593088
,,163.38,,6,359.84,29 / 29,3610,2019-09-08 12:07:02:849,-3.5743,2.3163,9.6877,-0.0263,-0.0002,9.8065,-0.1665,0.2249,-0.1008,-17.5,-36.75,-0.44,264.1,-76.01,-153.45,11.619222222222223,0.0,52.40368908888889,-1.5593166777777778
,,163.38,,6,359.84,30 / 30,3711,2019-09-08 12:07:02:950,-3.2687,2.3692,9.0295,-0.0156,0.0017,9.8065,-0.0689,0.2381,-0.144,-17.31,-37.06,-0.31,265.88,-76.58,-153.05,11.614444444444445,0.0,52.403693777777775,-1.5593245555555555
,,163.38,,6,359.84,30 / 30,3810,2019-09-08 12:07:03:049,-3.1092,3.117,9.4042,0.0459,0.0356,9.8064,0.0187,0.2559,-0.0938,-16.19,-37.37,0.44,263.16,-76.6,-153.88,11.609666666666667,0.0,52.40369846666666,-1.5593324333333334
,,163.38,,6,359.84,30 / 30,3910,2019-09-08 12:07:03:149,-3.5535,2.7109,8.9901,-0.0371,-0.0143,9.8065,-0.1119,0.2942,-0.0167,-15.75,-37.37,0.63,265.72,-76.55,-154.6,11.604888888888889,0.0,52.403703155555554,-1.559340311111111
,,163.38,,6,359.84,30 / 30,4010,2019-09-08 12:07:03:249,-2.3994,3.2025,9.5886,-0.0348,-0.0072,9.8065,0.1286,0.3015,-0.0844,-15.56,-37.0,1.13,266.42,-76.73,-154.37,11.600111111111111,0.0,52.40370784444444,-1.559348188888889
,,163.38,,6,359.84,30 / 30,4110,2019-09-08 12:07:03:349,-4.0477,2.9746,9.5111,0.0192,0.0176,9.8065,0.0866,0.363,-0.1035,-14.62,-37.06,1.44,263.79,-76.63,-154.65,11.595333333333334,0.0,52.403712533333334,-1.5593560666666666
,,163.38,,6,359.84,30 / 30,4210,2019-09-08 12:07:03:449,-3.6354,3.5086,8.9504,0.0004,0.005,9.8066,0.0207,0.3423,-0.013,-13.87,-37.06,1.44,261.55,-76.7,-154.74,11.590555555555556,0.0,52.40371722222222,-1.5593639444444445
,,163.38,,6,359.84,30 / 30,4310,2019-09-08 12:07:03:549,-2.9185,3.0522,9.0033,-0.0219,-0.0285,9.8066,0.0188,0.337,-0.0549,-13.25,-36.94,1.63,263.38,-76.76,-154.48,11.585777777777778,0.0,52.403721911111106,-1.5593718222222221
,,163.38,,6,359.84,30 / 30,4410,2019-09-08 12:07:03:649,-3.0106,2.8942,9.0587,-0.0188,-0.0114,9.8066,-0.1337,0.3566,-0.0638,-12.75,-37.5,2.44,265.7,-77.08,-153.1,11.581000000000001,0.0,52.4037266,-1.5593797
,,163.38,,6,359.84,30 / 30,4510,2019-09-08 12:07:03:749,-3.8013,2.7496,9.0333,-0.0458,-0.0196,9.8065,-0.0406,0.3943,-0.0929,-12.44,-37.37,2.13,265.3,-77.67,-152.79,11.576222222222222,0.0,52.403731288888885,-1.5593875777777777
,,163.38,,6,359.84,30 / 30,4611,2019-09-08 12:07:03:850,-2.0061,3.9533,10.5009,-0.0606,-0.028,9.8064,0.0773,0.3407,-0.1077,-11.69,-37.81,3.13,270.75,-77.96,-152.33,11.571444444444445,0.0,52.40373597777778,-1.5593954555555556
,,163.38,,6,359.84,30 / 30,4709,2019-09-08 12:07:03:948,-2.4746,3.7634,9.3046,0.0288,0.0094,9.8065,0.0387,0.3342,-0.0561,-11.12,-36.56,2.56,270.24,-78.22,-152.43,11.566666666666666,0.0,52.403740666666664,-1.5594033333333333
,,163.38,,6,359.84,30 / 30,4810,2019-09-08 12:07:04:049,-3.567,2.7131,9.0184,-0.009,-0.007,9.8065,0.0549,0.3375,-0.0892,-9.87,-38.0,3.13,266.66,-78.37,-151.72,11.56188888888889,0.0,52.40374535555555,-1.5594112111111111
,,163.38,,6,359.84,30 / 30,4910,2019-09-08 12:07:04:149,-2.7671,2.7588,9.1386,-0.0471,-0.0017,9.8065,-0.0512,0.3495,-0.1344,-9.62,-37.94,3.13,268.4,-78.7,-151.68,11.557111111111112,0.0,52.40375004444444,-1.5594190888888888
,,163.38,,6,359.84,30 / 30,5010,2019-09-08 12:07:04:249,-3.6711,3.8518,9.7206,-0.0569,-0.0209,9.8065,0.1961,0.3971,-0.0838,-9.5,-37.19,3.25,269.54,-79.26,-151.18,11.552333333333333,0.0,52.40375473333333,-1.5594269666666667
,,163.38,,6,359.84,30 / 30,5111,2019-09-08 12:07:04:350,-1.9473,4.4698,10.0646,0.0226,0.0155,9.8066,0.1179,0.3453,-0.0455,-8.37,-36.87,4.06,274.33,-79.4,-151.64,11.547555555555556,0.0,52.40375942222222,-1.5594348444444444
,,163.38,,6,359.84,30 / 30,5210,2019-09-08 12:07:04:449,-1.5545,4.1488,8.8629,0.0356,0.0023,9.8065,0.0597,0.3804,-0.0468,-7.62,-36.75,4.94,283.62,-79.26,-151.91,11.542777777777777,0.0,52.40376411111111,-1.5594427222222222
,,163.38,,6,359.84,30 / 30,5310,2019-09-08 12:07:04:549,-2.0309,6.4615,9.4615,-0.0079,-0.0061,9.8065,0.1468,0.5386,-0.0652,-7.0,-37.31,5.06,280.21,-79.22,-151.5,11.538,0.0,52.403768799999995,-1.5594506
,,163.38,,6,359.84,30 / 30,5409,2019-09-08 12:07:04:648,0.0153,2.2663,9.9746,0.0039,-0.0288,9.8065,-0.1431,0.4997,-0.146,-7.25,-36.56,6.0,294.63,-78.86,-149.82,11.533222222222223,0.0,52.40377348888889,-1.5594584777777778
,,163.38,,6,359.84,30 / 30,5510,2019-09-08 12:07:04:749,-2.0912,5.5806,8.9628,-0.0527,-0.0161,9.8064,-0.1682,0.5069,0.1535,-6.87,-37.31,5.81,301.04,-78.99,-147.37,11.528444444444444,0.0,52.403778177777774,-1.5594663555555555
,,163.38,,6,359.84,30 / 30,5610,2019-09-08 12:07:04:849,2.7689,4.4672,8.6676,-0.0686,0.0435,9.8062,0.1282,0.312,0.1148,-5.94,-37.0,7.44,330.76,-79.33,-146.85,11.523666666666667,0.0,52.40378286666667,-1.5594742333333333
,,163.38,,6,359.84,29 / 29,5711,2019-09-08 12:07:04:950,2.9765,1.7592,9.8277,-0.0008,-0.0125,9.8066,0.015,0.3174,-0.0033,-6.44,-37.81,7.56,352.57,-79.52,-145.31,11.518888888888888,0.0,52.40378755555555,-1.559482111111111
,,163.38,,6,359.84,29 / 29,5810,2019-09-08 12:07:05:049,2.0307,4.1518,9.066,0.0148,-0.0228,9.8066,-0.0289,0.4631,-0.1002,-5.81,-37.06,7.19,341.64,-79.72,-144.43,11.514111111111111,0.0,52.40379224444444,-1.559489988888889
,,163.38,,6,359.84,29 / 29,5910,2019-09-08 12:07:05:149,4.9214,1.4847,9.0248,0.0063,0.0544,9.8064,0.0085,0.4698,-0.1147,-4.94,-37.25,8.69,20.06,-80.0,-143.55,11.509333333333334,0.0,52.40379693333333,-1.5594978666666666
,,163.38,,6,359.84,29 / 29,6010,2019-09-08 12:07:05:249,3.3882,1.033,9.4404,-0.0045,0.0041,9.8066,-0.0993,0.3985,-0.0767,-5.62,-37.31,9.06,8.38,-80.21,-142.91,11.504555555555555,0.0,52.40380162222222,-1.5595057444444445
,,163.38,,6,359.84,29 / 29,6110,2019-09-08 12:07:05:349,3.1131,0.1027,9.3585,0.001,0.0214,9.8065,-0.0484,0.4039,-0.1271,-4.56,-36.87,10.06,24.25,-80.49,-142.49,11.499777777777778,0.0,52.40380631111111,-1.5595136222222221
,,163.38,,6,359.84,29 / 29,6210,2019-09-08 12:07:05:449,4.4405,0.3262,9.9148,0.011,0.0323,9.8065,0.1338,0.4805,-0.1526,-4.81,-36.81,11.06,26.06,-80.73,-142.34,11.495000000000001,0.0,52.403811,-1.5595215
,,163.38,,6,359.84,29 / 29,6310,2019-09-08 12:07:05:549,3.897,-1.09,10.6003,0.0038,-0.0313,9.8065,0.1538,0.3342,0.0215,-3.87,-36.19,10.25,33.73,-80.96,-141.82,11.490222222222222,0.0,52.40381568888888,-1.559529377777778
,,163.38,,6,359.84,29 / 29,6410,2019-09-08 12:07:05:649,2.9351,-0.1131,9.5965,-0.0055,-0.0498,9.8065,-0.0206,0.3723,-0.0288,-4.12,-36.19,11.5,35.02,-80.7,-142.28,11.485444444444445,0.0,52.40382037777778,-1.5595372555555556
,,163.38,,6,359.84,29 / 29,6510,2019-09-08 12:07:05:749,3.4176,-0.6222,8.8849,-0.0122,0.0147,9.8065,0.001,0.325,0.0015,-3.75,-36.62,12.81,36.64,-80.47,-142.31,11.480666666666666,0.0,52.40382506666666,-1.5595451333333334
,,163.38,,6,359.84,29 / 29,6610,2019-09-08 12:07:05:849,3.5206,-1.2501,8.5592,-0.0221,0.0005,9.8066,0.0389,0.2735,0.0403,-3.69,-36.12,13.06,38.42,-80.15,-141.32,11.475888888888889,0.0,52.403829755555556,-1.559553011111111
,,163.38,,6,359.84,29 / 29,6710,2019-09-08 12:07:05:949,1.9144,-2.0855,9.1129,-0.0206,0.0409,9.8064,-0.0919,0.2013,0.0756,-3.62,-36.37,14.31,39.45,-80.15,-140.71,11.471111111111112,0.0,52.40383444444444,-1.559560888888889
,,163.38,,6,359.84,30 / 30,6809,2019-09-08 12:07:06:048,1.8424,-1.8716,10.1565,0.0003,0.0557,9.8065,0.0042,0.2022,0.015,-3.0,-36.0,14.0,49.21,-80.53,-137.48,11.466333333333333,0.0,52.40383913333333,-1.5595687666666667
,,163.38,,6,359.84,30 / 30,6910,2019-09-08 12:07:06:149,2.6528,-1.1472,10.5114,-0.0012,-0.0303,9.8066,0.0978,0.2065,-0.0739,-3.75,-36.25,14.56,45.29,-80.79,-135.56,11.461555555555556,0.0,52.40384382222222,-1.5595766444444445
,,163.38,,6,359.84,30 / 30,7009,2019-09-08 12:07:06:248,2.161,-1.5074,9.9366,0.0104,-0.0441,9.8065,-0.1072,0.1922,0.0253,-3.75,-36.0,14.69,44.34,-80.72,-136.36,11.456777777777777,0.0,52.40384851111111,-1.5595845222222222
,,163.38,,6,359.84,30 / 30,7110,2019-09-08 12:07:06:349,2.6788,-0.6818,8.8829,-0.007,0.0356,9.8066,-0.1303,0.1862,0.0338,-4.31,-36.56,15.69,46.64,-80.65,-135.19,11.452,0.0,52.4038532,-1.5595924
,,163.38,,6,359.84,30 / 30,7210,2019-09-08 12:07:06:449,1.4624,-1.144,9.7498,-0.0034,0.0307,9.8065,0.1512,0.0714,0.0638,-3.25,-36.5,15.94,51.21,-80.55,-135.14,11.447222222222223,0.0,52.403857888888886,-1.5596002777777778
,,163.38,,6,359.84,30 / 30,7310,2019-09-08 12:07:06:549,1.3275,-0.5914,9.8674,-0.0049,-0.005,9.8066,0.0522,0.1389,-0.029,-3.19,-36.12,16.31,51.42,-80.62,-134.84,11.442444444444444,0.0,52.40386257777777,-1.5596081555555557
,,163.38,,6,359.84,30 / 30,7409,2019-09-08 12:07:06:648,2.0431,-1.4875,9.5005,0.0031,0.0161,9.8065,0.0273,0.1122,-0.0348,-3.31,-36.12,16.25,52.09,-80.73,-134.12,11.437666666666667,0.0,52.403867266666666,-1.5596160333333333
,,163.38,,6,359.84,30 / 30,7510,2019-09-08 12:07:06:749,0.3006,-0.7209,11.1782,0.0,0.0118,9.8065,0.1002,0.021,0.0839,-3.25,-35.69,16.75,51.96,-80.95,-133.48,11.432888888888888,0.0,52.40387195555555,-1.5596239111111112
,,163.38,,6,359.84,30 / 30,7610,2019-09-08 12:07:06:849,3.0422,-1.6025,11.6275,-0.0093,0.0491,9.8065,-0.027,0.0058,0.0838,-2.87,-35.87,17.13,52.8,-81.15,-132.44,11.42811111111111,0.0,52.403876644444445,-1.5596317888888889
,,163.38,,6,359.84,30 / 30,7710,2019-09-08 12:07:06:949,1.0898,-1.0792,10.2307,-0.0024,-0.0968,9.8061,0.1663,0.1406,-0.0797,-2.62,-35.44,17.31,52.85,-81.27,-131.78,11.423333333333334,0.0,52.40388133333333,-1.5596396666666668
,,163.38,,6,359.84,30 / 30,7809,2019-09-08 12:07:07:048,1.1246,-1.2935,9.8876,0.0122,-0.1074,9.806,0.0098,0.1475,0.0302,-3.37,-35.12,17.94,48.74,-80.88,-135.48,11.418555555555555,0.0,52.40388602222222,-1.5596475444444444
,,163.38,,6,359.84,30 / 30,7910,2019-09-08 12:07:07:149,1.5409,-1.9768,9.7406,-0.0015,0.0186,9.8066,0.0049,0.1453,-0.0027,-2.5,-34.5,18.19,51.02,-80.63,-136.88,11.413777777777778,0.0,52.40389071111111,-1.5596554222222223
,,163.38,,6,359.84,30 / 30,8009,2019-09-08 12:07:07:248,0.8708,-2.2993,10.8223,-0.0038,0.0487,9.8065,-0.0301,0.0702,0.0132,-3.06,-33.87,17.69,48.01,-80.65,-136.0,11.409,0.0,52.403895399999996,-1.5596633
,,163.38,,6,359.84,30 / 30,8110,2019-09-08 12:07:07:349,1.7936,-1.1293,9.6681,-0.0037,-0.014,9.8065,-0.0944,0.1114,-0.0279,-1.44,-34.31,16.25,57.37,-80.71,-136.32,11.404222222222222,0.0,52.40390008888889,-1.5596711777777779
,,163.38,,6,359.84,30 / 30,8210,2019-09-08 12:07:07:449,0.8504,-0.0391,9.7247,0.0164,-0.001,9.8065,0.0232,0.0637,-0.045,-2.06,-36.0,15.63,53.85,-80.84,-136.21,11.399444444444445,0.0,52.403904777777775,-1.5596790555555555
,,163.38,,6,359.84,30 / 30,8310,2019-09-08 12:07:07:549,0.5737,-1.1229,9.8028,-0.0043,-0.0112,9.8066,0.0649,0.0811,-0.0355,-1.0,-37.56,16.94,58.81,-80.92,-135.86,11.394666666666666,0.0,52.40390946666666,-1.5596869333333334
,,163.38,,6,359.84,30 / 30,8410,2019-09-08 12:07:07:649,-0.1537,-1.25,10.1645,-0.0131,-0.0081,9.8066,-0.1151,0.1025,-0.0438,-1.31,-37.44,18.75,57.16,-80.8,-135.46,11.389888888888889,0.0,52.403914155555555,-1.559694811111111
,,163.38,,6,359.84,30 / 30,8510,2019-09-08 12:07:07:749,-0.0712,-1.9093,10.002,-0.0121,0.0009,9.8066,-0.0696,0.0458,0.0568,-2.69,-36.44,18.69,49.25,-80.8,-135.34,11.385111111111112,0.0,52.40391884444444,-1.559702688888889
,,163.38,,6,359.84,30 / 30,8610,2019-09-08 12:07:07:849,0.4104,-0.3635,10.132,-0.0213,-0.0084,9.8066,-0.0095,0.1157,-0.0187,-3.37,-37.0,18.44,51.44,-80.7,-134.43,11.380333333333333,0.0,52.403923533333334,-1.5597105666666666
,,163.38,,6,359.84,30 / 30,8710,2019-09-08 12:07:07:949,1.9569,-1.315,9.4253,0.0219,0.0066,9.8065,0.0626,0.1248,-0.0749,-2.69,-36.62,18.06,50.58,-80.93,-134.71,11.375555555555556,0.0,52.40392822222222,-1.5597184444444445
,,163.38,,6,359.84,29 / 29,8809,2019-09-08 12:07:08:048,0.7286,-1.6197,9.9789,0.0051,-0.0132,9.8066,-0.1281,0.0333,-0.0086,-3.31,-36.75,18.63,50.59,-80.81,-134.65,11.370777777777777,0.0,52.403932911111106,-1.5597263222222222
,,163.38,,6,359.84,29 / 29,8910,2019-09-08 12:07:08:149,0.5447,-2.0948,8.9269,0.0146,0.022,9.8066,-0.1606,0.0211,-0.0345,-2.75,-36.44,18.06,49.2,-80.69,-135.8,11.366,0.0,52.4039376,-1.5597342
,,163.38,,6,359.84,29 / 29,9009,2019-09-08 12:07:08:248,0.1269,-1.1457,9.6385,-0.0079,0.0031,9.8066,0.198,0.0596,-0.0076,-3.5,-36.12,18.25,48.39,-80.68,-136.46,11.361222222222223,0.0,52.403942288888885,-1.5597420777777777
,,163.38,,6,359.84,29 / 29,9110,2019-09-08 12:07:08:349,0.3263,-1.1158,10.3757,0.0065,0.0023,9.8066,0.1675,0.0219,0.0025,-3.94,-35.87,17.75,43.33,-80.58,-137.28,11.356444444444444,0.0,52.40394697777778,-1.5597499555555556
,,163.38,,6,359.84,29 / 29,9210,2019-09-08 12:07:08:449,0.6819,-2.4684,10.0121,0.0008,-0.0217,9.8065,-0.1889,-0.0325,0.0284,-3.69,-36.44,18.94,41.94,-80.61,-138.29,11.351666666666667,0.0,52.403951666666664,-1.5597578333333333
,,163.38,,6,359.84,29 / 29,9310,2019-09-08 12:07:08:549,0.7333,-2.3141,9.8272,0.0006,-0.0324,9.8066,-0.0339,0.0197,-0.0703,-4.06,-36.31,18.88,40.85,-80.52,-139.25,11.346888888888888,0.0,52.40395635555555,-1.5597657111111112
,,163.38,,6,359.84,29 / 29,9410,2019-09-08 12:07:08:649,1.233,-1.1278,7.612,0.0091,-0.0248,9.8065,-0.077,0.0262,0.0164,-3.31,-36.31,17.94,44.58,-80.66,-139.41,11.34211111111111,0.0,52.40396104444444,-1.5597735888888888
,,163.38,,6,359.84,29 / 29,9510,2019-09-08 12:07:08:749,0.4553,-2.9911,11.4315,-0.0228,0.0649,9.8064,0.2718,-0.1585,0.1159,-3.69,-36.75,18.25,39.73,-80.62,-140.25,11.337333333333333,0.0,52.40396573333333,-1.5597814666666667
,,163.38,,6,359.84,29 / 29,9610,2019-09-08 12:07:08:849,1.2966,-2.7928,10.7398,0.0123,0.0352,9.8065,-0.0163,-0.011,0.0018,-3.25,-36.19,17.81,43.9,-81.02,-139.39,11.332555555555555,0.0,52.40397042222222,-1.5597893444444444
,,163.38,,6,359.84,30 / 30,9710,2019-09-08 12:07:08:949,-0.8868,-1.8228,10.3974,-0.0013,-0.0823,9.8063,0.1254,0.0429,0.098,-4.37,-36.44,18.06,38.81,-81.08,-139.99,11.327777777777778,0.0,52.40397511111111,-1.5597972222222223
,,163.38,,6,359.84,30 / 30,9809,2019-09-08 12:07:09:048,-2.2046,-1.4001,9.7436,0.0506,-0.0362,9.8064,0.1111,-0.1255,0.0782,-4.06,-36.44,17.69,34.72,-80.93,-143.22,11.323,0.0,52.403979799999995,-1.5598051
,,163.38,,6,359.84,30 / 30,9910,2019-09-08 12:07:09:149,1.3652,0.608,9.8214,0.0072,0.0363,9.8065,-0.0441,0.102,-0.1033,-4.5,-36.19,17.63,36.71,-81.19,-141.42,11.318222222222222,0.0,52.40398448888889,-1.5598129777777778
,,163.38,,6,359.84,30 / 30,10010,2019-09-08 12:07:09:249,-2.6264,-0.2136,10.1854,0.0333,0.0728,9.8063,0.0573,0.2041,-0.2534,-4.12,-36.37,17.75,36.09,-81.36,-141.69,11.313444444444444,0.0,52.403989177777774,-1.5598208555555555
,,163.38,,6,359.84,30 / 30,10110,2019-09-08 12:07:09:349,-0.529,-0.9829,8.4651,0.0479,-0.0794,9.8061,0.2442,0.0843,-0.1114,-4.12,-36.06,18.0,36.26,-81.29,-141.64,11.308666666666666,0.0,52.40399386666667,-1.5598287333333334
,,163.38,,6,359.84,30 / 30,10210,2019-09-08 12:07:09:449,4.6414,-1.259,8.3036,-0.0153,-0.1258,9.8058,-0.0792,0.0554,-0.0265,-4.19,-37.0,18.19,33.83,-80.96,-144.12,11.303888888888888,0.0,52.40399855555555,-1.559836611111111
,,163.38,,6,359.84,30 / 30,10310,2019-09-08 12:07:09:549,-3.2123,-2.138,9.4362,-0.0267,0.0292,9.8065,-0.0677,-0.2836,0.2398,-3.75,-36.81,17.88,31.89,-81.39,-145.03,11.299111111111111,0.0,52.40400324444444,-1.559844488888889
,,163.38,,6,359.84,30 / 30,10410,2019-09-08 12:07:09:649,-1.8846,-2.3517,10.5222,0.0168,0.0826,9.8062,0.2613,-0.076,-0.031,-4.0,-36.25,17.94,30.49,-81.81,-145.38,11.294333333333332,0.0,52.40400793333333,-1.5598523666666666
,,163.38,,6,359.84,30 / 30,10510,2019-09-08 12:07:09:749,1.6305,-3.4419,10.7805,0.0058,-0.0559,9.8064,0.3396,0.0976,-0.0779,-4.5,-35.94,18.19,28.9,-81.34,-147.04,11.289555555555555,0.0,52.40401262222222,-1.5598602444444445
,,163.38,,6,359.84,30 / 30,10610,2019-09-08 12:07:09:849,0.2772,-1.8342,11.7968,0.0014,-0.0542,9.8064,-0.092,0.0059,-0.0039,-4.56,-37.0,18.63,26.79,-81.13,-146.28,11.284777777777776,0.0,52.40401731111111,-1.5598681222222222
,,163.48,11.28,8,277.73,30 / 30,10710,2019-09-08 12:07:09:949,1.6179,-0.0608,8.998,0.006,0.0384,9.8065,-0.0414,-0.0088,-0.0175,-4.12,-37.44,18.13,30.24,-81.17,-146.48,11.28,0.0,52.404022,-1.559876
,,163.48,,8,277.73,30 / 30,10810,2019-09-08 12:07:10:049,0.4091,-0.3296,9.1303,-0.0104,0.0196,9.8066,-0.0928,-0.0439,0.0119,-4.5,-37.56,18.5,32.63,-81.06,-145.27,11.300666666666666,0.0,52.40402302222222,-1.5598951222222222
,,163.48,,8,277.73,30 / 30,10909,2019-09-08 12:07:10:148,0.4185,-2.2214,8.3704,-0.0188,0.0507,9.8064,-0.1611,-0.0303,0.1159,-4.5,-36.81,19.69,34.43,-81.21,-143.63,11.321333333333333,0.0,52.40402404444444,-1.5599142444444445
,,163.48,,8,277.73,30 / 30,11010,2019-09-08 12:07:10:249,0.6686,-0.9958,10.9732,0.0032,0.0081,9.8066,0.0445,0.021,0.0816,-5.69,-36.56,18.38,27.73,-80.99,-142.32,11.341999999999999,0.0,52.40402506666666,-1.5599333666666666
,,163.48,,8,277.73,30 / 30,11112,2019-09-08 12:07:10:351,-0.2701,1.0209,9.9366,-0.0266,-0.0349,9.8065,-0.1082,0.1101,-0.16,-6.06,-36.56,18.5,29.24,-80.93,-141.78,11.362666666666666,0.0,52.404026088888884,-1.559952488888889
,,163.48,,8,277.73,30 / 30,11210,2019-09-08 12:07:10:449,-0.7871,-2.1437,9.8454,0.0155,0.0496,9.8065,0.1787,-0.085,0.1503,-5.75,-36.44,19.06,27.77,-80.55,-142.99,11.383333333333333,0.0,52.404027111111105,-1.559971611111111
,,163.48,,8,277.73,30 / 30,11310,2019-09-08 12:07:10:549,2.0397,-2.125,7.5974,-0.0135,-0.0203,9.8065,-0.2324,0.2061,-0.2355,-6.06,-36.31,17.69,25.33,-80.5,-144.26,11.404,0.0,52.404028133333334,-1.5599907333333334
,,163.48,,8,277.73,30 / 30,11410,2019-09-08 12:07:10:649,-1.1872,-0.7293,9.9641,-0.0097,0.1848,9.8049,0.4569,-0.1057,-0.0276,-5.94,-36.06,19.0,25.95,-81.43,-143.55,11.424666666666667,0.0,52.404029155555556,-1.5600098555555555
,,163.48,,8,277.73,30 / 30,11510,2019-09-08 12:07:10:749,1.051,-2.4843,9.8037,-0.0297,0.1794,9.8049,0.4438,0.0229,-0.2122,-6.12,-35.87,19.0,24.64,-81.75,-144.28,11.445333333333332,0.0,52.40403017777778,-1.5600289777777778
,,163.48,,8,277.73,30 / 30,11610,2019-09-08 12:07:10:849,1.1568,-2.9508,10.0163,0.0388,-0.1147,9.8058,-0.2797,0.0251,-0.1216,-4.69,-36.31,18.75,24.41,-81.93,-147.17,11.466,0.0,52.4040312,-1.5600481
,,163.48,,8,277.73,28 / 28,11710,2019-09-08 12:07:10:949,0.4039,-0.2101,9.837,0.0484,-0.0845,9.8061,-0.1013,-0.088,0.0875,-4.75,-36.0,18.75,18.59,-81.49,-151.82,11.486666666666666,0.0,52.40403222222222,-1.5600672222222223
,,163.48,,8,277.73,28 / 28,11810,2019-09-08 12:07:11:049,0.9539,-0.0603,10.1252,-0.0064,0.0229,9.8065,0.1474,-0.0018,-0.0163,-4.81,-36.37,19.44,17.7,-81.49,-152.48,11.507333333333333,0.0,52.40403324444444,-1.5600863444444444
,,163.48,,8,277.73,28 / 28,11910,2019-09-08 12:07:11:149,1.2287,-0.8469,9.726,0.0095,0.0412,9.8065,0.0469,0.005,-0.0546,-5.19,-36.0,18.75,17.11,-81.52,-152.89,11.527999999999999,0.0,52.40403426666666,-1.5601054666666667
,,163.48,,8,277.73,28 / 28,12010,2019-09-08 12:07:11:249,0.4304,-1.0458,10.4483,0.0032,-0.0175,9.8066,0.0688,-0.0276,0.0341,-5.0,-35.94,18.94,16.29,-81.44,-153.53,11.548666666666666,0.0,52.404035288888885,-1.5601245888888888
,,163.48,,8,277.73,28 / 28,12110,2019-09-08 12:07:11:349,1.5609,-0.9307,9.3916,0.0109,0.0022,9.8066,-0.0475,0.0632,-0.075,-5.56,-36.56,18.94,12.32,-81.43,-153.68,11.569333333333333,0.0,52.404036311111106,-1.5601437111111112
,,163.48,,8,277.73,28 / 28,12210,2019-09-08 12:07:11:449,0.2746,0.0143,9.3782,-0.0057,0.0273,9.8066,0.0061,0.032,0.0081,-5.75,-36.44,18.63,11.3,-81.47,-154.31,11.59,0.0,52.40403733333333,-1.5601628333333333
,,163.48,,8,277.73,28 / 28,12310,2019-09-08 12:07:11:549,1.1134,-0.6673,10.0345,-0.0144,0.0353,9.8066,0.0465,0.0394,-0.0094,-5.69,-36.5,18.75,11.9,-81.67,-153.79,11.610666666666667,0.0,52.40403835555556,-1.5601819555555556
,,163.48,,8,277.73,28 / 28,12410,2019-09-08 12:07:11:649,0.2394,-1.1742,10.3027,-0.0012,-0.0452,9.8065,-0.0547,0.0588,-0.066,-5.0,-36.44,18.06,14.49,-81.71,-154.12,11.631333333333332,0.0,52.40403937777778,-1.5602010777777777
,,163.48,,8,277.73,28 / 28,12510,2019-09-08 12:07:11:749,1.2872,-1.7896,10.0082,0.0063,-0.0291,9.8065,0.0517,0.0137,-0.0371,-5.5,-35.94,18.63,15.04,-81.54,-154.39,11.652,0.0,52.4040404,-1.5602202
,,163.48,,8,277.73,28 / 28,12610,2019-09-08 12:07:11:849,0.0392,-0.1542,10.0402,-0.0145,0.0298,9.8065,0.0497,-0.0041,0.1093,-5.25,-36.31,18.44,14.81,-81.62,-153.93,11.672666666666666,0.0,52.40404142222222,-1.5602393222222222
,,163.48,,8,277.73,27 / 27,12710,2019-09-08 12:07:11:949,0.2913,-0.5094,10.3323,-0.0175,0.038,9.8065,0.0967,0.0347,-0.0171,-4.12,-36.56,19.31,20.68,-81.52,-153.34,11.693333333333333,0.0,52.40404244444444,-1.5602584444444445
,,163.48,,8,277.73,27 / 27,12810,2019-09-08 12:07:12:049,0.5663,-0.5072,10.5652,0.0012,-0.0426,9.8065,-0.0208,-0.0397,0.065,-4.81,-36.87,19.44,16.49,-81.44,-153.51,11.714,0.0,52.404043466666664,-1.5602775666666666
,,163.48,,8,277.73,27 / 27,12910,2019-09-08 12:07:12:149,1.0134,-0.8938,9.4722,0.0035,-0.024,9.8065,0.1103,0.002,0.0088,-4.87,-36.44,19.06,15.99,-81.21,-153.87,11.734666666666666,0.0,52.404044488888886,-1.560296688888889
,,163.48,,8,277.73,27 / 27,13010,2019-09-08 12:07:12:249,-0.7876,0.4566,10.0247,0.0018,-0.0118,9.8066,-0.1723,-0.0206,0.0561,-5.25,-36.19,18.75,15.68,-81.35,-154.02,11.755333333333333,0.0,52.40404551111111,-1.560315811111111
,,163.48,,8,277.73,27 / 27,13110,2019-09-08 12:07:12:349,-0.3371,1.4555,9.7003,-0.0032,0.0124,9.8066,-0.0734,-0.0242,0.0405,-6.37,-36.5,18.94,11.48,-81.39,-154.21,11.776,0.0,52.40404653333333,-1.5603349333333334
,,163.48,,8,277.73,27 / 27,13210,2019-09-08 12:07:12:449,-0.2377,-1.3986,10.5584,0.0167,-0.0339,9.8065,0.0494,-0.067,0.0337,-5.19,-36.06,18.81,14.52,-81.25,-154.91,11.796666666666667,0.0,52.40404755555555,-1.5603540555555555
,,163.48,,8,277.73,27 / 27,13310,2019-09-08 12:07:12:549,-0.0752,-1.6431,9.8772,0.0085,-0.0069,9.8066,0.0624,-0.0635,0.0736,-5.12,-36.12,19.0,14.52,-81.33,-154.87,11.817333333333334,0.0,52.40404857777778,-1.5603731777777778
,,163.48,,8,277.73,27 / 27,13410,2019-09-08 12:07:12:649,-0.4502,-0.7318,10.2097,-0.0115,0.0099,9.8065,0.0546,0.0072,-0.0367,-4.87,-36.87,19.44,15.25,-81.29,-154.48,11.838,0.0,52.4040496,-1.5603923
,,163.48,,8,277.73,27 / 27,13510,2019-09-08 12:07:12:749,-0.0581,-2.1983,9.8512,-0.0134,0.0861,9.8062,0.3302,-0.0347,-0.0409,-5.19,-37.25,18.88,16.32,-81.6,-153.54,11.858666666666666,0.0,52.40405062222222,-1.5604114222222223
,,163.48,,8,277.73,27 / 27,13610,2019-09-08 12:07:12:849,0.2769,-0.7661,9.7275,0.011,-0.0602,9.8064,-0.3551,0.0297,0.0571,-5.12,-36.44,18.63,16.39,-81.58,-153.38,11.879333333333333,0.0,52.40405164444444,-1.5604305444444444
,,163.48,,8,277.73,28 / 29,13709,2019-09-08 12:07:12:948,0.5107,-1.5131,9.5617,0.0228,-0.0206,9.8065,-0.1083,-0.0099,0.0686,-5.31,-36.5,19.25,14.85,-81.55,-154.52,11.9,0.0,52.404052666666665,-1.5604496666666667
,,163.48,,8,277.73,28 / 29,13810,2019-09-08 12:07:13:049,-0.1976,0.1126,9.4616,0.0093,0.0458,9.8064,0.0693,-0.0611,0.0706,-5.5,-36.62,18.94,14.76,-81.84,-154.54,11.920666666666666,0.0,52.40405368888889,-1.5604687888888888
,,163.48,,8,277.73,28 / 29,13910,2019-09-08 12:07:13:149,0.3801,-0.3781,9.7989,-0.0002,0.0524,9.8065,0.1842,-0.0618,0.0531,-5.5,-36.31,18.63,13.99,-81.83,-155.02,11.941333333333333,0.0,52.40405471111111,-1.5604879111111112
,,163.48,,8,277.73,28 / 29,14010,2019-09-08 12:07:13:249,-0.1947,0.1665,10.5119,0.0061,-0.0316,9.8066,0.2163,-0.0446,0.0053,-5.56,-36.5,18.63,8.77,-81.71,-156.07,11.962,0.0,52.40405573333333,-1.5605070333333333
,,163.48,,8,277.73,28 / 29,14110,2019-09-08 12:07:13:349,-0.1454,-0.3624,9.6621,0.0091,-0.0365,9.8065,-0.1189,-0.032,0.0158,-5.06,-36.19,18.25,10.35,-81.49,-157.18,11.982666666666667,0.0,52.40405675555555,-1.5605261555555556
,,163.48,,8,277.73,28 / 29,14210,2019-09-08 12:07:13:449,0.6668,0.0182,9.3734,-0.0115,0.0012,9.8066,-0.0474,0.0281,0.0227,-4.94,-37.0,18.31,10.61,-81.41,-157.11,12.003333333333334,0.0,52.40405777777777,-1.5605452777777777
,,163.48,,8,277.73,28 / 29,14310,2019-09-08 12:07:13:549,-0.1186,0.3214,9.585,0.0078,0.0089,9.8066,0.0874,0.0356,0.0085,-4.19,-36.62,18.81,15.75,-81.52,-156.9,12.024,0.0,52.4040588,-1.5605644
,,163.48,,8,277.73,28 / 29,14410,2019-09-08 12:07:13:649,0.7381,-2.1312,8.8467,0.012,-0.0033,9.8066,0.162,0.0512,-0.0122,-4.44,-36.87,19.13,15.68,-81.63,-156.89,12.044666666666666,0.0,52.40405982222222,-1.5605835222222222
,,163.48,,8,277.73,28 / 29,14509,2019-09-08 12:07:13:748,1.0149,-0.5871,9.8596,0.0028,0.0018,9.8066,0.0813,0.0851,-0.002,-4.44,-36.94,18.94,15.83,-81.73,-156.73,12.065333333333333,0.0,52.404060844444444,-1.5606026444444445
,,163.48,,8,277.73,28 / 29,14610,2019-09-08 12:07:13:849,-0.4706,-2.8376,10.2782,0.0182,-0.036,9.8065,0.1679,-0.0352,0.1066,-4.31,-36.81,19.19,15.45,-81.84,-156.95,12.086,0.0,52.404061866666666,-1.5606217666666666
,,163.48,,8,277.73,27 / 27,14710,2019-09-08 12:07:13:949,0.4879,-0.163,10.362,0.0029,-0.0449,9.8064,-0.0434,0.0273,-0.0119,-4.62,-36.37,18.88,9.25,-81.56,-158.58,12.106666666666667,0.0,52.40406288888889,-1.560640888888889
,,163.48,,8,277.73,27 / 27,14810,2019-09-08 12:07:14:049,1.1729,-0.8757,10.1037,-0.0096,0.0163,9.8065,0.0629,0.0033,-0.0086,-4.62,-36.94,19.25,8.48,-81.5,-159.22,12.127333333333333,0.0,52.40406391111111,-1.560660011111111
,,163.48,,8,277.73,27 / 27,14910,2019-09-08 12:07:14:149,0.1847,-0.2008,9.6169,0.0057,-0.0235,9.8066,-0.1082,0.0052,0.0619,-4.31,-36.25,19.63,13.04,-81.45,-159.19,12.148,0.0,52.40406493333333,-1.5606791333333334
,,163.48,,8,277.73,27 / 27,15010,2019-09-08 12:07:14:249,-0.075,-0.8631,10.0715,-0.0088,0.0144,9.8066,-0.0949,0.0156,0.0213,-4.62,-35.75,19.63,9.95,-81.51,-158.67,12.168666666666667,0.0,52.40406595555555,-1.5606982555555555
,,163.48,,8,277.73,27 / 27,15110,2019-09-08 12:07:14:349,-0.0986,-1.2202,9.6844,-0.0056,0.0372,9.8066,0.1093,-0.0306,0.0505,-5.12,-35.56,18.13,8.71,-81.72,-158.26,12.189333333333334,0.0,52.404066977777774,-1.5607173777777779
,,163.48,,8,277.73,27 / 27,15210,2019-09-08 12:07:14:449,-0.7359,-0.1724,10.3937,-0.0104,-0.0383,9.8065,0.0137,-0.0646,0.1349,-4.62,-36.06,18.06,9.29,-81.7,-157.86,12.21,0.0,52.404067999999995,-1.5607365
,,163.48,,8,277.73,27 / 27,15310,2019-09-08 12:07:14:549,0.9374,0.1805,10.2506,-0.0138,-0.01,9.8065,0.0335,-0.0845,0.0397,-5.56,-36.25,17.94,6.07,-81.54,-157.25,12.230666666666666,0.0,52.404069022222224,-1.560755622222222
,,163.48,,8,277.73,27 / 27,15410,2019-09-08 12:07:14:649,0.3485,-0.1655,9.698,-0.0118,-0.0122,9.8066,0.0015,-0.0428,-0.0086,-5.0,-36.62,19.13,11.46,-81.45,-157.11,12.251333333333333,0.0,52.404070044444445,-1.5607747444444444
,,163.48,,8,277.73,27 / 27,15510,2019-09-08 12:07:14:749,0.0589,1.846,10.089,-0.0103,-0.0097,9.8066,0.0271,-0.0055,0.0235,-4.75,-37.25,18.81,11.83,-81.39,-156.87,12.272,0.0,52.40407106666667,-1.5607938666666665
,,163.48,,8,277.73,27 / 27,15610,2019-09-08 12:07:14:849,0.1504,0.8876,10.2007,-0.0077,0.0011,9.8066,0.0738,0.0454,0.0134,-4.81,-36.75,18.5,12.06,-81.31,-156.75,12.292666666666667,0.0,52.40407208888889,-1.5608129888888889
,,163.48,,8,277.73,28 / 28,15710,2019-09-08 12:07:14:949,0.2946,-0.1373,9.248,-0.0046,-0.0088,9.8066,-0.1308,0.0454,0.0289,-5.87,-36.19,18.88,8.89,-81.26,-156.11,12.313333333333333,0.0,52.40407311111111,-1.560832111111111
,,163.48,,8,277.73,28 / 28,15809,2019-09-08 12:07:15:048,1.1621,1.7142,9.6837,-0.0074,0.0265,9.8066,-0.1756,0.0982,0.0206,-5.75,-35.75,20.44,10.14,-81.25,-155.92,12.334,0.0,52.40407413333333,-1.5608512333333333
,,163.48,,8,277.73,28 / 28,15910,2019-09-08 12:07:15:149,-2.6106,0.8121,10.2929,0.0165,0.0152,9.8066,0.0096,0.1706,-0.0486,-6.87,-35.69,18.75,4.35,-81.44,-156.63,12.354666666666667,0.0,52.40407515555555,-1.5608703555555554
,,163.48,,8,277.73,28 / 28,16010,2019-09-08 12:07:15:249,0.3128,-2.6693,9.787,0.0269,-0.0192,9.8066,0.2046,0.2454,-0.1465,-6.25,-36.25,18.5,10.65,-81.09,-154.91,12.375333333333334,0.0,52.404076177777775,-1.5608894777777778
,,163.48,,8,277.73,28 / 28,16110,2019-09-08 12:07:15:349,0.6901,-0.9232,9.2703,-0.0021,-0.07,9.8064,-0.2683,0.1885,-0.1058,-5.75,-37.56,19.75,13.81,-80.78,-153.66,12.396,0.0,52.404077199999996,-1.5609085999999999
,,163.48,,8,277.73,28 / 28,16210,2019-09-08 12:07:15:449,0.3298,0.7324,9.7103,-0.0185,0.0555,9.8064,-0.2735,0.0267,-0.0018,-5.81,-37.5,18.63,14.79,-80.7,-152.27,12.416666666666666,0.0,52.40407822222222,-1.5609277222222222
,,163.48,,8,277.73,28 / 28,16310,2019-09-08 12:07:15:549,0.1921,-0.7438,9.2433,-0.0045,0.0206,9.8066,0.0458,0.0024,0.0026,-6.19,-37.19,19.31,16.58,-80.98,-150.85,12.437333333333333,0.0,52.404079244444446,-1.5609468444444443
,,163.48,,8,277.73,28 / 28,16410,2019-09-08 12:07:15:649,0.6904,-0.3197,9.1635,0.0147,-0.0006,9.8066,0.0123,0.0455,-0.022,-5.69,-37.25,18.69,16.38,-81.02,-150.98,12.458,0.0,52.40408026666667,-1.5609659666666666
,,163.48,,8,277.73,28 / 28,16510,2019-09-08 12:07:15:749,0.3815,0.1425,9.5473,0.0185,0.006,9.8066,0.1032,0.0316,0.0222,-5.25,-36.87,18.69,18.7,-81.18,-152.08,12.478666666666667,0.0,52.40408128888889,-1.5609850888888888
,,163.48,,8,277.73,28 / 28,16610,2019-09-08 12:07:15:849,0.6462,0.0999,9.9987,0.0071,0.0385,9.8065,-0.1028,0.0619,0.0001,-6.19,-37.5,19.44,13.55,-81.47,-152.77,12.499333333333334,0.0,52.40408231111111,-1.561004211111111
,,163.48,,8,277.73,28 / 28,16710,2019-09-08 12:07:15:949,-0.0751,-0.5968,10.5032,-0.0003,0.0333,9.8065,0.04,0.0229,-0.0291,-6.37,-37.31,19.5,13.58,-81.49,-153.4,12.52,0.0,52.40408333333333,-1.5610233333333332
,,163.48,,8,277.73,28 / 28,16810,2019-09-08 12:07:16:049,1.0697,0.2923,9.9992,0.0095,-0.005,9.8066,0.0532,0.024,-0.0435,-6.0,-37.37,19.63,12.53,-81.5,-154.16,12.540666666666667,0.0,52.404084355555554,-1.5610424555555555
,,163.48,,8,277.73,28 / 28,16910,2019-09-08 12:07:16:149,0.7729,-0.2121,10.0161,-0.0103,-0.0003,9.8066,-0.0875,0.0441,-0.0632,-5.25,-36.5,19.0,14.81,-81.35,-154.65,12.561333333333334,0.0,52.404085377777776,-1.5610615777777777
,,163.48,,8,277.73,28 / 28,17010,2019-09-08 12:07:16:249,-0.448,-0.4387,10.2563,-0.0005,-0.005,9.8066,0.009,-0.052,0.0759,-5.56,-37.75,19.0,10.17,-81.25,-155.35,12.582,0.0,52.4040864,-1.5610807
,,163.48,,8,277.73,28 / 28,17110,2019-09-08 12:07:16:349,1.5772,-0.4174,9.5533,-0.0039,-0.0044,9.8066,-0.0956,-0.0258,0.0399,-5.75,-37.12,19.69,10.37,-81.23,-155.84,12.602666666666668,0.0,52.40408742222222,-1.561099822222222
,,163.48,,8,277.73,28 / 28,17210,2019-09-08 12:07:16:449,0.6936,-0.502,9.3226,-0.0164,0.0032,9.8065,-0.0441,-0.0207,0.0589,-4.94,-37.12,19.31,13.8,-81.2,-155.56,12.623333333333333,0.0,52.40408844444444,-1.5611189444444444
,,163.48,,8,277.73,28 / 28,17310,2019-09-08 12:07:16:549,1.6004,0.4766,9.2542,0.0152,-0.048,9.8065,-0.1177,-0.0159,0.0085,-4.75,-37.69,19.38,11.99,-81.09,-156.98,12.644,0.0,52.40408946666667,-1.5611380666666665
,,163.48,,8,277.73,28 / 28,17410,2019-09-08 12:07:16:649,-0.5847,1.5199,9.3621,-0.0078,0.0482,9.8064,-0.2199,-0.0403,-0.0179,-5.5,-37.75,19.94,10.93,-81.13,-158.25,12.664666666666667,0.0,52.40409048888889,-1.5611571888888889
,,163.48,,8,277.73,28 / 28,17510,2019-09-08 12:07:16:749,0.5737,0.2723,10.6585,0.0025,0.0702,9.8063,0.3708,-0.0565,-0.0495,-5.25,-37.81,19.44,9.57,-81.68,-158.45,12.685333333333334,0.0,52.40409151111111,-1.561176311111111
,,163.48,,8,277.73,28 / 28,17610,2019-09-08 12:07:16:849,3.5446,0.9927,12.3516,0.0153,0.0248,9.8065,0.1949,0.1967,-0.183,-4.69,-37.69,19.56,7.13,-81.73,-160.8,12.706,0.0,52.40409253333333,-1.5611954333333333
,,163.48,,8,277.73,26 / 27,17711,2019-09-08 12:07:16:950,2.0547,0.8486,11.4031,0.0023,0.0659,9.8064,0.0522,0.0426,0.1358,-5.12,-37.0,21.0,7.28,-82.0,-161.13,12.726666666666667,0.0,52.404093555555555,-1.5612145555555554
,,163.48,,8,277.73,26 / 27,17810,2019-09-08 12:07:17:049,2.0855,-2.1584,10.5297,0.0328,-0.1099,9.8059,0.175,0.0623,0.0473,-4.87,-36.19,20.44,4.8,-81.08,-162.52,12.747333333333334,0.0,52.40409457777778,-1.5612336777777778
,,163.48,,8,277.73,26 / 27,17910,2019-09-08 12:07:17:149,-0.6511,-1.3214,9.8629,0.0171,-0.0748,9.8063,-0.361,0.0388,0.0131,-4.69,-37.31,20.06,5.81,-81.18,-161.82,12.768,0.0,52.4040956,-1.5612527999999999
,,163.48,,8,277.73,26 / 27,18010,2019-09-08 12:07:17:249,1.2283,0.5481,8.8344,-0.0102,0.0694,9.8063,-0.3015,0.1327,-0.0175,-4.81,-36.87,19.81,6.69,-81.15,-161.2,12.788666666666668,0.0,52.40409662222222,-1.5612719222222222
,,163.48,,8,277.73,26 / 27,18110,2019-09-08 12:07:17:349,1.7581,-0.5725,10.6301,-0.0159,0.0762,9.8063,0.3303,0.0954,-0.0366,-4.69,-37.19,20.63,9.05,-81.51,-159.94,12.809333333333333,0.0,52.40409764444444,-1.5612910444444443
,,163.48,,8,277.73,26 / 27,18210,2019-09-08 12:07:17:449,0.558,-0.9274,10.88,0.0245,-0.0629,9.8064,0.2462,0.0128,0.0068,-4.81,-36.69,20.63,8.93,-81.43,-160.04,12.83,0.0,52.40409866666666,-1.5613101666666667
,,163.48,,8,277.73,26 / 27,18310,2019-09-08 12:07:17:549,1.672,-0.3389,10.0158,0.0086,-0.0189,9.8066,-0.1218,-0.0337,0.024,-5.12,-37.12,20.88,7.18,-81.25,-161.38,12.850666666666667,0.0,52.40409968888889,-1.5613292888888888
,,163.48,,8,277.73,26 / 27,18410,2019-09-08 12:07:17:649,2.9738,0.1581,9.4206,0.0029,-0.0287,9.8066,-0.0617,0.1236,-0.1026,-5.56,-37.06,20.56,3.65,-81.22,-161.39,12.871333333333334,0.0,52.40410071111111,-1.5613484111111111
,,163.48,,8,277.73,26 / 27,18510,2019-09-08 12:07:17:749,-0.9167,0.7947,9.9898,0.0307,-0.0437,9.8064,-0.0201,0.0291,0.0745,-5.5,-36.37,20.94,6.55,-81.14,-161.82,12.892000000000001,0.0,52.404101733333334,-1.5613675333333332
,,163.48,,8,277.73,26 / 27,18610,2019-09-08 12:07:17:849,2.7322,1.4054,8.9297,0.0033,0.0646,9.8064,-0.1282,0.1784,-0.0605,-5.62,-36.62,21.19,4.19,-80.96,-161.03,12.912666666666667,0.0,52.404102755555556,-1.5613866555555556
,,163.48,,8,277.73,26 / 26,18710,2019-09-08 12:07:17:949,0.7991,-0.7217,10.2117,-0.0094,0.0554,9.8064,0.1788,0.0291,-0.0312,-5.56,-37.19,20.5,4.98,-81.28,-160.41,12.933333333333334,0.0,52.40410377777778,-1.5614057777777777
,,163.48,,8,277.73,26 / 26,18810,2019-09-08 12:07:18:049,0.6483,1.0542,9.6495,-0.0004,-0.0469,9.8065,0.1934,0.0177,-0.0416,-5.25,-36.94,20.25,9.07,-81.0,-159.54,12.954,0.0,52.4041048,-1.5614249
,,163.48,,8,277.73,26 / 26,18910,2019-09-08 12:07:18:149,1.5915,-1.053,10.2171,-0.0198,-0.0525,9.8065,-0.0913,0.0524,0.0088,-6.19,-36.94,20.94,8.37,-80.98,-158.0,12.974666666666668,0.0,52.40410582222222,-1.5614440222222221
,,163.48,,8,277.73,26 / 26,19009,2019-09-08 12:07:18:248,0.9449,-0.0482,8.8619,0.0014,-0.0449,9.8065,0.0033,-0.0939,-0.0137,-5.25,-36.69,20.63,12.39,-81.19,-157.58,12.995333333333333,0.0,52.40410684444444,-1.5614631444444445
,,163.48,,8,277.73,26 / 26,19110,2019-09-08 12:07:18:349,-0.0616,1.0081,10.2,0.0093,-0.0534,9.8065,-0.1462,-0.0549,0.0228,-6.0,-37.44,20.69,7.72,-80.97,-158.48,13.016,0.0,52.40410786666666,-1.5614822666666666
,,163.48,,8,277.73,26 / 26,19210,2019-09-08 12:07:18:449,1.3516,0.5324,10.2987,0.0068,0.0059,9.8066,-0.048,0.1056,-0.0559,-6.25,-37.06,20.44,6.29,-81.24,-158.78,13.036666666666667,0.0,52.404108888888885,-1.561501388888889
,,163.48,,8,277.73,26 / 26,19310,2019-09-08 12:07:18:549,0.8085,-0.0213,9.6674,0.0035,-0.0168,9.8066,-0.0444,0.0634,0.052,-5.94,-37.31,21.06,7.02,-81.16,-158.94,13.057333333333334,0.0,52.404109911111114,-1.561520511111111
,,163.48,,8,277.73,26 / 26,19410,2019-09-08 12:07:18:649,-0.8638,0.6903,10.2495,0.001,0.0063,9.8066,-0.0501,-0.0279,0.0046,-6.0,-36.5,21.25,6.28,-81.11,-159.45,13.078000000000001,0.0,52.404110933333335,-1.5615396333333333
,,163.48,,8,277.73,26 / 26,19510,2019-09-08 12:07:18:749,2.9046,-1.6819,8.9319,0.0037,0.0411,9.8065,0.0465,-0.1227,0.1004,-6.12,-37.44,21.56,5.53,-81.33,-160.63,13.098666666666666,0.0,52.40411195555556,-1.5615587555555555
,,163.48,,8,277.73,26 / 26,19610,2019-09-08 12:07:18:849,0.893,-0.4315,10.2558,0.0053,-0.0151,9.8066,0.1061,0.0848,-0.0624,-5.25,-36.69,21.25,8.64,-81.23,-160.31,13.119333333333334,0.0,52.40411297777778,-1.5615778777777778
,,163.16,13.14,8,268.48,25 / 26,19711,2019-09-08 12:07:18:950,1.7923,-0.1848,9.6821,0.0193,-0.0246,9.8066,0.189,0.097,-0.0359,-5.44,-36.44,21.5,8.67,-81.35,-160.7,13.14,0.0,52.404114,-1.561597
,,163.16,,8,268.48,25 / 26,19810,2019-09-08 12:07:19:049,0.6731,1.0247,9.4937,0.0017,0.0389,9.8065,0.1219,0.0471,-0.0361,-5.56,-35.81,22.06,3.75,-81.42,-161.92,13.13879120879121,0.0,52.404111648351645,-1.56161578021978
,,163.16,,8,268.48,25 / 26,19909,2019-09-08 12:07:19:148,0.9703,-0.1921,10.2609,-0.0074,0.0147,9.8065,0.0552,0.0749,0.0369,-6.19,-36.56,21.94,2.91,-81.25,-162.59,13.137582417582419,0.0,52.4041092967033,-1.5616345604395603
,,163.16,,8,268.48,25 / 26,20010,2019-09-08 12:07:19:249,0.5494,-0.2822,9.6237,0.0039,-0.0065,9.8065,-0.0613,0.0334,-0.0558,-6.44,-36.06,21.56,3.3,-81.17,-162.28,13.136373626373627,0.0,52.40410694505494,-1.5616533406593405
,,163.16,,8,268.48,25 / 26,20110,2019-09-08 12:07:19:349,-0.3861,2.499,9.8574,0.0047,-0.0185,9.8066,-0.2075,0.0553,-0.0006,-6.75,-36.12,21.75,359.59,-81.03,-162.65,13.135164835164836,0.0,52.40410459340659,-1.5616721208791209
,,163.16,,8,268.48,25 / 26,20210,2019-09-08 12:07:19:449,1.8355,-0.1688,10.141,-0.0226,0.0238,9.8066,0.2679,0.0716,0.0567,-6.12,-35.94,20.94,1.93,-80.94,-162.65,13.133956043956044,0.0,52.40410224175824,-1.561690901098901
,,163.16,,8,268.48,25 / 26,20310,2019-09-08 12:07:19:549,-1.018,-0.7374,9.3874,0.0088,0.0039,9.8066,0.1651,-0.0472,0.1185,-5.37,-36.69,21.38,6.51,-80.88,-161.94,13.132747252747253,0.0,52.40409989010989,-1.5617096813186813
,,163.16,,8,268.48,25 / 26,20410,2019-09-08 12:07:19:649,-0.0354,-1.8381,9.7799,0.0008,0.035,9.8065,-0.1151,0.0073,-0.0661,-5.62,-36.56,21.81,5.24,-81.05,-160.89,13.131538461538462,0.0,52.404097538461535,-1.5617284615384615
,,163.16,,8,268.48,25 / 26,20510,2019-09-08 12:07:19:749,-0.2269,0.5316,8.5874,0.0264,0.0446,9.8065,-0.1223,-0.0013,-0.0489,-4.69,-36.69,22.0,6.54,-81.28,-162.35,13.13032967032967,0.0,52.40409518681319,-1.5617472417582416
,,163.16,,8,268.48,25 / 26,20610,2019-09-08 12:07:19:849,0.5036,0.9147,9.9843,0.0004,0.0418,9.8065,0.2207,0.0656,-0.1496,-5.5,-36.75,21.88,4.33,-81.24,-164.0,13.12912087912088,0.0,52.40409283516483,-1.5617660219780218
,,163.16,,8,268.48,27 / 27,20710,2019-09-08 12:07:19:949,2.2978,-1.4385,10.1187,0.0165,-0.0798,9.8063,0.0434,0.11,-0.0772,-5.5,-36.5,22.0,1.88,-81.05,-165.8,13.127912087912089,0.0,52.404090483516484,-1.561784802197802
,,163.16,,8,268.48,27 / 27,20810,2019-09-08 12:07:20:049,-2.5706,-0.4623,12.8544,-0.0463,-0.025,9.8064,0.4084,-0.1363,0.2511,-6.5,-36.25,22.63,2.84,-81.26,-163.23,13.126703296703297,0.0,52.40408813186813,-1.5618035824175824
,,163.16,,8,268.48,27 / 27,20910,2019-09-08 12:07:20:149,-3.1497,-1.0272,12.2301,0.01,-0.0447,9.8065,0.5328,0.0715,-0.1782,-6.31,-35.87,22.38,3.25,-81.21,-162.31,13.125494505494506,0.0,52.40408578021978,-1.5618223626373626
,,163.16,,8,268.48,27 / 27,21010,2019-09-08 12:07:20:249,-1.5275,-6.1596,14.1919,-0.0541,-0.0532,9.8063,1.1207,0.0407,0.0046,-6.12,-35.75,22.81,3.95,-81.08,-162.4,13.124285714285715,0.0,52.404083428571425,-1.5618411428571428
,,163.16,,8,268.48,27 / 27,21110,2019-09-08 12:07:20:349,0.0969,-4.2763,12.0538,0.008,-0.2612,9.8031,-0.555,0.4063,-0.2779,-5.81,-36.44,22.44,3.48,-81.69,-162.09,13.123076923076923,0.0,52.40408107692308,-1.561859923076923
,,163.16,,8,268.48,27 / 27,21210,2019-09-08 12:07:20:449,1.37,-0.3212,10.3933,0.0465,-0.1607,9.8052,-0.2364,0.0278,0.0102,-5.37,-36.37,22.06,4.67,-80.65,-163.8,13.121868131868132,0.0,52.40407872527472,-1.5618787032967032
,,163.16,,8,268.48,27 / 27,21310,2019-09-08 12:07:20:549,0.7276,-0.0007,8.8929,-0.0107,0.0876,9.8062,0.1051,0.0425,0.0404,-5.31,-36.06,22.13,6.53,-81.59,-162.25,13.12065934065934,0.0,52.404076373626374,-1.5618974835164834
,,163.16,,8,268.48,27 / 27,21410,2019-09-08 12:07:20:649,0.4351,0.9564,9.4849,-0.0097,0.0404,9.8065,0.0745,0.0449,0.0897,-5.12,-36.25,22.56,6.86,-81.4,-162.51,13.11945054945055,0.0,52.40407402197802,-1.5619162637362636
,,163.16,,8,268.48,27 / 27,21510,2019-09-08 12:07:20:749,2.8836,-0.0694,9.839,0.0152,0.0011,9.8066,0.0576,-0.0482,0.1581,-5.25,-36.37,22.75,6.66,-81.18,-162.71,13.118241758241759,0.0,52.40407167032967,-1.561935043956044
,,163.16,,8,268.48,27 / 27,21610,2019-09-08 12:07:20:849,2.1789,0.9925,9.4432,-0.0223,-0.0379,9.8065,0.0115,0.1913,-0.109,-6.06,-36.69,23.31,5.4,-81.02,-161.35,13.117032967032968,0.0,52.404069318681316,-1.5619538241758242
,,163.16,,8,268.48,28 / 28,21710,2019-09-08 12:07:20:949,0.0585,0.8026,10.3031,-0.0094,0.007,9.8066,-0.0076,0.0768,-0.0105,-6.37,-36.25,23.38,5.37,-81.03,-161.34,13.115824175824176,0.0,52.40406696703297,-1.5619726043956044
,,163.16,,8,268.48,28 / 28,21809,2019-09-08 12:07:21:048,2.7674,-0.5677,9.5973,-0.0058,0.0118,9.8065,0.0383,0.113,-0.0861,-6.25,-36.31,22.88,5.9,-81.05,-160.94,13.114615384615385,0.0,52.40406461538461,-1.5619913846153846
,,163.16,,8,268.48,28 / 28,21910,2019-09-08 12:07:21:149,0.0526,0.2378,9.7573,0.0052,0.0012,9.8066,-0.1087,0.0297,0.0108,-6.0,-37.0,23.06,5.98,-81.01,-160.92,13.113406593406594,0.0,52.404062263736265,-1.5620101648351647
,,163.16,,8,268.48,28 / 28,22009,2019-09-08 12:07:21:248,0.9753,0.4397,9.4793,-0.0019,0.0326,9.8066,-0.0457,0.082,0.0235,-5.62,-36.5,23.44,5.9,-81.15,-160.92,13.112197802197802,0.0,52.40405991208791,-1.562028945054945
,,163.16,,8,268.48,28 / 28,22109,2019-09-08 12:07:21:348,0.6834,0.0255,9.9144,0.0015,0.0405,9.8065,-0.0156,-0.0082,0.0283,-5.62,-36.87,23.13,6.73,-81.32,-160.3,13.11098901098901,0.0,52.40405756043956,-1.5620477252747251
,,163.16,,8,268.48,28 / 28,22210,2019-09-08 12:07:21:449,1.1296,-0.1195,9.781,0.0017,0.0037,9.8066,-0.0695,0.0419,-0.0365,-5.69,-36.56,23.19,6.45,-81.53,-160.48,13.10978021978022,0.0,52.404055208791206,-1.5620665054945055
,,163.16,,8,268.48,28 / 28,22310,2019-09-08 12:07:21:549,-0.1328,0.4954,9.8047,-0.002,0.0001,9.8066,-0.0629,0.0476,0.03,-5.69,-36.75,23.31,7.17,-81.57,-159.92,13.108571428571429,0.0,52.40405285714286,-1.5620852857142857
,,163.16,,8,268.48,28 / 28,22410,2019-09-08 12:07:21:649,0.1433,-0.5152,9.6477,-0.0092,0.0456,9.8065,-0.2986,0.0311,0.0726,-5.75,-36.0,23.63,7.01,-81.63,-160.51,13.107362637362638,0.0,52.4040505054945,-1.562104065934066
,,163.16,,8,268.48,28 / 28,22510,2019-09-08 12:07:21:749,0.101,0.9324,9.3338,-0.0239,0.0427,9.8064,0.3131,0.1039,-0.0371,-5.75,-36.12,23.44,6.77,-81.8,-160.13,13.106153846153846,0.0,52.404048153846155,-1.5621228461538461
,,163.16,,8,268.48,28 / 28,22610,2019-09-08 12:07:21:849,1.3432,-0.9051,10.7747,-0.0032,-0.0013,9.8066,0.1756,0.0125,0.0746,-5.94,-35.12,23.25,5.69,-81.6,-160.97,13.104945054945055,0.0,52.4040458021978,-1.5621416263736263
,,163.16,,8,268.48,29 / 29,22710,2019-09-08 12:07:21:949,0.3932,-1.536,11.0148,-0.0121,0.0316,9.8066,-0.0423,0.0171,-0.0228,-6.06,-35.62,23.69,5.47,-81.7,-161.7,13.103736263736264,0.0,52.40404345054945,-1.5621604065934065
,,163.16,,8,268.48,29 / 29,22810,2019-09-08 12:07:22:049,1.4322,-0.9998,10.1534,0.0174,-0.0522,9.8064,-0.0602,0.0902,-0.1267,-5.94,-35.44,23.13,4.0,-81.77,-162.26,13.102527472527473,0.0,52.4040410989011,-1.5621791868131867
,,163.16,,8,268.48,29 / 29,22909,2019-09-08 12:07:22:148,0.9833,0.6971,9.3732,0.0089,-0.0284,9.8065,0.0053,0.0849,0.0373,-5.31,-35.87,23.25,6.63,-81.56,-162.66,13.10131868131868,0.0,52.40403874725275,-1.562197967032967
,,163.16,,8,268.48,29 / 29,23010,2019-09-08 12:07:22:249,0.807,-1.3067,9.3911,-0.0076,0.0251,9.8065,-0.0178,0.0925,0.0182,-5.75,-36.87,22.94,5.68,-81.5,-161.07,13.10010989010989,0.0,52.40403639560439,-1.5622167472527473
,,163.16,,8,268.48,29 / 29,23110,2019-09-08 12:07:22:349,-0.3465,-0.3709,9.5321,-0.0052,0.0251,9.8066,0.0426,0.0591,-0.0074,-6.0,-36.75,23.06,7.23,-81.7,-159.85,13.098901098901099,0.0,52.404034043956045,-1.5622355274725275
,,163.16,,8,268.48,29 / 29,23210,2019-09-08 12:07:22:449,-0.7774,-0.2182,11.1196,0.0045,0.0265,9.8066,0.14,0.0404,0.0106,-6.12,-36.37,24.13,9.12,-81.96,-158.78,13.097692307692308,0.0,52.40403169230769,-1.5622543076923077
,,163.16,,8,268.48,29 / 29,23310,2019-09-08 12:07:22:549,0.711,-0.2807,10.9055,0.0157,0.0607,9.8064,0.1353,0.033,-0.1094,-6.44,-36.25,23.13,7.15,-82.26,-159.75,13.096483516483516,0.0,52.40402934065934,-1.5622730879120879
,,163.16,,8,268.48,29 / 29,23410,2019-09-08 12:07:22:649,1.8915,-1.6722,10.25,0.0498,-0.083,9.8061,0.1244,0.0414,-0.2158,-5.62,-35.81,22.88,4.25,-82.35,-162.02,13.095274725274725,0.0,52.40402698901099,-1.562291868131868
,,163.16,,8,268.48,29 / 29,23510,2019-09-08 12:07:22:749,0.9312,1.4682,9.7015,0.036,-0.0602,9.8063,-0.1016,0.0188,-0.0725,-5.75,-36.56,22.38,358.91,-81.95,-165.58,13.094065934065934,0.0,52.40402463736264,-1.5623106483516482
,,163.16,,8,268.48,29 / 29,23610,2019-09-08 12:07:22:849,0.9556,0.4192,9.4719,-0.0071,0.0413,9.8065,-0.1636,0.0316,0.0128,-5.75,-36.94,22.5,358.76,-82.06,-166.34,13.092857142857143,0.0,52.404022285714284,-1.5623294285714286
,,163.16,,8,268.48,29 / 29,23710,2019-09-08 12:07:22:949,1.0434,0.8946,9.5508,-0.014,0.006,9.8066,0.1034,-0.0161,0.0636,-5.81,-36.69,22.88,359.24,-82.1,-165.97,13.091648351648352,0.0,52.404019934065936,-1.5623482087912088
,,163.16,,8,268.48,26 / 26,23810,2019-09-08 12:07:23:049,1.1114,-0.0834,10.6739,-0.0199,0.0066,9.8066,0.1039,0.058,0.0931,-5.5,-37.06,24.31,4.73,-81.95,-164.55,13.09043956043956,0.0,52.40401758241758,-1.562366989010989
,,163.16,,8,268.48,26 / 26,23910,2019-09-08 12:07:23:149,0.204,1.0816,11.2043,-0.0026,-0.0287,9.8066,0.1139,0.0135,0.0446,-6.81,-36.44,23.94,359.74,-81.84,-163.94,13.089230769230769,0.0,52.40401523076923,-1.5623857692307692
,,163.16,,8,268.48,26 / 26,24010,2019-09-08 12:07:23:249,-0.6823,-0.6168,10.5652,-0.0012,0.0079,9.8065,0.2418,-0.0194,-0.0032,-5.81,-36.62,24.63,3.54,-81.61,-163.75,13.088021978021978,0.0,52.40401287912088,-1.5624045494505494
,,163.16,,8,268.48,26 / 26,24110,2019-09-08 12:07:23:349,-0.8299,-1.0161,9.22,0.0305,-0.0138,9.8066,-0.0534,0.0753,-0.0104,-5.56,-37.0,23.94,359.84,-81.42,-166.09,13.086813186813187,0.0,52.40401052747253,-1.5624233296703296
,,163.16,,8,268.48,26 / 26,24210,2019-09-08 12:07:23:449,1.3197,0.0629,10.0155,-0.0017,-0.0288,9.8065,0.0797,0.1514,-0.0808,-5.75,-36.81,23.81,357.98,-81.54,-167.52,13.085604395604395,0.0,52.404008175824174,-1.5624421098901098
,,163.16,,8,268.48,26 / 26,24310,2019-09-08 12:07:23:549,0.524,0.2654,9.5473,0.0052,0.0071,9.8066,0.0162,0.0437,-0.0488,-5.56,-36.81,24.13,356.68,-81.55,-168.52,13.084395604395604,0.0,52.404005824175826,-1.5624608901098902
,,163.16,,8,268.48,26 / 26,24410,2019-09-08 12:07:23:649,0.4406,-1.0442,10.196,0.0051,-0.0207,9.8066,-0.0279,0.0246,-0.0655,-5.56,-37.25,24.63,356.87,-81.43,-168.93,13.083186813186813,0.0,52.40400347252747,-1.5624796703296704
,,163.16,,8,268.48,26 / 26,24510,2019-09-08 12:07:23:749,0.0895,0.0786,10.611,-0.0174,-0.0154,9.8065,0.0636,0.0502,0.0114,-5.37,-37.12,24.94,359.45,-81.41,-169.11,13.081978021978022,0.0,52.40400112087912,-1.5624984505494506
,,163.16,,8,268.48,26 / 26,24610,2019-09-08 12:07:23:849,-0.0464,-0.7823,10.9173,-0.0037,0.0104,9.8066,0.1491,0.0258,0.0269,-5.31,-36.5,25.88,1.25,-81.21,-168.14,13.080769230769231,0.0,52.40399876923077,-1.5625172307692308
,,163.16,,8,268.48,28 / 28,24710,2019-09-08 12:07:23:949,0.3224,-0.0633,9.7947,0.0081,-0.0554,9.8064,-0.1029,-0.0105,0.0607,-6.25,-37.19,25.69,358.4,-80.79,-168.23,13.07956043956044,0.0,52.40399641758242,-1.562536010989011
,,163.16,,8,268.48,28 / 28,24809,2019-09-08 12:07:24:048,0.3904,-0.3286,8.7168,0.0136,-0.0335,9.8065,-0.1053,0.0476,-0.0062,-5.62,-36.75,25.5,358.67,-80.9,-168.03,13.078351648351648,0.0,52.403994065934064,-1.5625547912087911
,,163.16,,8,268.48,28 / 28,24910,2019-09-08 12:07:24:149,1.464,0.1635,8.3484,-0.0066,0.052,9.8065,-0.1333,-0.0527,0.0245,-6.31,-36.56,24.88,358.02,-81.2,-168.03,13.077142857142857,0.0,52.403991714285716,-1.5625735714285713
,,163.16,,8,268.48,28 / 28,25010,2019-09-08 12:07:24:249,-1.1458,0.8323,11.3815,0.0439,0.061,9.8063,-0.1956,-0.296,0.2247,-5.87,-36.81,24.31,355.98,-81.88,-169.09,13.075934065934065,0.0,52.40398936263736,-1.5625923516483518
,,163.16,,8,268.48,28 / 28,25110,2019-09-08 12:07:24:349,6.937,0.0883,10.9113,0.0516,-0.0285,9.8064,0.503,-0.2976,0.1772,-5.44,-36.12,24.56,1.05,-82.0,-167.86,13.074725274725274,0.0,52.40398701098901,-1.562611131868132
,,163.16,,8,268.48,28 / 28,25210,2019-09-08 12:07:24:449,-3.3862,-5.8455,12.7176,0.0399,-0.0069,9.8065,0.5497,-0.1553,0.2924,-6.25,-36.5,24.69,357.7,-81.6,-168.31,13.073516483516483,0.0,52.40398465934066,-1.5626299120879121
,,163.16,,8,268.48,28 / 28,25310,2019-09-08 12:07:24:549,-3.1895,1.2397,9.5661,0.0441,-0.1085,9.8059,-0.5413,-0.1233,0.2649,-6.94,-36.69,25.25,356.29,-80.98,-167.19,13.072307692307692,0.0,52.40398230769231,-1.5626486923076923
,,163.16,,8,268.48,28 / 28,25410,2019-09-08 12:07:24:649,0.6406,1.6835,8.4321,-0.0026,-0.1156,9.8059,-0.4826,0.1386,-0.0514,-6.62,-35.94,25.31,358.13,-80.92,-165.8,13.071098901098901,0.0,52.403979956043955,-1.5626674725274725
,,163.16,,8,268.48,28 / 28,25510,2019-09-08 12:07:24:749,-0.496,1.819,8.8628,-0.0289,0.1222,9.8058,0.3365,0.1062,-0.0602,-6.25,-36.87,24.19,0.78,-80.92,-165.38,13.06989010989011,0.0,52.40397760439561,-1.5626862527472527
,,163.16,,8,268.48,28 / 28,25610,2019-09-08 12:07:24:849,0.4918,0.1528,10.3123,-0.0181,0.0711,9.8063,0.1091,0.0522,-0.0238,-7.12,-36.12,24.25,358.67,-81.58,-164.78,13.06868131868132,0.0,52.40397525274725,-1.562705032967033
,,163.16,,8,268.48,28 / 28,25710,2019-09-08 12:07:24:949,-0.1932,0.6376,10.3996,0.0091,0.0141,9.8066,0.0264,0.0243,0.0019,-8.5,-36.56,23.69,354.66,-81.63,-165.71,13.067472527472527,0.0,52.4039729010989,-1.5627238131868133
,,163.16,,8,268.48,27 / 28,25810,2019-09-08 12:07:25:049,1.1348,-0.0949,10.1775,0.025,-0.0502,9.8064,-0.1243,0.0368,0.0204,-9.44,-35.87,24.69,352.75,-81.71,-165.96,13.066263736263735,0.0,52.40397054945055,-1.5627425934065935
,,163.16,,8,268.48,27 / 28,25910,2019-09-08 12:07:25:149,0.924,-0.0298,10.0308,0.0106,-0.0214,9.8065,-0.0345,-0.0235,0.0449,-9.44,-36.44,26.5,353.96,-81.45,-166.41,13.065054945054944,0.0,52.4039681978022,-1.5627613736263737
,,163.16,,8,268.48,27 / 28,26010,2019-09-08 12:07:25:249,0.7113,1.9424,9.3981,0.0092,0.0118,9.8065,-0.0593,0.045,0.0124,-8.12,-35.44,26.13,355.35,-81.48,-166.61,13.063846153846153,0.0,52.403965846153845,-1.5627801538461539
,,163.16,,8,268.48,27 / 28,26110,2019-09-08 12:07:25:349,0.8891,1.8381,10.5401,-0.0061,-0.0102,9.8066,-0.0861,0.0794,-0.053,-7.0,-36.56,26.69,358.34,-81.39,-166.77,13.062637362637362,0.0,52.4039634945055,-1.562798934065934
,,163.16,,8,268.48,27 / 28,26210,2019-09-08 12:07:25:449,0.0707,0.8342,10.3342,0.0028,-0.0123,9.8066,0.0734,-0.0381,0.0003,-6.87,-36.19,26.19,357.29,-81.42,-167.07,13.061428571428571,0.0,52.40396114285714,-1.5628177142857143
,,163.16,,8,268.48,27 / 28,26310,2019-09-08 12:07:25:549,-0.8635,-0.718,9.7485,0.0151,0.0191,9.8066,0.0551,-0.0815,0.0622,-6.37,-36.06,26.38,359.19,-81.41,-167.64,13.06021978021978,0.0,52.403958791208794,-1.5628364945054944
,,163.16,,8,268.48,27 / 28,26410,2019-09-08 12:07:25:649,0.4597,1.373,9.9773,0.0027,0.0396,9.8065,0.1189,-0.01,0.0059,-6.94,-36.75,25.5,356.52,-81.3,-167.65,13.05901098901099,0.0,52.40395643956044,-1.5628552747252749
,,163.16,,8,268.48,27 / 28,26510,2019-09-08 12:07:25:749,2.1171,-1.1276,9.6452,-0.0155,0.0415,9.8065,0.2252,0.0449,-0.0823,-6.81,-35.94,24.38,354.86,-81.63,-167.75,13.057802197802198,0.0,52.40395408791209,-1.562874054945055
,,163.16,,8,268.48,27 / 28,26610,2019-09-08 12:07:25:849,0.0151,-0.3197,9.6291,0.031,-0.0433,9.8064,-0.3203,0.0695,-0.0033,-7.44,-35.62,24.25,354.8,-81.72,-167.81,13.056593406593406,0.0,52.403951736263735,-1.5628928351648352
,,163.16,,8,268.48,29 / 29,26710,2019-09-08 12:07:25:949,1.2478,1.5039,9.326,0.008,-0.0485,9.8065,-0.2501,0.1192,-0.0081,-8.75,-36.37,25.88,350.18,-81.6,-168.76,13.055384615384614,0.0,52.40394938461539,-1.5629116153846154
,,163.16,,8,268.48,29 / 29,26809,2019-09-08 12:07:26:048,-0.2706,0.6218,9.7596,-0.0201,0.0443,9.8065,0.1322,0.0926,0.0255,-8.19,-35.56,28.19,355.69,-81.89,-167.57,13.054175824175823,0.0,52.40394703296703,-1.5629303956043956
,,163.16,,8,268.48,29 / 29,26910,2019-09-08 12:07:26:149,-0.7694,-1.8828,10.4784,-0.0212,0.0398,9.8065,0.2694,-0.0476,0.0867,-6.12,-35.87,27.25,0.58,-81.89,-167.0,13.052967032967032,0.0,52.403944681318684,-1.5629491758241758
,,163.16,,8,268.48,29 / 29,27009,2019-09-08 12:07:26:248,1.0427,-0.6435,9.5734,0.0093,-0.0259,9.8066,-0.1753,-0.028,0.0286,-5.94,-36.06,26.69,2.09,-81.71,-165.8,13.051758241758241,0.0,52.40394232967033,-1.562967956043956
,,163.16,,8,268.48,29 / 29,27110,2019-09-08 12:07:26:349,-0.0157,0.9602,8.686,0.0068,-0.0444,9.8065,-0.1891,-0.0114,-0.0353,-6.31,-36.06,26.75,1.93,-81.44,-165.93,13.05054945054945,0.0,52.40393997802198,-1.5629867362637364
,,163.16,,8,268.48,29 / 29,27210,2019-09-08 12:07:26:449,0.4544,1.9087,8.5534,-0.0015,0.0834,9.8063,0.0626,0.017,-0.0113,-5.87,-35.94,25.63,1.11,-81.39,-166.14,13.04934065934066,0.0,52.403937626373626,-1.5630055164835166
,,163.16,,8,268.48,29 / 29,27310,2019-09-08 12:07:26:549,-1.1313,0.2839,9.4456,-0.0187,0.0639,9.8064,-0.0321,0.0341,0.0686,-6.19,-36.0,26.44,1.43,-81.77,-165.86,13.048131868131868,0.0,52.40393527472528,-1.5630242967032968
,,163.16,,8,268.48,29 / 29,27411,2019-09-08 12:07:26:650,0.1119,-0.3052,9.9557,0.0099,0.0042,9.8066,0.0383,-0.0127,-0.0236,-6.37,-36.06,26.25,0.27,-81.65,-166.79,13.046923076923077,0.0,52.40393292307692,-1.563043076923077
,,163.16,,8,268.48,29 / 29,27510,2019-09-08 12:07:26:749,-0.363,0.2578,9.9561,0.012,-0.0317,9.8066,-0.0402,-0.043,-0.0227,-6.56,-36.0,26.0,356.9,-81.48,-167.38,13.045714285714284,0.0,52.403930571428575,-1.5630618571428572
,,163.16,,8,268.48,29 / 29,27610,2019-09-08 12:07:26:849,-0.6318,-0.1686,9.8595,-0.0013,0.0222,9.8065,0.1256,-0.023,-0.1263,-6.69,-36.0,26.75,356.63,-81.41,-168.15,13.044505494505493,0.0,52.40392821978022,-1.5630806373626374
,,163.16,,8,268.48,28 / 28,27710,2019-09-08 12:07:26:949,-0.8119,-0.1764,10.1256,0.0119,0.0322,9.8065,0.0858,0.0191,-0.0528,-6.5,-35.75,26.75,357.25,-81.51,-169.67,13.043296703296702,0.0,52.40392586813187,-1.5630994175824175
,,163.16,,8,268.48,28 / 28,27809,2019-09-08 12:07:27:048,0.2744,-0.6334,9.5339,-0.002,0.0202,9.8066,-0.0132,0.0111,0.0436,-7.06,-35.25,26.75,353.03,-81.49,-171.07,13.042087912087911,0.0,52.403923516483516,-1.563118197802198
,,163.16,,8,268.48,28 / 28,27910,2019-09-08 12:07:27:149,-0.0182,-0.7041,9.4032,-0.0091,0.0361,9.8065,0.0799,0.069,-0.014,-6.12,-34.75,26.69,355.57,-81.77,-171.06,13.04087912087912,0.0,52.40392116483517,-1.5631369780219782
,,163.16,,8,268.48,28 / 28,28009,2019-09-08 12:07:27:248,2.9243,1.4053,6.747,0.0042,0.0023,9.8066,-0.3581,0.1546,-0.0739,-5.81,-34.94,26.75,354.79,-81.8,-171.69,13.03967032967033,0.0,52.40391881318681,-1.5631557582417583
,,163.16,,8,268.48,28 / 28,28110,2019-09-08 12:07:27:349,0.8023,1.3334,6.3121,0.0107,-0.1315,9.8057,-0.6248,0.1449,0.0015,-6.75,-35.81,25.81,352.28,-81.34,-171.02,13.038461538461538,0.0,52.403916461538465,-1.5631745384615385
,,163.16,,8,268.48,28 / 28,28210,2019-09-08 12:07:27:449,-0.2566,4.5766,6.1311,-0.0608,0.2481,9.8033,0.4906,0.0926,-0.0594,-6.06,-36.12,25.69,354.15,-81.1,-171.57,13.037252747252747,0.0,52.40391410989011,-1.5631933186813187
,,163.16,,8,268.48,28 / 28,28310,2019-09-08 12:07:27:549,1.397,0.826,10.1687,-0.0287,0.1777,9.8049,-0.1309,0.2346,-0.0274,-6.44,-36.12,26.0,355.41,-82.2,-170.71,13.036043956043956,0.0,52.40391175824176,-1.563212098901099
,,163.16,,8,268.48,28 / 28,28410,2019-09-08 12:07:27:649,-0.6468,-0.1501,10.902,-0.01,0.0048,9.8066,0.3621,0.1107,-0.0131,-6.31,-35.44,26.0,353.94,-82.0,-171.9,13.034835164835163,0.0,52.40390940659341,-1.563230879120879
,,163.16,,8,268.48,28 / 28,28510,2019-09-08 12:07:27:749,1.9836,-0.8081,9.752,-0.0149,0.0442,9.8065,0.2887,0.1136,-0.0398,-6.5,-35.94,26.88,354.31,-82.18,-172.1,13.033626373626372,0.0,52.40390705494506,-1.5632496593406595
,,163.16,,8,268.48,28 / 28,28610,2019-09-08 12:07:27:849,0.95,-1.1858,9.0854,0.0169,-0.0684,9.8063,-0.127,0.0239,0.0779,-6.37,-36.25,26.5,353.64,-81.89,-172.6,13.032417582417581,0.0,52.4039047032967,-1.5632684395604397
,,163.16,,8,268.48,28 / 28,28710,2019-09-08 12:07:27:949,0.3425,-0.8797,8.9356,0.0061,-0.1036,9.8061,-0.1695,0.0678,0.0312,-6.25,-36.19,26.13,354.75,-81.79,-171.19,13.03120879120879,0.0,52.403902351648355,-1.56328721978022
,,163.34,13.03,6,249.83,28 / 28,28810,2019-09-08 12:07:28:049,-1.064,2.0097,9.6469,-0.0138,0.0109,9.8066,-0.3676,-0.1105,0.029,-6.25,-36.87,26.75,356.01,-81.86,-170.67,13.03,0.0,52.4039,-1.563306
,,163.34,,6,249.83,28 / 28,28909,2019-09-08 12:07:28:148,1.207,0.2776,10.1319,0.0008,0.0469,9.8065,0.3369,-0.0419,0.0594,-6.75,-35.81,27.13,352.69,-82.02,-171.39,13.031123595505617,0.0,52.403895617977525,-1.5633230449438202
,,163.34,,6,249.83,28 / 28,29010,2019-09-08 12:07:28:249,-0.8016,-1.0665,9.6512,0.0019,0.049,9.8065,0.3357,0.0215,0.0859,-6.19,-35.87,27.38,354.46,-81.91,-171.94,13.032247191011235,0.0,52.40389123595506,-1.5633400898876406
,,163.34,,6,249.83,28 / 28,29110,2019-09-08 12:07:28:349,0.9392,0.6547,11.8012,0.0467,-0.1584,9.8052,-0.303,-0.0127,-0.0364,-6.94,-35.31,27.25,351.62,-82.1,-172.33,13.033370786516853,0.0,52.40388685393258,-1.5633571348314608
,,163.34,,6,249.83,28 / 28,29210,2019-09-08 12:07:28:449,-0.0453,1.6528,8.7571,0.0613,-0.2072,9.8042,-0.3152,0.0185,0.0361,-6.12,-35.69,26.94,351.76,-80.93,-173.92,13.034494382022471,0.0,52.403882471910116,-1.563374179775281
,,163.34,,6,249.83,28 / 28,29310,2019-09-08 12:07:28:549,-1.6493,2.8557,10.1393,-0.0381,0.1063,9.806,-0.005,0.133,-0.0347,-6.37,-35.69,26.56,351.31,-81.09,-174.32,13.035617977528089,0.0,52.40387808988764,-1.5633912247191013
,,163.34,,6,249.83,28 / 28,29410,2019-09-08 12:07:28:649,-0.1145,2.5026,9.4545,-0.0233,0.0056,9.8066,-0.1462,0.0723,0.0149,-6.87,-35.75,26.25,349.39,-81.55,-173.36,13.036741573033707,0.0,52.403873707865166,-1.5634082696629215
,,163.34,,6,249.83,28 / 28,29510,2019-09-08 12:07:28:749,0.3588,0.1435,9.4285,-0.013,0.0375,9.8065,0.1895,0.0422,0.1211,-6.75,-36.37,26.69,349.95,-81.77,-173.56,13.037865168539325,0.0,52.4038693258427,-1.5634253146067416
,,163.34,,6,249.83,28 / 28,29610,2019-09-08 12:07:28:849,-0.6688,0.6075,10.4347,-0.0244,0.006,9.8066,0.1125,0.0391,0.0933,-6.75,-36.87,27.13,351.29,-81.76,-172.44,13.038988764044943,0.0,52.403864943820224,-1.563442359550562
,,163.34,,6,249.83,28 / 28,29710,2019-09-08 12:07:28:949,-0.3609,0.6946,9.8532,-0.0067,-0.0098,9.8066,0.0009,0.0133,0.0467,-6.56,-36.31,27.44,352.36,-81.77,-171.62,13.04011235955056,0.0,52.40386056179775,-1.5634594044943821
,,163.34,,6,249.83,28 / 28,29810,2019-09-08 12:07:29:049,-0.7112,0.1723,10.2604,-0.0115,0.0006,9.8066,0.0394,-0.0094,0.0451,-6.37,-35.94,27.19,356.18,-81.72,-170.54,13.041235955056178,0.0,52.40385617977528,-1.5634764494382023
,,163.34,,6,249.83,28 / 28,29910,2019-09-08 12:07:29:149,0.5922,0.629,9.9148,0.006,-0.0407,9.8065,-0.0894,0.0339,0.0544,-7.0,-36.44,28.38,354.78,-81.78,-170.2,13.042359550561796,0.0,52.40385179775281,-1.5634934943820225
,,163.34,,6,249.83,28 / 28,30010,2019-09-08 12:07:29:249,0.5182,1.4902,9.2594,-0.0089,-0.0284,9.8066,-0.0554,0.1162,-0.0127,-6.81,-36.75,27.44,355.08,-81.65,-169.39,13.043483146067416,0.0,52.40384741573034,-1.5635105393258428
,,163.34,,6,249.83,28 / 28,30110,2019-09-08 12:07:29:349,-0.5854,1.9053,9.0485,-0.0251,0.049,9.8064,0.0621,0.0575,0.0188,-7.31,-35.94,27.94,356.61,-82.05,-168.73,13.044606741573034,0.0,52.403843033707865,-1.563527584269663
,,163.34,,6,249.83,28 / 28,30209,2019-09-08 12:07:29:448,-0.0152,1.1095,10.0137,-0.0209,0.0391,9.8065,0.0869,0.0113,0.0732,-7.06,-35.37,28.25,357.42,-82.05,-168.08,13.045730337078652,0.0,52.40383865168539,-1.5635446292134831
,,163.34,,6,249.83,28 / 28,30310,2019-09-08 12:07:29:549,0.1678,-0.1746,11.6083,0.0095,-0.0952,9.8061,-0.0588,0.0416,-0.0625,-7.62,-35.56,27.81,356.57,-82.07,-166.86,13.04685393258427,0.0,52.40383426966292,-1.5635616741573035
,,163.34,,6,249.83,28 / 28,30410,2019-09-08 12:07:29:649,-0.3534,-2.4192,10.339,0.023,-0.0819,9.8063,0.3018,-0.0742,0.0485,-7.12,-35.69,27.63,358.46,-81.39,-167.2,13.047977528089888,0.0,52.40382988764045,-1.5635787191011237
,,163.34,,6,249.83,28 / 28,30510,2019-09-08 12:07:29:749,-0.4706,-2.6629,10.0456,-0.0143,0.002,9.8066,-0.4734,0.0124,-0.0497,-7.37,-35.94,27.0,358.37,-81.42,-166.76,13.049101123595506,0.0,52.403825505617974,-1.5635957640449438
,,163.34,,6,249.83,28 / 28,30610,2019-09-08 12:07:29:849,1.1899,0.8139,9.6788,-0.0039,0.0001,9.8066,-0.2641,0.0042,-0.0816,-7.5,-36.25,27.19,359.84,-81.55,-165.59,13.050224719101124,0.0,52.403821123595506,-1.5636128089887642
,,163.34,,6,249.83,28 / 29,30710,2019-09-08 12:07:29:949,-0.3423,0.7935,10.3075,0.022,0.009,9.8066,0.1685,-0.0426,-0.0096,-7.25,-35.94,26.31,357.49,-81.57,-166.93,13.051348314606741,0.0,52.40381674157303,-1.5636298539325844
,,163.34,,6,249.83,28 / 29,30810,2019-09-08 12:07:30:049,0.3725,-1.0019,10.385,0.0105,-0.0131,9.8066,0.1637,0.0546,-0.0181,-6.56,-35.81,27.13,357.08,-81.41,-167.79,13.05247191011236,0.0,52.403812359550564,-1.5636468988764045
,,163.34,,6,249.83,28 / 29,30910,2019-09-08 12:07:30:149,-0.7891,0.2063,8.8805,0.0046,0.0191,9.8065,-0.1421,-0.0292,0.0309,-7.56,-35.87,27.19,354.22,-81.28,-168.09,13.053595505617977,0.0,52.40380797752809,-1.5636639438202249
,,163.34,,6,249.83,28 / 29,31010,2019-09-08 12:07:30:249,-0.1631,0.8706,9.8526,0.0007,0.001,9.8066,-0.0718,0.0354,-0.0054,-7.12,-36.06,27.06,356.05,-81.39,-168.61,13.054719101123595,0.0,52.403803595505615,-1.563680988764045
,,163.34,,6,249.83,28 / 29,31110,2019-09-08 12:07:30:349,0.2714,0.9615,10.0386,0.0058,-0.0098,9.8066,0.1038,-0.0244,0.0217,-7.25,-36.5,27.94,355.69,-81.45,-169.43,13.055842696629213,0.0,52.40379921348315,-1.5636980337078652
,,163.34,,6,249.83,28 / 29,31210,2019-09-08 12:07:30:449,-0.4908,0.1953,9.8926,0.0107,-0.0168,9.8066,0.0043,-0.0745,0.0291,-6.94,-35.62,27.5,355.55,-81.26,-169.52,13.056966292134831,0.0,52.40379483146067,-1.5637150786516856
,,163.34,,6,249.83,28 / 29,31310,2019-09-08 12:07:30:549,0.2921,-0.2648,9.645,0.0025,0.0219,9.8065,0.0293,0.0292,-0.1056,-6.94,-35.87,28.06,354.62,-81.4,-170.28,13.058089887640449,0.0,52.403790449438205,-1.5637321235955057
,,163.34,,6,249.83,28 / 29,31409,2019-09-08 12:07:30:648,-0.6773,0.7117,9.3832,0.0142,0.0396,9.8065,0.0015,-0.0685,0.0417,-7.12,-36.0,27.88,353.28,-81.59,-171.39,13.059213483146067,0.0,52.40378606741573,-1.5637491685393259
,,163.34,,6,249.83,28 / 29,31510,2019-09-08 12:07:30:749,0.6242,1.7297,8.898,-0.0004,-0.0321,9.8065,-0.347,0.1243,-0.0876,-6.94,-35.06,27.25,353.12,-81.83,-171.05,13.060337078651685,0.0,52.403781685393255,-1.563766213483146
,,163.34,,6,249.83,28 / 29,31610,2019-09-08 12:07:30:849,-0.4143,1.3807,9.197,-0.0094,0.0095,9.8066,-0.2338,0.0406,0.064,-6.87,-35.69,27.13,353.76,-81.95,-170.52,13.061460674157303,0.0,52.40377730337079,-1.5637832584269664
,,163.34,,6,249.83,28 / 28,31710,2019-09-08 12:07:30:949,1.8263,-2.3029,11.0008,0.0485,-0.0915,9.806,-0.0872,0.1007,0.0935,-7.12,-36.0,28.0,355.89,-82.25,-169.35,13.06258426966292,0.0,52.40377292134831,-1.5638003033707866
,,163.34,,6,249.83,28 / 28,31810,2019-09-08 12:07:31:049,0.597,1.8099,9.9847,0.0244,-0.1067,9.806,0.1375,0.0793,0.1754,-7.12,-35.56,28.19,354.06,-81.9,-170.81,13.063707865168539,0.0,52.40376853932584,-1.5638173483146067
,,163.34,,6,249.83,28 / 28,31910,2019-09-08 12:07:31:149,-1.6181,-0.957,8.2962,-0.0023,-0.0122,9.8066,-0.4447,0.1154,0.0898,-6.44,-36.25,27.25,357.19,-81.82,-169.73,13.064831460674156,0.0,52.40376415730337,-1.563834393258427
,,163.34,,6,249.83,28 / 28,32010,2019-09-08 12:07:31:249,5.6064,0.897,9.2823,-0.0003,-0.0986,9.8061,-0.7277,0.4691,-0.1174,-6.81,-36.31,27.0,354.19,-81.28,-170.07,13.065955056179774,0.0,52.403759775280896,-1.5638514382022473
,,163.34,,6,249.83,28 / 28,32110,2019-09-08 12:07:31:349,-0.5377,-0.8596,9.3095,-0.1023,0.1032,9.8055,0.3031,0.4192,-0.2934,-6.75,-36.0,27.69,355.35,-80.95,-169.65,13.067078651685392,0.0,52.40375539325843,-1.5638684831460674
,,163.34,,6,249.83,28 / 28,32210,2019-09-08 12:07:31:449,5.6071,4.6534,10.0232,-0.0409,0.0569,9.8063,0.0416,0.6699,-0.2688,-7.44,-36.62,27.13,356.15,-81.57,-168.52,13.068202247191012,0.0,52.403751011235954,-1.5638855280898878
,,163.34,,6,249.83,28 / 28,32310,2019-09-08 12:07:31:549,-2.8537,1.1521,11.2746,-0.0159,-0.0319,9.8065,-0.082,0.1616,0.0001,-7.75,-36.94,28.19,352.4,-82.04,-170.25,13.06932584269663,0.0,52.40374662921348,-1.563902573033708
,,163.34,,6,249.83,28 / 28,32410,2019-09-08 12:07:31:649,-1.0964,2.3418,9.9705,0.0208,-0.0306,9.8066,-0.0086,0.0624,-0.06,-6.56,-36.5,27.25,352.88,-82.09,-171.26,13.070449438202248,0.0,52.40374224719101,-1.563919617977528
,,163.34,,6,249.83,28 / 28,32510,2019-09-08 12:07:31:749,-0.1422,-0.0374,10.5195,0.0122,-0.0015,9.8066,0.1577,0.0081,-0.0178,-6.5,-36.62,27.13,352.55,-82.05,-173.48,13.071573033707866,0.0,52.40373786516854,-1.5639366629213485
,,163.34,,6,249.83,28 / 28,32610,2019-09-08 12:07:31:849,1.0356,-0.87,9.494,0.0085,-0.0198,9.8066,0.0808,0.0658,-0.0378,-6.69,-36.87,27.69,349.6,-81.87,-174.39,13.072696629213484,0.0,52.40373348314607,-1.5639537078651686
,,163.34,,6,249.83,28 / 28,32710,2019-09-08 12:07:31:949,-0.4502,-0.6305,10.0573,-0.0148,0.032,9.8066,0.1273,-0.031,0.1005,-6.31,-36.31,28.19,351.73,-81.66,-174.58,13.073820224719102,0.0,52.403729101123595,-1.5639707528089888
,,163.34,,6,249.83,28 / 28,32810,2019-09-08 12:07:32:049,-0.5173,0.4868,10.339,-0.0174,0.0182,9.8065,0.0726,-0.0157,0.041,-6.56,-36.81,28.0,351.11,-81.74,-173.13,13.07494382022472,0.0,52.40372471910112,-1.5639877977528092
,,163.34,,6,249.83,28 / 28,32910,2019-09-08 12:07:32:149,0.6778,-0.4631,9.9874,0.0022,-0.0287,9.8065,-0.1016,-0.013,0.0777,-6.75,-36.44,28.44,352.19,-81.5,-172.25,13.076067415730337,0.0,52.40372033707865,-1.5640048426966293
,,163.34,,6,249.83,28 / 28,33009,2019-09-08 12:07:32:248,-0.1754,-0.1254,9.4979,0.0006,-0.0358,9.8065,-0.2167,-0.014,0.0289,-7.31,-36.31,28.38,353.48,-81.35,-171.19,13.077191011235955,0.0,52.40371595505618,-1.5640218876404495
,,163.34,,6,249.83,28 / 28,33110,2019-09-08 12:07:32:349,-0.9973,-0.779,10.3541,-0.0069,-0.0097,9.8065,0.0541,0.0059,0.0227,-7.12,-36.25,28.31,354.61,-81.38,-170.29,13.078314606741573,0.0,52.4037115730337,-1.5640389325842698
,,163.34,,6,249.83,28 / 28,33210,2019-09-08 12:07:32:449,0.6725,-1.2674,9.8555,-0.0006,-0.0269,9.8066,0.0311,0.0249,0.0182,-7.31,-36.62,28.13,355.16,-81.29,-169.81,13.079438202247191,0.0,52.403707191011236,-1.56405597752809
,,163.34,,6,249.83,28 / 28,33310,2019-09-08 12:07:32:549,-1.2639,0.0637,9.0394,-0.0204,0.0481,9.8065,-0.0463,-0.0351,0.0789,-7.56,-36.62,28.25,354.24,-81.26,-168.64,13.080561797752809,0.0,52.40370280898876,-1.5640730224719102
,,163.34,,6,249.83,28 / 28,33410,2019-09-08 12:07:32:649,0.1936,0.2973,8.9721,-0.0242,0.0439,9.8065,-0.0651,0.0472,-0.0406,-7.06,-36.31,27.88,358.55,-81.64,-167.13,13.081685393258427,0.0,52.403698426966294,-1.5640900674157303
,,163.34,,6,249.83,28 / 28,33510,2019-09-08 12:07:32:749,-1.2844,0.18,9.7014,-0.0079,-0.0191,9.8066,0.0885,0.0288,0.0154,-8.12,-36.0,28.44,357.63,-81.58,-165.97,13.082808988764045,0.0,52.40369404494382,-1.5641071123595507
,,163.34,,6,249.83,28 / 28,33610,2019-09-08 12:07:32:849,-0.7089,-0.3321,8.7934,-0.0087,-0.0282,9.8065,0.0511,0.0732,-0.0674,-7.56,-36.62,27.44,358.13,-81.6,-164.98,13.083932584269663,0.0,52.403689662921344,-1.5641241573033708
,,163.34,,6,249.83,28 / 28,33713,2019-09-08 12:07:32:952,-1.0492,0.841,9.0259,-0.0223,0.0346,9.8065,-0.0706,-0.0136,0.0393,-8.06,-35.94,27.63,358.45,-81.65,-165.31,13.08505617977528,0.0,52.40368528089888,-1.564141202247191
,,163.34,,6,249.83,28 / 28,33810,2019-09-08 12:07:33:049,-1.0975,0.3641,10.1567,-0.018,0.0331,9.8065,-0.094,-0.05,-0.0221,-7.44,-35.0,27.81,2.59,-81.77,-163.85,13.086179775280899,0.0,52.4036808988764,-1.5641582471910114
,,163.34,,6,249.83,28 / 28,33910,2019-09-08 12:07:33:149,-0.2213,0.128,10.2839,0.0095,-0.0566,9.8064,-0.0864,-0.0612,0.0193,-8.0,-33.87,26.75,359.65,-81.77,-163.78,13.087303370786517,0.0,52.40367651685393,-1.5641752921348315
,,163.34,,6,249.83,28 / 28,34010,2019-09-08 12:07:33:249,-0.3292,-0.2791,10.028,0.0117,-0.0344,9.8066,-0.083,-0.0402,0.0184,-8.0,-33.69,27.0,359.51,-81.31,-163.89,13.088426966292134,0.0,52.40367213483146,-1.5641923370786517
,,163.34,,6,249.83,28 / 28,34110,2019-09-08 12:07:33:349,-2.0626,-1.0577,10.809,-0.0081,-0.0485,9.8064,-0.041,0.0678,-0.0158,-6.69,-33.37,24.44,0.97,-80.88,-162.98,13.089550561797752,0.0,52.403667752808985,-1.564209382022472
,,163.34,,6,249.83,28 / 28,34210,2019-09-08 12:07:33:449,-1.351,-0.1215,9.9134,0.0047,-0.048,9.8065,-0.0652,-0.0064,-0.0563,-4.75,-34.87,24.44,6.81,-80.84,-163.05,13.09067415730337,0.0,52.40366337078652,-1.5642264269662922
,,163.34,,6,249.83,28 / 28,34310,2019-09-08 12:07:33:549,-1.4878,0.079,9.6724,0.0077,0.0282,9.8065,-0.0216,-0.0511,0.0135,-3.37,-35.37,27.5,13.63,-80.87,-163.09,13.091797752808988,0.0,52.40365898876404,-1.5642434719101124
,,163.34,,6,249.83,28 / 28,34410,2019-09-08 12:07:33:649,-0.0429,1.4714,9.2289,0.0047,0.0202,9.8066,-0.0441,0.0009,-0.1367,-5.0,-35.31,29.06,7.49,-81.08,-164.2,13.092921348314608,0.0,52.40365460674157,-1.5642605168539327
,,163.34,,6,249.83,28 / 28,34510,2019-09-08 12:07:33:749,-0.9978,-1.0939,9.6526,0.0274,-0.0158,9.8065,-0.037,-0.034,0.0194,-5.75,-35.81,29.38,3.05,-81.22,-165.87,13.094044943820226,0.0,52.4036502247191,-1.564277561797753
,,163.34,,6,249.83,28 / 28,34610,2019-09-08 12:07:33:849,-0.9143,-0.2617,9.4387,0.0243,-0.0204,9.8066,-0.0633,-0.0683,0.0021,-6.56,-36.12,28.81,357.8,-81.29,-168.2,13.095168539325844,0.0,52.403645842696626,-1.564294606741573
,,163.34,,6,249.83,27 / 28,34710,2019-09-08 12:07:33:949,-0.2152,0.152,10.3259,-0.002,0.0329,9.8066,0.2106,0.0448,-0.0916,-6.37,-34.94,29.06,358.96,-81.55,-169.16,13.096292134831462,0.0,52.40364146067416,-1.5643116516853934
,,163.34,,6,249.83,27 / 28,34810,2019-09-08 12:07:34:049,-0.1731,-0.6407,10.9652,0.0145,0.0176,9.8066,0.1621,-0.0295,0.106,-6.69,-35.62,27.44,353.48,-81.74,-170.72,13.09741573033708,0.0,52.403637078651684,-1.5643286966292136
,,163.34,,6,249.83,27 / 28,34910,2019-09-08 12:07:34:149,-0.7585,-1.3571,11.0166,-0.0065,-0.0602,9.8065,-0.0711,0.0299,-0.0797,-6.81,-35.94,27.25,353.94,-81.67,-170.33,13.098539325842697,0.0,52.40363269662921,-1.5643457415730337
,,163.34,,6,249.83,27 / 28,35010,2019-09-08 12:07:34:249,-0.0946,-0.5346,9.7191,0.009,-0.0411,9.8065,-0.0999,0.0246,0.0164,-7.56,-35.44,27.69,352.79,-81.11,-169.84,13.099662921348315,0.0,52.40362831460674,-1.5643627865168541
,,163.34,,6,249.83,27 / 28,35110,2019-09-08 12:07:34:349,0.4119,1.3765,9.5774,-0.0245,0.0421,9.8065,0.2434,0.1033,-0.0392,-7.0,-35.25,28.0,355.34,-81.22,-169.71,13.100786516853933,0.0,52.40362393258427,-1.5643798314606743
,,163.34,,6,249.83,27 / 28,35210,2019-09-08 12:07:34:449,0.8495,-0.1357,9.6857,0.0072,0.0754,9.8063,0.1515,-0.0039,-0.0197,-7.69,-35.69,28.38,351.76,-81.39,-170.68,13.101910112359551,0.0,52.40361955056179,-1.5643968764044944
,,163.34,,6,249.83,27 / 28,35310,2019-09-08 12:07:34:549,0.3505,-0.1531,9.883,0.022,-0.0313,9.8065,-0.0925,0.0442,0.0248,-7.37,-35.5,28.13,352.9,-81.59,-171.73,13.103033707865169,0.0,52.403615168539325,-1.5644139213483146
,,163.34,,6,249.83,27 / 28,35410,2019-09-08 12:07:34:649,0.6479,-0.8278,9.2266,0.0339,-0.0452,9.8065,-0.1505,0.0682,-0.0396,-6.81,-35.25,28.25,350.34,-81.42,-173.78,13.104157303370787,0.0,52.40361078651685,-1.564430966292135
,,163.34,,6,249.83,27 / 28,35510,2019-09-08 12:07:34:749,0.7055,0.5601,9.0333,-0.0143,0.0608,9.8064,0.1268,0.0307,-0.0075,-7.12,-34.5,28.0,349.48,-81.38,-174.52,13.105280898876405,0.0,52.40360640449438,-1.5644480112359551
,,163.34,,6,249.83,27 / 28,35610,2019-09-08 12:07:34:849,0.7157,-1.4664,10.7587,-0.0116,0.0385,9.8066,0.1419,0.0273,0.0218,-7.69,-34.06,28.38,347.32,-81.63,-174.46,13.106404494382023,0.0,52.40360202247191,-1.5644650561797753
,,163.34,,6,249.83,28 / 28,35710,2019-09-08 12:07:34:949,1.3254,0.1231,10.2904,0.0208,-0.0303,9.8065,-0.0111,0.0667,-0.0428,-7.06,-33.5,27.13,348.21,-81.26,-175.01,13.10752808988764,0.0,52.40359764044943,-1.5644821011235956
,,163.34,,6,249.83,28 / 28,35810,2019-09-08 12:07:35:049,0.0798,-0.1934,10.1224,0.0237,-0.0222,9.8065,-0.0268,-0.0408,0.056,-7.94,-34.37,26.5,345.05,-81.2,-175.55,13.108651685393259,0.0,52.403593258426966,-1.5644991460674158
,,163.34,,6,249.83,28 / 28,35910,2019-09-08 12:07:35:149,0.6157,-0.6413,10.0094,0.0148,0.0027,9.8066,-0.0563,0.076,-0.0275,-6.94,-33.94,27.63,348.43,-81.26,-175.35,13.109775280898877,0.0,52.40358887640449,-1.564516191011236
,,163.34,,6,249.83,28 / 28,36010,2019-09-08 12:07:35:249,0.4576,-0.9646,9.5715,0.011,0.0126,9.8066,-0.0321,0.0596,-0.0091,-6.94,-34.62,27.56,346.05,-81.5,-177.29,13.110898876404494,0.0,52.403584494382024,-1.5645332359550563
,,163.34,,6,249.83,28 / 28,36110,2019-09-08 12:07:35:349,-1.5926,0.0533,9.8153,-0.007,0.0105,9.8065,0.0752,0.126,-0.171,-7.5,-34.62,27.63,345.09,-81.61,-178.11,13.112022471910112,0.0,52.40358011235955,-1.5645502808988765
,,163.34,,6,249.83,28 / 28,36210,2019-09-08 12:07:35:449,-0.202,-1.2452,10.9134,-0.0016,0.018,9.8066,0.1154,0.0824,-0.1084,-7.12,-33.94,28.06,343.44,-81.79,-179.61,13.11314606741573,0.0,52.403575730337074,-1.5645673258426966
,,163.34,,6,249.83,28 / 28,36310,2019-09-08 12:07:35:549,1.4114,-0.1174,10.1705,0.0019,-0.0762,9.8063,-0.0916,0.1537,-0.0864,-8.69,-32.25,29.38,339.63,-81.51,-179.81,13.114269662921348,0.0,52.40357134831461,-1.564584370786517
,,163.34,,6,249.83,28 / 28,36410,2019-09-08 12:07:35:649,0.7756,-2.6174,9.7448,0.0145,-0.0463,9.8065,-0.1817,0.0022,0.0868,-8.62,-31.37,29.31,340.4,-81.54,-179.27,13.115393258426966,0.0,52.40356696629213,-1.5646014157303372
,,163.34,,6,249.83,28 / 28,36510,2019-09-08 12:07:35:749,-0.2272,-2.0877,10.4914,-0.0218,0.034,9.8065,0.1254,-0.0175,0.0941,-7.12,-31.69,29.56,346.85,-81.61,-177.9,13.116516853932584,0.0,52.40356258426966,-1.5646184606741573
,,163.34,,6,249.83,28 / 28,36610,2019-09-08 12:07:35:849,0.6747,0.0917,9.9957,-0.0237,0.017,9.8065,0.1307,0.0429,-0.0088,-6.31,-33.19,28.94,351.04,-81.86,-175.77,13.117640449438204,0.0,52.40355820224719,-1.5646355056179777
,,163.34,,6,249.83,26 / 27,36710,2019-09-08 12:07:35:949,-1.1678,-1.2392,11.5109,0.0018,-0.0412,9.8065,-0.2891,0.1619,-0.0392,-5.81,-34.37,28.69,352.89,-81.69,-174.17,13.118764044943822,0.0,52.403553820224715,-1.5646525505617979
,,163.34,,6,249.83,26 / 27,36810,2019-09-08 12:07:36:049,-0.9534,2.1988,8.4759,0.0077,-0.0977,9.8061,-0.2874,0.1027,0.088,-6.19,-35.75,28.5,352.17,-81.18,-174.6,13.11988764044944,0.0,52.40354943820225,-1.564669595505618
,,163.34,,6,249.83,26 / 27,36909,2019-09-08 12:07:36:148,1.9725,1.2566,8.2013,-0.0054,0.096,9.8061,-0.0382,0.0657,-0.1923,-7.0,-35.75,29.38,351.32,-81.37,-173.44,13.121011235955057,0.0,52.40354505617977,-1.5646866404494382
,,163.34,,6,249.83,26 / 27,37010,2019-09-08 12:07:36:249,2.4201,0.8225,9.0191,0.0424,0.0839,9.8062,0.074,-0.063,0.0561,-6.81,-35.5,29.63,349.12,-81.44,-175.8,13.122134831460675,0.0,52.4035406741573,-1.5647036853932585
,,163.34,,6,249.83,26 / 27,37110,2019-09-08 12:07:36:349,-1.8231,1.0414,9.207,0.005,0.0025,9.8066,-0.3335,-0.1109,-0.0606,-6.0,-34.87,28.88,353.0,-81.34,-173.99,13.123258426966293,0.0,52.40353629213483,-1.5647207303370787
,,163.34,,6,249.83,26 / 27,37210,2019-09-08 12:07:36:449,2.2681,0.1586,7.7842,0.0496,-0.054,9.8063,-0.2917,0.0679,-0.1873,-5.75,-33.94,27.81,349.83,-81.07,-176.09,13.124382022471911,0.0,52.403531910112356,-1.5647377752808989
,,163.34,,6,249.83,26 / 27,37310,2019-09-08 12:07:36:549,-1.815,-0.9699,8.4998,-0.0422,0.1033,9.806,0.1928,0.1004,-0.0878,-6.5,-33.44,27.0,347.54,-80.89,-177.44,13.12550561797753,0.0,52.40352752808988,-1.5647548202247192
,,163.34,,6,249.83,26 / 27,37410,2019-09-08 12:07:36:649,0.2336,0.9241,11.5167,-0.0375,0.0951,9.8061,0.1179,0.1894,0.0773,-8.31,-34.5,27.06,342.09,-81.57,-178.1,13.126629213483147,0.0,52.403523146067414,-1.5647718651685394
,,163.34,,6,249.83,26 / 27,37510,2019-09-08 12:07:36:749,0.0232,-0.5624,11.1541,0.0016,-0.0582,9.8064,0.1415,0.1153,0.0117,-8.44,-34.75,28.94,344.76,-81.3,-176.99,13.127752808988765,0.0,52.40351876404494,-1.5647889101123595
,,163.34,,6,249.83,26 / 27,37610,2019-09-08 12:07:36:849,0.7156,-1.5895,9.7968,0.019,-0.024,9.8066,0.1968,-0.0335,0.1388,-8.5,-35.0,29.56,345.1,-81.37,-177.31,13.128876404494383,0.0,52.40351438202247,-1.56480595505618
,,164.05,13.13,6,244.24,27 / 27,37710,2019-09-08 12:07:36:949,-0.5877,-1.6536,9.8946,-0.003,-0.0115,9.8066,0.0567,-0.0125,0.0501,-7.44,-34.31,29.63,349.13,-81.31,-175.81,13.13,0.0,52.40351,-1.564823
,,164.05,,6,244.24,27 / 27,37810,2019-09-08 12:07:37:049,-0.8462,-0.3935,10.449,-0.0215,0.0202,9.8066,0.1861,-0.0129,-0.0072,-7.62,-33.31,29.88,347.24,-81.23,-175.63,13.137333333333334,0.0,52.403504588888886,-1.5648408555555555
,,164.05,,6,244.24,27 / 27,37910,2019-09-08 12:07:37:149,0.3857,-0.7669,10.0258,0.0083,0.0173,9.8066,0.2565,-0.0507,0.0207,-5.87,-32.94,30.75,351.6,-81.41,-176.04,13.144666666666668,0.0,52.403499177777775,-1.5648587111111112
,,164.05,,6,244.24,27 / 27,38010,2019-09-08 12:07:37:249,0.7355,1.1811,8.862,0.0201,-0.0021,9.8066,-0.2769,0.0697,-0.0916,-5.69,-33.12,29.56,350.99,-81.4,-176.16,13.152000000000001,0.0,52.403493766666664,-1.5648765666666666
,,164.05,,6,244.24,27 / 27,38110,2019-09-08 12:07:37:349,-0.3665,1.1766,9.208,0.0166,-0.0098,9.8065,-0.1957,-0.0045,-0.0292,-5.62,-33.37,28.31,347.85,-81.38,-177.84,13.159333333333334,0.0,52.40348835555555,-1.5648944222222223
,,164.05,,6,244.24,27 / 27,38210,2019-09-08 12:07:37:449,0.3829,0.6635,9.4019,0.0033,0.0327,9.8065,-0.0861,-0.1187,0.0148,-6.25,-34.19,28.06,347.31,-81.64,-178.29,13.166666666666668,0.0,52.40348294444444,-1.5649122777777777
,,164.05,,6,244.24,27 / 27,38310,2019-09-08 12:07:37:549,-1.1331,-0.2391,9.1612,0.021,0.0223,9.8066,-0.2011,-0.1143,-0.004,-6.5,-34.44,28.0,347.31,-81.68,-178.3,13.174000000000001,0.0,52.40347753333333,-1.5649301333333334
,,164.05,,6,244.24,27 / 27,38410,2019-09-08 12:07:37:649,0.6916,0.7963,9.4158,0.0047,0.0428,9.8065,0.1136,-0.0098,-0.033,-6.75,-34.5,28.69,345.39,-81.82,-178.55,13.181333333333335,0.0,52.40347212222222,-1.5649479888888889
,,164.05,,6,244.24,27 / 27,38510,2019-09-08 12:07:37:749,-0.2307,-0.8463,11.2906,-0.0297,0.039,9.8065,0.2352,-0.0702,0.0106,-6.94,-34.0,27.94,345.25,-82.2,-178.25,13.188666666666668,0.0,52.40346671111111,-1.5649658444444445
,,164.05,,6,244.24,27 / 27,38611,2019-09-08 12:07:37:850,1.1575,0.2275,10.9915,0.0023,-0.0771,9.8063,-0.1511,0.1115,-0.0882,-7.31,-34.12,28.13,347.05,-81.99,-176.68,13.196,0.0,52.4034613,-1.5649837
,,164.05,,6,244.24,29 / 29,38710,2019-09-08 12:07:37:949,-0.331,-0.7928,11.2805,0.0155,-0.0836,9.8062,-0.0557,-0.0476,0.0935,-7.37,-34.25,28.81,349.53,-81.19,-174.96,13.203333333333333,0.0,52.403455888888885,-1.5650015555555556
,,164.05,,6,244.24,29 / 29,38810,2019-09-08 12:07:38:049,-2.4585,-1.6333,9.684,-0.0128,0.0518,9.8064,0.0864,-0.0038,0.1823,-8.0,-33.12,29.88,350.19,-81.31,-173.2,13.210666666666667,0.0,52.403450477777774,-1.565019411111111
,,164.05,,6,244.24,29 / 29,38909,2019-09-08 12:07:38:148,0.7939,1.3987,8.9758,-0.0044,0.0328,9.8065,-0.0743,0.2496,0.0538,-8.12,-32.19,28.94,348.62,-81.3,-174.01,13.218,0.0,52.40344506666666,-1.5650372666666668
,,164.05,,6,244.24,29 / 29,39010,2019-09-08 12:07:38:249,-2.6712,1.1686,9.3047,-0.045,0.0499,9.8063,0.2271,0.2287,-0.1047,-7.62,-32.69,28.56,347.25,-81.32,-175.09,13.225333333333333,0.0,52.40343965555555,-1.5650551222222222
,,164.05,,6,244.24,29 / 29,39110,2019-09-08 12:07:38:349,-1.2738,-1.3703,10.2848,-0.0206,0.0117,9.8066,0.06,0.0476,-0.0775,-8.5,-33.44,27.88,348.23,-81.7,-173.79,13.232666666666667,0.0,52.40343424444444,-1.5650729777777779
,,164.05,,6,244.24,29 / 29,39210,2019-09-08 12:07:38:449,0.1596,0.1721,10.1573,-0.0125,-0.0311,9.8066,-0.0071,0.1334,-0.2258,-8.69,-33.44,28.44,345.45,-81.93,-174.32,13.24,0.0,52.40342883333333,-1.5650908333333333
,,164.05,,6,244.24,29 / 29,39310,2019-09-08 12:07:38:549,-1.1085,-0.469,11.1333,0.0214,-0.0166,9.8066,0.0363,-0.0998,0.0232,-7.75,-33.75,29.44,348.46,-81.76,-174.14,13.247333333333334,0.0,52.40342342222222,-1.565108688888889
,,164.05,,6,244.24,29 / 29,39410,2019-09-08 12:07:38:649,1.2733,0.7938,9.8296,-0.012,0.0232,9.8065,0.0349,0.077,-0.0655,-7.5,-34.81,28.38,349.36,-81.86,-174.68,13.254666666666667,0.0,52.40341801111111,-1.5651265444444444
,,164.05,,6,244.24,29 / 29,39510,2019-09-08 12:07:38:749,1.3407,-0.3948,9.7531,-0.005,-0.0064,9.8066,-0.1107,0.0925,-0.0556,-7.81,-34.87,29.25,347.96,-81.64,-174.47,13.262,0.0,52.403412599999996,-1.5651444
,,164.05,,6,244.24,29 / 29,39610,2019-09-08 12:07:38:849,0.2775,-0.0127,9.7431,0.0,0.0065,9.8066,0.0146,-0.0392,0.0173,-7.0,-34.25,29.5,350.39,-81.68,-174.85,13.269333333333334,0.0,52.403407188888885,-1.5651622555555555
,,164.05,,6,244.24,26 / 26,39710,2019-09-08 12:07:38:949,-0.7837,-3.0265,8.8387,-0.001,-0.0037,9.8066,0.0525,-0.0164,-0.092,-7.31,-34.62,28.75,350.01,-81.74,-174.64,13.276666666666667,0.0,52.40340177777777,-1.5651801111111112
,,164.05,,6,244.24,26 / 26,39809,2019-09-08 12:07:39:048,-0.8131,-0.8789,9.8569,0.0018,-0.0173,9.8065,-0.2767,0.0757,-0.0665,-7.69,-35.5,28.56,347.99,-81.68,-174.46,13.284,0.0,52.40339636666666,-1.5651979666666667
,,164.05,,6,244.24,26 / 26,39910,2019-09-08 12:07:39:149,-0.088,1.0031,9.864,0.0054,-0.0256,9.8066,-0.1533,0.0039,0.0517,-7.81,-35.62,28.81,347.77,-81.75,-174.6,13.291333333333334,0.0,52.40339095555555,-1.5652158222222223
,,164.05,,6,244.24,26 / 26,40010,2019-09-08 12:07:39:249,2.1411,2.9887,9.3936,-0.0021,-0.013,9.8066,-0.2137,0.0794,-0.1822,-6.94,-35.37,28.81,351.26,-81.69,-173.6,13.298666666666668,0.0,52.40338554444444,-1.5652336777777778
,,164.05,,6,244.24,26 / 26,40110,2019-09-08 12:07:39:349,-2.2279,0.1094,10.2603,0.0131,-0.018,9.8065,0.0103,-0.1174,0.034,-7.5,-34.44,28.75,351.31,-81.63,-173.59,13.306000000000001,0.0,52.40338013333333,-1.5652515333333334
,,164.05,,6,244.24,26 / 26,40210,2019-09-08 12:07:39:449,-1.6402,0.7637,10.1012,-0.0097,0.0051,9.8065,0.1296,0.1047,-0.1216,-8.5,-34.69,29.38,348.32,-81.63,-174.17,13.313333333333334,0.0,52.40337472222222,-1.565269388888889
,,164.05,,6,244.24,26 / 26,40309,2019-09-08 12:07:39:548,0.3647,0.1897,9.5193,0.0285,0.0236,9.8065,0.1222,-0.0535,0.0599,-7.75,-35.31,28.75,346.61,-81.67,-175.59,13.320666666666668,0.0,52.403369311111106,-1.5652872444444446
,,164.05,,6,244.24,26 / 26,40410,2019-09-08 12:07:39:649,2.0885,0.2954,9.9886,0.0341,-0.0189,9.8066,-0.1898,-0.0107,0.012,-7.5,-34.81,29.25,348.33,-81.76,-176.03,13.328,0.0,52.403363899999995,-1.5653051
,,164.05,,6,244.24,26 / 26,40510,2019-09-08 12:07:39:749,0.0657,-0.2376,9.6589,0.024,-0.0404,9.8065,-0.1109,-0.0732,0.0335,-7.06,-34.44,28.69,346.83,-81.68,-177.31,13.335333333333333,0.0,52.403358488888884,-1.5653229555555557
,,164.05,,6,244.24,26 / 26,40610,2019-09-08 12:07:39:849,-0.9192,0.071,8.8654,0.0135,0.0462,9.8065,-0.0794,-0.0963,0.1019,-7.12,-35.25,28.13,345.61,-81.94,-177.8,13.342666666666666,0.0,52.40335307777777,-1.5653408111111111
,,164.05,,6,244.24,26 / 26,40710,2019-09-08 12:07:39:949,-1.2888,0.0783,10.0194,0.0018,0.0044,9.8066,-0.1644,-0.073,0.147,-7.31,-36.0,28.56,346.22,-81.91,-177.76,13.35,0.0,52.40334766666666,-1.5653586666666668
,,164.05,,6,244.24,26 / 26,40810,2019-09-08 12:07:40:049,-0.0565,0.0894,10.387,-0.0036,-0.0083,9.8066,0.2592,-0.0775,0.1094,-7.56,-36.0,29.0,346.26,-81.86,-175.87,13.357333333333333,0.0,52.40334225555555,-1.5653765222222222
,,164.05,,6,244.24,26 / 26,40909,2019-09-08 12:07:40:148,1.7759,-0.0516,9.3163,-0.0089,-0.0076,9.8066,0.0586,0.1237,-0.0713,-7.44,-35.62,29.06,349.72,-81.64,-174.81,13.364666666666666,0.0,52.40333684444444,-1.565394377777778
,,164.05,,6,244.24,26 / 26,41010,2019-09-08 12:07:40:249,-2.3949,0.0199,9.7549,-0.0206,0.0134,9.8066,-0.1711,-0.0487,0.0467,-8.0,-35.44,28.75,348.84,-81.67,-173.75,13.372,0.0,52.40333143333333,-1.5654122333333333
,,164.05,,6,244.24,26 / 26,41110,2019-09-08 12:07:40:349,0.8115,0.9702,9.4065,-0.0129,0.0003,9.8065,-0.1568,0.0709,0.0219,-7.81,-35.56,28.81,350.38,-81.85,-172.47,13.379333333333333,0.0,52.40332602222222,-1.565430088888889
,,164.05,,6,244.24,26 / 26,41210,2019-09-08 12:07:40:449,2.2593,-1.7369,8.6944,0.0046,0.0316,9.8065,0.2366,0.0569,-0.116,-7.37,-35.12,29.63,353.0,-81.8,-172.66,13.386666666666667,0.0,52.403320611111106,-1.5654479444444445
,,164.05,,6,244.24,26 / 26,41310,2019-09-08 12:07:40:549,-1.1557,0.3417,10.8155,0.0066,-0.0587,9.8064,-0.0496,-0.0591,-0.0172,-7.44,-35.12,29.0,352.4,-81.4,-172.62,13.394,0.0,52.403315199999994,-1.5654658000000001
,,164.05,,6,244.24,26 / 26,41410,2019-09-08 12:07:40:649,2.4189,1.5251,9.0344,0.0173,0.0489,9.8064,0.0505,-0.1564,0.1087,-7.75,-35.87,28.81,350.22,-81.3,-172.48,13.401333333333334,0.0,52.40330978888888,-1.5654836555555556
,,164.05,,6,244.24,26 / 26,41510,2019-09-08 12:07:40:749,-0.6787,0.7492,9.6087,0.0379,-0.022,9.8065,-0.1005,-0.22,0.2683,-7.06,-35.75,29.25,351.06,-81.1,-173.6,13.408666666666667,0.0,52.40330437777777,-1.5655015111111112
,,164.05,,6,244.24,26 / 26,41610,2019-09-08 12:07:40:849,-2.851,0.9074,9.1426,-0.0337,0.0649,9.8063,0.1477,-0.1142,0.0411,-7.81,-35.81,29.5,351.93,-80.97,-171.57,13.416,0.0,52.40329896666666,-1.5655193666666667
,,164.05,,6,244.24,28 / 28,41710,2019-09-08 12:07:40:949,-1.7193,-0.6042,9.6808,-0.0255,0.0128,9.8065,0.0632,-0.0341,-0.0124,-7.87,-35.31,28.94,353.09,-81.36,-170.21,13.423333333333334,0.0,52.40329355555555,-1.5655372222222224
,,164.05,,6,244.24,28 / 28,41809,2019-09-08 12:07:41:048,-1.3022,1.6726,9.4245,0.0213,0.002,9.8066,0.1597,0.0171,-0.0718,-7.87,-36.0,29.13,351.03,-81.5,-171.87,13.430666666666667,0.0,52.40328814444444,-1.5655550777777778
,,164.05,,6,244.24,28 / 28,41910,2019-09-08 12:07:41:149,-0.6414,-0.3868,10.4064,0.0253,-0.0562,9.8064,0.0882,-0.0098,-0.0238,-8.19,-35.56,29.25,349.12,-81.27,-173.37,13.438,0.0,52.40328273333333,-1.5655729333333335
,,164.05,,6,244.24,28 / 28,42010,2019-09-08 12:07:41:249,-0.2746,1.7026,10.0076,0.0082,-0.0017,9.8066,0.0411,-0.0738,0.0299,-7.81,-36.06,29.19,347.25,-81.46,-174.94,13.445333333333334,0.0,52.403277322222216,-1.565590788888889
,,164.05,,6,244.24,28 / 28,42110,2019-09-08 12:07:41:349,1.0133,1.0419,8.7969,0.0274,0.0174,9.8065,-0.0658,0.0094,-0.0228,-7.12,-35.5,28.94,347.69,-81.43,-176.47,13.452666666666667,0.0,52.403271911111105,-1.5656086444444446
,,164.05,,6,244.24,28 / 28,42210,2019-09-08 12:07:41:449,-1.4848,0.4742,9.8599,0.0133,0.0093,9.8066,0.0769,-0.1503,0.1561,-6.94,-35.12,28.5,346.13,-81.48,-177.76,13.459999999999999,0.0,52.4032665,-1.5656265
,,164.05,,6,244.24,28 / 28,42310,2019-09-08 12:07:41:549,0.459,-0.4034,9.3046,-0.0148,0.0608,9.8064,0.1655,0.0657,-0.0859,-7.37,-35.87,28.94,345.37,-81.84,-178.44,13.467333333333332,0.0,52.40326108888889,-1.5656443555555555
,,164.05,,6,244.24,28 / 28,42410,2019-09-08 12:07:41:649,0.5906,-0.0754,8.9629,0.0224,-0.1148,9.8059,-0.4222,0.0751,-0.0898,-7.06,-35.06,27.94,343.61,-81.58,-179.31,13.474666666666666,0.0,52.40325567777778,-1.5656622111111111
,,164.05,,6,244.24,28 / 28,42510,2019-09-08 12:07:41:749,-1.2738,-0.5475,9.6417,0.041,-0.1219,9.8057,-0.1821,-0.0944,0.1112,-6.19,-34.94,28.06,345.21,-81.71,-179.96,13.482,0.0,52.40325026666667,-1.5656800666666666
,,164.05,,6,244.24,28 / 28,42610,2019-09-08 12:07:41:849,1.4956,1.9865,9.0462,0.0096,0.0751,9.8064,0.0482,-0.162,0.1439,-6.56,-35.62,28.38,344.2,-81.65,-178.78,13.489333333333333,0.0,52.403244855555556,-1.5656979222222223
,,164.05,,6,244.24,29 / 29,42710,2019-09-08 12:07:41:949,0.7587,-0.8633,10.0403,-0.0058,0.0635,9.8063,-0.0439,-0.0721,0.0226,-6.69,-35.5,28.69,343.78,-81.9,-179.85,13.496666666666666,0.0,52.403239444444445,-1.5657157777777777
,,164.05,,6,244.24,29 / 29,42810,2019-09-08 12:07:42:049,-1.1225,-0.2363,10.1778,0.0187,0.0047,9.8066,0.0337,-0.0367,0.0391,-6.62,-35.25,27.63,343.39,-81.83,-179.58,13.504,0.0,52.403234033333334,-1.5657336333333334
,,164.05,,6,244.24,29 / 29,42909,2019-09-08 12:07:42:148,0.1663,-0.7801,10.1194,-0.0087,-0.0065,9.8066,0.1086,0.0175,-0.0083,-6.5,-35.81,28.5,345.15,-81.9,179.5,13.511333333333333,0.0,52.40322862222222,-1.5657514888888888
,,164.05,,6,244.24,29 / 29,43010,2019-09-08 12:07:42:249,-1.2427,-1.5467,9.4959,0.0169,0.0266,9.8065,0.078,-0.1902,0.0944,-6.37,-36.06,28.31,344.09,-82.02,179.08,13.518666666666666,0.0,52.40322321111111,-1.5657693444444445
,,164.05,,6,244.24,29 / 29,43109,2019-09-08 12:07:42:348,-1.0011,-1.1795,10.0817,-0.0031,0.0503,9.8065,0.0358,-0.1177,0.07,-6.31,-34.69,28.88,345.13,-82.15,179.33,13.526,0.0,52.4032178,-1.5657872
,,164.05,,6,244.24,29 / 29,43210,2019-09-08 12:07:42:449,-0.1281,-0.5658,10.1083,0.0127,-0.0048,9.8066,0.0372,-0.0898,0.0552,-6.56,-34.25,27.81,343.17,-82.23,-180.0,13.533333333333333,0.0,52.40321238888889,-1.5658050555555556
,,164.05,,6,244.24,29 / 29,43310,2019-09-08 12:07:42:549,-0.0243,-1.1369,10.4994,-0.0029,0.0043,9.8066,0.1774,-0.0156,0.0031,-6.5,-35.44,27.69,344.34,-82.13,179.16,13.540666666666667,0.0,52.40320697777778,-1.565822911111111
,,164.05,,6,244.24,29 / 29,43410,2019-09-08 12:07:42:649,0.1098,-0.8855,10.1321,0.0062,-0.0455,9.8065,-0.0664,-0.0378,-0.0071,-6.81,-36.37,28.25,341.63,-81.85,179.04,13.548,0.0,52.40320156666667,-1.5658407666666667
,,164.05,,6,244.24,29 / 29,43510,2019-09-08 12:07:42:749,-0.606,-0.9485,9.6802,0.0056,-0.0148,9.8066,-0.0618,-0.0748,0.0031,-6.06,-35.56,27.25,343.97,-81.58,179.68,13.555333333333333,0.0,52.403196155555555,-1.5658586222222222
,,164.05,,6,244.24,29 / 29,43610,2019-09-08 12:07:42:849,0.7137,1.4676,9.0084,-0.0161,0.0665,9.8063,0.0715,-0.0187,-0.0049,-7.06,-35.81,27.69,341.84,-81.99,179.15,13.562666666666667,0.0,52.403190744444444,-1.5658764777777778
,,164.05,,6,244.24,28 / 28,43710,2019-09-08 12:07:42:949,-0.834,-1.4008,8.9722,-0.0083,0.0615,9.8064,0.1068,-0.0713,0.0725,-6.44,-35.62,27.5,344.24,-82.09,179.17,13.57,0.0,52.40318533333333,-1.5658943333333333
,,164.05,,6,244.24,28 / 28,43810,2019-09-08 12:07:43:049,1.8754,0.4033,9.5995,0.0137,0.0005,9.8066,-0.0622,-0.0657,0.147,-6.56,-35.37,27.75,342.36,-82.07,179.46,13.577333333333334,0.0,52.40317992222222,-1.565912188888889
,,164.05,,6,244.24,28 / 28,43910,2019-09-08 12:07:43:149,1.2621,-0.7878,9.7153,-0.01,0.0423,9.8065,0.0448,0.0475,0.0284,-6.31,-35.19,27.19,344.89,-82.24,-179.9,13.584666666666667,0.0,52.40317451111111,-1.5659300444444444
,,164.05,,6,244.24,28 / 28,44010,2019-09-08 12:07:43:249,-0.0712,-0.6259,10.2835,0.0168,-0.0553,9.8064,-0.197,0.0153,0.0508,-6.56,-35.37,27.0,342.57,-82.32,-179.87,13.591999999999999,0.0,52.4031691,-1.5659479
,,164.05,,6,244.24,28 / 28,44110,2019-09-08 12:07:43:349,0.2107,0.1235,10.0103,0.0208,-0.0334,9.8065,-0.0991,0.0413,-0.0531,-6.87,-35.06,27.38,342.12,-82.14,179.83,13.599333333333332,0.0,52.40316368888889,-1.5659657555555555
,,164.05,,6,244.24,28 / 28,44210,2019-09-08 12:07:43:449,-0.0711,0.4647,9.6919,0.0078,-0.01,9.8066,-0.0901,0.0353,-0.0209,-6.37,-34.56,27.38,342.84,-82.19,178.43,13.606666666666666,0.0,52.40315827777778,-1.5659836111111112
,,164.05,,6,244.24,28 / 28,44310,2019-09-08 12:07:43:549,-1.0471,-0.2621,9.8423,0.0156,0.0225,9.8065,-0.0833,-0.069,0.0445,-6.19,-32.81,27.63,342.13,-82.26,177.11,13.613999999999999,0.0,52.403152866666666,-1.5660014666666666
,,164.05,,6,244.24,28 / 28,44410,2019-09-08 12:07:43:649,-0.0435,-0.7169,10.2671,0.0093,-0.0344,9.8066,-0.0038,-0.0059,-0.053,-4.81,-33.12,27.88,344.27,-82.39,176.92,13.621333333333332,0.0,52.403147455555555,-1.5660193222222223
,,164.05,,6,244.24,28 / 28,44510,2019-09-08 12:07:43:749,-1.3806,-0.3976,10.0172,0.0147,0.0074,9.8066,0.2649,-0.1029,0.0203,-4.94,-34.37,27.13,342.67,-82.53,176.05,13.628666666666666,0.0,52.403142044444444,-1.5660371777777777
,,164.05,,6,244.24,28 / 28,44610,2019-09-08 12:07:43:849,-0.2941,-0.1354,9.8633,0.0079,-0.0585,9.8064,-0.3733,0.0874,0.0112,-5.56,-34.75,27.19,339.87,-82.71,175.73,13.636,0.0,52.40313663333333,-1.5660550333333334
,,164.05,,6,244.24,28 / 29,44710,2019-09-08 12:07:43:949,-0.6696,0.1039,9.8734,0.0169,-0.0367,9.8065,-0.1984,-0.0242,0.1051,-5.5,-34.69,27.31,342.35,-82.48,175.89,13.643333333333333,0.0,52.40313122222222,-1.5660728888888888
,,164.05,,6,244.24,28 / 29,44810,2019-09-08 12:07:44:049,0.0973,-1.6575,9.9686,-0.0069,-0.0154,9.8066,0.0789,0.0204,0.1049,-6.19,-34.62,27.69,341.89,-82.56,176.95,13.650666666666666,0.0,52.40312581111111,-1.5660907444444445
,,164.05,,6,244.24,28 / 29,44910,2019-09-08 12:07:44:149,0.5637,-0.8495,10.4679,-0.0061,0.0021,9.8066,0.1024,0.0134,0.0272,-6.06,-34.81,27.5,342.96,-82.62,177.83,13.658,0.0,52.4031204,-1.5661086
,,164.05,,6,244.24,28 / 29,45010,2019-09-08 12:07:44:249,-1.137,-1.2236,10.6044,-0.0114,-0.0365,9.8065,-0.1752,0.0611,-0.0624,-6.12,-35.19,27.06,342.87,-82.79,178.21,13.665333333333333,0.0,52.40311498888889,-1.5661264555555556
,,164.05,,6,244.24,28 / 29,45110,2019-09-08 12:07:44:349,0.9986,-0.2295,9.6246,-0.0002,-0.0283,9.8065,-0.1579,0.0025,-0.0082,-5.62,-35.0,26.94,343.98,-82.7,179.18,13.672666666666666,0.0,52.40310957777778,-1.566144311111111
,,164.05,,6,244.24,28 / 29,45209,2019-09-08 12:07:44:448,0.409,-0.2418,9.0744,-0.0196,0.0256,9.8065,0.0615,0.0408,-0.0354,-6.37,-34.56,26.44,344.01,-82.74,179.75,13.68,0.0,52.403104166666665,-1.5661621666666667
,,164.05,,6,244.24,28 / 29,45310,2019-09-08 12:07:44:549,-0.5732,0.2504,9.9933,-0.001,0.0263,9.8066,0.0348,-0.0785,0.0376,-7.31,-34.75,26.44,342.6,-82.98,-179.48,13.687333333333333,0.0,52.403098755555554,-1.5661800222222222
,,164.05,,6,244.24,28 / 29,45410,2019-09-08 12:07:44:649,1.5135,-1.5858,8.0466,0.0002,0.0136,9.8066,-0.2208,-0.0774,0.1392,-6.87,-34.56,26.88,342.95,-83.17,-179.89,13.694666666666667,0.0,52.40309334444444,-1.5661978777777779
,,164.05,,6,244.24,28 / 29,45510,2019-09-08 12:07:44:749,0.3099,1.3354,8.7268,-0.0402,0.0672,9.8063,-0.247,0.09,-0.0994,-7.19,-35.5,27.81,344.91,-83.39,-178.88,13.702,0.0,52.40308793333333,-1.5662157333333333
,,164.05,,6,244.24,28 / 29,45610,2019-09-08 12:07:44:849,-3.4951,2.2312,9.2959,-0.0267,0.0558,9.8064,0.5179,0.1402,-0.1903,-6.69,-35.5,27.19,342.58,-83.41,179.7,13.709333333333333,0.0,52.40308252222222,-1.566233588888889
,,164.05,,6,244.24,28 / 28,45710,2019-09-08 12:07:44:949,-0.454,-0.6995,10.3488,-0.0192,0.0817,9.8063,0.3723,0.0081,0.028,-5.81,-34.94,27.19,343.21,-83.89,178.06,13.716666666666667,0.0,52.40307711111111,-1.5662514444444444
,,164.05,,6,244.24,28 / 28,45810,2019-09-08 12:07:45:049,-0.7605,-0.9222,9.8691,0.017,-0.0449,9.8065,-0.1641,-0.0116,0.032,-5.5,-35.75,26.19,344.28,-83.91,177.49,13.723999999999998,0.0,52.4030717,-1.5662693
,,164.05,,6,244.24,28 / 28,45910,2019-09-08 12:07:45:149,-0.5563,0.7488,10.0143,0.0178,-0.0124,9.8065,-0.0406,-0.0746,0.0366,-4.75,-35.69,26.5,342.74,-83.71,175.77,13.731333333333332,0.0,52.40306628888889,-1.5662871555555555
,,164.05,,6,244.24,28 / 28,46010,2019-09-08 12:07:45:249,0.4298,0.6845,9.4488,0.0031,-0.0238,9.8066,-0.1158,-0.0036,-0.0176,-5.87,-35.94,26.88,339.79,-83.63,175.29,13.738666666666665,0.0,52.403060877777776,-1.5663050111111112
,,164.05,,6,244.24,28 / 28,46110,2019-09-08 12:07:45:349,-0.2578,0.0689,10.0979,0.0137,-0.0278,9.8065,-0.087,-0.0097,0.0128,-5.94,-35.69,26.56,339.88,-83.63,175.37,13.745999999999999,0.0,52.403055466666665,-1.5663228666666666
,,164.05,,6,244.24,28 / 28,46210,2019-09-08 12:07:45:449,0.2518,0.0075,10.0304,0.0007,-0.0256,9.8066,-0.0483,-0.0625,0.0723,-5.06,-35.87,26.44,341.63,-83.76,175.29,13.753333333333332,0.0,52.40305005555555,-1.5663407222222223
,,164.05,,6,244.24,28 / 28,46310,2019-09-08 12:07:45:549,-1.3681,0.1324,9.9314,-0.0003,-0.0318,9.8066,-0.074,-0.0716,0.0429,-4.5,-36.44,26.88,346.49,-83.48,177.01,13.760666666666665,0.0,52.40304464444444,-1.5663585777777778
,,164.05,,6,244.24,28 / 28,46410,2019-09-08 12:07:45:649,-0.188,0.9281,9.5394,-0.0115,0.0173,9.8065,0.0784,-0.0099,0.0277,-4.5,-35.5,26.75,346.26,-83.47,176.76,13.767999999999999,0.0,52.40303923333333,-1.5663764333333334
,,164.05,,6,244.24,28 / 28,46510,2019-09-08 12:07:45:749,-1.4994,-0.9806,9.4656,-0.0092,0.0278,9.8065,0.0884,-0.0817,0.0534,-5.75,-35.75,26.38,342.09,-83.64,177.82,13.775333333333332,0.0,52.40303382222222,-1.5663942888888889
,,164.05,,6,244.24,28 / 28,46610,2019-09-08 12:07:45:849,-1.4939,0.025,9.9291,0.0105,0.0099,9.8066,-0.0513,-0.1023,0.0367,-5.12,-35.37,26.13,344.42,-83.83,177.58,13.782666666666666,0.0,52.40302841111111,-1.5664121444444445
,,165.07,13.79,6,247.13,26 / 26,46710,2019-09-08 12:07:45:949,-0.7551,-0.1553,9.2428,0.0008,-0.0012,9.8066,-0.0688,-0.0199,-0.0143,-5.06,-35.5,25.63,344.3,-83.97,177.42,13.79,0.0,52.403023,-1.56643
,,165.07,,6,247.13,26 / 26,46809,2019-09-08 12:07:46:048,-1.3305,-1.3572,10.0432,0.0009,0.043,9.8065,0.1163,-0.1367,0.0354,-5.31,-35.81,26.38,343.37,-84.15,176.61,13.707777777777777,0.0,52.40301968888889,-1.5664455666666666
,,165.07,,6,247.13,26 / 26,46910,2019-09-08 12:07:46:149,-0.2823,-1.0595,10.5256,0.0151,-0.0597,9.8064,-0.1433,-0.0525,0.0448,-5.19,-35.0,26.13,344.46,-84.13,177.5,13.625555555555554,0.0,52.403016377777774,-1.5664611333333334
,,165.07,,6,247.13,26 / 26,47010,2019-09-08 12:07:46:249,0.5612,0.2096,9.9476,-0.0032,-0.0537,9.8065,-0.0445,0.0138,0.0588,-5.5,-35.44,25.88,345.55,-83.81,178.55,13.543333333333333,0.0,52.40301306666667,-1.5664767
,,165.07,,6,247.13,26 / 26,47110,2019-09-08 12:07:46:349,-0.3811,-0.7874,9.4531,-0.0113,-0.0078,9.8066,-0.0685,0.0239,0.0168,-5.37,-35.75,25.88,347.49,-83.84,-179.74,13.46111111111111,0.0,52.40300975555555,-1.5664922666666667
,,165.07,,6,247.13,26 / 26,47210,2019-09-08 12:07:46:449,-0.5193,-0.8688,9.6472,-0.0056,-0.0241,9.8065,-0.1737,-0.0283,0.0741,-5.37,-36.06,25.94,348.91,-83.78,-178.52,13.378888888888888,0.0,52.40300644444444,-1.5665078333333333
,,165.07,,6,247.13,26 / 26,47310,2019-09-08 12:07:46:549,-1.0171,0.5337,9.5527,-0.0172,0.0098,9.8066,-0.0655,-0.0729,0.0539,-5.44,-35.81,25.69,352.15,-83.82,-175.77,13.296666666666665,0.0,52.40300313333333,-1.5665234
,,165.07,,6,247.13,26 / 26,47410,2019-09-08 12:07:46:649,-0.662,-0.2424,9.9169,-0.0124,0.0062,9.8066,0.006,-0.0553,0.0689,-6.19,-35.94,25.88,352.72,-84.0,-173.22,13.214444444444444,0.0,52.40299982222222,-1.5665389666666667
,,165.07,,6,247.13,26 / 26,47510,2019-09-08 12:07:46:749,-1.1367,1.1926,9.8906,-0.0127,0.0149,9.8066,0.07,-0.0526,0.0101,-6.19,-36.44,25.88,354.65,-83.97,-171.57,13.132222222222222,0.0,52.402996511111105,-1.5665545333333333
,,165.07,,6,247.13,26 / 26,47610,2019-09-08 12:07:46:849,-0.4339,0.0864,10.1032,-0.0149,0.0246,9.8065,0.0747,-0.0517,-0.0861,-5.56,-36.12,25.88,356.17,-84.03,-170.28,13.049999999999999,0.0,52.4029932,-1.5665701
,,165.07,,6,247.13,28 / 28,47710,2019-09-08 12:07:46:949,-1.5874,0.1222,9.8964,0.0056,-0.0186,9.8066,0.0781,-0.035,0.0168,-6.06,-35.87,24.94,354.44,-83.87,-171.2,12.967777777777776,0.0,52.40298988888889,-1.5665856666666667
,,165.07,,6,247.13,28 / 28,47810,2019-09-08 12:07:47:049,-1.3636,-0.2989,9.3433,0.0136,-0.0594,9.8064,-0.2233,-0.0761,0.0113,-6.44,-36.31,24.5,353.53,-83.77,-171.96,12.885555555555555,0.0,52.402986577777774,-1.5666012333333332
,,165.07,,6,247.13,28 / 28,47909,2019-09-08 12:07:47:148,-0.1559,2.5933,7.6393,-0.0272,0.1258,9.8058,-0.3216,0.0008,-0.073,-5.94,-36.44,25.56,352.11,-83.76,-173.7,12.803333333333333,0.0,52.402983266666666,-1.5666168
,,165.07,,6,247.13,28 / 28,48010,2019-09-08 12:07:47:249,-1.0253,-0.5579,11.4717,-0.0336,0.1503,9.8053,0.4715,-0.0284,-0.0221,-5.69,-35.87,26.31,353.0,-84.59,-173.08,12.72111111111111,0.0,52.40297995555555,-1.5666323666666666
,,165.07,,6,247.13,28 / 28,48110,2019-09-08 12:07:47:349,0.7991,-1.2146,10.689,0.0351,-0.0633,9.8063,0.3227,0.0308,-0.0708,-5.19,-36.62,25.88,352.98,-84.44,-175.15,12.638888888888888,0.0,52.40297664444444,-1.5666479333333334
,,165.07,,6,247.13,28 / 28,48210,2019-09-08 12:07:47:449,-0.2816,-1.0814,10.9218,0.0187,-0.0113,9.8066,-0.1676,-0.0523,-0.067,-5.31,-36.12,25.69,350.7,-84.19,-177.09,12.556666666666667,0.0,52.40297333333333,-1.5666635
,,165.07,,6,247.13,28 / 28,48310,2019-09-08 12:07:47:549,-1.4351,1.8429,9.5504,-0.006,0.0066,9.8066,-0.1663,-0.1387,0.0328,-5.19,-36.56,25.56,349.42,-84.35,-178.2,12.474444444444444,0.0,52.40297002222222,-1.5666790666666666
,,165.07,,6,247.13,28 / 28,48410,2019-09-08 12:07:47:649,-0.2969,0.9692,9.7142,-0.022,0.0542,9.8064,0.2075,-0.0287,0.0402,-5.19,-36.12,25.38,349.29,-84.65,-177.95,12.392222222222221,0.0,52.402966711111105,-1.5666946333333334
,,165.07,,6,247.13,28 / 28,48510,2019-09-08 12:07:47:749,-1.2829,-0.3324,10.1076,-0.0086,-0.0303,9.8065,0.1525,-0.0096,0.067,-5.19,-36.44,25.13,351.02,-84.77,-176.48,12.309999999999999,0.0,52.4029634,-1.5667102
,,165.07,,6,247.13,28 / 28,48610,2019-09-08 12:07:47:849,-0.7771,0.6088,10.0787,-0.004,-0.0418,9.8065,-0.0769,-0.0126,-0.0034,-5.56,-36.06,24.63,350.38,-84.6,-174.82,12.227777777777778,0.0,52.40296008888889,-1.5667257666666667
,,165.07,,6,247.13,29 / 29,48711,2019-09-08 12:07:47:950,0.5409,0.8082,9.6326,0.0016,-0.0144,9.8066,-0.145,0.0257,-0.07,-5.44,-36.37,24.5,352.21,-84.52,-175.39,12.145555555555555,0.0,52.402956777777774,-1.5667413333333333
,,165.07,,6,247.13,29 / 29,48810,2019-09-08 12:07:48:049,-1.1393,1.4743,9.6742,0.0133,-0.0052,9.8066,0.0735,-0.0093,-0.0649,-5.25,-36.0,24.88,351.41,-84.39,-176.06,12.063333333333333,0.0,52.402953466666666,-1.5667569
,,165.07,,6,247.13,29 / 29,48910,2019-09-08 12:07:48:149,-0.6897,0.9453,9.5495,-0.0116,0.0197,9.8066,-0.0209,-0.0552,0.0915,-5.0,-36.31,24.56,351.94,-84.45,-175.62,11.98111111111111,0.0,52.40295015555555,-1.5667724666666667
,,165.07,,6,247.13,29 / 29,49010,2019-09-08 12:07:48:249,-0.3048,-0.3497,9.7521,-0.0035,0.0325,9.8066,0.1239,-0.0464,0.0411,-5.25,-36.62,25.44,352.97,-84.75,-174.76,11.898888888888889,0.0,52.40294684444444,-1.5667880333333333
,,165.07,,6,247.13,29 / 29,49110,2019-09-08 12:07:48:349,-1.569,1.0923,10.6812,-0.0087,-0.0203,9.8066,0.1052,-0.0812,0.0752,-5.81,-36.5,24.63,352.04,-84.74,-173.41,11.816666666666666,0.0,52.40294353333333,-1.5668036
,,165.07,,6,247.13,29 / 29,49210,2019-09-08 12:07:48:449,0.9028,1.2381,9.4337,-0.0004,-0.005,9.8066,0.0659,-0.097,0.0551,-5.19,-36.37,24.25,353.98,-84.78,-173.42,11.734444444444444,0.0,52.40294022222222,-1.5668191666666667
,,165.07,,6,247.13,29 / 29,49310,2019-09-08 12:07:48:549,-1.4299,-0.0154,11.2192,-0.0214,-0.019,9.8066,0.1782,-0.1477,0.1226,-5.75,-36.75,25.06,353.17,-84.71,-172.4,11.652222222222221,0.0,52.402936911111105,-1.5668347333333332
,,165.07,,6,247.13,29 / 29,49410,2019-09-08 12:07:48:649,0.254,0.4777,11.0804,-0.0134,-0.0063,9.8066,-0.0558,-0.0151,-0.0341,-5.75,-37.0,25.06,355.65,-84.56,-170.24,11.57,0.0,52.4029336,-1.5668503
,,165.07,,6,247.13,29 / 29,49510,2019-09-08 12:07:48:749,-0.901,0.1658,10.2539,0.0009,-0.0395,9.8066,0.0551,-0.0694,0.0543,-5.5,-36.5,24.94,358.6,-84.63,-169.9,11.487777777777778,0.0,52.40293028888889,-1.5668658666666666
,,165.07,,6,247.13,29 / 29,49610,2019-09-08 12:07:48:849,-1.2309,-0.6106,10.3185,0.0082,-0.0622,9.8064,-0.2697,0.0219,-0.0924,-5.5,-36.75,24.56,358.03,-84.36,-170.37,11.405555555555555,0.0,52.402926977777774,-1.5668814333333334
,,165.07,,6,247.13,28 / 28,49711,2019-09-08 12:07:48:950,0.0342,1.0743,10.5079,-0.0076,0.0413,9.8065,-0.1405,0.0108,-0.012,-5.56,-36.37,25.06,355.32,-84.74,-170.56,11.323333333333332,0.0,52.402923666666666,-1.566897
,,165.07,,6,247.13,28 / 28,49810,2019-09-08 12:07:49:049,-0.7999,0.3547,10.3354,0.0247,0.0011,9.8066,0.0036,0.0459,-0.0685,-5.81,-36.19,25.19,352.59,-84.49,-172.89,11.241111111111111,0.0,52.40292035555555,-1.5669125666666666
,,165.07,,6,247.13,28 / 28,49910,2019-09-08 12:07:49:149,-0.085,2.2159,9.3303,0.0152,-0.0032,9.8066,-0.1495,0.008,-0.0814,-5.0,-36.44,24.5,354.18,-84.26,-173.66,11.158888888888889,0.0,52.40291704444444,-1.5669281333333334
,,165.07,,6,247.13,28 / 28,50010,2019-09-08 12:07:49:249,-0.388,1.5806,10.4797,-0.0067,-0.0075,9.8066,0.1231,-0.0067,-0.0218,-5.44,-36.75,24.75,353.77,-84.08,-173.96,11.076666666666666,0.0,52.40291373333333,-1.5669437
,,165.07,,6,247.13,28 / 28,50110,2019-09-08 12:07:49:349,1.2613,-0.8511,8.9733,0.0025,-0.0234,9.8065,0.0456,-0.0014,0.0281,-5.06,-36.56,24.88,354.26,-84.38,-173.59,10.994444444444444,0.0,52.40291042222222,-1.5669592666666667
,,165.07,,6,247.13,28 / 28,50210,2019-09-08 12:07:49:449,0.8002,2.9482,9.3268,-0.0029,-0.061,9.8064,-0.2441,0.0086,-0.1137,-5.44,-36.5,24.19,356.93,-84.23,-170.83,10.912222222222221,0.0,52.402907111111105,-1.5669748333333333
,,165.07,,6,247.13,28 / 28,50310,2019-09-08 12:07:49:549,-0.2423,2.311,9.8125,-0.0473,0.1077,9.8059,-0.13,-0.0808,0.0393,-6.0,-36.81,24.63,358.3,-85.04,-167.98,10.83,0.0,52.4029038,-1.5669904
,,165.07,,6,247.13,28 / 28,50410,2019-09-08 12:07:49:649,-0.0204,-0.9522,9.3831,-0.0092,0.0953,9.8061,-0.0154,-0.0917,-0.0879,-5.5,-36.0,24.25,359.97,-84.8,-168.26,10.747777777777777,0.0,52.40290048888889,-1.5670059666666667
,,165.07,,6,247.13,28 / 28,50511,2019-09-08 12:07:49:750,0.0465,1.2593,9.4036,-0.0024,-0.0369,9.8066,-0.1408,-0.1459,0.0803,-5.31,-37.0,24.31,0.29,-84.53,-167.98,10.665555555555555,0.0,52.402897177777774,-1.5670215333333333
,,165.07,,6,247.13,28 / 28,50610,2019-09-08 12:07:49:849,0.5854,0.1959,9.9176,-0.0104,-0.0322,9.8065,0.0755,-0.1024,0.0424,-5.5,-36.19,24.38,359.88,-84.32,-168.33,10.583333333333332,0.0,52.402893866666666,-1.5670371
,,165.07,,6,247.13,29 / 29,50710,2019-09-08 12:07:49:949,-0.1199,0.2445,9.7891,-0.0182,0.0402,9.8065,0.3464,0.0233,-0.0302,-5.12,-36.19,24.13,359.82,-84.22,-168.39,10.501111111111111,0.0,52.40289055555555,-1.5670526666666666
,,165.07,,6,247.13,29 / 29,50810,2019-09-08 12:07:50:049,-1.0876,-1.7876,10.6921,-0.0229,0.0231,9.8065,0.3686,-0.1638,0.1155,-5.31,-36.56,23.94,2.12,-84.28,-166.44,10.418888888888889,0.0,52.40288724444444,-1.5670682333333332
,,165.07,,6,247.13,29 / 29,50910,2019-09-08 12:07:50:149,-0.3672,1.8728,9.0783,0.0176,-0.0404,9.8065,-0.4021,-0.0403,0.0365,-6.06,-37.19,24.56,1.76,-84.02,-165.02,10.336666666666666,0.0,52.40288393333333,-1.5670838
,,165.07,,6,247.13,29 / 29,51010,2019-09-08 12:07:50:249,-0.7426,2.156,8.4015,0.0092,-0.0397,9.8065,-0.3213,-0.0057,0.0196,-5.37,-36.25,24.31,4.48,-84.06,-164.45,10.254444444444443,0.0,52.40288062222222,-1.5670993666666666
,,165.07,,6,247.13,29 / 29,51110,2019-09-08 12:07:50:349,-0.9252,1.0532,9.5829,-0.0218,0.0572,9.8064,0.2935,0.029,0.0045,-5.75,-37.31,24.63,2.26,-84.03,-164.6,10.172222222222222,0.0,52.402877311111105,-1.5671149333333334
,,165.07,,6,247.13,29 / 29,51209,2019-09-08 12:07:50:448,-0.6186,-0.1988,10.0131,-0.0174,0.0461,9.8065,0.27,-0.0268,-0.0222,-6.06,-35.87,24.31,3.83,-84.44,-162.7,10.09,0.0,52.402874,-1.5671305
,,165.07,,6,247.13,29 / 29,51310,2019-09-08 12:07:50:549,-0.3985,1.4523,10.3064,0.0028,-0.0306,9.8065,-0.2161,0.016,-0.0232,-5.56,-36.5,24.44,2.84,-84.57,-163.53,10.007777777777777,0.0,52.40287068888889,-1.5671460666666666
,,165.07,,6,247.13,29 / 29,51414,2019-09-08 12:07:50:653,-0.5993,0.965,9.2143,0.0174,-0.0252,9.8065,-0.1901,-0.0053,0.0296,-5.69,-36.69,23.75,2.0,-84.54,-164.26,9.925555555555555,0.0,52.402867377777774,-1.5671616333333334
,,165.07,,6,247.13,29 / 29,51510,2019-09-08 12:07:50:749,0.1243,-0.3188,9.8424,-0.0179,0.0162,9.8066,0.0825,0.0467,-0.0185,-6.19,-36.37,24.44,3.21,-84.76,-163.19,9.843333333333334,0.0,52.402864066666666,-1.5671772
,,165.07,,6,247.13,29 / 29,51610,2019-09-08 12:07:50:849,-0.8608,0.1436,10.6363,-0.0165,0.0073,9.8066,0.1011,-0.0575,-0.0049,-5.44,-36.5,24.25,6.18,-84.76,-162.91,9.761111111111111,0.0,52.40286075555555,-1.5671927666666667
,,165.07,,6,247.13,28 / 28,51710,2019-09-08 12:07:50:949,-0.3825,0.1053,9.9169,0.0004,-0.0293,9.8066,-0.1389,-0.0466,-0.0146,-5.56,-36.62,24.5,4.16,-84.82,-162.9,9.678888888888888,0.0,52.40285744444444,-1.5672083333333333
,,165.07,,6,247.13,28 / 28,51809,2019-09-08 12:07:51:048,-1.1851,0.7873,9.6162,-0.0049,-0.049,9.8065,-0.1389,-0.0408,-0.0253,-5.62,-36.62,24.06,4.71,-84.61,-161.94,9.596666666666666,0.0,52.40285413333333,-1.5672239
,,165.07,,6,247.13,28 / 28,51910,2019-09-08 12:07:51:149,0.5473,0.6784,9.9557,-0.0098,0.0219,9.8065,0.0462,-0.0414,0.0374,-5.62,-37.37,23.44,5.43,-84.83,-160.73,9.514444444444445,0.0,52.40285082222222,-1.5672394666666667
,,165.07,,6,247.13,28 / 28,52012,2019-09-08 12:07:51:251,-0.919,0.7859,10.1579,0.0043,-0.0092,9.8066,-0.0618,-0.0616,0.0637,-5.69,-36.44,23.81,6.34,-84.68,-160.5,9.432222222222222,0.0,52.402847511111105,-1.5672550333333333
,,165.07,,6,247.13,28 / 28,52110,2019-09-08 12:07:51:349,0.2674,0.5168,10.6204,0.0031,-0.0245,9.8066,0.1028,-0.0038,-0.0575,-6.06,-36.75,23.81,7.24,-84.64,-159.76,9.35,0.0,52.4028442,-1.5672706
,,165.07,,6,247.13,28 / 28,52210,2019-09-08 12:07:51:449,-0.5009,1.1921,9.9916,0.0149,-0.0042,9.8066,0.0207,-0.0219,0.08,-5.75,-36.94,24.19,5.51,-84.5,-161.26,9.267777777777777,0.0,52.40284088888889,-1.5672861666666666
,,165.07,,6,247.13,28 / 28,52310,2019-09-08 12:07:51:549,0.8685,0.2508,9.4149,0.008,0.0056,9.8066,0.0152,-0.0228,0.0629,-5.0,-35.81,23.69,9.1,-84.34,-160.49,9.185555555555556,0.0,52.402837577777774,-1.5673017333333332
,,165.07,,6,247.13,28 / 28,52410,2019-09-08 12:07:51:649,0.5254,0.7987,8.7741,-0.0057,-0.0099,9.8066,-0.005,0.0475,0.0107,-5.44,-37.06,24.5,10.15,-84.34,-160.04,9.103333333333333,0.0,52.402834266666666,-1.5673173
,,165.07,,6,247.13,28 / 28,52510,2019-09-08 12:07:51:749,-0.5686,1.7153,9.4059,-0.0231,0.0088,9.8066,-0.1751,0.0239,-0.0472,-5.81,-36.25,23.75,7.47,-84.42,-159.58,9.02111111111111,0.0,52.40283095555555,-1.5673328666666666
,,165.07,,6,247.13,28 / 28,52610,2019-09-08 12:07:51:849,-0.1502,2.0416,9.6845,-0.0082,0.0017,9.8066,-0.1615,-0.0393,-0.0314,-6.44,-37.06,23.19,9.54,-84.54,-157.29,8.938888888888888,0.0,52.40282764444444,-1.5673484333333334
,,165.07,,6,247.13,28 / 28,52710,2019-09-08 12:07:51:949,0.0493,1.5469,10.2463,-0.0049,0.0286,9.8066,0.1375,-0.0738,0.0195,-6.25,-36.62,24.06,12.03,-84.8,-155.6,8.856666666666667,0.0,52.40282433333333,-1.567364
,,165.07,,6,247.13,28 / 28,52810,2019-09-08 12:07:52:049,0.153,1.0311,10.0839,-0.0034,0.0369,9.8066,0.1513,-0.032,-0.0469,-6.0,-36.5,23.69,13.15,-84.81,-154.58,8.774444444444445,0.0,52.40282102222222,-1.5673795666666666
,,165.07,,6,247.13,28 / 28,52910,2019-09-08 12:07:52:149,0.7999,0.9905,9.8244,0.0063,-0.0159,9.8066,-0.1688,-0.0475,0.0664,-6.5,-36.69,23.5,12.96,-84.78,-154.8,8.692222222222222,0.0,52.402817711111105,-1.5673951333333334
,,165.07,,6,247.13,28 / 28,53010,2019-09-08 12:07:52:249,-0.5445,1.392,9.7389,-0.0102,-0.0012,9.8066,-0.0126,-0.0283,-0.0046,-5.75,-36.44,23.0,13.51,-84.76,-153.77,8.61,0.0,52.4028144,-1.5674107
,,165.07,,6,247.13,28 / 28,53110,2019-09-08 12:07:52:349,0.0068,0.6709,10.0722,-0.0059,0.0208,9.8065,0.053,-0.0547,0.0167,-5.94,-36.87,23.5,15.04,-84.72,-153.03,8.527777777777779,0.0,52.40281108888889,-1.5674262666666667
,,165.07,,6,247.13,28 / 28,53210,2019-09-08 12:07:52:449,-0.3154,2.2677,10.218,-0.0132,0.0266,9.8065,0.097,-0.0241,-0.0493,-6.37,-36.62,23.69,17.34,-84.91,-150.96,8.445555555555556,0.0,52.402807777777774,-1.5674418333333333
,,165.07,,6,247.13,28 / 28,53310,2019-09-08 12:07:52:549,0.7012,1.6888,9.8051,0.0041,-0.0504,9.8065,-0.173,0.0484,-0.0981,-6.62,-37.06,23.63,14.06,-84.77,-151.61,8.363333333333333,0.0,52.402804466666666,-1.5674574
,,165.07,,6,247.13,28 / 28,53410,2019-09-08 12:07:52:649,-0.0164,2.0948,9.1638,0.017,-0.0435,9.8065,-0.1821,-0.0047,0.0559,-6.19,-37.19,23.19,15.48,-84.84,-152.1,8.28111111111111,0.0,52.40280115555555,-1.5674729666666667
,,165.07,,6,247.13,28 / 28,53510,2019-09-08 12:07:52:749,-1.9907,0.4314,10.4765,-0.0281,-0.0049,9.8066,0.052,0.0782,-0.0442,-6.31,-37.0,22.94,18.19,-84.97,-149.7,8.198888888888888,0.0,52.40279784444444,-1.5674885333333333
,,165.07,,6,247.13,28 / 28,53610,2019-09-08 12:07:52:849,-0.9071,0.6708,11.3196,0.0217,0.0321,9.8065,0.1937,-0.0792,0.0628,-5.5,-36.69,23.63,20.83,-85.17,-150.06,8.116666666666667,0.0,52.40279453333333,-1.5675041
52.40279122222222,-1.5675196666666666,165.07,,6,247.13,29 / 29,53710,2019-09-08 12:07:52:949,0.3204,1.44,10.6406,-0.0067,-0.0401,9.8065,0.0723,0.0424,-0.0112,-5.56,-36.94,23.44,17.5,-85.17,-150.2,8.034444444444444,1.0,52.40279122222222,-1.5675196666666666
52.402787911111105,-1.5675352333333332,165.07,,6,247.13,29 / 29,53810,2019-09-08 12:07:53:049,-0.4099,-0.1568,10.5448,-0.0034,-0.0727,9.8064,-0.0005,0.0287,-0.0046,-6.25,-36.56,23.75,18.25,-84.59,-150.32,7.952222222222222,1.0,52.402787911111105,-1.5675352333333332
52.4027846,-1.5675508,165.07,,6,247.13,29 / 29,53910,2019-09-08 12:07:53:149,-0.3622,1.1115,10.1107,-0.012,0.0068,9.8065,-0.117,0.062,0.0079,-6.25,-37.44,23.0,18.69,-84.76,-149.37,7.87,1.0,52.4027846,-1.5675508
52.40278128888889,-1.5675663666666666,165.07,,6,247.13,29 / 29,54010,2019-09-08 12:07:53:249,-0.9813,1.308,10.8488,-0.0013,0.0278,9.8066,0.0247,-0.0396,0.0731,-5.87,-36.94,23.69,19.58,-84.99,-148.97,7.7877777777777775,1.0,52.40278128888889,-1.5675663666666666
52.402777977777774,-1.5675819333333334,165.07,,6,247.13,29 / 29,54110,2019-09-08 12:07:53:349,1.6083,1.2209,10.5078,0.0265,-0.0328,9.8065,-0.026,-0.1146,0.1235,-6.31,-36.75,23.75,20.69,-85.11,-147.93,7.705555555555556,1.0,52.402777977777774,-1.5675819333333334
52.402774666666666,-1.5675975,165.07,,6,247.13,29 / 29,54210,2019-09-08 12:07:53:449,1.3295,1.2516,9.2305,0.0026,-0.0462,9.8065,-0.0155,0.0779,-0.0704,-5.5,-36.81,23.81,21.69,-84.93,-149.45,7.623333333333333,1.0,52.402774666666666,-1.5675975
52.40277135555555,-1.5676130666666666,165.07,,6,247.13,29 / 29,54310,2019-09-08 12:07:53:549,-0.797,1.9811,9.5977,-0.0174,0.0173,9.8066,-0.012,0.0311,-0.0293,-6.44,-36.81,23.31,17.96,-84.92,-149.92,7.541111111111111,1.0,52.40277135555555,-1.5676130666666666
52.40276804444444,-1.5676286333333334,165.07,,6,247.13,29 / 29,54410,2019-09-08 12:07:53:649,-0.377,1.2401,9.5505,0.0061,0.0387,9.8065,0.0121,-0.0257,0.0537,-6.31,-37.19,24.19,18.89,-85.03,-149.55,7.458888888888889,1.0,52.40276804444444,-1.5676286333333334
52.40276473333333,-1.5676442,165.07,,6,247.13,29 / 29,54510,2019-09-08 12:07:53:749,-0.4958,0.3506,10.3243,0.0008,-0.003,9.8066,0.0643,0.0013,0.0518,-6.12,-36.62,23.63,18.88,-84.91,-149.61,7.376666666666667,1.0,52.40276473333333,-1.5676442
52.40276142222222,-1.5676597666666667,165.07,,6,247.13,29 / 29,54610,2019-09-08 12:07:53:849,0.639,0.7596,10.4466,-0.0175,-0.0032,9.8066,0.0959,0.0518,-0.0335,-6.06,-37.56,23.25,19.52,-84.89,-148.66,7.294444444444444,1.0,52.40276142222222,-1.5676597666666667
52.402758111111105,-1.5676753333333333,165.07,,6,247.13,29 / 29,54710,2019-09-08 12:07:53:949,0.5138,0.6746,9.6244,0.0091,-0.0007,9.8066,-0.1616,-0.0387,-0.016,-5.69,-36.94,23.06,19.27,-84.89,-148.81,7.2122222222222225,1.0,52.402758111111105,-1.5676753333333333
52.4027548,-1.5676908999999999,165.07,,6,247.13,29 / 29,54809,2019-09-08 12:07:54:048,0.4434,2.1765,9.7681,-0.0051,-0.0159,9.8066,-0.1828,0.0143,0.0165,-6.19,-36.69,23.94,20.36,-84.84,-148.37,7.13,1.0,52.4027548,-1.5676908999999999
52.40275148888889,-1.5677064666666667,165.07,,6,247.13,29 / 29,54909,2019-09-08 12:07:54:148,0.2733,1.4073,10.3922,-0.0036,0.0403,9.8065,0.2399,-0.0356,0.0184,-5.87,-37.37,23.25,19.73,-84.9,-148.4,7.047777777777778,1.0,52.40275148888889,-1.5677064666666667
52.402748177777774,-1.5677220333333333,165.07,,6,247.13,29 / 29,55010,2019-09-08 12:07:54:249,-0.132,0.681,10.0918,-0.0091,0.0474,9.8064,0.1485,-0.0165,-0.0256,-6.0,-37.19,23.94,22.12,-85.15,-146.65,6.9655555555555555,1.0,52.402748177777774,-1.5677220333333333
52.402744866666666,-1.5677376,165.07,,6,247.13,29 / 29,55110,2019-09-08 12:07:54:349,0.2613,1.6755,9.808,0.0075,-0.0116,9.8066,-0.0759,-0.0076,0.0131,-6.06,-37.5,24.19,20.72,-85.17,-147.87,6.883333333333334,1.0,52.402744866666666,-1.5677376
52.40274155555555,-1.5677531666666666,165.07,,6,247.13,29 / 29,55210,2019-09-08 12:07:54:449,-0.6613,1.45,10.2222,-0.004,0.0009,9.8066,-0.0399,-0.0251,-0.0082,-5.5,-37.25,22.63,23.82,-85.2,-147.04,6.801111111111111,1.0,52.40274155555555,-1.5677531666666666
52.40273824444444,-1.5677687333333332,165.07,,6,247.13,29 / 29,55310,2019-09-08 12:07:54:549,-0.1765,1.2068,10.0806,0.0024,0.0063,9.8066,-0.0377,0.0301,-0.0495,-6.06,-36.87,23.44,21.57,-85.29,-146.57,6.718888888888889,1.0,52.40273824444444,-1.5677687333333332
52.40273493333333,-1.5677843,165.07,,6,247.13,29 / 29,55410,2019-09-08 12:07:54:649,0.0126,0.7929,10.029,0.007,0.0105,9.8066,0.0302,-0.0025,-0.0067,-6.31,-37.44,23.44,21.34,-85.46,-146.67,6.636666666666667,1.0,52.40273493333333,-1.5677843
52.40273162222222,-1.5677998666666666,165.07,,6,247.13,29 / 29,55510,2019-09-08 12:07:54:749,0.7831,1.3794,9.9713,0.0093,-0.0056,9.8065,-0.0044,0.021,-0.0032,-5.94,-36.31,23.13,19.93,-85.56,-147.79,6.554444444444445,1.0,52.40273162222222,-1.5677998666666666
52.402728311111105,-1.5678154333333334,165.07,,6,247.13,29 / 29,55610,2019-09-08 12:07:54:849,0.4433,1.0467,9.9504,0.0052,-0.0028,9.8066,-0.0158,0.0247,0.0051,-7.06,-36.81,23.38,16.16,-85.58,-148.85,6.472222222222222,1.0,52.402728311111105,-1.5678154333333334
52.402725,-1.567831,165.39,6.39,6,254.34,27 / 28,55710,2019-09-08 12:07:54:949,-0.5325,1.3803,10.3559,-0.0011,0.0085,9.8066,-0.0072,-0.015,-0.0186,-6.06,-36.69,23.75,19.92,-85.66,-148.31,6.39,1.0,52.402725,-1.567831
52.402724388888885,-1.5678347888888888,165.39,,6,254.34,27 / 28,55810,2019-09-08 12:07:55:049,0.432,1.0715,9.7268,0.0161,0.0077,9.8066,0.0024,0.0299,-0.0813,-5.56,-36.5,23.88,18.84,-85.8,-149.14,6.329222222222222,1.0,52.402724388888885,-1.5678347888888888
52.40272377777777,-1.5678385777777777,165.39,,6,254.34,27 / 28,55910,2019-09-08 12:07:55:149,0.4895,1.1239,9.7913,0.0015,0.0076,9.8065,0.0545,0.0266,-0.0377,-5.69,-36.25,23.31,16.72,-85.79,-150.53,6.2684444444444445,1.0,52.40272377777777,-1.5678385777777777
52.40272316666666,-1.5678423666666665,165.39,,6,254.34,27 / 28,56010,2019-09-08 12:07:55:249,-0.184,0.9835,10.3144,0.0059,-0.0075,9.8066,0.0625,-0.0261,0.0145,-6.0,-36.81,23.56,17.37,-85.86,-150.49,6.207666666666666,1.0,52.40272316666666,-1.5678423666666665
52.40272255555555,-1.5678461555555556,165.39,,6,254.34,27 / 28,56110,2019-09-08 12:07:55:349,-1.157,0.8942,9.6014,0.0033,0.0013,9.8066,-0.093,0.0065,-0.0244,-5.44,-36.06,23.81,20.58,-85.85,-149.84,6.146888888888888,1.0,52.40272255555555,-1.5678461555555556
52.402721944444444,-1.5678499444444445,165.39,,6,254.34,27 / 28,56210,2019-09-08 12:07:55:449,0.5054,0.9029,9.2438,0.0109,-0.0062,9.8066,-0.0919,0.0372,-0.0362,-6.19,-36.37,23.94,15.47,-86.0,-152.08,6.08611111111111,1.0,52.402721944444444,-1.5678499444444445
52.40272133333333,-1.5678537333333333,165.39,,6,254.34,27 / 28,56310,2019-09-08 12:07:55:549,-0.0983,0.7255,10.3281,0.0024,0.0115,9.8066,0.0597,-0.0388,-0.03,-5.75,-36.81,22.75,14.69,-86.14,-152.24,6.025333333333333,1.0,52.40272133333333,-1.5678537333333333
52.40272072222222,-1.5678575222222222,165.39,,6,254.34,27 / 28,56410,2019-09-08 12:07:55:649,0.2375,0.5113,10.099,0.0082,-0.0044,9.8066,0.0433,-0.0489,0.0286,-4.94,-36.81,23.56,16.54,-86.16,-153.38,5.964555555555555,1.0,52.40272072222222,-1.5678575222222222
52.40272011111111,-1.567861311111111,165.39,,6,254.34,27 / 28,56510,2019-09-08 12:07:55:749,0.1818,0.591,10.2395,-0.0068,-0.0093,9.8065,-0.0322,-0.0346,0.045,-5.12,-36.69,23.5,18.9,-86.11,-151.27,5.903777777777777,1.0,52.40272011111111,-1.567861311111111
52.402719499999996,-1.5678651,165.39,,6,254.34,27 / 28,56610,2019-09-08 12:07:55:849,-0.4055,1.0634,9.7531,0.0104,-0.0066,9.8065,-0.0626,0.0163,-0.0455,-5.69,-36.5,23.13,16.01,-86.05,-151.05,5.843,1.0,52.402719499999996,-1.5678651
52.402718888888884,-1.5678688888888888,165.39,,6,254.34,29 / 29,56710,2019-09-08 12:07:55:949,-0.1974,0.9277,9.6828,-0.0058,0.0192,9.8065,0.1468,0.0011,-0.0184,-5.69,-36.5,23.38,13.6,-86.02,-153.23,5.782222222222222,1.0,52.402718888888884,-1.5678688888888888
52.40271827777777,-1.5678726777777778,165.39,,6,254.34,29 / 29,56810,2019-09-08 12:07:56:049,-0.1492,0.6154,9.8975,-0.0064,0.0387,9.8065,0.1001,-0.0165,-0.0153,-4.75,-36.19,23.5,16.8,-86.1,-153.12,5.721444444444444,1.0,52.40271827777777,-1.5678726777777778
52.40271766666666,-1.5678764666666667,165.39,,6,254.34,29 / 29,56910,2019-09-08 12:07:56:149,0.386,0.3839,10.0281,0.0066,-0.0345,9.8066,-0.0854,-0.0182,0.0195,-5.31,-36.12,23.94,14.37,-85.96,-155.37,5.660666666666667,1.0,52.40271766666666,-1.5678764666666667
52.402717055555556,-1.5678802555555555,165.39,,6,254.34,29 / 29,57010,2019-09-08 12:07:56:249,0.4828,0.7308,10.0246,0.0015,-0.0339,9.8065,-0.0483,0.0258,-0.0352,-5.62,-37.06,23.25,13.07,-85.97,-153.76,5.599888888888889,1.0,52.402717055555556,-1.5678802555555555
52.402716444444444,-1.5678840444444444,165.39,,6,254.34,29 / 29,57110,2019-09-08 12:07:56:349,-0.0007,0.8546,9.7345,-0.0102,0.0157,9.8066,0.0252,-0.0104,0.0266,-5.25,-36.81,23.25,15.4,-86.06,-154.02,5.539111111111111,1.0,52.402716444444444,-1.5678840444444444
52.40271583333333,-1.5678878333333333,165.39,,6,254.34,29 / 29,57210,2019-09-08 12:07:56:449,-0.2915,0.6241,10.1584,-0.0089,0.0134,9.8066,-0.005,-0.0119,0.0237,-5.0,-36.44,23.56,18.43,-86.13,-151.64,5.478333333333333,1.0,52.40271583333333,-1.5678878333333333
52.40271522222222,-1.5678916222222221,165.39,,6,254.34,29 / 29,57310,2019-09-08 12:07:56:549,0.0085,0.604,9.8262,0.0044,0.0087,9.8066,0.0228,0.0038,-0.0087,-5.75,-36.12,23.94,15.69,-86.13,-151.83,5.4175555555555555,1.0,52.40271522222222,-1.5678916222222221
52.40271461111111,-1.567895411111111,165.39,,6,254.34,29 / 29,57410,2019-09-08 12:07:56:649,0.4749,0.3444,9.9137,0.0069,0.0085,9.8066,0.0429,0.0192,-0.007,-5.56,-36.62,23.94,14.31,-86.24,-153.07,5.356777777777777,1.0,52.40271461111111,-1.567895411111111
52.402713999999996,-1.5678992,165.39,,6,254.34,29 / 29,57510,2019-09-08 12:07:56:749,-0.2434,0.5013,10.0652,0.0011,-0.019,9.8066,-0.0547,-0.0258,0.0117,-5.06,-36.87,23.25,16.55,-86.23,-152.91,5.295999999999999,1.0,52.402713999999996,-1.5678992
52.402713388888884,-1.567902988888889,165.39,,6,254.34,29 / 29,57610,2019-09-08 12:07:56:849,0.0856,0.7889,9.715,0.0021,-0.0112,9.8065,-0.0649,-0.0222,-0.0192,-5.12,-35.56,24.06,16.6,-86.1,-153.3,5.235222222222222,1.0,52.402713388888884,-1.567902988888889
52.40271277777777,-1.5679067777777778,165.39,,6,254.34,29 / 29,57710,2019-09-08 12:07:56:949,-0.0571,0.6568,9.7571,-0.0036,0.0069,9.8066,0.0567,-0.0034,0.0046,-5.31,-36.56,24.0,16.78,-86.11,-153.18,5.174444444444444,1.0,52.40271277777777,-1.5679067777777778
52.40271216666667,-1.5679105666666666,165.39,,6,254.34,29 / 29,57810,2019-09-08 12:07:57:049,-0.5834,0.4346,10.5543,-0.0081,0.0127,9.8066,0.08,-0.0283,-0.0106,-5.37,-36.69,23.75,18.3,-86.18,-151.78,5.113666666666666,1.0,52.40271216666667,-1.5679105666666666
52.402711555555555,-1.5679143555555555,165.39,,6,254.34,29 / 29,57910,2019-09-08 12:07:57:149,0.7173,-0.0555,10.0075,0.0131,-0.0058,9.8066,-0.0383,-0.0304,0.0008,-5.06,-36.75,23.5,16.1,-86.2,-153.75,5.052888888888889,1.0,52.402711555555555,-1.5679143555555555
52.40271094444444,-1.5679181444444443,165.39,,6,254.34,29 / 29,58010,2019-09-08 12:07:57:249,-0.0438,0.0775,9.7879,0.001,-0.0166,9.8066,-0.0376,-0.0365,0.0431,-4.37,-36.31,23.13,18.63,-86.18,-153.43,4.992111111111111,1.0,52.40271094444444,-1.5679181444444443
52.40271033333333,-1.5679219333333332,165.39,,6,254.34,29 / 29,58110,2019-09-08 12:07:57:349,0.1031,0.1062,9.7961,-0.005,0.0167,9.8066,0.0214,-0.0004,0.0211,-4.94,-36.25,23.25,16.99,-86.16,-152.5,4.931333333333333,1.0,52.40271033333333,-1.5679219333333332
52.40270972222222,-1.5679257222222223,165.39,,6,254.34,29 / 29,58210,2019-09-08 12:07:57:449,-0.4067,0.1087,10.0751,-0.0106,0.02,9.8065,0.0511,-0.0244,0.0069,-5.62,-36.56,23.56,17.34,-86.31,-150.31,4.870555555555555,1.0,52.40270972222222,-1.5679257222222223
52.40270911111111,-1.5679295111111111,165.39,,6,254.34,29 / 29,58310,2019-09-08 12:07:57:549,-0.174,0.1945,10.22,0.0045,-0.0106,9.8066,-0.0344,-0.0079,-0.0249,-6.0,-36.31,23.63,18.73,-86.35,-148.97,4.809777777777778,1.0,52.40270911111111,-1.5679295111111111
52.402708499999996,-1.5679333,165.39,,6,254.34,29 / 29,58410,2019-09-08 12:07:57:649,-0.0933,0.2219,9.5659,0.0036,-0.0105,9.8066,-0.0304,-0.0091,-0.0133,-5.44,-36.81,23.13,19.82,-86.31,-149.91,4.749,1.0,52.402708499999996,-1.5679333
52.402707888888884,-1.5679370888888888,165.39,,6,254.34,29 / 29,58510,2019-09-08 12:07:57:749,0.1814,0.7752,9.7793,-0.0025,0.0156,9.8066,0.0,0.0259,-0.0186,-5.0,-35.87,23.25,19.66,-86.43,-149.95,4.688222222222222,1.0,52.402707888888884,-1.5679370888888888
52.40270727777778,-1.5679408777777777,165.39,,6,254.34,29 / 29,58610,2019-09-08 12:07:57:849,0.1059,0.4957,10.2076,-0.0042,0.0199,9.8065,0.0137,-0.0076,0.0279,-5.37,-36.12,23.69,20.64,-86.49,-149.44,4.6274444444444445,1.0,52.40270727777778,-1.5679408777777777
52.40270666666667,-1.5679446666666665,165.39,,6,254.34,28 / 29,58711,2019-09-08 12:07:57:950,0.141,-0.0066,9.8282,0.0028,-0.0087,9.8066,-0.0294,-0.0182,0.0145,-6.19,-36.69,23.25,18.91,-86.53,-148.25,4.566666666666666,1.0,52.40270666666667,-1.5679446666666665
52.402706055555555,-1.5679484555555554,165.39,,6,254.34,28 / 29,58810,2019-09-08 12:07:58:049,0.2429,0.4955,9.5135,0.0012,-0.0058,9.8066,-0.0528,-0.011,0.0188,-5.44,-36.75,23.38,21.53,-86.53,-148.24,4.505888888888888,1.0,52.402706055555555,-1.5679484555555554
52.40270544444444,-1.5679522444444445,165.39,,6,254.34,28 / 29,58910,2019-09-08 12:07:58:149,0.055,0.1746,9.6548,-0.0055,0.0171,9.8065,0.0058,-0.0022,-0.0125,-5.06,-36.81,23.56,23.14,-86.52,-147.19,4.44511111111111,1.0,52.40270544444444,-1.5679522444444445
52.40270483333333,-1.5679560333333333,165.39,,6,254.34,28 / 29,59010,2019-09-08 12:07:58:249,-0.0097,0.4946,9.9667,-0.0036,0.0107,9.8066,-0.0089,-0.0075,-0.0181,-5.37,-36.19,23.63,24.82,-86.6,-145.55,4.384333333333333,1.0,52.40270483333333,-1.5679560333333333
52.40270422222222,-1.5679598222222222,165.39,,6,254.34,28 / 29,59110,2019-09-08 12:07:58:349,-0.0619,-0.0856,9.8161,-0.0006,-0.0041,9.8066,0.0214,0.0046,0.0127,-5.81,-36.0,23.5,22.65,-86.62,-145.24,4.323555555555555,1.0,52.40270422222222,-1.5679598222222222
52.40270361111111,-1.567963611111111,165.39,,6,254.34,28 / 29,59210,2019-09-08 12:07:58:449,0.2008,0.4352,9.9749,-0.0022,-0.0069,9.8066,-0.0107,0.0218,0.0327,-6.44,-36.69,23.5,23.08,-86.62,-144.9,4.262777777777777,1.0,52.40270361111111,-1.567963611111111
52.402702999999995,-1.5679674,165.39,,6,254.34,28 / 29,59310,2019-09-08 12:07:58:549,0.2477,0.6009,9.952,-0.0006,0.006,9.8066,0.0129,-0.013,0.0391,-5.81,-36.81,23.0,23.27,-86.64,-144.21,4.202,1.0,52.402702999999995,-1.5679674
52.40270238888889,-1.5679711888888888,165.39,,6,254.34,28 / 29,59410,2019-09-08 12:07:58:649,-0.0782,0.3326,9.9111,-0.0046,0.004,9.8065,-0.0028,-0.0019,0.0141,-5.31,-36.56,24.0,27.27,-86.64,-143.33,4.141222222222222,1.0,52.40270238888889,-1.5679711888888888
52.40270177777778,-1.5679749777777776,165.39,,6,254.34,28 / 29,59510,2019-09-08 12:07:58:749,0.2535,0.1622,9.7138,-0.0001,0.0071,9.8066,0.045,0.0002,-0.0117,-5.06,-36.62,23.19,26.8,-86.6,-143.39,4.080444444444444,1.0,52.40270177777778,-1.5679749777777776
52.40270116666667,-1.5679787666666667,165.39,,6,254.34,28 / 29,59610,2019-09-08 12:07:58:849,0.1031,0.3569,9.8128,-0.0043,0.0059,9.8066,0.0283,-0.0123,0.0164,-5.19,-36.31,23.25,27.73,-86.64,-142.44,4.019666666666667,1.0,52.40270116666667,-1.5679787666666667
52.402700555555555,-1.5679825555555555,165.39,,6,254.34,27 / 27,59711,2019-09-08 12:07:58:950,0.0609,0.8132,10.2891,-0.0066,-0.009,9.8066,-0.0202,-0.0064,-0.003,-5.12,-36.5,23.25,29.42,-86.6,-140.92,3.9588888888888887,1.0,52.402700555555555,-1.5679825555555555
52.40269994444444,-1.5679863444444444,165.39,,6,254.34,27 / 27,59809,2019-09-08 12:07:59:048,-0.0849,0.8273,10.0029,0.0045,-0.0022,9.8066,-0.0487,-0.0074,-0.0079,-5.75,-36.5,23.31,27.26,-86.6,-140.52,3.8981111111111106,1.0,52.40269994444444,-1.5679863444444444
52.40269933333333,-1.5679901333333333,165.39,,6,254.34,27 / 27,59910,2019-09-08 12:07:59:149,0.1014,0.9225,9.9633,0.0036,0.0023,9.8066,0.0489,-0.0169,0.0055,-5.5,-36.5,22.69,30.07,-86.65,-140.27,3.837333333333333,1.0,52.40269933333333,-1.5679901333333333
52.40269872222222,-1.5679939222222221,165.39,,6,254.34,27 / 27,60009,2019-09-08 12:07:59:248,0.3219,0.3348,9.7564,0.0042,0.0028,9.8066,0.0338,-0.0165,0.0086,-5.62,-36.87,23.81,27.33,-86.68,-140.95,3.7765555555555554,1.0,52.40269872222222,-1.5679939222222221
52.40269811111111,-1.567997711111111,165.39,,6,254.34,27 / 27,60110,2019-09-08 12:07:59:349,0.2248,0.3278,9.6233,0.0022,0.0014,9.8065,-0.0609,-0.0183,0.013,-5.81,-36.81,23.69,26.96,-86.69,-141.28,3.7157777777777774,1.0,52.40269811111111,-1.567997711111111
52.402697499999995,-1.5680014999999998,165.39,,6,254.34,27 / 27,60210,2019-09-08 12:07:59:449,-0.0146,0.7083,9.9522,-0.0027,-0.0003,9.8066,-0.0559,0.0048,0.0021,-4.94,-36.19,22.94,29.78,-86.7,-140.5,3.655,1.0,52.402697499999995,-1.5680014999999998
52.40269688888889,-1.568005288888889,165.39,,6,254.34,27 / 27,60310,2019-09-08 12:07:59:549,-0.2069,0.0078,9.9037,-0.002,0.0097,9.8066,0.055,0.0058,0.0146,-5.06,-36.56,24.0,31.99,-86.76,-138.88,3.5942222222222218,1.0,52.40269688888889,-1.568005288888889
52.40269627777778,-1.5680090777777778,165.39,,6,254.34,27 / 27,60410,2019-09-08 12:07:59:649,-0.0173,0.351,10.0275,-0.001,0.0026,9.8066,0.0515,0.008,0.0322,-5.19,-36.37,23.75,32.41,-86.81,-138.37,3.533444444444444,1.0,52.40269627777778,-1.5680090777777778
52.402695666666666,-1.5680128666666666,165.39,,6,254.34,27 / 27,60510,2019-09-08 12:07:59:749,-0.0342,0.7143,9.8997,-0.0043,0.0079,9.8066,-0.023,0.0103,0.0058,-5.56,-35.69,23.56,30.29,-86.84,-138.03,3.472666666666666,1.0,52.402695666666666,-1.5680128666666666
52.402695055555554,-1.5680166555555555,165.39,,6,254.34,27 / 27,60610,2019-09-08 12:07:59:849,-0.1965,0.5654,10.1192,-0.0029,0.0119,9.8066,-0.0117,-0.0113,-0.0039,-5.56,-36.31,23.44,31.19,-86.9,-136.66,3.4118888888888885,1.0,52.402695055555554,-1.5680166555555555
52.40269444444444,-1.5680204444444443,165.39,,6,254.34,27 / 27,60709,2019-09-08 12:07:59:948,-0.1054,0.7622,10.1011,0.001,-0.0043,9.8066,0.0208,-0.0057,-0.0111,-6.12,-36.56,22.69,32.1,-86.92,-135.86,3.351111111111111,1.0,52.40269444444444,-1.5680204444444443
52.40269383333333,-1.5680242333333332,165.39,,6,254.34,27 / 27,60810,2019-09-08 12:08:00:049,0.122,0.3488,9.9941,-0.0008,-0.0024,9.8066,0.0322,-0.0021,0.0156,-5.94,-37.0,22.56,32.02,-86.92,-135.94,3.290333333333333,1.0,52.40269383333333,-1.5680242333333332
52.40269322222222,-1.5680280222222223,165.39,,6,254.34,27 / 27,60910,2019-09-08 12:08:00:149,-0.1522,1.1635,10.0942,-0.0016,0.0054,9.8066,-0.0312,-0.0005,0.0055,-6.19,-36.44,22.69,32.36,-86.92,-135.55,3.2295555555555553,1.0,52.40269322222222,-1.5680280222222223
52.40269261111111,-1.5680318111111111,165.39,,6,254.34,27 / 27,61010,2019-09-08 12:08:00:249,0.0314,0.8047,10.1331,-0.0004,0.0066,9.8066,-0.0155,0.0114,-0.0105,-5.44,-36.5,23.5,35.38,-86.94,-135.5,3.1687777777777772,1.0,52.40269261111111,-1.5680318111111111
52.402692,-1.5680356,165.39,,6,254.34,27 / 27,61110,2019-09-08 12:08:00:349,-0.0308,0.2765,9.9991,0.0018,-0.0027,9.8066,0.0147,-0.0113,-0.0228,-5.75,-36.44,23.44,32.19,-86.98,-135.67,3.1079999999999997,1.0,52.402692,-1.5680356
52.40269138888889,-1.5680393888888888,165.39,,6,254.34,27 / 27,61210,2019-09-08 12:08:00:449,0.1943,0.3208,9.9161,0.0012,-0.0013,9.8066,0.0308,-0.0013,-0.0095,-5.12,-36.75,23.19,34.57,-87.01,-135.87,3.047222222222222,1.0,52.40269138888889,-1.5680393888888888
52.40269077777778,-1.5680431777777777,165.39,,6,254.34,27 / 27,61310,2019-09-08 12:08:00:549,0.0125,0.3445,9.944,-0.0022,0.0054,9.8066,0.0073,-0.0029,-0.0069,-5.12,-36.44,23.06,34.18,-87.04,-136.13,2.986444444444444,1.0,52.40269077777778,-1.5680431777777777
52.402690166666666,-1.5680469666666665,165.39,,6,254.34,27 / 27,61410,2019-09-08 12:08:00:649,0.0552,0.0557,9.938,-0.0011,0.002,9.8066,-0.0123,-0.0004,0.0053,-5.37,-35.87,23.25,34.7,-87.05,-135.63,2.9256666666666664,1.0,52.402690166666666,-1.5680469666666665
52.402689555555554,-1.5680507555555554,165.39,,6,254.34,27 / 27,61510,2019-09-08 12:08:00:749,0.164,-0.1135,9.8342,-0.0027,0.0014,9.8065,0.0173,-0.0003,-0.012,-5.75,-35.62,23.06,32.74,-87.07,-135.07,2.8648888888888884,1.0,52.402689555555554,-1.5680507555555554
52.40268894444444,-1.5680545444444445,165.39,,6,254.34,27 / 27,61610,2019-09-08 12:08:00:849,0.0133,-0.226,9.9437,0.0017,0.0045,9.8066,0.0126,-0.014,0.0055,-4.75,-35.94,22.63,35.36,-87.09,-134.98,2.8041111111111108,1.0,52.40268894444444,-1.5680545444444445
52.40268833333333,-1.5680583333333333,165.39,,6,254.34,26 / 29,61710,2019-09-08 12:08:00:949,0.1194,-0.3399,9.8535,0.0013,0.0024,9.8066,-0.0064,0.0042,0.0094,-5.31,-35.62,22.88,35.23,-87.1,-135.1,2.743333333333333,1.0,52.40268833333333,-1.5680583333333333
52.40268772222222,-1.5680621222222222,165.39,,6,254.34,26 / 29,61810,2019-09-08 12:08:01:049,0.1067,-0.2705,9.9601,0.0004,0.0002,9.8066,-0.0091,-0.0007,-0.0017,-5.69,-36.19,23.19,33.03,-87.13,-134.75,2.682555555555555,1.0,52.40268772222222,-1.5680621222222222
52.40268711111111,-1.568065911111111,165.39,,6,254.34,26 / 29,61910,2019-09-08 12:08:01:149,0.1322,-0.4788,9.8606,-0.0007,0.0012,9.8066,0.0021,0.0016,0.0075,-5.62,-36.81,23.06,33.15,-87.13,-134.7,2.6217777777777775,1.0,52.40268711111111,-1.568065911111111
52.4026865,-1.5680697,165.39,,6,254.34,26 / 29,62010,2019-09-08 12:08:01:249,0.0914,-0.5401,10.0159,-0.0007,0.0002,9.8066,0.0081,0.0017,0.0043,-5.19,-36.25,23.0,35.61,-87.1,-134.74,2.5609999999999995,1.0,52.4026865,-1.5680697
52.40268588888889,-1.5680734888888888,165.39,,6,254.34,26 / 29,62110,2019-09-08 12:08:01:349,0.1194,-0.8173,9.7828,0.0003,0.0045,9.8066,-0.0109,-0.0019,-0.0061,-5.87,-36.12,23.25,33.16,-87.12,-134.64,2.500222222222222,1.0,52.40268588888889,-1.5680734888888888
52.40268527777778,-1.5680772777777776,165.39,,6,254.34,26 / 29,62210,2019-09-08 12:08:01:449,0.1329,-0.825,9.8995,0.0019,-0.0061,9.8066,0.0054,-0.0222,-0.0104,-5.87,-36.31,23.13,33.11,-87.15,-134.66,2.4394444444444443,1.0,52.40268527777778,-1.5680772777777776
52.402684666666666,-1.5680810666666667,165.39,,6,254.34,26 / 29,62310,2019-09-08 12:08:01:549,0.19,-0.8293,9.7069,0.0017,-0.0019,9.8066,-0.0022,0.0038,-0.0005,-5.37,-36.06,23.88,35.3,-87.14,-135.4,2.3786666666666663,1.0,52.402684666666666,-1.5680810666666667
52.402684055555554,-1.5680848555555555,165.39,,6,254.34,26 / 29,62410,2019-09-08 12:08:01:649,0.2523,-0.7292,9.8279,0.002,0.0025,9.8066,0.0,-0.0114,-0.0069,-5.94,-36.25,22.75,31.9,-87.18,-135.77,2.3178888888888887,1.0,52.402684055555554,-1.5680848555555555
52.40268344444444,-1.5680886444444444,165.39,,6,254.34,26 / 29,62510,2019-09-08 12:08:01:749,0.1824,-0.8364,9.8895,0.0007,0.0008,9.8066,-0.0067,0.0067,-0.0052,-6.31,-36.06,23.69,32.61,-87.2,-135.58,2.2571111111111106,1.0,52.40268344444444,-1.5680886444444444
52.40268283333333,-1.5680924333333333,165.39,,6,254.34,26 / 29,62610,2019-09-08 12:08:01:849,0.236,-0.5394,9.9481,0.0021,-0.0005,9.8066,0.0018,-0.0029,-0.0104,-5.87,-36.19,23.38,32.2,-87.22,-135.46,2.196333333333333,1.0,52.40268283333333,-1.5680924333333333
52.402682222222225,-1.5680962222222221,165.39,,6,254.34,28 / 29,62710,2019-09-08 12:08:01:949,0.0982,-0.7174,9.7853,-0.0009,0.0007,9.8066,0.0077,0.004,0.0022,-5.56,-36.69,23.13,32.59,-87.23,-135.15,2.1355555555555554,1.0,52.402682222222225,-1.5680962222222221
52.40268161111111,-1.568100011111111,165.39,,6,254.34,28 / 29,62810,2019-09-08 12:08:02:049,0.2815,-1.1389,9.8049,0.0016,0.0013,9.8066,0.0031,-0.0042,0.008,-5.69,-36.25,23.06,32.38,-87.23,-135.27,2.0747777777777774,1.0,52.40268161111111,-1.568100011111111
52.402681,-1.5681037999999998,165.39,,6,254.34,28 / 29,62910,2019-09-08 12:08:02:149,0.2581,-0.7698,9.8168,-0.0004,0.0027,9.8065,-0.006,0.0013,0.0068,-5.87,-36.31,22.88,32.37,-87.26,-135.27,2.014,1.0,52.402681,-1.5681037999999998
52.40268038888889,-1.568107588888889,165.39,,6,254.34,28 / 29,63010,2019-09-08 12:08:02:249,0.2764,-0.5677,9.9145,0.0012,0.0011,9.8066,-0.0217,0.009,-0.0167,-5.56,-36.44,23.69,32.52,-87.28,-135.6,1.953222222222222,1.0,52.40268038888889,-1.568107588888889
52.40267977777778,-1.5681113777777778,165.39,,6,254.34,28 / 29,63110,2019-09-08 12:08:02:349,0.1257,-0.9291,9.823,-0.0001,-0.0034,9.8066,0.0092,0.0114,0.0122,-5.44,-37.12,23.38,34.47,-87.26,-135.73,1.8924444444444442,1.0,52.40267977777778,-1.5681113777777778
52.402679166666665,-1.5681151666666666,165.39,,6,254.34,28 / 29,63210,2019-09-08 12:08:02:449,0.1047,-1.217,9.7461,-0.0003,0.0009,9.8066,0.0136,-0.0139,0.0072,-5.0,-36.06,23.13,34.14,-87.26,-135.98,1.8316666666666663,1.0,52.402679166666665,-1.5681151666666666
52.40267855555555,-1.5681189555555555,165.39,,6,254.34,28 / 29,63310,2019-09-08 12:08:02:549,-0.0083,-0.8454,9.8779,-0.0018,0.0027,9.8066,0.0035,0.0089,-0.0049,-4.81,-36.31,22.88,34.43,-87.25,-135.71,1.7708888888888885,1.0,52.40267855555555,-1.5681189555555555
52.40267794444444,-1.5681227444444443,165.39,,6,254.34,28 / 29,63410,2019-09-08 12:08:02:649,-0.1015,-0.8974,9.8053,0.0003,-0.0037,9.8066,-0.001,-0.0054,-0.0064,-5.44,-36.25,23.94,35.12,-87.26,-135.46,1.7101111111111107,1.0,52.40267794444444,-1.5681227444444443
52.40267733333334,-1.5681265333333332,165.39,,6,254.34,28 / 29,63510,2019-09-08 12:08:02:749,0.21,-0.943,9.7435,-0.0009,-0.0042,9.8066,0.0064,-0.008,0.0036,-5.62,-36.19,22.75,32.2,-87.24,-135.43,1.649333333333333,1.0,52.40267733333334,-1.5681265333333332
52.402676722222225,-1.568130322222222,165.39,,6,254.34,28 / 29,63610,2019-09-08 12:08:02:849,-0.046,-0.9723,9.7359,-0.0027,-0.0006,9.8066,0.0244,-0.0171,0.0209,-5.69,-36.19,23.63,33.25,-87.25,-134.94,1.5885555555555553,1.0,52.402676722222225,-1.568130322222222
52.40267611111111,-1.5681341111111111,165.39,,6,254.34,28 / 28,63710,2019-09-08 12:08:02:949,0.0636,-0.7597,9.9925,-0.0022,0.0048,9.8066,0.0026,-0.0091,0.0175,-4.87,-36.19,23.38,35.45,-87.26,-134.75,1.5277777777777775,1.0,52.40267611111111,-1.5681341111111111
52.4026755,-1.5681379,165.39,,6,254.34,28 / 28,63810,2019-09-08 12:08:03:049,0.0253,-1.1248,9.7446,-0.0014,-0.0042,9.8066,0.0051,0.011,0.0226,-6.06,-36.0,23.63,33.92,-87.28,-134.29,1.4669999999999996,1.0,52.4026755,-1.5681379
52.40267488888889,-1.5681416888888888,165.39,,6,254.34,28 / 28,63910,2019-09-08 12:08:03:149,0.0523,-0.8876,9.7657,-0.0005,0.0017,9.8066,-0.0332,-0.0026,-0.0069,-5.44,-36.37,23.13,36.53,-87.3,-133.7,1.4062222222222218,1.0,52.40267488888889,-1.5681416888888888
52.40267427777778,-1.5681454777777777,165.39,,6,254.34,28 / 28,64010,2019-09-08 12:08:03:249,0.0734,-0.258,9.934,-0.0018,0.0008,9.8066,-0.005,0.0047,0.0034,-5.44,-35.87,23.5,37.58,-87.32,-133.08,1.3454444444444442,1.0,52.40267427777778,-1.5681454777777777
52.402673666666665,-1.5681492666666665,165.39,,6,254.34,28 / 28,64110,2019-09-08 12:08:03:349,0.1914,-0.5835,9.9052,0.0023,0.0029,9.8066,0.0109,-0.0082,0.0126,-5.37,-35.56,23.44,37.39,-87.33,-132.86,1.2846666666666664,1.0,52.402673666666665,-1.5681492666666665
52.40267305555555,-1.5681530555555554,165.39,,6,254.34,28 / 28,64210,2019-09-08 12:08:03:449,0.1833,-0.6058,9.9375,0.0001,0.0015,9.8066,0.0189,0.0066,0.0066,-5.31,-36.75,23.44,37.56,-87.33,-132.76,1.2238888888888886,1.0,52.40267305555555,-1.5681530555555554
52.40267244444445,-1.5681568444444443,165.39,,6,254.34,28 / 28,64310,2019-09-08 12:08:03:549,0.0614,-0.5714,9.7389,0.0001,0.0004,9.8066,-0.0269,0.0022,0.0004,-5.44,-36.06,23.19,37.67,-87.34,-132.58,1.1631111111111108,1.0,52.40267244444445,-1.5681568444444443
52.402671833333336,-1.5681606333333333,165.39,,6,254.34,28 / 28,64410,2019-09-08 12:08:03:649,-0.0399,-0.7306,9.7908,-0.0001,0.0007,9.8066,-0.0059,-0.0182,0.0066,-4.75,-36.31,23.06,37.68,-87.32,-132.59,1.102333333333333,1.0,52.402671833333336,-1.5681606333333333
52.402671222222224,-1.5681644222222222,165.39,,6,254.34,28 / 28,64510,2019-09-08 12:08:03:749,0.1606,-0.4894,9.9354,-0.0015,0.0021,9.8066,0.0194,-0.01,-0.0024,-6.25,-36.0,23.5,35.34,-87.32,-132.92,1.0415555555555551,1.0,52.402671222222224,-1.5681644222222222
52.40267061111111,-1.568168211111111,165.39,,6,254.34,28 / 28,64610,2019-09-08 12:08:03:849,0.1198,-0.326,9.9469,0.0004,0.0011,9.8066,0.0068,0.002,0.0081,-5.87,-36.69,23.5,34.96,-87.33,-133.32,0.9807777777777774,1.0,52.40267061111111,-1.568168211111111
52.40267,-1.568172,165.34,0.92,6,253.72,28 / 28,64710,2019-09-08 12:08:03:949,0.2031,-0.5838,9.8893,0.001,0.0045,9.8066,-0.0058,0.025,0.0049,-6.12,-36.5,23.69,34.66,-87.33,-133.55,0.92,1.0,52.40267,-1.568172
52.40266985555556,-1.5681739555555554,165.34,,6,253.72,28 / 28,64809,2019-09-08 12:08:04:048,-0.0036,-0.5566,9.8518,-0.0001,-0.0023,9.8066,-0.0118,-0.0001,-0.0197,-6.12,-36.12,22.38,33.46,-87.35,-133.61,0.9472222222222223,1.0,52.40266985555556,-1.5681739555555554
52.40266971111111,-1.568175911111111,165.34,,6,253.72,28 / 28,64910,2019-09-08 12:08:04:149,0.222,-0.4646,9.7868,0.0014,0.0,9.8066,-0.013,-0.0015,-0.0122,-6.06,-36.25,22.63,33.35,-87.34,-134.27,0.9744444444444444,1.0,52.40266971111111,-1.568175911111111
52.40266956666667,-1.5681778666666666,165.34,,6,253.72,28 / 28,65010,2019-09-08 12:08:04:249,-0.0493,-0.4904,9.911,0.0037,-0.002,9.8066,0.0064,0.0071,-0.0024,-5.69,-36.75,22.88,32.64,-87.35,-134.99,1.0016666666666667,1.0,52.40266956666667,-1.5681778666666666
52.402669422222225,-1.568179822222222,165.34,,6,253.72,28 / 28,65110,2019-09-08 12:08:04:349,0.1077,-0.4127,9.9173,0.0011,-0.0009,9.8066,0.0135,0.0007,-0.0021,-5.62,-36.75,22.31,30.74,-87.37,-136.22,1.028888888888889,1.0,52.402669422222225,-1.568179822222222
52.402669277777775,-1.5681817777777778,165.34,,6,253.72,28 / 28,65210,2019-09-08 12:08:04:449,0.2707,-0.6319,9.6135,0.0019,0.0003,9.8066,0.0053,0.0102,-0.0125,-4.94,-36.0,22.56,33.18,-87.39,-136.78,1.0561111111111112,1.0,52.402669277777775,-1.5681817777777778
52.40266913333333,-1.5681837333333333,165.34,,6,253.72,28 / 28,65310,2019-09-08 12:08:04:549,-0.0295,-0.4799,9.7568,0.0023,0.001,9.8066,0.0095,-0.0141,0.0129,-5.06,-36.25,22.88,32.76,-87.41,-137.14,1.0833333333333335,1.0,52.40266913333333,-1.5681837333333333
52.40266898888889,-1.5681856888888888,165.34,,6,253.72,28 / 28,65410,2019-09-08 12:08:04:649,0.0227,-0.714,9.8275,0.0005,0.0005,9.8066,-0.0135,-0.0035,-0.0234,-5.12,-36.12,22.69,32.73,-87.38,-137.2,1.1105555555555555,1.0,52.40266898888889,-1.5681856888888888
52.40266884444444,-1.5681876444444443,165.34,,6,253.72,28 / 28,65510,2019-09-08 12:08:04:749,0.1045,-0.0933,9.8912,0.0021,0.0004,9.8066,-0.0092,0.0174,0.0063,-5.0,-35.69,22.31,31.93,-87.39,-137.49,1.1377777777777778,1.0,52.40266884444444,-1.5681876444444443
52.4026687,-1.5681896,165.34,,6,253.72,28 / 28,65610,2019-09-08 12:08:04:849,0.2201,-0.612,9.8055,-0.0021,0.0012,9.8066,0.0084,0.0,0.0088,-5.62,-36.0,22.5,29.51,-87.4,-137.84,1.165,1.0,52.4026687,-1.5681896
52.40266855555556,-1.5681915555555554,165.34,,6,253.72,28 / 28,65710,2019-09-08 12:08:04:949,0.1938,-0.2032,10.0518,-0.002,-0.0025,9.8065,-0.0103,-0.0135,-0.0071,-5.25,-35.94,22.63,32.49,-87.37,-137.44,1.1922222222222223,1.0,52.40266855555556,-1.5681915555555554
52.40266841111111,-1.568193511111111,165.34,,6,253.72,28 / 28,65810,2019-09-08 12:08:05:049,-0.0424,-0.3227,9.8227,0.0011,-0.0023,9.8066,-0.0301,0.0038,0.0167,-5.44,-35.62,22.5,32.5,-87.36,-137.43,1.2194444444444446,1.0,52.40266841111111,-1.568193511111111
52.402668266666666,-1.5681954666666666,165.34,,6,253.72,28 / 28,65910,2019-09-08 12:08:05:149,-0.1963,0.0596,9.8599,-0.0015,-0.003,9.8066,-0.0199,-0.0102,0.0128,-5.0,-35.81,22.56,33.18,-87.35,-136.81,1.2466666666666668,1.0,52.402668266666666,-1.5681954666666666
52.402668122222224,-1.5681974222222221,165.34,,6,253.72,28 / 28,66010,2019-09-08 12:08:05:249,-0.0053,-0.3744,9.8595,-0.0004,-0.0005,9.8066,0.0113,-0.0074,-0.0091,-6.0,-35.87,22.88,30.91,-87.33,-136.58,1.2738888888888888,1.0,52.402668122222224,-1.5681974222222221
52.402667977777774,-1.5681993777777776,165.34,,6,253.72,28 / 28,66110,2019-09-08 12:08:05:349,-0.0851,-0.1976,9.8319,0.001,0.0039,9.8066,0.0345,0.0083,0.0103,-5.25,-35.56,23.06,33.26,-87.34,-136.74,1.301111111111111,1.0,52.402667977777774,-1.5681993777777776
52.40266783333333,-1.5682013333333333,165.34,,6,253.72,28 / 28,66210,2019-09-08 12:08:05:449,0.0583,-0.2465,9.8218,-0.0002,-0.004,9.8066,-0.0312,0.0136,-0.0146,-5.37,-35.56,22.38,32.24,-87.33,-137.26,1.3283333333333334,1.0,52.40266783333333,-1.5682013333333333
52.40266768888889,-1.5682032888888888,165.34,,6,253.72,28 / 28,66310,2019-09-08 12:08:05:549,0.0284,0.0631,9.8381,0.0006,-0.0033,9.8066,-0.0234,-0.0037,-0.0129,-6.0,-36.37,23.0,29.77,-87.31,-137.66,1.3555555555555556,1.0,52.40266768888889,-1.5682032888888888
52.40266754444445,-1.5682052444444443,165.34,,6,253.72,28 / 28,66410,2019-09-08 12:08:05:649,-0.0528,-0.2102,9.9164,-0.0016,0.0029,9.8066,0.0456,-0.0096,-0.0039,-6.0,-36.19,22.94,29.56,-87.34,-137.84,1.3827777777777779,1.0,52.40266754444445,-1.5682052444444443
52.4026674,-1.5682072,165.34,,6,253.72,28 / 28,66510,2019-09-08 12:08:05:749,0.0655,-0.5835,9.8827,0.0021,0.0007,9.8066,0.032,-0.005,0.0056,-5.25,-35.94,22.38,31.0,-87.33,-138.42,1.4100000000000001,1.0,52.4026674,-1.5682072
52.402667255555556,-1.5682091555555555,165.34,,6,253.72,28 / 28,66610,2019-09-08 12:08:05:849,0.1697,-0.4615,9.9492,0.0004,-0.0062,9.8066,-0.0159,0.0032,0.0185,-5.44,-36.37,22.69,31.04,-87.32,-138.83,1.4372222222222224,1.0,52.402667255555556,-1.5682091555555555
52.402667111111114,-1.568211111111111,165.34,,6,253.72,27 / 27,66710,2019-09-08 12:08:05:949,0.1063,-0.4724,9.7375,0.001,-0.0048,9.8066,-0.0114,0.0143,-0.0047,-6.56,-36.12,22.81,25.68,-87.26,-139.19,1.4644444444444444,1.0,52.402667111111114,-1.568211111111111
52.402666966666665,-1.5682130666666667,165.34,,6,253.72,27 / 27,66809,2019-09-08 12:08:06:048,0.1819,-0.666,9.8555,-0.0009,0.0014,9.8066,0.0241,-0.0174,0.0142,-5.87,-36.19,23.0,27.58,-87.24,-139.76,1.4916666666666667,1.0,52.402666966666665,-1.5682130666666667
52.40266682222222,-1.5682150222222222,165.34,,6,253.72,27 / 27,66910,2019-09-08 12:08:06:149,0.0951,-0.7211,9.9059,-0.001,-0.0003,9.8066,0.0313,-0.0054,-0.0037,-6.25,-36.25,22.69,27.58,-87.2,-139.78,1.518888888888889,1.0,52.40266682222222,-1.5682150222222222
52.40266667777778,-1.5682169777777777,165.34,,6,253.72,27 / 27,67010,2019-09-08 12:08:06:249,0.216,-0.904,9.7948,0.0018,-0.0104,9.8066,-0.0159,0.0084,0.0008,-5.94,-36.12,22.38,25.69,-87.16,-141.02,1.5461111111111112,1.0,52.40266667777778,-1.5682169777777777
52.40266653333333,-1.5682189333333332,165.34,,6,253.72,27 / 27,67110,2019-09-08 12:08:06:349,0.2212,-0.5646,9.8093,0.0016,-0.0087,9.8066,-0.0292,0.0109,-0.0161,-6.06,-36.31,23.13,25.81,-87.13,-141.49,1.5733333333333335,1.0,52.40266653333333,-1.5682189333333332
52.40266638888889,-1.5682208888888889,165.34,,6,253.72,27 / 27,67210,2019-09-08 12:08:06:449,0.3056,-1.104,9.7267,0.0005,0.002,9.8066,0.0232,-0.0134,0.0011,-5.94,-36.62,22.81,25.41,-87.13,-141.92,1.6005555555555557,1.0,52.40266638888889,-1.5682208888888889
52.40266624444445,-1.5682228444444444,165.34,,6,253.72,27 / 27,67310,2019-09-08 12:08:06:549,0.1221,-1.0514,9.845,-0.0013,0.0026,9.8066,0.0171,0.0009,0.0081,-6.31,-36.31,22.5,25.07,-87.1,-142.2,1.6277777777777778,1.0,52.40266624444445,-1.5682228444444444
52.4026661,-1.5682247999999999,165.34,,6,253.72,27 / 27,67410,2019-09-08 12:08:06:649,0.2874,-1.3291,9.8201,0.0028,-0.0094,9.8066,-0.0185,-0.0121,0.0006,-6.31,-36.81,22.19,24.24,-87.06,-142.49,1.655,1.0,52.4026661,-1.5682247999999999
52.402665955555555,-1.5682267555555556,165.34,,6,253.72,27 / 27,67510,2019-09-08 12:08:06:749,0.1936,-1.3703,9.6915,0.0025,-0.01,9.8066,-0.016,0.0112,0.0006,-5.75,-36.31,22.19,23.36,-87.0,-143.29,1.6822222222222223,1.0,52.402665955555555,-1.5682267555555556
52.40266581111111,-1.568228711111111,165.34,,6,253.72,27 / 27,67610,2019-09-08 12:08:06:849,0.1237,-1.0373,9.7752,-0.0005,0.0049,9.8066,0.0276,-0.0144,0.0034,-6.37,-36.62,22.44,23.39,-87.01,-143.31,1.7094444444444445,1.0,52.40266581111111,-1.568228711111111
52.402665666666664,-1.5682306666666666,165.34,,6,253.72,27 / 27,67710,2019-09-08 12:08:06:949,0.113,-0.7604,9.9281,0.0001,0.0021,9.8066,0.0238,0.0038,-0.0033,-5.94,-36.37,22.19,22.79,-86.97,-143.84,1.7366666666666668,1.0,52.402665666666664,-1.5682306666666666
52.40266552222222,-1.5682326222222223,165.34,,6,253.72,27 / 27,67810,2019-09-08 12:08:07:049,0.1231,-1.2333,9.8773,0.0006,-0.0037,9.8066,-0.001,0.0038,0.0231,-5.5,-36.69,22.38,24.95,-86.94,-144.39,1.763888888888889,1.0,52.40266552222222,-1.5682326222222223
52.40266537777778,-1.5682345777777777,165.34,,6,253.72,27 / 27,67910,2019-09-08 12:08:07:149,0.1878,-0.7293,9.8804,-0.0012,-0.0013,9.8066,-0.0007,0.0,-0.0056,-5.62,-36.25,21.94,22.49,-86.9,-144.16,1.7911111111111113,1.0,52.40266537777778,-1.5682345777777777
52.40266523333333,-1.5682365333333332,165.34,,6,253.72,27 / 27,68010,2019-09-08 12:08:07:249,0.1544,-0.9909,9.7388,-0.0013,-0.0024,9.8066,-0.0038,0.0119,-0.0065,-6.62,-35.44,22.25,19.71,-86.86,-144.27,1.8183333333333334,1.0,52.40266523333333,-1.5682365333333332
52.40266508888889,-1.568238488888889,165.34,,6,253.72,27 / 27,68110,2019-09-08 12:08:07:349,0.0481,-1.186,9.7488,0.0007,-0.0021,9.8066,-0.0031,0.0005,-0.011,-6.19,-35.62,22.75,22.69,-86.83,-144.57,1.8455555555555556,1.0,52.40266508888889,-1.568238488888889
52.402664944444446,-1.5682404444444444,165.34,,6,253.72,27 / 27,68210,2019-09-08 12:08:07:449,0.1115,-0.9077,9.8215,0.0023,-0.002,9.8066,0.0001,-0.0003,0.0131,-5.81,-36.06,22.75,21.72,-86.8,-145.48,1.8727777777777779,1.0,52.402664944444446,-1.5682404444444444
52.4026648,-1.5682424,165.34,,6,253.72,27 / 27,68310,2019-09-08 12:08:07:549,0.2157,-0.5925,9.8348,0.0017,-0.0016,9.8066,0.0116,0.0033,0.0189,-6.25,-36.5,22.56,21.19,-86.79,-145.98,1.9000000000000001,1.0,52.4026648,-1.5682424
52.402664655555554,-1.5682443555555556,165.34,,6,253.72,27 / 27,68410,2019-09-08 12:08:07:649,0.3421,-0.7918,9.7849,-0.0015,-0.0014,9.8066,0.0018,0.018,-0.0017,-6.31,-35.87,22.81,20.73,-86.75,-146.43,1.9272222222222224,1.0,52.402664655555554,-1.5682443555555556
52.40266451111111,-1.5682463111111111,165.34,,6,253.72,27 / 27,68510,2019-09-08 12:08:07:749,0.2942,-0.8964,9.7301,0.0003,-0.0043,9.8066,-0.0024,0.0052,-0.0256,-6.81,-35.94,22.88,17.92,-86.68,-146.71,1.9544444444444447,1.0,52.40266451111111,-1.5682463111111111
52.40266436666666,-1.5682482666666666,165.34,,6,253.72,27 / 27,68610,2019-09-08 12:08:07:849,0.1434,-0.3267,9.8936,0.0027,-0.0047,9.8066,-0.0026,0.0047,0.011,-6.44,-36.44,22.44,19.06,-86.67,-147.43,1.9816666666666667,1.0,52.40266436666666,-1.5682482666666666
52.40266422222222,-1.568250222222222,165.34,,6,253.72,28 / 28,68710,2019-09-08 12:08:07:949,0.1165,-0.255,9.9053,-0.0021,-0.0006,9.8066,0.0218,0.0048,-0.0047,-7.06,-36.06,22.38,16.28,-86.64,-147.56,2.008888888888889,1.0,52.40266422222222,-1.568250222222222
52.40266407777778,-1.5682521777777778,165.34,,6,253.72,28 / 28,68810,2019-09-08 12:08:08:049,0.3519,-0.575,9.7293,-0.0027,-0.0008,9.8066,0.0083,-0.0002,-0.0151,-6.87,-36.94,22.88,17.16,-86.59,-147.49,2.0361111111111114,1.0,52.40266407777778,-1.5682521777777778
52.40266393333333,-1.5682541333333333,165.34,,6,253.72,28 / 28,68910,2019-09-08 12:08:08:149,0.1669,-0.4432,9.9879,-0.0012,-0.0032,9.8066,-0.0087,0.0065,-0.0121,-6.94,-36.5,22.56,17.36,-86.53,-147.3,2.0633333333333335,1.0,52.40266393333333,-1.5682541333333333
52.40266378888889,-1.5682560888888888,165.34,,6,253.72,28 / 28,69010,2019-09-08 12:08:08:249,0.0393,-0.2209,9.9807,0.0015,-0.0055,9.8066,-0.0098,-0.0058,0.0126,-6.87,-36.75,22.75,17.03,-86.47,-147.66,2.0905555555555555,1.0,52.40266378888889,-1.5682560888888888
52.402663644444445,-1.5682580444444445,165.34,,6,253.72,28 / 28,69110,2019-09-08 12:08:08:349,0.2488,-0.6234,9.7929,0.001,-0.0032,9.8066,0.0,-0.0065,0.0123,-7.06,-36.87,22.25,16.04,-86.4,-147.94,2.117777777777778,1.0,52.402663644444445,-1.5682580444444445
52.4026635,-1.56826,165.34,,6,253.72,28 / 28,69210,2019-09-08 12:08:08:449,0.1165,-0.5464,9.7402,-0.0003,-0.0067,9.8066,-0.02,-0.0088,0.0014,-6.56,-36.69,22.56,16.65,-86.34,-148.07,2.145,1.0,52.4026635,-1.56826
52.40266335555555,-1.5682619555555555,165.34,,6,253.72,28 / 28,69310,2019-09-08 12:08:08:549,-0.0087,-0.4033,9.8024,0.0006,0.0028,9.8066,0.0118,-0.0068,-0.0118,-7.25,-36.0,22.88,16.65,-86.28,-148.05,2.1722222222222225,1.0,52.40266335555555,-1.5682619555555555
52.40266321111111,-1.5682639111111112,165.34,,6,253.72,28 / 28,69410,2019-09-08 12:08:08:649,0.0947,-0.7165,9.9464,-0.0027,0.0023,9.8066,0.0402,-0.002,0.0046,-6.94,-35.94,23.19,16.44,-86.25,-148.26,2.1994444444444445,1.0,52.40266321111111,-1.5682639111111112
52.40266306666667,-1.5682658666666667,165.34,,6,253.72,28 / 28,69510,2019-09-08 12:08:08:749,0.2256,-0.4717,9.8817,0.001,-0.0108,9.8066,-0.0411,0.0169,-0.005,-7.12,-36.56,22.81,16.22,-86.18,-148.53,2.2266666666666666,1.0,52.40266306666667,-1.5682658666666667
52.40266292222222,-1.5682678222222222,165.34,,6,253.72,28 / 28,69610,2019-09-08 12:08:08:849,-0.0402,-0.2438,9.9985,0.0031,-0.0094,9.8066,-0.0188,-0.0008,-0.0044,-7.19,-36.06,22.81,15.41,-86.09,-149.25,2.253888888888889,1.0,52.40266292222222,-1.5682678222222222
52.40266277777778,-1.5682697777777779,165.34,,6,253.72,28 / 28,69710,2019-09-08 12:08:08:949,-0.0153,-0.9326,9.7834,0.001,-0.0072,9.8066,-0.0295,-0.0125,-0.0358,-6.62,-36.37,23.56,15.83,-86.06,-149.49,2.281111111111111,1.0,52.40266277777778,-1.5682697777777779
52.402662633333335,-1.5682717333333334,165.34,,6,253.72,28 / 28,69810,2019-09-08 12:08:09:049,0.1694,-0.2583,9.8784,0.0028,-0.003,9.8066,-0.0252,-0.0022,-0.0152,-7.37,-36.44,23.5,14.92,-85.99,-150.34,2.3083333333333336,1.0,52.402662633333335,-1.5682717333333334
52.402662488888886,-1.5682736888888889,165.34,,6,253.72,28 / 28,69910,2019-09-08 12:08:09:149,0.1388,-0.7691,9.8193,-0.0008,0.0012,9.8066,-0.0009,-0.0147,-0.0155,-6.87,-36.44,22.94,14.12,-85.94,-150.47,2.3355555555555556,1.0,52.402662488888886,-1.5682736888888889
52.402662344444444,-1.5682756444444443,165.34,,6,253.72,28 / 28,70010,2019-09-08 12:08:09:249,0.0777,-0.7013,9.967,-0.0017,0.0007,9.8066,0.0124,0.0122,0.0016,-7.5,-36.81,23.31,14.3,-85.94,-150.35,2.362777777777778,1.0,52.402662344444444,-1.5682756444444443
52.4026622,-1.5682776,165.34,,6,253.72,28 / 28,70110,2019-09-08 12:08:09:349,0.0312,-0.4536,9.9284,0.0022,-0.0081,9.8066,-0.0257,-0.0042,0.0011,-7.87,-36.25,23.56,12.08,-85.86,-150.75,2.39,1.0,52.4026622,-1.5682776
52.40266205555555,-1.5682795555555555,165.34,,6,253.72,28 / 28,70210,2019-09-08 12:08:09:449,0.0127,-0.8429,9.8981,0.0035,-0.0069,9.8066,-0.0044,-0.0115,0.0073,-7.25,-36.56,23.13,13.63,-85.83,-150.99,2.417222222222222,1.0,52.40266205555555,-1.5682795555555555
52.40266191111111,-1.568281511111111,165.34,,6,253.72,28 / 28,70310,2019-09-08 12:08:09:549,-0.0961,-0.3507,10.0157,0.0021,0.0008,9.8066,0.0253,-0.0058,-0.0198,-6.69,-36.37,23.56,13.78,-85.8,-151.43,2.4444444444444446,1.0,52.40266191111111,-1.568281511111111
52.40266176666667,-1.5682834666666667,165.34,,6,253.72,28 / 28,70410,2019-09-08 12:08:09:649,0.2735,-0.4676,9.9636,0.004,-0.0008,9.8066,0.0009,-0.0146,-0.0119,-6.12,-36.37,22.94,14.48,-85.77,-152.54,2.4716666666666667,1.0,52.40266176666667,-1.5682834666666667
52.40266162222222,-1.5682854222222222,165.34,,6,253.72,28 / 28,70510,2019-09-08 12:08:09:749,0.1405,-0.822,9.8643,0.0021,-0.0048,9.8066,0.0044,-0.013,0.0198,-6.19,-36.62,23.56,14.65,-85.75,-152.96,2.498888888888889,1.0,52.40266162222222,-1.5682854222222222
52.40266147777778,-1.5682873777777777,165.34,,6,253.72,28 / 28,70610,2019-09-08 12:08:09:849,0.2162,-0.1354,9.975,-0.0038,-0.0087,9.8066,-0.0235,0.0113,0.0176,-6.5,-36.62,24.0,14.85,-85.67,-152.81,2.526111111111111,1.0,52.40266147777778,-1.5682873777777777
52.402661333333334,-1.5682893333333334,165.34,,6,253.72,28 / 28,70710,2019-09-08 12:08:09:949,-0.1336,-0.5871,9.7915,-0.0055,0.0014,9.8066,-0.0108,0.0086,-0.0081,-6.37,-36.31,23.69,16.01,-85.58,-151.77,2.5533333333333337,1.0,52.402661333333334,-1.5682893333333334
52.402661188888885,-1.568291288888889,165.34,,6,253.72,28 / 28,70810,2019-09-08 12:08:10:049,0.111,-0.8578,9.8519,-0.0049,0.0,9.8066,-0.001,-0.0066,0.0169,-6.69,-36.19,23.38,13.06,-85.51,-151.57,2.5805555555555557,1.0,52.402661188888885,-1.568291288888889
52.40266104444444,-1.5682932444444444,165.34,,6,253.72,28 / 28,70910,2019-09-08 12:08:10:149,0.2209,-0.287,10.0194,-0.0024,-0.0035,9.8066,0.0087,0.0023,0.0282,-7.19,-35.75,23.44,13.47,-85.46,-151.23,2.6077777777777778,1.0,52.40266104444444,-1.5682932444444444
52.4026609,-1.5682952000000001,165.34,,6,253.72,28 / 28,71010,2019-09-08 12:08:10:249,0.0793,-0.3427,9.8497,-0.0007,-0.0034,9.8066,0.0116,-0.0156,0.0163,-7.0,-36.25,23.38,13.85,-85.39,-150.92,2.6350000000000002,1.0,52.4026609,-1.5682952000000001
52.40266075555555,-1.5682971555555556,165.34,,6,253.72,28 / 28,71110,2019-09-08 12:08:10:349,0.0017,-0.4591,9.7999,0.0042,-0.0002,9.8066,-0.0034,0.0045,0.0186,-6.62,-36.19,23.75,14.84,-85.35,-150.66,2.6622222222222223,1.0,52.40266075555555,-1.5682971555555556
52.40266061111111,-1.568299111111111,165.34,,6,253.72,28 / 28,71210,2019-09-08 12:08:10:449,-0.011,-0.3575,9.9883,0.0024,0.0016,9.8066,0.0064,-0.0079,0.0122,-6.25,-36.37,24.44,16.83,-85.35,-151.14,2.6894444444444447,1.0,52.40266061111111,-1.568299111111111
52.40266046666667,-1.5683010666666668,165.34,,6,253.72,28 / 28,71310,2019-09-08 12:08:10:549,-0.0408,0.0424,10.1668,0.0013,-0.0055,9.8066,0.0467,-0.0043,0.0095,-6.31,-36.94,24.44,16.32,-85.32,-151.66,2.716666666666667,1.0,52.40266046666667,-1.5683010666666668
52.40266032222222,-1.5683030222222223,165.34,,6,253.72,28 / 28,71410,2019-09-08 12:08:10:649,0.2276,-0.8024,9.8469,0.0015,-0.0039,9.8066,0.0215,-0.0082,0.0082,-6.31,-36.25,23.63,15.77,-85.28,-152.11,2.7438888888888893,1.0,52.40266032222222,-1.5683030222222223
52.402660177777776,-1.5683049777777778,165.34,,6,253.72,28 / 28,71510,2019-09-08 12:08:10:749,0.106,-0.5825,9.9271,0.0018,-0.0076,9.8066,-0.0179,0.0131,0.0046,-6.31,-36.62,23.94,15.72,-85.25,-152.22,2.7711111111111113,1.0,52.402660177777776,-1.5683049777777778
52.40266003333333,-1.5683069333333333,165.34,,6,253.72,28 / 28,71613,2019-09-08 12:08:10:852,-0.0917,-1.0865,9.6926,0.0032,-0.0087,9.8066,0.0081,0.0002,0.0325,-6.44,-36.44,24.19,15.1,-85.2,-152.74,2.7983333333333333,1.0,52.40266003333333,-1.5683069333333333
52.402659888888884,-1.568308888888889,165.34,,6,253.72,27 / 27,71710,2019-09-08 12:08:10:949,0.0532,-0.3829,9.8619,-0.0031,0.004,9.8066,0.043,0.0062,-0.0165,-5.56,-36.06,23.94,15.33,-85.15,-152.55,2.825555555555556,1.0,52.402659888888884,-1.568308888888889
52.40265974444444,-1.5683108444444445,165.34,,6,253.72,27 / 27,71810,2019-09-08 12:08:11:049,0.222,-0.7708,9.8671,0.0013,0.0012,9.8066,0.0307,-0.0011,-0.0106,-5.87,-36.0,23.56,15.05,-85.15,-152.8,2.852777777777778,1.0,52.40265974444444,-1.5683108444444445
52.4026596,-1.5683128,165.34,,6,253.72,27 / 27,71910,2019-09-08 12:08:11:149,0.2922,-0.832,9.7429,0.0027,-0.0112,9.8066,-0.0368,0.0062,0.0129,-6.44,-35.81,23.94,14.29,-85.07,-153.49,2.8800000000000003,1.0,52.4026596,-1.5683128
52.40265945555555,-1.5683147555555557,165.34,,6,253.72,27 / 27,72010,2019-09-08 12:08:11:249,0.2001,-0.8092,9.9913,-0.0039,-0.0121,9.8066,-0.0208,0.0039,0.013,-6.75,-36.81,23.88,12.12,-85.0,-153.21,2.9072222222222224,1.0,52.40265945555555,-1.5683147555555557
52.40265931111111,-1.5683167111111112,165.34,,6,253.72,27 / 27,72111,2019-09-08 12:08:11:350,0.1147,-0.9135,9.77,-0.0033,0.0004,9.8066,0.0057,-0.0114,-0.0134,-6.75,-35.94,24.19,12.8,-84.92,-152.61,2.9344444444444444,1.0,52.40265931111111,-1.5683167111111112
52.402659166666666,-1.5683186666666666,165.34,,6,253.72,27 / 27,72210,2019-09-08 12:08:11:449,0.0067,-1.4883,9.8323,-0.0024,-0.0003,9.8066,0.0046,-0.025,0.0047,-6.37,-36.87,23.88,15.62,-84.84,-152.48,2.961666666666667,1.0,52.402659166666666,-1.5683186666666666
52.402659022222224,-1.5683206222222223,165.34,,6,253.72,27 / 27,72310,2019-09-08 12:08:11:549,0.111,-1.4271,9.7902,0.0012,-0.0077,9.8066,-0.0143,-0.0185,-0.0115,-5.94,-36.44,23.94,15.55,-84.74,-152.53,2.988888888888889,1.0,52.402659022222224,-1.5683206222222223
52.402658877777775,-1.5683225777777778,165.34,,6,253.72,27 / 27,72410,2019-09-08 12:08:11:649,0.5622,-1.646,9.8468,-0.0007,-0.0018,9.8066,0.0138,0.0185,-0.0087,-5.81,-37.19,23.94,15.22,-84.68,-152.9,3.0161111111111114,1.0,52.402658877777775,-1.5683225777777778
52.40265873333333,-1.5683245333333333,165.34,,6,253.72,27 / 27,72510,2019-09-08 12:08:11:749,0.1445,-1.7659,9.885,-0.0057,-0.0087,9.8066,0.0151,0.0033,0.0028,-6.0,-37.25,23.81,15.72,-84.56,-152.51,3.0433333333333334,1.0,52.40265873333333,-1.5683245333333333
52.40265858888889,-1.568326488888889,165.34,,6,253.72,27 / 27,72610,2019-09-08 12:08:11:849,0.0842,-1.5351,10.0207,-0.005,-0.0047,9.8066,0.0091,-0.003,0.0101,-5.69,-36.69,23.81,16.11,-84.49,-152.21,3.070555555555556,1.0,52.40265858888889,-1.568326488888889
52.40265844444444,-1.5683284444444445,165.34,,6,253.72,28 / 28,72710,2019-09-08 12:08:11:949,-0.0099,-1.4164,9.825,0.007,-0.0126,9.8066,-0.0335,-0.0003,-0.0153,-6.25,-36.0,24.75,17.02,-84.47,-151.83,3.097777777777778,1.0,52.40265844444444,-1.5683284444444445
52.4026583,-1.5683304,165.34,,6,253.72,28 / 28,72810,2019-09-08 12:08:12:049,0.12,-1.1246,9.7629,0.0082,-0.0083,9.8066,0.0005,-0.0175,-0.0144,-6.31,-37.0,24.38,15.27,-84.45,-152.95,3.125,1.0,52.4026583,-1.5683304
52.40265815555556,-1.5683323555555557,165.34,,6,253.72,28 / 28,72910,2019-09-08 12:08:12:149,0.5447,-1.1847,9.6865,0.0029,0.002,9.8066,-0.0321,-0.009,0.0181,-6.44,-37.44,24.5,15.12,-84.49,-153.52,3.1522222222222225,1.0,52.40265815555556,-1.5683323555555557
52.40265801111111,-1.5683343111111112,165.34,,6,253.72,28 / 28,73010,2019-09-08 12:08:12:249,0.4547,-1.0065,9.8524,-0.0019,-0.0078,9.8065,-0.0543,-0.0001,0.0273,-6.12,-36.75,24.25,14.51,-84.45,-153.6,3.1794444444444445,1.0,52.40265801111111,-1.5683343111111112
52.402657866666665,-1.5683362666666667,165.34,,6,253.72,28 / 28,73110,2019-09-08 12:08:12:349,-0.0386,-0.7197,9.8447,-0.0064,0.0088,9.8066,0.0707,0.0143,-0.0147,-6.06,-36.75,23.94,15.67,-84.41,-152.62,3.206666666666667,1.0,52.402657866666665,-1.5683362666666667
52.40265772222222,-1.5683382222222222,165.34,,6,253.72,28 / 28,73210,2019-09-08 12:08:12:449,-0.2134,-1.0046,10.1942,-0.0047,0.0103,9.8066,0.1014,-0.0135,0.0273,-5.81,-36.25,23.63,15.86,-84.41,-152.39,3.233888888888889,1.0,52.40265772222222,-1.5683382222222222
52.402657577777774,-1.568340177777778,165.34,,6,253.72,28 / 28,73310,2019-09-08 12:08:12:549,0.1363,-0.6703,9.4807,0.0073,-0.0136,9.8066,-0.0971,-0.017,0.0341,-6.37,-36.37,23.25,15.4,-84.45,-152.28,3.2611111111111115,1.0,52.402657577777774,-1.568340177777778
52.40265743333333,-1.5683421333333334,165.34,,6,253.72,28 / 28,73410,2019-09-08 12:08:12:649,0.0441,-0.4387,9.5378,-0.0038,-0.0131,9.8065,-0.084,0.0061,-0.0102,-6.94,-37.19,23.88,13.7,-84.37,-152.07,3.2883333333333336,1.0,52.40265743333333,-1.5683421333333334
52.40265728888889,-1.5683440888888889,165.34,,6,253.72,28 / 28,73510,2019-09-08 12:08:12:749,0.0095,-1.1487,9.6351,-0.0032,0.0047,9.8066,0.0248,0.0015,-0.0169,-6.69,-37.19,23.88,14.08,-84.39,-151.74,3.3155555555555556,1.0,52.40265728888889,-1.5683440888888889
52.40265714444444,-1.5683460444444446,165.34,,6,253.72,28 / 28,73610,2019-09-08 12:08:12:849,0.0515,-1.1768,9.9767,-0.0001,0.0089,9.8066,0.0381,-0.0112,-0.0071,-6.19,-37.37,23.13,16.4,-84.43,-151.5,3.342777777777778,1.0,52.40265714444444,-1.5683460444444446
52.402657,-1.568348,165.32,3.37,2,254.98,28 / 28,73710,2019-09-08 12:08:12:949,-0.0872,-0.7893,9.7774,0.0002,-0.005,9.8066,-0.059,-0.0277,0.0253,-5.44,-37.31,23.88,19.95,-84.43,-151.23,3.37,1.0,52.402657,-1.568348
52.40265581111111,-1.5683556555555556,165.32,,2,254.98,28 / 28,73810,2019-09-08 12:08:13:049,-0.0482,-1.1425,9.7668,-0.0028,-0.0021,9.8066,-0.0391,0.0057,0.0191,-6.19,-36.31,23.44,16.95,-84.41,-150.97,3.388888888888889,1.0,52.40265581111111,-1.5683556555555556
52.40265462222222,-1.5683633111111113,165.32,,2,254.98,28 / 28,73910,2019-09-08 12:08:13:149,0.1953,-1.2977,9.8991,-0.0035,0.0047,9.8066,0.0411,-0.0262,0.0323,-6.87,-36.75,24.0,15.2,-84.4,-150.78,3.407777777777778,1.0,52.40265462222222,-1.5683633111111113
52.402653433333334,-1.5683709666666668,165.32,,2,254.98,28 / 28,74010,2019-09-08 12:08:13:249,0.2157,-1.3451,10.0204,-0.0058,0.0125,9.8066,0.0549,0.0327,-0.0568,-6.56,-37.37,23.81,15.91,-84.44,-150.16,3.4266666666666667,1.0,52.402653433333334,-1.5683709666666668
52.40265224444444,-1.5683786222222222,165.32,,2,254.98,28 / 28,74110,2019-09-08 12:08:13:349,0.0706,-1.7098,9.8018,0.0061,-0.0109,9.8066,-0.0079,0.0132,-0.0384,-5.87,-36.81,23.69,16.99,-84.35,-151.52,3.4455555555555555,1.0,52.40265224444444,-1.5683786222222222
52.40265105555555,-1.568386277777778,165.32,,2,254.98,28 / 28,74210,2019-09-08 12:08:13:449,0.2536,-1.5931,10.0601,0.0009,-0.0134,9.8066,0.0212,0.0002,0.0023,-6.06,-37.19,23.44,15.94,-84.33,-151.94,3.4644444444444447,1.0,52.40265105555555,-1.568386277777778
52.402649866666664,-1.5683939333333334,165.32,,2,254.98,28 / 28,74310,2019-09-08 12:08:13:549,0.1707,-2.0655,10.0864,-0.0012,-0.0127,9.8066,-0.061,0.0104,0.0307,-6.44,-36.87,23.63,16.47,-84.31,-151.98,3.4833333333333334,1.0,52.402649866666664,-1.5683939333333334
52.402648677777776,-1.568401588888889,165.32,,2,254.98,28 / 28,74410,2019-09-08 12:08:13:649,0.1479,-1.0638,9.2188,-0.0013,-0.0106,9.8066,-0.0885,0.0105,0.019,-6.75,-37.44,23.31,13.23,-84.22,-151.94,3.5022222222222226,1.0,52.402648677777776,-1.568401588888889
52.40264748888889,-1.5684092444444444,165.32,,2,254.98,28 / 28,74510,2019-09-08 12:08:13:749,0.0057,-0.6137,9.8251,-0.0017,0.021,9.8066,0.1394,-0.0481,0.0011,-6.69,-37.0,23.75,14.39,-84.1,-151.59,3.5211111111111113,1.0,52.40264748888889,-1.5684092444444444
52.4026463,-1.5684169000000001,165.32,,2,254.98,28 / 28,74610,2019-09-08 12:08:13:849,-0.014,-1.742,9.7713,-0.0009,0.0234,9.8065,0.0802,0.0112,-0.054,-6.69,-36.87,23.69,14.25,-84.2,-151.67,3.54,1.0,52.4026463,-1.5684169000000001
52.402645111111106,-1.5684245555555556,165.32,,2,254.98,27 / 27,74710,2019-09-08 12:08:13:949,0.6272,-2.1536,9.8983,0.0141,-0.0258,9.8065,-0.0948,-0.0254,0.0182,-6.37,-36.12,23.75,15.0,-84.07,-153.28,3.558888888888889,1.0,52.402645111111106,-1.5684245555555556
52.40264392222222,-1.568432211111111,165.32,,2,254.98,27 / 27,74810,2019-09-08 12:08:14:049,0.6109,-1.2755,9.9762,0.0066,-0.0321,9.8065,-0.0989,-0.004,-0.0188,-6.75,-37.31,24.13,12.42,-84.06,-153.27,3.577777777777778,1.0,52.40264392222222,-1.568432211111111
52.40264273333333,-1.5684398666666668,165.32,,2,254.98,27 / 27,74910,2019-09-08 12:08:14:149,0.2952,-1.5353,9.3745,0.0033,0.0262,9.8066,0.0439,0.0073,-0.0038,-6.37,-37.44,23.81,14.92,-84.09,-153.39,3.5966666666666667,1.0,52.40264273333333,-1.5684398666666668
52.40264154444444,-1.5684475222222223,165.32,,2,254.98,27 / 27,75009,2019-09-08 12:08:14:248,0.1738,-1.4443,9.46,-0.0103,-0.0036,9.8065,-0.0227,0.0158,-0.0108,-5.62,-37.75,23.56,14.56,-84.04,-153.78,3.615555555555556,1.0,52.40264154444444,-1.5684475222222223
52.402640355555555,-1.5684551777777778,165.32,,2,254.98,27 / 27,75110,2019-09-08 12:08:14:349,0.3499,-1.0326,9.3573,0.0061,0.0175,9.8066,-0.0009,0.0122,-0.0112,-6.62,-36.75,23.94,11.09,-84.18,-154.36,3.6344444444444446,1.0,52.402640355555555,-1.5684551777777778
52.40263916666667,-1.5684628333333335,165.32,,2,254.98,27 / 27,75210,2019-09-08 12:08:14:449,0.4037,-2.0196,10.4,0.0038,0.0123,9.8066,0.0276,-0.0281,0.0118,-6.31,-37.5,23.13,13.04,-84.21,-154.44,3.6533333333333333,1.0,52.40263916666667,-1.5684628333333335
52.40263797777778,-1.568470488888889,165.32,,2,254.98,27 / 27,75310,2019-09-08 12:08:14:549,0.7852,-1.4417,10.0586,0.0136,-0.0206,9.8066,-0.0614,-0.026,-0.0075,-6.19,-37.12,23.5,13.36,-84.27,-154.65,3.6722222222222225,1.0,52.40263797777778,-1.568470488888889
52.402636788888884,-1.5684781444444444,165.32,,2,254.98,27 / 27,75410,2019-09-08 12:08:14:649,-0.1759,-1.7654,10.2356,-0.0004,-0.0363,9.8065,0.0103,-0.0437,0.0359,-5.81,-36.94,23.44,12.22,-84.11,-155.16,3.6911111111111112,1.0,52.402636788888884,-1.5684781444444444
52.402635599999996,-1.5684858000000002,165.32,,2,254.98,27 / 27,75510,2019-09-08 12:08:14:749,0.4012,-0.6771,8.8845,-0.0063,0.0314,9.8066,0.0051,0.0052,-0.0186,-6.81,-36.87,23.69,10.33,-84.08,-155.03,3.71,1.0,52.402635599999996,-1.5684858000000002
52.40263441111111,-1.5684934555555556,165.32,,2,254.98,27 / 27,75610,2019-09-08 12:08:14:849,-0.8534,-0.8492,9.7599,0.0014,0.0002,9.8066,-0.0431,-0.0612,0.0635,-6.62,-37.0,23.25,9.87,-84.12,-154.8,3.728888888888889,1.0,52.40263441111111,-1.5684934555555556
52.40263322222222,-1.5685011111111111,165.32,,2,254.98,29 / 29,75710,2019-09-08 12:08:14:949,0.3224,-1.7253,10.1972,0.0137,-0.0039,9.8066,0.1095,0.0035,-0.019,-6.06,-36.69,23.63,11.4,-84.05,-156.38,3.747777777777778,1.0,52.40263322222222,-1.5685011111111111
52.40263203333333,-1.5685087666666668,165.32,,2,254.98,29 / 29,75809,2019-09-08 12:08:15:048,0.0329,-1.7606,10.2059,0.0003,-0.0114,9.8066,0.0638,-0.0393,0.0272,-6.56,-37.19,24.19,8.12,-84.04,-156.91,3.766666666666667,1.0,52.40263203333333,-1.5685087666666668
52.402630844444445,-1.5685164222222223,165.32,,2,254.98,29 / 29,75910,2019-09-08 12:08:15:149,-0.2621,-0.686,9.1546,0.0012,0.0245,9.8066,-0.0474,0.0241,-0.0731,-6.69,-37.12,23.56,8.53,-83.94,-156.58,3.785555555555556,1.0,52.402630844444445,-1.5685164222222223
52.40262965555555,-1.5685240777777778,165.32,,2,254.98,29 / 29,76010,2019-09-08 12:08:15:249,-0.1632,-0.9341,10.1873,-0.0152,0.0261,9.8066,-0.0186,0.0052,0.012,-6.5,-36.31,23.38,10.9,-84.1,-156.23,3.8044444444444445,1.0,52.40262965555555,-1.5685240777777778
52.40262846666666,-1.5685317333333333,165.32,,2,254.98,29 / 29,76110,2019-09-08 12:08:15:349,0.3845,-0.7654,10.2537,0.0115,-0.0268,9.8066,0.0067,0.0404,-0.0203,-7.0,-36.81,23.56,9.33,-84.2,-155.84,3.8233333333333337,1.0,52.40262846666666,-1.5685317333333333
52.402627277777775,-1.568539388888889,165.32,,2,254.98,29 / 29,76210,2019-09-08 12:08:15:449,-0.2506,-1.2776,10.5399,0.0209,-0.0351,9.8065,0.0083,-0.0319,0.0466,-6.62,-37.31,23.06,6.9,-84.13,-157.29,3.8422222222222224,1.0,52.402627277777775,-1.568539388888889
52.40262608888889,-1.5685470444444445,165.32,,2,254.98,29 / 29,76310,2019-09-08 12:08:15:549,-0.0109,0.5032,9.19,0.0049,0.018,9.8066,-0.0678,-0.0412,-0.0106,-6.56,-35.94,23.19,6.86,-84.29,-157.26,3.861111111111111,1.0,52.40262608888889,-1.5685470444444445
52.4026249,-1.5685547,165.32,,2,254.98,29 / 29,76410,2019-09-08 12:08:15:649,0.2147,0.325,9.7777,-0.0054,-0.0152,9.8066,-0.0781,-0.0129,-0.0007,-6.37,-36.37,23.69,10.38,-84.13,-157.18,3.8800000000000003,1.0,52.4026249,-1.5685547
52.40262371111111,-1.5685623555555557,165.32,,2,254.98,29 / 29,76510,2019-09-08 12:08:15:749,0.3162,-0.341,9.8387,0.0023,0.0024,9.8066,0.1047,-0.0311,0.0094,-6.56,-37.31,23.63,7.56,-84.07,-157.38,3.898888888888889,1.0,52.40262371111111,-1.5685623555555557
52.40262252222222,-1.5685700111111112,165.32,,2,254.98,29 / 29,76610,2019-09-08 12:08:15:849,-0.5112,-0.3671,9.8718,-0.004,0.0012,9.8065,0.1082,-0.0281,0.0043,-6.19,-36.44,23.94,10.23,-84.0,-157.34,3.917777777777778,1.0,52.40262252222222,-1.5685700111111112
52.40262133333333,-1.5685776666666666,165.32,,2,254.98,28 / 29,76710,2019-09-08 12:08:15:949,-0.0403,0.1039,10.3882,0.0125,-0.0185,9.8066,0.0167,-0.071,0.1052,-6.62,-37.0,23.63,7.3,-84.02,-157.6,3.936666666666667,1.0,52.40262133333333,-1.5685776666666666
52.40262014444444,-1.5685853222222224,165.32,,2,254.98,28 / 29,76810,2019-09-08 12:08:16:049,0.4995,-1.0005,9.9739,0.0041,-0.0294,9.8065,-0.0527,0.048,-0.0756,-6.81,-36.69,23.88,6.78,-83.85,-158.07,3.9555555555555557,1.0,52.40262014444444,-1.5685853222222224
52.40261895555555,-1.5685929777777778,165.32,,2,254.98,28 / 29,76910,2019-09-08 12:08:16:149,-0.305,-0.541,9.8311,-0.0017,0.016,9.8066,0.0253,-0.0146,0.0027,-6.94,-36.37,23.63,6.41,-84.01,-158.32,3.974444444444445,1.0,52.40261895555555,-1.5685929777777778
52.402617766666665,-1.5686006333333333,165.32,,2,254.98,28 / 29,77011,2019-09-08 12:08:16:250,0.1034,-0.1062,10.1396,-0.0056,0.0154,9.8066,0.0404,0.0105,-0.0077,-6.69,-36.87,24.0,6.4,-84.05,-158.35,3.9933333333333336,1.0,52.402617766666665,-1.5686006333333333
52.40261657777778,-1.568608288888889,165.32,,2,254.98,28 / 29,77111,2019-09-08 12:08:16:350,-0.0338,0.3254,9.9482,0.0012,0.0135,9.8066,0.0384,0.0175,0.0399,-6.62,-36.44,23.88,6.51,-83.94,-158.25,4.012222222222222,1.0,52.40261657777778,-1.568608288888889
52.40261538888889,-1.5686159444444445,165.32,,2,254.98,28 / 29,77210,2019-09-08 12:08:16:449,0.2919,0.1204,9.9968,-0.0039,0.0265,9.8066,0.0947,0.0509,0.0609,-6.19,-36.19,24.38,8.54,-84.1,-158.74,4.0311111111111115,1.0,52.40261538888889,-1.5686159444444445
52.402614199999995,-1.5686236,165.32,,2,254.98,28 / 29,77310,2019-09-08 12:08:16:549,0.0387,-0.2251,9.8682,-0.0052,-0.0098,9.8066,0.0071,0.0357,0.0307,-6.56,-37.19,24.31,6.81,-84.05,-158.01,4.05,1.0,52.402614199999995,-1.5686236
52.40261301111111,-1.5686312555555557,165.32,,2,254.98,28 / 29,77410,2019-09-08 12:08:16:649,-0.6721,0.0993,10.5023,0.0078,-0.0177,9.8066,-0.022,-0.0154,0.0537,-6.37,-36.69,24.19,9.64,-83.97,-157.88,4.068888888888889,1.0,52.40261301111111,-1.5686312555555557
52.40261182222222,-1.5686389111111112,165.32,,2,254.98,28 / 29,77510,2019-09-08 12:08:16:749,-0.1773,0.3049,9.5964,-0.0017,0.021,9.8066,-0.0129,-0.0094,-0.0193,-6.12,-36.37,23.63,10.71,-84.09,-156.91,4.087777777777778,1.0,52.40261182222222,-1.5686389111111112
52.40261063333333,-1.5686465666666667,165.32,,2,254.98,28 / 29,77610,2019-09-08 12:08:16:849,-0.2471,-0.3342,9.846,-0.0101,0.0193,9.8065,0.0214,-0.0183,-0.0077,-6.62,-37.19,23.69,8.46,-84.14,-156.6,4.106666666666667,1.0,52.40261063333333,-1.5686465666666667
52.402609444444444,-1.5686542222222222,165.32,,2,254.98,29 / 29,77712,2019-09-08 12:08:16:951,-0.0937,0.5676,9.8498,-0.0019,0.0031,9.8066,0.0964,-0.0308,-0.0114,-6.94,-36.81,24.25,8.13,-84.15,-156.87,4.125555555555556,1.0,52.402609444444444,-1.5686542222222222
52.402608255555556,-1.5686618777777779,165.32,,2,254.98,29 / 29,77810,2019-09-08 12:08:17:049,-0.5097,-0.3125,10.3588,-0.007,0.0009,9.8066,0.1316,-0.0154,-0.0151,-6.31,-36.62,23.56,11.34,-84.09,-156.42,4.144444444444445,1.0,52.402608255555556,-1.5686618777777779
52.40260706666666,-1.5686695333333334,165.32,,2,254.98,29 / 29,77909,2019-09-08 12:08:17:148,-0.8445,0.8555,9.7957,0.0129,-0.0229,9.8066,-0.1625,-0.0547,0.0334,-7.0,-36.5,24.31,8.99,-84.12,-156.12,4.163333333333334,1.0,52.40260706666666,-1.5686695333333334
52.40260587777777,-1.5686771888888889,165.32,,2,254.98,29 / 29,78010,2019-09-08 12:08:17:249,-0.6914,-0.0649,9.9291,0.0034,-0.0186,9.8066,-0.0913,-0.0475,0.0326,-6.31,-37.37,22.88,10.35,-83.98,-156.76,4.182222222222222,1.0,52.40260587777777,-1.5686771888888889
52.402604688888886,-1.5686848444444446,165.32,,2,254.98,29 / 29,78110,2019-09-08 12:08:17:349,0.4571,-0.2927,9.3302,0.0062,0.0204,9.8065,0.0206,-0.0439,0.0512,-6.37,-36.87,23.75,10.59,-83.99,-157.08,4.2011111111111115,1.0,52.402604688888886,-1.5686848444444446
52.4026035,-1.5686925,165.32,,2,254.98,29 / 29,78210,2019-09-08 12:08:17:449,0.5129,0.0995,10.3662,-0.0078,0.0346,9.8066,0.0621,0.0152,0.0267,-6.44,-37.06,23.19,9.29,-84.16,-157.6,4.220000000000001,1.0,52.4026035,-1.5686925
52.40260231111111,-1.5687001555555555,165.32,,2,254.98,29 / 29,78310,2019-09-08 12:08:17:549,0.9194,-0.6028,10.0883,0.0178,-0.0367,9.8066,-0.1009,-0.0012,0.0061,-5.94,-36.75,22.81,7.9,-83.96,-158.81,4.238888888888889,1.0,52.40260231111111,-1.5687001555555555
52.40260112222222,-1.5687078111111112,165.32,,2,254.98,29 / 29,78410,2019-09-08 12:08:17:649,-0.362,-0.6409,9.9462,0.0101,-0.0387,9.8065,-0.0778,-0.0281,0.0461,-5.69,-36.81,22.81,8.28,-83.93,-158.51,4.257777777777778,1.0,52.40260112222222,-1.5687078111111112
52.402599933333335,-1.5687154666666667,165.32,,2,254.98,29 / 29,78510,2019-09-08 12:08:17:749,-0.5249,0.1656,9.9313,-0.0008,0.014,9.8066,0.0649,-0.0371,-0.0071,-6.0,-36.12,23.25,9.19,-83.89,-157.72,4.276666666666667,1.0,52.402599933333335,-1.5687154666666667
52.40259874444444,-1.5687231222222222,165.32,,2,254.98,29 / 29,78610,2019-09-08 12:08:17:849,-0.5738,-2.0393,10.2383,0.0087,0.0186,9.8066,0.2175,-0.0577,-0.0234,-5.69,-36.62,23.0,8.37,-84.01,-158.41,4.295555555555556,1.0,52.40259874444444,-1.5687231222222222
52.40259755555555,-1.568730777777778,165.32,,2,254.98,29 / 29,78710,2019-09-08 12:08:17:949,-0.881,-0.3659,10.1443,-0.0054,-0.0369,9.8065,-0.3379,0.1293,-0.1087,-5.19,-36.5,22.38,9.53,-84.1,-159.27,4.314444444444445,1.0,52.40259755555555,-1.568730777777778
52.402596366666664,-1.5687384333333334,165.32,,2,254.98,29 / 29,78810,2019-09-08 12:08:18:049,-0.9685,0.8292,9.8208,0.0112,0.0053,9.8066,-0.1633,-0.0495,0.0551,-5.75,-36.94,22.56,7.03,-84.03,-159.52,4.333333333333334,1.0,52.402596366666664,-1.5687384333333334
52.402595177777776,-1.568746088888889,165.32,,2,254.98,29 / 29,78910,2019-09-08 12:08:18:149,-0.5735,0.4275,10.4863,-0.0015,0.0002,9.8066,0.0628,-0.0053,0.0074,-5.81,-37.31,22.69,8.64,-84.02,-158.18,4.352222222222222,1.0,52.402595177777776,-1.568746088888889
52.40259398888889,-1.5687537444444444,165.32,,2,254.98,29 / 29,79010,2019-09-08 12:08:18:249,0.8458,0.7059,10.0377,-0.0008,-0.0166,9.8065,-0.028,0.0766,-0.0637,-6.0,-36.69,23.44,8.36,-83.95,-158.43,4.371111111111111,1.0,52.40259398888889,-1.5687537444444444
52.4025928,-1.5687614,165.32,,2,254.98,29 / 29,79110,2019-09-08 12:08:18:349,0.5755,0.5227,10.7608,-0.0152,-0.0107,9.8066,0.0974,0.0339,-0.1454,-6.19,-37.06,23.31,7.57,-83.89,-159.11,4.390000000000001,1.0,52.4025928,-1.5687614
52.402591611111106,-1.5687690555555556,165.32,,2,254.98,29 / 29,79210,2019-09-08 12:08:18:449,0.1014,0.1899,10.6475,-0.0011,0.0012,9.8066,0.0953,0.0018,-0.0328,-5.5,-37.25,22.75,10.37,-83.8,-159.17,4.408888888888889,1.0,52.402591611111106,-1.5687690555555556
52.40259042222222,-1.568776711111111,165.32,,2,254.98,29 / 29,79310,2019-09-08 12:08:18:549,0.1024,-0.1093,9.7097,0.0065,-0.0145,9.8065,-0.1516,0.0014,-0.0083,-5.5,-36.94,22.69,10.08,-83.74,-159.43,4.427777777777778,1.0,52.40259042222222,-1.568776711111111
52.40258923333333,-1.5687843666666668,165.32,,2,254.98,29 / 29,79410,2019-09-08 12:08:18:649,-0.2051,1.3371,9.3369,0.006,-0.0113,9.8066,-0.1581,-0.0099,-0.0129,-5.87,-37.31,23.13,6.63,-83.67,-159.92,4.446666666666667,1.0,52.40258923333333,-1.5687843666666668
52.40258804444444,-1.5687920222222222,165.32,,2,254.98,29 / 29,79510,2019-09-08 12:08:18:749,-0.1579,1.0028,10.1969,-0.0102,0.0422,9.8065,0.1395,-0.011,-0.0235,-6.12,-37.56,23.13,7.85,-83.87,-158.91,4.4655555555555555,1.0,52.40258804444444,-1.5687920222222222
52.402586855555555,-1.5687996777777777,165.32,,2,254.98,29 / 29,79610,2019-09-08 12:08:18:849,-0.4138,-0.3848,10.3222,-0.0012,0.0367,9.8065,0.2037,-0.0488,0.0119,-5.87,-36.69,22.5,7.17,-83.91,-159.43,4.484444444444445,1.0,52.402586855555555,-1.5687996777777777
52.40258566666667,-1.5688073333333334,165.32,,2,254.98,28 / 29,79710,2019-09-08 12:08:18:949,-0.2753,0.847,9.7971,0.0116,-0.0254,9.8065,-0.1147,-0.0338,0.0027,-5.44,-36.25,22.75,9.75,-83.85,-159.63,4.503333333333334,1.0,52.40258566666667,-1.5688073333333334
52.40258447777778,-1.568814988888889,165.32,,2,254.98,28 / 29,79810,2019-09-08 12:08:19:049,0.0114,1.5396,9.6734,0.0172,-0.0246,9.8065,-0.1607,0.0067,-0.0393,-5.62,-36.62,23.75,5.68,-83.66,-161.25,4.522222222222222,1.0,52.40258447777778,-1.568814988888889
52.402583288888884,-1.5688226444444444,165.32,,2,254.98,28 / 29,79910,2019-09-08 12:08:19:149,-0.1384,0.5747,9.374,-0.0081,0.0237,9.8065,0.1136,-0.024,-0.0083,-6.12,-37.25,23.31,4.58,-83.64,-161.61,4.541111111111111,1.0,52.402583288888884,-1.5688226444444444
52.4025821,-1.5688303000000001,165.32,,2,254.98,28 / 29,80010,2019-09-08 12:08:19:249,-0.0032,0.3835,10.0534,-0.0135,0.0328,9.8065,0.1089,-0.0076,-0.0295,-6.06,-37.19,22.19,4.77,-83.72,-160.85,4.5600000000000005,1.0,52.4025821,-1.5688303000000001
52.40258091111111,-1.5688379555555556,165.32,,2,254.98,28 / 29,80110,2019-09-08 12:08:19:349,-0.2224,0.5456,9.9444,0.0062,-0.0146,9.8066,-0.0926,0.0273,-0.0297,-6.44,-36.81,23.63,5.48,-83.62,-161.43,4.578888888888889,1.0,52.40258091111111,-1.5688379555555556
52.40257972222222,-1.568845611111111,165.32,,2,254.98,28 / 29,80211,2019-09-08 12:08:19:450,-0.7267,0.5739,10.066,0.0141,-0.0285,9.8065,-0.0983,-0.0056,0.0213,-5.62,-37.37,23.06,4.02,-83.63,-162.07,4.597777777777778,1.0,52.40257972222222,-1.568845611111111
52.40257853333333,-1.5688532666666668,165.32,,2,254.98,28 / 29,80310,2019-09-08 12:08:19:549,-0.1015,0.1419,9.7234,-0.0034,0.0174,9.8066,0.0753,-0.0058,0.0364,-5.12,-36.81,23.06,5.76,-83.76,-162.99,4.616666666666667,1.0,52.40257853333333,-1.5688532666666668
52.402577344444445,-1.5688609222222223,165.32,,2,254.98,28 / 29,80410,2019-09-08 12:08:19:649,-0.2085,0.3323,10.3916,-0.0115,0.0244,9.8065,0.0956,-0.0082,-0.0215,-5.5,-36.31,23.5,7.36,-83.88,-162.07,4.635555555555556,1.0,52.402577344444445,-1.5688609222222223
52.40257615555555,-1.5688685777777778,165.32,,2,254.98,28 / 29,80510,2019-09-08 12:08:19:749,-0.0915,-0.3889,10.3751,0.0066,-0.0345,9.8065,-0.0939,0.0301,-0.0021,-6.0,-37.5,22.94,3.9,-83.89,-162.15,4.654444444444445,1.0,52.40257615555555,-1.5688685777777778
52.40257496666666,-1.5688762333333333,165.32,,2,254.98,28 / 29,80610,2019-09-08 12:08:19:849,-0.0611,1.186,9.3101,0.0112,-0.0405,9.8065,-0.0904,0.015,0.0215,-5.69,-36.87,23.44,3.2,-83.65,-162.75,4.673333333333334,1.0,52.40257496666666,-1.5688762333333333
52.402573777777775,-1.568883888888889,165.32,,2,254.98,28 / 28,80709,2019-09-08 12:08:19:948,-0.2581,0.5259,9.2066,-0.0124,0.0398,9.8065,0.0971,0.0089,0.0015,-5.69,-36.81,22.63,2.71,-83.6,-163.15,4.692222222222223,1.0,52.402573777777775,-1.568883888888889
52.40257258888889,-1.5688915444444445,165.32,,2,254.98,28 / 28,80810,2019-09-08 12:08:20:049,-0.6393,-0.1221,9.6045,-0.0094,0.0379,9.8065,0.0993,0.0007,0.0295,-6.12,-36.62,23.5,4.24,-83.82,-162.43,4.711111111111111,1.0,52.40257258888889,-1.5688915444444445
52.4025714,-1.5688992,165.32,,2,254.98,28 / 28,80909,2019-09-08 12:08:20:148,0.083,-0.2956,10.3481,0.0049,-0.0357,9.8065,-0.0335,0.011,0.04,-6.12,-36.87,23.13,2.93,-83.62,-162.97,4.73,1.0,52.4025714,-1.5688992
52.40257021111111,-1.5689068555555556,165.32,,2,254.98,28 / 28,81010,2019-09-08 12:08:20:249,0.2886,-0.5037,9.5277,0.0,-0.0287,9.8066,-0.0216,0.0177,-0.008,-5.25,-37.25,22.75,6.66,-83.6,-162.28,4.74888888888889,1.0,52.40257021111111,-1.5689068555555556
52.40256902222222,-1.5689145111111111,165.32,,2,254.98,28 / 28,81110,2019-09-08 12:08:20:349,-0.3032,0.4939,9.3642,-0.0148,0.0255,9.8065,-0.0537,-0.0024,0.0146,-5.69,-37.19,23.38,4.64,-83.62,-161.57,4.767777777777778,1.0,52.40256902222222,-1.5689145111111111
52.40256783333333,-1.5689221666666666,165.32,,2,254.98,28 / 28,81210,2019-09-08 12:08:20:449,-0.128,0.2365,10.1221,-0.0068,0.0229,9.8065,-0.0442,0.0017,0.0059,-6.25,-37.5,23.38,5.99,-83.78,-160.43,4.786666666666667,1.0,52.40256783333333,-1.5689221666666666
52.40256664444444,-1.5689298222222223,165.32,,2,254.98,28 / 28,81310,2019-09-08 12:08:20:549,0.3151,-0.0307,10.0153,0.0071,-0.0028,9.8066,0.081,0.0107,0.0251,-5.62,-37.69,23.38,6.09,-83.82,-160.37,4.805555555555556,1.0,52.40256664444444,-1.5689298222222223
52.40256545555555,-1.5689374777777778,165.32,,2,254.98,28 / 28,81410,2019-09-08 12:08:20:649,0.3691,-0.4392,9.7424,0.0056,-0.005,9.8066,0.0264,0.0201,0.0268,-5.37,-37.06,22.94,8.08,-83.81,-161.07,4.8244444444444445,1.0,52.40256545555555,-1.5689374777777778
52.402564266666666,-1.5689451333333333,165.32,,2,254.98,28 / 28,81511,2019-09-08 12:08:20:750,-0.2578,-0.6184,9.6559,-0.0127,0.0042,9.8066,0.006,0.0003,0.0164,-6.44,-36.69,22.81,6.93,-83.86,-159.64,4.843333333333334,1.0,52.402564266666666,-1.5689451333333333
52.40256307777778,-1.568952788888889,165.32,,2,254.98,28 / 28,81610,2019-09-08 12:08:20:849,-0.4365,0.5332,9.5972,-0.0014,-0.0013,9.8066,-0.0186,-0.001,0.0133,-6.56,-37.5,23.19,4.29,-83.88,-159.51,4.862222222222223,1.0,52.40256307777778,-1.568952788888889
52.40256188888889,-1.5689604444444445,165.32,,2,254.98,27 / 27,81710,2019-09-08 12:08:20:949,-0.33,0.0272,9.9716,0.0023,0.0011,9.8066,0.0638,0.0326,-0.0356,-5.37,-37.12,23.0,9.65,-83.84,-159.76,4.881111111111111,1.0,52.40256188888889,-1.5689604444444445
52.402560699999995,-1.5689681,165.32,,2,254.98,27 / 27,81810,2019-09-08 12:08:21:049,0.363,0.0685,9.6807,0.0059,-0.0022,9.8066,0.0469,-0.0219,0.0339,-5.19,-36.75,23.56,9.07,-83.84,-160.68,4.9,1.0,52.402560699999995,-1.5689681
52.40255951111111,-1.5689757555555557,165.32,,2,254.98,27 / 27,81909,2019-09-08 12:08:21:148,-0.2552,0.7719,10.3198,0.0021,-0.0088,9.8066,-0.0602,-0.0107,0.0027,-6.25,-37.5,23.56,7.16,-83.86,-159.99,4.9188888888888895,1.0,52.40255951111111,-1.5689757555555557
52.40255832222222,-1.5689834111111112,165.32,,2,254.98,27 / 27,82010,2019-09-08 12:08:21:249,-0.192,0.6317,10.2415,0.0082,-0.0091,9.8065,-0.0466,0.0193,-0.0755,-5.81,-37.12,23.0,5.48,-83.74,-160.86,4.937777777777778,1.0,52.40255832222222,-1.5689834111111112
52.40255713333333,-1.5689910666666667,165.32,,2,254.98,27 / 27,82110,2019-09-08 12:08:21:349,0.5881,-0.0734,9.4444,0.0055,-0.0016,9.8066,0.0504,0.0281,-0.0504,-5.81,-36.06,23.31,2.64,-83.67,-163.2,4.956666666666667,1.0,52.40255713333333,-1.5689910666666667
52.402555944444444,-1.5689987222222221,165.32,,2,254.98,27 / 27,82210,2019-09-08 12:08:21:449,0.1366,-0.0681,9.6602,0.0062,0.0024,9.8066,0.055,-0.0132,0.0044,-6.0,-36.62,23.25,1.47,-83.61,-164.17,4.975555555555556,1.0,52.402555944444444,-1.5689987222222221
52.402554755555556,-1.5690063777777778,165.32,,2,254.98,27 / 27,82310,2019-09-08 12:08:21:549,0.3921,0.4514,9.6766,-0.0025,-0.0041,9.8066,-0.0477,-0.0171,0.0485,-6.25,-36.69,23.81,2.17,-83.59,-164.17,4.9944444444444445,1.0,52.402554755555556,-1.5690063777777778
52.40255356666666,-1.5690140333333333,165.32,,2,254.98,27 / 27,82410,2019-09-08 12:08:21:649,-0.3055,0.963,10.0757,-0.0027,-0.0233,9.8065,-0.0738,0.0036,-0.0048,-6.06,-37.44,23.69,3.21,-83.45,-163.32,5.013333333333334,1.0,52.40255356666666,-1.5690140333333333
52.40255237777777,-1.5690216888888888,165.32,,2,254.98,27 / 27,82510,2019-09-08 12:08:21:749,-0.5726,0.3042,9.7294,0.0029,0.0358,9.8065,0.0624,-0.0348,-0.0454,-5.25,-36.81,23.25,4.86,-83.43,-163.78,5.032222222222223,1.0,52.40255237777777,-1.5690216888888888
52.402551188888886,-1.5690293444444445,165.32,,2,254.98,27 / 27,82609,2019-09-08 12:08:21:848,0.7452,0.5266,9.758,-0.0003,0.0345,9.8066,-0.0054,0.0361,-0.0711,-5.81,-36.69,23.5,1.4,-83.74,-164.8,5.051111111111111,1.0,52.402551188888886,-1.5690293444444445
52.40255,-1.569037,165.12,5.07,3,255.48,28 / 29,82710,2019-09-08 12:08:21:949,0.5999,0.0553,9.4287,0.0054,0.0178,9.8065,-0.0233,-0.0153,0.0289,-5.87,-37.19,23.5,0.26,-83.77,-165.75,5.07,1.0,52.40255,-1.569037
52.40254911111111,-1.569042788888889,165.12,,3,255.48,28 / 29,82810,2019-09-08 12:08:22:049,0.1916,0.756,9.482,-0.0023,-0.0263,9.8066,-0.0908,-0.0097,-0.0121,-5.75,-37.19,23.31,0.17,-83.79,-165.24,5.052888888888889,1.0,52.40254911111111,-1.569042788888889
52.40254822222222,-1.5690485777777778,165.12,,3,255.48,28 / 29,82910,2019-09-08 12:08:22:149,-0.2892,1.583,10.0063,-0.0021,-0.0278,9.8065,-0.1299,0.014,-0.0222,-6.19,-36.56,22.94,1.33,-83.6,-164.29,5.035777777777778,1.0,52.40254822222222,-1.5690485777777778
52.40254733333333,-1.5690543666666668,165.12,,3,255.48,28 / 29,83009,2019-09-08 12:08:22:248,-0.3834,1.8117,9.5247,-0.0123,0.0541,9.8064,0.2447,0.0015,-0.0192,-6.25,-36.69,23.56,2.44,-83.56,-163.94,5.018666666666667,1.0,52.40254733333333,-1.5690543666666668
52.40254644444444,-1.5690601555555557,165.12,,3,255.48,28 / 29,83110,2019-09-08 12:08:22:349,-0.1195,-0.594,10.757,-0.0078,0.0505,9.8064,0.179,-0.0062,0.014,-6.12,-37.0,23.31,2.12,-83.85,-163.62,5.001555555555556,1.0,52.40254644444444,-1.5690601555555557
52.402545555555555,-1.5690659444444444,165.12,,3,255.48,28 / 29,83210,2019-09-08 12:08:22:449,0.344,-0.3646,10.1222,0.0108,-0.0617,9.8064,-0.1492,0.0198,-0.0165,-5.37,-37.0,22.94,3.23,-83.52,-165.1,4.984444444444445,1.0,52.402545555555555,-1.5690659444444444
52.402544666666664,-1.5690717333333333,165.12,,3,255.48,28 / 29,83310,2019-09-08 12:08:22:549,0.0184,-0.1514,9.7114,0.0096,-0.0535,9.8064,-0.079,0.002,0.0228,-5.56,-36.75,22.69,0.42,-83.51,-165.04,4.967333333333333,1.0,52.402544666666664,-1.5690717333333333
52.40254377777777,-1.5690775222222222,165.12,,3,255.48,28 / 29,83410,2019-09-08 12:08:22:649,-0.4191,0.9492,9.4913,-0.0086,0.0322,9.8065,0.0683,-0.013,0.0026,-5.75,-36.94,24.13,1.76,-83.52,-164.51,4.950222222222222,1.0,52.40254377777777,-1.5690775222222222
52.40254288888889,-1.569083311111111,165.12,,3,255.48,28 / 29,83510,2019-09-08 12:08:22:749,-0.0092,0.6224,9.3283,-0.0065,0.0304,9.8065,-0.0368,0.0222,-0.0187,-5.87,-37.69,22.69,1.48,-83.67,-164.17,4.933111111111112,1.0,52.40254288888889,-1.569083311111111
52.402542,-1.5690891,165.12,,3,255.48,28 / 29,83610,2019-09-08 12:08:22:849,0.6568,0.7674,9.5979,0.0022,0.0142,9.8066,0.0651,-0.0423,0.0382,-5.37,-37.25,23.69,3.97,-83.59,-164.95,4.916,1.0,52.402542,-1.5690891
52.40254111111111,-1.569094888888889,165.12,,3,255.48,28 / 28,83710,2019-09-08 12:08:22:949,-0.3195,0.6722,9.801,-0.0039,0.0117,9.8066,0.0152,-0.0018,-0.0131,-5.31,-36.87,23.5,4.45,-83.63,-164.55,4.898888888888889,1.0,52.40254111111111,-1.569094888888889
52.40254022222222,-1.5691006777777778,165.12,,3,255.48,28 / 28,83810,2019-09-08 12:08:23:049,0.1604,-0.0748,9.7141,0.0009,0.0003,9.8066,-0.0233,-0.0001,0.021,-6.06,-36.81,24.0,1.59,-83.66,-164.65,4.881777777777778,1.0,52.40254022222222,-1.5691006777777778
52.40253933333333,-1.5691064666666668,165.12,,3,255.48,28 / 28,83910,2019-09-08 12:08:23:149,-0.4621,-0.7832,9.5892,-0.0032,-0.0034,9.8066,-0.0567,0.0258,-0.0292,-5.19,-37.25,23.19,4.05,-83.68,-164.41,4.8646666666666665,1.0,52.40253933333333,-1.5691064666666668
52.402538444444446,-1.5691122555555557,165.12,,3,255.48,28 / 28,84009,2019-09-08 12:08:23:248,-0.191,0.118,9.8934,0.0055,-0.0011,9.8066,-0.0257,0.0112,-0.0168,-5.37,-36.87,23.19,3.59,-83.73,-164.78,4.847555555555556,1.0,52.402538444444446,-1.5691122555555557
52.402537555555554,-1.5691180444444444,165.12,,3,255.48,28 / 28,84110,2019-09-08 12:08:23:349,-0.0961,0.2571,9.9584,0.005,0.0054,9.8066,-0.0061,-0.0043,0.024,-4.81,-37.06,23.06,2.55,-83.78,-165.63,4.830444444444445,1.0,52.402537555555554,-1.5691180444444444
52.40253666666666,-1.5691238333333333,165.12,,3,255.48,28 / 28,84210,2019-09-08 12:08:23:449,-0.0954,0.0896,9.88,-0.001,0.0068,9.8066,-0.0375,-0.0095,0.0068,-5.62,-36.94,23.25,359.93,-83.85,-165.43,4.8133333333333335,1.0,52.40253666666666,-1.5691238333333333
52.40253577777778,-1.5691296222222222,165.12,,3,255.48,28 / 28,84310,2019-09-08 12:08:23:549,-0.1832,0.4349,9.6719,0.0022,-0.0044,9.8065,-0.0299,0.0189,0.0208,-5.19,-36.87,23.38,2.68,-83.9,-165.52,4.796222222222222,1.0,52.40253577777778,-1.5691296222222222
52.40253488888889,-1.569135411111111,165.12,,3,255.48,28 / 28,84410,2019-09-08 12:08:23:649,0.1505,0.5876,9.607,-0.0044,0.0151,9.8066,0.0156,-0.0053,-0.0127,-4.75,-37.12,23.38,2.99,-83.94,-165.26,4.779111111111112,1.0,52.40253488888889,-1.569135411111111
52.402533999999996,-1.5691412,165.12,,3,255.48,28 / 28,84512,2019-09-08 12:08:23:751,0.2529,-0.1272,9.7715,0.0062,0.0103,9.8066,-0.0363,-0.0164,-0.0148,-5.5,-37.44,23.06,3.17,-84.04,-165.1,4.7620000000000005,1.0,52.402533999999996,-1.5691412
52.40253311111111,-1.569146988888889,165.12,,3,255.48,28 / 28,84610,2019-09-08 12:08:23:849,-0.4517,0.3036,10.1394,0.0031,0.0007,9.8066,-0.0088,-0.0041,-0.0101,-5.31,-37.12,23.5,4.11,-84.04,-164.79,4.744888888888889,1.0,52.40253311111111,-1.569146988888889
52.40253222222222,-1.5691527777777778,165.12,,3,255.48,28 / 28,84711,2019-09-08 12:08:23:950,0.2242,0.362,10.168,0.0043,-0.006,9.8066,-0.0287,-0.0037,-0.0149,-5.25,-37.69,23.69,3.21,-84.03,-165.56,4.727777777777778,1.0,52.40253222222222,-1.5691527777777778
52.40253133333333,-1.5691585666666668,165.12,,3,255.48,28 / 28,84810,2019-09-08 12:08:24:049,0.0568,0.7231,9.9842,-0.0004,0.0083,9.8066,0.0097,0.0087,0.0188,-5.06,-37.25,23.31,2.03,-84.07,-166.04,4.710666666666667,1.0,52.40253133333333,-1.5691585666666668
52.402530444444444,-1.5691643555555557,165.12,,3,255.48,28 / 28,84910,2019-09-08 12:08:24:149,-0.2442,0.3779,10.281,-0.0102,0.0091,9.8066,0.021,0.0001,0.0265,-5.69,-36.62,23.44,359.92,-84.05,-165.45,4.693555555555556,1.0,52.402530444444444,-1.5691643555555557
52.40252955555555,-1.5691701444444444,165.12,,3,255.48,28 / 28,85010,2019-09-08 12:08:24:249,0.3733,-0.3198,9.6886,0.0075,-0.0232,9.8066,-0.0387,0.0075,0.0397,-5.69,-37.25,23.75,0.97,-84.06,-165.15,4.676444444444445,1.0,52.40252955555555,-1.5691701444444444
52.40252866666667,-1.5691759333333333,165.12,,3,255.48,28 / 28,85110,2019-09-08 12:08:24:349,-0.108,0.9979,9.8649,-0.0067,-0.0257,9.8065,-0.0063,0.0242,0.0,-5.44,-37.0,23.44,3.96,-83.89,-164.46,4.6593333333333335,1.0,52.40252866666667,-1.5691759333333333
52.40252777777778,-1.5691817222222222,165.12,,3,255.48,28 / 28,85210,2019-09-08 12:08:24:449,-0.4083,0.5303,9.537,-0.0093,0.016,9.8066,0.0031,0.0238,-0.0185,-6.0,-37.31,23.31,1.17,-83.91,-164.41,4.642222222222222,1.0,52.40252777777778,-1.5691817222222222
52.402526888888886,-1.569187511111111,165.12,,3,255.48,28 / 28,85310,2019-09-08 12:08:24:549,-0.364,0.3643,9.663,-0.0018,0.0123,9.8066,0.0045,-0.0092,-0.0025,-5.44,-36.81,22.88,4.37,-83.96,-164.11,4.625111111111111,1.0,52.402526888888886,-1.569187511111111
52.402526,-1.5691933,165.12,,3,255.48,28 / 28,85410,2019-09-08 12:08:24:649,0.0856,-0.019,10.2676,0.0139,-0.0182,9.8066,-0.0192,-0.0228,0.0275,-6.06,-37.37,23.13,0.02,-83.96,-165.36,4.6080000000000005,1.0,52.402526,-1.5691933
52.40252511111111,-1.569199088888889,165.12,,3,255.48,28 / 28,85510,2019-09-08 12:08:24:749,0.0242,0.0553,10.0049,0.0041,-0.0131,9.8066,-0.0016,-0.0157,-0.0199,-5.75,-37.44,23.19,0.56,-84.04,-164.91,4.590888888888889,1.0,52.40252511111111,-1.569199088888889
52.40252422222222,-1.5692048777777778,165.12,,3,255.48,28 / 28,85610,2019-09-08 12:08:24:849,0.0631,0.5364,9.7438,-0.0042,0.0137,9.8066,0.0077,0.0018,-0.0011,-5.69,-37.31,23.06,0.33,-84.09,-165.11,4.573777777777778,1.0,52.40252422222222,-1.5692048777777778
52.402523333333335,-1.5692106666666668,165.12,,3,255.48,28 / 29,85710,2019-09-08 12:08:24:949,0.2125,-0.0121,9.6525,-0.006,0.0047,9.8066,-0.0265,-0.0101,0.0322,-5.94,-36.75,22.88,1.28,-84.12,-164.31,4.556666666666667,1.0,52.402523333333335,-1.5692106666666668
52.40252244444444,-1.5692164555555557,165.12,,3,255.48,28 / 29,85809,2019-09-08 12:08:25:048,-0.0743,0.3673,10.0697,-0.0066,-0.0012,9.8066,0.0425,0.0088,0.0173,-6.06,-37.31,23.56,2.68,-84.12,-163.71,4.539555555555555,1.0,52.40252244444444,-1.5692164555555557
52.40252155555555,-1.5692222444444444,165.12,,3,255.48,28 / 29,85910,2019-09-08 12:08:25:149,-0.3197,0.3242,10.2773,0.0006,-0.0043,9.8066,0.033,0.0043,-0.0037,-5.69,-37.81,23.0,2.8,-84.11,-163.05,4.522444444444445,1.0,52.40252155555555,-1.5692222444444444
52.40252066666667,-1.5692280333333333,165.12,,3,255.48,28 / 29,86010,2019-09-08 12:08:25:249,-0.1268,0.3103,9.6732,0.004,-0.0092,9.8066,-0.0478,-0.0187,-0.0001,-5.25,-37.87,22.69,4.69,-84.09,-163.85,4.505333333333334,1.0,52.40252066666667,-1.5692280333333333
52.402519777777776,-1.5692338222222222,165.12,,3,255.48,28 / 29,86110,2019-09-08 12:08:25:349,-0.1687,0.1916,10.099,-0.0022,-0.0102,9.8066,0.0021,-0.0258,-0.0024,-5.56,-38.06,22.88,2.01,-84.07,-163.71,4.488222222222222,1.0,52.402519777777776,-1.5692338222222222
52.402518888888885,-1.569239611111111,165.12,,3,255.48,28 / 29,86210,2019-09-08 12:08:25:449,0.1804,0.7474,9.6018,0.0062,0.0046,9.8066,0.0021,-0.0118,0.002,-5.31,-37.19,23.38,4.48,-84.11,-164.0,4.471111111111111,1.0,52.402518888888885,-1.569239611111111
52.402518,-1.5692454,165.12,,3,255.48,28 / 29,86310,2019-09-08 12:08:25:549,-0.4445,0.631,10.0484,-0.0052,-0.0051,9.8066,-0.0137,-0.0123,0.0262,-5.87,-37.87,23.25,1.74,-84.13,-163.94,4.454,1.0,52.402518,-1.5692454
52.40251711111111,-1.569251188888889,165.12,,3,255.48,28 / 29,86410,2019-09-08 12:08:25:649,0.1392,0.9319,9.833,0.0049,0.0062,9.8065,-0.0039,-0.0095,0.0036,-5.75,-37.81,23.19,1.48,-84.14,-164.15,4.436888888888889,1.0,52.40251711111111,-1.569251188888889
52.402516222222225,-1.5692569777777778,165.12,,3,255.48,28 / 29,86510,2019-09-08 12:08:25:749,0.4307,0.5082,9.9133,-0.0046,-0.0055,9.8066,0.0121,0.0244,-0.0331,-5.37,-37.87,23.75,4.85,-84.12,-164.18,4.419777777777778,1.0,52.402516222222225,-1.5692569777777778
52.402515333333334,-1.5692627666666668,165.12,,3,255.48,28 / 29,86610,2019-09-08 12:08:25:849,-0.0672,1.2125,9.7897,-0.0018,-0.0047,9.8066,-0.0754,-0.0009,-0.0139,-5.56,-37.62,23.13,1.83,-84.09,-163.86,4.402666666666667,1.0,52.402515333333334,-1.5692627666666668
52.40251444444444,-1.5692685555555557,165.12,,3,255.48,27 / 28,86710,2019-09-08 12:08:25:949,-0.2486,1.031,10.1553,-0.0022,-0.0006,9.8065,-0.0921,-0.0152,-0.0089,-6.0,-37.06,23.81,2.9,-84.09,-163.53,4.385555555555555,1.0,52.40251444444444,-1.5692685555555557
52.40251355555556,-1.5692743444444444,165.12,,3,255.48,27 / 28,86810,2019-09-08 12:08:26:049,-0.1424,0.2198,9.8143,0.0037,0.0091,9.8066,0.0173,-0.0233,-0.0471,-5.87,-37.81,23.88,3.01,-84.12,-163.44,4.368444444444444,1.0,52.40251355555556,-1.5692743444444444
52.40251266666667,-1.5692801333333333,165.12,,3,255.48,27 / 28,86910,2019-09-08 12:08:26:149,-0.1641,0.783,9.9583,0.0081,-0.0026,9.8066,0.0257,-0.0106,-0.0088,-5.62,-37.81,24.13,1.94,-84.19,-164.33,4.351333333333334,1.0,52.40251266666667,-1.5692801333333333
52.402511777777775,-1.5692859222222222,165.12,,3,255.48,27 / 28,87010,2019-09-08 12:08:26:249,-0.0205,0.7141,9.6512,0.0035,0.0176,9.8066,0.0479,0.0099,-0.002,-6.25,-37.37,23.44,0.89,-84.12,-164.64,4.334222222222222,1.0,52.402511777777775,-1.5692859222222222
52.40251088888889,-1.569291711111111,165.12,,3,255.48,27 / 28,87110,2019-09-08 12:08:26:349,-0.0839,0.0984,9.5719,-0.0029,0.0106,9.8066,0.0108,-0.0013,0.0121,-5.56,-36.44,23.81,1.22,-84.22,-164.93,4.317111111111111,1.0,52.40251088888889,-1.569291711111111
52.40251,-1.5692975,165.12,,3,255.48,27 / 28,87209,2019-09-08 12:08:26:448,-0.0043,-0.1812,10.1551,-0.0061,-0.0019,9.8066,0.0586,-0.011,0.0279,-5.62,-36.56,23.25,1.05,-84.26,-164.5,4.3,1.0,52.40251,-1.5692975
52.40250911111111,-1.569303288888889,165.12,,3,255.48,27 / 28,87310,2019-09-08 12:08:26:549,-0.5838,-0.3133,9.9926,-0.0019,0.0041,9.8066,0.0552,-0.0265,0.0347,-6.12,-37.12,23.88,2.1,-84.29,-164.18,4.282888888888889,1.0,52.40250911111111,-1.569303288888889
52.402508222222224,-1.5693090777777778,165.12,,3,255.48,27 / 28,87410,2019-09-08 12:08:26:649,0.024,0.5855,9.9338,0.0084,0.0086,9.8066,-0.0085,-0.0044,0.0004,-5.75,-37.31,23.63,1.99,-84.29,-164.28,4.265777777777778,1.0,52.402508222222224,-1.5693090777777778
52.40250733333333,-1.5693148666666668,165.12,,3,255.48,27 / 28,87510,2019-09-08 12:08:26:749,-0.629,-0.1308,10.1571,0.0031,-0.002,9.8066,0.02,-0.0113,-0.014,-5.19,-36.37,24.0,3.66,-84.33,-165.12,4.248666666666667,1.0,52.40250733333333,-1.5693148666666668
52.40250644444444,-1.5693206555555557,165.12,,3,255.48,27 / 28,87610,2019-09-08 12:08:26:849,0.7166,0.7514,10.1208,0.0056,-0.0065,9.8066,0.0443,-0.0021,0.0048,-5.5,-36.87,23.38,1.85,-84.35,-166.18,4.2315555555555555,1.0,52.40250644444444,-1.5693206555555557
52.40250555555556,-1.5693264444444444,165.12,,3,255.48,28 / 28,87710,2019-09-08 12:08:26:949,0.1405,-0.1106,9.8332,0.0057,0.002,9.8066,0.0027,-0.0508,0.0307,-5.56,-36.62,23.94,359.3,-84.33,-166.56,4.214444444444444,1.0,52.40250555555556,-1.5693264444444444
52.402504666666665,-1.5693322333333333,165.12,,3,255.48,28 / 28,87810,2019-09-08 12:08:27:049,-0.0882,-0.1384,9.5263,0.0072,0.0022,9.8066,-0.0222,-0.0323,-0.013,-5.56,-37.12,24.38,359.8,-84.32,-166.13,4.197333333333334,1.0,52.402504666666665,-1.5693322333333333
52.402503777777774,-1.5693380222222222,165.12,,3,255.48,28 / 28,87910,2019-09-08 12:08:27:149,0.7074,0.1363,9.4554,-0.0021,-0.006,9.8065,0.0014,0.0258,-0.0156,-5.06,-37.12,23.31,1.86,-84.34,-166.17,4.1802222222222225,1.0,52.402503777777774,-1.5693380222222222
52.40250288888889,-1.569343811111111,165.12,,3,255.48,28 / 28,88010,2019-09-08 12:08:27:249,0.007,0.4299,10.9054,-0.0027,0.0022,9.8066,0.0268,-0.0291,0.0119,-5.44,-37.31,23.5,2.86,-84.27,-165.82,4.163111111111111,1.0,52.40250288888889,-1.569343811111111
52.402502,-1.5693496,165.12,,3,255.48,28 / 28,88110,2019-09-08 12:08:27:349,-0.1746,-0.9257,9.2357,0.0003,-0.008,9.8066,-0.0452,-0.0004,0.0322,-4.62,-36.12,23.56,2.63,-84.15,-166.01,4.146,1.0,52.402502,-1.5693496
52.402501111111114,-1.569355388888889,165.12,,3,255.48,28 / 28,88210,2019-09-08 12:08:27:449,0.1206,-0.2813,9.5891,0.0066,-0.0033,9.8066,0.022,-0.001,-0.0126,-5.69,-36.75,24.5,0.99,-83.96,-165.67,4.128888888888889,1.0,52.402501111111114,-1.569355388888889
52.40250022222222,-1.5693611777777778,165.12,,3,255.48,28 / 28,88310,2019-09-08 12:08:27:549,0.441,-0.1167,9.6652,-0.0026,0.0087,9.8066,0.0172,0.0199,-0.0293,-5.5,-36.94,23.94,2.35,-83.99,-166.26,4.111777777777778,1.0,52.40250022222222,-1.5693611777777778
52.40249933333333,-1.5693669666666668,165.12,,3,255.48,28 / 28,88410,2019-09-08 12:08:27:649,-0.0316,0.2481,10.028,0.0067,-0.0077,9.8066,-0.049,-0.0259,-0.0109,-5.37,-36.75,24.06,1.97,-83.99,-166.58,4.094666666666667,1.0,52.40249933333333,-1.5693669666666668
52.40249844444445,-1.5693727555555557,165.12,,3,255.48,28 / 28,88510,2019-09-08 12:08:27:749,-0.2948,-0.1814,9.6773,0.0028,-0.0123,9.8066,-0.0632,-0.034,-0.0086,-4.87,-36.44,23.63,1.88,-83.96,-166.65,4.077555555555556,1.0,52.40249844444445,-1.5693727555555557
52.402497555555556,-1.5693785444444444,165.12,,3,255.48,28 / 28,88610,2019-09-08 12:08:27:849,-0.0864,-0.4899,9.5775,-0.0023,0.0056,9.8066,0.0544,-0.0063,-0.0328,-5.25,-36.19,23.56,1.58,-83.86,-166.91,4.060444444444444,1.0,52.402497555555556,-1.5693785444444444
52.402496666666664,-1.5693843333333333,165.12,,3,255.48,29 / 29,88710,2019-09-08 12:08:27:949,0.5587,-1.0719,10.2857,0.0026,-0.0004,9.8066,0.0524,-0.0134,-0.0391,-5.25,-36.12,23.88,1.19,-83.79,-167.24,4.043333333333333,1.0,52.402496666666664,-1.5693843333333333
52.40249577777778,-1.5693901222222222,165.12,,3,255.48,29 / 29,88810,2019-09-08 12:08:28:049,-0.0785,1.8847,9.5186,-0.0001,0.014,9.8066,-0.1646,-0.0049,-0.0187,-5.06,-36.69,23.13,0.86,-83.92,-167.02,4.026222222222223,1.0,52.40249577777778,-1.5693901222222222
52.40249488888889,-1.569395911111111,165.12,,3,255.48,29 / 29,88910,2019-09-08 12:08:28:149,0.0095,0.9204,9.3996,0.0106,-0.0225,9.8066,-0.2217,0.0078,0.003,-5.19,-36.31,23.63,1.1,-83.92,-167.3,4.009111111111111,1.0,52.40249488888889,-1.569395911111111
52.402494,-1.5694017,165.12,,3,255.48,29 / 29,89010,2019-09-08 12:08:28:249,-0.4195,-0.082,9.2876,-0.0184,0.0336,9.8065,0.1641,-0.0012,-0.0318,-4.94,-36.12,23.56,3.15,-84.0,-165.58,3.992,1.0,52.402494,-1.5694017
52.40249311111111,-1.569407488888889,165.12,,3,255.48,29 / 29,89110,2019-09-08 12:08:28:349,-0.1611,-0.7025,10.1738,-0.0124,0.0344,9.8065,0.1318,-0.0358,0.0251,-5.19,-36.06,23.75,3.31,-83.93,-165.45,3.9748888888888887,1.0,52.40249311111111,-1.569407488888889
52.40249222222222,-1.5694132777777778,165.12,,3,255.48,29 / 29,89210,2019-09-08 12:08:28:449,0.0125,0.1279,10.2043,0.0154,-0.023,9.8065,-0.0857,0.0305,-0.0326,-5.56,-36.75,23.5,1.13,-83.93,-165.02,3.957777777777778,1.0,52.40249222222222,-1.5694132777777778
52.40249133333333,-1.5694190666666668,165.12,,3,255.48,29 / 29,89310,2019-09-08 12:08:28:549,-0.2909,-0.1555,9.9754,0.0101,-0.018,9.8066,-0.0804,-0.0056,0.025,-5.31,-36.94,23.81,2.13,-83.84,-166.46,3.9406666666666665,1.0,52.40249133333333,-1.5694190666666668
52.402490444444446,-1.5694248555555557,165.12,,3,255.48,29 / 29,89410,2019-09-08 12:08:28:649,-0.2954,-0.1916,10.0262,0.0047,0.0166,9.8066,0.0218,-0.0057,0.0226,-5.5,-37.37,23.25,1.2,-83.88,-166.74,3.9235555555555557,1.0,52.402490444444446,-1.5694248555555557
52.402489555555555,-1.5694306444444444,165.12,,3,255.48,29 / 29,89510,2019-09-08 12:08:28:749,0.325,0.0235,9.8315,0.0008,0.0222,9.8066,-0.0058,0.0106,-0.0089,-4.81,-36.56,23.69,1.09,-83.99,-167.32,3.9064444444444444,1.0,52.402489555555555,-1.5694306444444444
52.40248866666667,-1.5694364333333333,165.12,,3,255.48,29 / 29,89610,2019-09-08 12:08:28:849,0.037,0.0681,10.1054,-0.0135,-0.0088,9.8065,0.0256,0.0061,0.0214,-4.56,-36.69,23.5,1.9,-83.95,-166.65,3.8893333333333335,1.0,52.40248866666667,-1.5694364333333333
52.40248777777778,-1.5694422222222222,165.12,,3,255.48,28 / 29,89710,2019-09-08 12:08:28:949,-0.004,0.0955,9.6231,-0.0073,-0.0066,9.8066,0.0118,-0.0175,0.052,-5.62,-36.87,23.75,0.8,-83.94,-165.29,3.8722222222222222,1.0,52.40248777777778,-1.5694422222222222
52.40248688888889,-1.569448011111111,165.12,,3,255.48,28 / 29,89809,2019-09-08 12:08:29:048,-0.7562,0.1858,9.9834,-0.0056,0.0163,9.8065,0.0245,0.0245,-0.0236,-5.81,-36.87,23.31,1.09,-83.93,-164.47,3.855111111111111,1.0,52.40248688888889,-1.569448011111111
52.402486,-1.5694538,165.12,,3,255.48,28 / 29,89910,2019-09-08 12:08:29:149,0.1898,0.465,9.9396,0.0142,0.0209,9.8065,0.0558,0.026,-0.0419,-5.06,-36.56,23.13,2.41,-84.07,-165.73,3.838,1.0,52.402486,-1.5694538
52.40248511111111,-1.569459588888889,165.12,,3,255.48,28 / 29,90010,2019-09-08 12:08:29:249,0.4865,0.4512,10.0839,0.0013,-0.0181,9.8066,-0.0705,0.0245,-0.0417,-5.44,-37.0,23.44,0.6,-83.96,-167.24,3.820888888888889,1.0,52.40248511111111,-1.569459588888889
52.40248422222222,-1.5694653777777778,165.12,,3,255.48,28 / 29,90110,2019-09-08 12:08:29:349,0.3623,0.1104,9.8796,-0.0016,-0.012,9.8066,-0.0437,-0.0029,0.031,-5.37,-36.25,22.88,0.63,-83.97,-167.21,3.803777777777778,1.0,52.40248422222222,-1.5694653777777778
52.402483333333336,-1.5694711666666668,165.12,,3,255.48,28 / 29,90209,2019-09-08 12:08:29:448,-0.0204,0.0441,9.6813,-0.0076,0.0081,9.8066,-0.0138,0.0014,-0.0024,-5.81,-36.25,23.31,358.88,-84.0,-166.31,3.7866666666666666,1.0,52.402483333333336,-1.5694711666666668
52.402482444444445,-1.5694769555555557,165.12,,3,255.48,28 / 29,90310,2019-09-08 12:08:29:549,0.2069,-0.6723,9.6008,-0.0099,-0.0012,9.8066,-0.0063,0.0001,0.0108,-5.62,-37.12,23.69,1.35,-84.03,-164.83,3.7695555555555553,1.0,52.402482444444445,-1.5694769555555557
52.40248155555555,-1.5694827444444444,165.12,,3,255.48,28 / 29,90410,2019-09-08 12:08:29:649,-0.8076,0.6625,9.9841,0.0034,0.0011,9.8066,-0.0616,0.0315,-0.0356,-5.81,-36.75,23.25,1.97,-84.03,-163.74,3.7524444444444445,1.0,52.40248155555555,-1.5694827444444444
52.40248066666667,-1.5694885333333333,165.12,,3,255.48,28 / 29,90510,2019-09-08 12:08:29:749,0.0256,0.6167,9.488,0.0137,-0.0086,9.8065,-0.0997,0.0097,-0.009,-5.62,-37.37,22.81,0.13,-83.98,-165.27,3.735333333333333,1.0,52.40248066666667,-1.5694885333333333
52.40247977777778,-1.5694943222222222,165.12,,3,255.48,28 / 29,90610,2019-09-08 12:08:29:849,0.1907,-0.2986,10.0842,0.0021,0.014,9.8066,0.0758,-0.0093,0.0148,-6.06,-36.62,23.31,359.19,-83.99,-166.05,3.7182222222222223,1.0,52.40247977777778,-1.5694943222222222
52.402478888888886,-1.569500111111111,165.12,,3,255.48,28 / 29,90710,2019-09-08 12:08:29:949,-0.1462,0.7522,9.9942,0.0085,-0.0109,9.8066,0.083,0.0121,-0.0185,-6.25,-37.44,23.94,359.17,-83.97,-166.66,3.701111111111111,1.0,52.402478888888886,-1.569500111111111
52.402478,-1.5695059,165.12,,3,255.48,28 / 28,90810,2019-09-08 12:08:30:049,-0.7559,0.6274,9.9551,-0.0018,-0.0142,9.8066,-0.1006,-0.0382,0.0707,-5.81,-36.81,23.81,359.46,-84.0,-166.42,3.684,1.0,52.402478,-1.5695059
52.40247711111111,-1.569511688888889,165.12,,3,255.48,28 / 28,90910,2019-09-08 12:08:30:149,0.2909,0.506,9.7441,-0.0074,0.0138,9.8066,-0.0996,0.0396,-0.0009,-6.44,-37.12,24.0,0.36,-83.97,-165.66,3.666888888888889,1.0,52.40247711111111,-1.569511688888889
52.40247622222223,-1.5695174777777778,165.12,,3,255.48,28 / 28,91010,2019-09-08 12:08:30:249,-0.0383,0.2253,9.3669,-0.0003,0.0106,9.8066,0.0843,0.0027,0.0761,-5.56,-37.19,23.44,0.33,-83.93,-165.1,3.6497777777777776,1.0,52.40247622222223,-1.5695174777777778
52.402475333333335,-1.5695232666666667,165.12,,3,255.48,28 / 28,91110,2019-09-08 12:08:30:349,-0.4194,-0.4251,9.6439,0.0012,0.0074,9.8066,0.008,0.0204,0.0216,-6.0,-36.37,24.56,2.68,-83.83,-164.24,3.6326666666666667,1.0,52.402475333333335,-1.5695232666666667
52.402474444444444,-1.5695290555555557,165.12,,3,255.48,28 / 28,91210,2019-09-08 12:08:30:449,0.8785,0.3461,9.8257,-0.0093,0.0211,9.8066,0.0079,0.0012,0.0081,-5.94,-37.06,23.88,2.55,-84.0,-163.82,3.6155555555555554,1.0,52.402474444444444,-1.5695290555555557
52.40247355555556,-1.5695348444444444,165.12,,3,255.48,28 / 28,91310,2019-09-08 12:08:30:549,-0.4547,-0.3931,10.1339,0.0046,-0.0074,9.8066,0.0132,-0.0535,-0.0013,-5.87,-36.75,23.56,1.77,-84.07,-164.48,3.5984444444444446,1.0,52.40247355555556,-1.5695348444444444
52.40247266666667,-1.5695406333333333,165.12,,3,255.48,28 / 28,91410,2019-09-08 12:08:30:649,-0.1554,-0.0689,9.906,0.0103,-0.0087,9.8066,0.0075,-0.0361,-0.0123,-5.31,-37.5,23.56,2.99,-84.18,-165.72,3.5813333333333333,1.0,52.40247266666667,-1.5695406333333333
52.40247177777778,-1.5695464222222222,165.12,,3,255.48,28 / 28,91510,2019-09-08 12:08:30:749,-0.1459,0.4994,9.9183,-0.0072,0.0052,9.8066,-0.0204,-0.0393,0.0191,-5.0,-36.81,23.69,1.51,-84.2,-166.96,3.564222222222222,1.0,52.40247177777778,-1.5695464222222222
52.40247088888889,-1.569552211111111,165.12,,3,255.48,28 / 28,91610,2019-09-08 12:08:30:849,0.4108,-0.2358,9.6401,-0.0194,0.0207,9.8066,0.1045,-0.0384,0.0211,-5.12,-36.94,24.0,3.21,-84.26,-165.52,3.547111111111111,1.0,52.40247088888889,-1.569552211111111
52.40247,-1.569558,164.9,3.53,3,255.17,27 / 28,91710,2019-09-08 12:08:30:949,-0.2376,0.2936,10.2107,-0.0045,-0.0082,9.8066,0.0879,-0.0007,0.012,-5.81,-36.44,24.75,1.28,-84.26,-165.41,3.53,1.0,52.40247,-1.569558
52.402469555555555,-1.5695597777777779,164.9,,3,255.17,27 / 28,91810,2019-09-08 12:08:31:049,0.0796,0.889,9.8271,0.0044,-0.0162,9.8066,-0.0721,0.0262,-0.036,-5.94,-36.75,23.56,1.75,-84.23,-164.49,3.4907777777777778,1.0,52.402469555555555,-1.5695597777777779
52.40246911111111,-1.5695615555555555,164.9,,3,255.17,27 / 28,91909,2019-09-08 12:08:31:148,-0.2692,0.2413,9.7827,0.0024,0.0011,9.8066,-0.0785,-0.0239,-0.0076,-5.5,-36.69,23.5,4.44,-84.24,-164.48,3.4515555555555553,1.0,52.40246911111111,-1.5695615555555555
52.40246866666667,-1.5695633333333334,164.9,,3,255.17,27 / 28,92010,2019-09-08 12:08:31:249,-0.2304,-0.4002,9.7818,0.0054,0.0065,9.8066,0.0419,-0.0231,-0.0339,-5.69,-36.44,23.69,0.46,-84.19,-165.57,3.412333333333333,1.0,52.40246866666667,-1.5695633333333334
52.402468222222225,-1.569565111111111,164.9,,3,255.17,27 / 28,92110,2019-09-08 12:08:31:349,-0.1286,-0.3816,10.0121,0.0122,-0.0098,9.8065,0.068,0.0231,-0.075,-4.94,-36.31,23.56,2.21,-84.15,-166.36,3.3731111111111107,1.0,52.402468222222225,-1.569565111111111
52.40246777777778,-1.569566888888889,164.9,,3,255.17,27 / 28,92210,2019-09-08 12:08:31:449,0.0573,0.9379,10.4136,0.0078,-0.0082,9.8066,-0.0711,-0.0108,0.0361,-6.37,-35.94,24.19,358.19,-84.11,-167.5,3.3338888888888887,1.0,52.40246777777778,-1.569566888888889
52.402467333333334,-1.5695686666666666,164.9,,3,255.17,27 / 28,92310,2019-09-08 12:08:31:549,-0.2806,0.9138,10.2735,-0.0047,0.0109,9.8066,-0.0773,-0.0135,0.0053,-5.75,-36.69,24.25,359.26,-84.24,-166.59,3.2946666666666666,1.0,52.402467333333334,-1.5695686666666666
52.40246688888889,-1.5695704444444445,164.9,,3,255.17,27 / 28,92409,2019-09-08 12:08:31:648,0.0871,0.7004,10.0872,0.0028,0.0087,9.8066,0.0163,0.0038,-0.0145,-5.69,-37.12,23.81,358.88,-84.27,-166.91,3.255444444444444,1.0,52.40246688888889,-1.5695704444444445
52.40246644444444,-1.5695722222222221,164.9,,3,255.17,27 / 28,92510,2019-09-08 12:08:31:749,0.0317,0.0298,9.8109,-0.0015,-0.0068,9.8066,0.0248,0.0071,-0.005,-5.37,-36.62,23.81,1.91,-84.25,-166.62,3.216222222222222,1.0,52.40246644444444,-1.5695722222222221
52.402466000000004,-1.569574,164.9,,3,255.17,27 / 28,92610,2019-09-08 12:08:31:849,-0.064,0.5119,9.7603,0.0062,0.0007,9.8066,-0.0095,0.0168,0.008,-5.06,-36.69,23.19,1.19,-84.22,-166.74,3.1769999999999996,1.0,52.402466000000004,-1.569574
52.40246555555556,-1.5695757777777777,164.9,,3,255.17,29 / 29,92711,2019-09-08 12:08:31:950,-0.1057,0.2198,10.0798,0.0073,-0.0056,9.8066,-0.0003,-0.0172,0.0109,-5.75,-36.56,23.5,358.99,-84.21,-166.82,3.1377777777777776,1.0,52.40246555555556,-1.5695757777777777
52.40246511111111,-1.5695775555555556,164.9,,3,255.17,29 / 29,92810,2019-09-08 12:08:32:049,0.0402,0.3988,10.1257,0.0047,-0.0041,9.8066,-0.0145,-0.0184,-0.0209,-5.0,-35.94,23.63,0.41,-84.19,-167.89,3.0985555555555555,1.0,52.40246511111111,-1.5695775555555556
52.40246466666667,-1.5695793333333334,164.9,,3,255.17,29 / 29,92910,2019-09-08 12:08:32:149,-0.0964,0.0481,9.8637,0.0022,-0.0054,9.8066,-0.0221,-0.0309,0.0074,-5.62,-37.31,23.38,356.31,-84.18,-168.47,3.059333333333333,1.0,52.40246466666667,-1.5695793333333334
52.40246422222222,-1.569581111111111,164.9,,3,255.17,29 / 29,93010,2019-09-08 12:08:32:249,-0.0213,-0.0528,9.6425,-0.001,-0.0023,9.8066,-0.0603,-0.009,-0.0088,-5.69,-36.69,23.25,356.55,-84.23,-168.27,3.020111111111111,1.0,52.40246422222222,-1.569581111111111
52.402463777777776,-1.569582888888889,164.9,,3,255.17,29 / 29,93110,2019-09-08 12:08:32:349,-0.0774,0.472,10.001,0.0005,0.0006,9.8066,-0.0268,-0.003,-0.027,-5.75,-36.81,23.75,357.06,-84.25,-168.45,2.980888888888889,1.0,52.402463777777776,-1.569582888888889
52.40246333333334,-1.5695846666666666,164.9,,3,255.17,29 / 29,93210,2019-09-08 12:08:32:449,0.0598,-0.1887,9.7634,0.0013,0.0123,9.8066,0.0162,-0.0206,-0.026,-5.44,-36.5,23.5,359.37,-84.27,-168.77,2.9416666666666664,1.0,52.40246333333334,-1.5695846666666666
52.40246288888889,-1.5695864444444445,164.9,,3,255.17,29 / 29,93310,2019-09-08 12:08:32:549,-0.1071,0.4602,9.883,0.0061,-0.0084,9.8066,0.0118,-0.0294,-0.0313,-5.19,-36.44,24.06,359.64,-84.25,-168.54,2.9024444444444444,1.0,52.40246288888889,-1.5695864444444445
52.402462444444446,-1.5695882222222222,164.9,,3,255.17,29 / 29,93410,2019-09-08 12:08:32:649,-0.1847,0.9408,10.1481,0.0032,-0.0073,9.8066,0.0075,0.0015,0.001,-5.19,-36.19,23.88,358.84,-84.22,-169.22,2.863222222222222,1.0,52.402462444444446,-1.5695882222222222
52.402462,-1.56959,164.9,,3,255.17,29 / 29,93510,2019-09-08 12:08:32:749,0.0454,0.2405,9.733,-0.0004,0.0073,9.8066,-0.0067,0.0081,-0.0081,-5.87,-37.06,24.19,356.33,-84.21,-169.06,2.824,1.0,52.402462,-1.56959
52.402461555555554,-1.5695917777777777,164.9,,3,255.17,29 / 29,93610,2019-09-08 12:08:32:849,-0.4624,0.4101,9.7781,-0.0006,0.0047,9.8066,-0.0194,0.0012,-0.0288,-5.12,-37.19,23.38,358.39,-84.19,-169.08,2.784777777777778,1.0,52.402461555555554,-1.5695917777777777
52.402461111111116,-1.5695935555555556,164.9,,3,255.17,28 / 28,93710,2019-09-08 12:08:32:949,-0.2597,0.8777,9.8021,0.0014,0.0034,9.8065,-0.013,0.0029,-0.0078,-5.06,-36.69,23.63,359.05,-84.18,-169.03,2.7455555555555553,1.0,52.402461111111116,-1.5695935555555556
52.40246066666667,-1.5695953333333332,164.9,,3,255.17,28 / 28,93810,2019-09-08 12:08:33:049,-0.1538,0.6055,9.7314,-0.0005,0.0051,9.8066,0.0155,-0.0099,0.0031,-5.25,-37.06,23.5,359.03,-84.24,-169.05,2.7063333333333333,1.0,52.40246066666667,-1.5695953333333332
52.402460222222224,-1.569597111111111,164.9,,3,255.17,28 / 28,93910,2019-09-08 12:08:33:149,-0.2972,0.662,9.9421,0.0031,-0.0013,9.8066,0.0238,-0.0165,0.0077,-4.81,-36.56,23.38,357.97,-84.23,-169.43,2.6671111111111108,1.0,52.402460222222224,-1.569597111111111
52.40245977777778,-1.569598888888889,164.9,,3,255.17,28 / 28,94010,2019-09-08 12:08:33:249,-0.1486,0.7002,9.9943,0.0017,0.0047,9.8066,-0.0151,-0.0219,-0.0001,-5.06,-35.81,24.13,357.93,-84.27,-169.98,2.6278888888888887,1.0,52.40245977777778,-1.569598888888889
52.40245933333333,-1.5696006666666666,164.9,,3,255.17,28 / 28,94110,2019-09-08 12:08:33:349,0.3371,1.0309,9.8337,-0.0006,0.0077,9.8066,-0.0091,0.0138,-0.0137,-5.06,-35.94,23.25,356.57,-84.32,-170.63,2.5886666666666667,1.0,52.40245933333333,-1.5696006666666666
52.40245888888889,-1.5696024444444445,164.9,,3,255.17,28 / 28,94210,2019-09-08 12:08:33:449,-0.5932,0.8957,9.894,-0.0027,0.0059,9.8066,0.0096,0.0091,-0.0182,-5.69,-36.25,23.94,355.05,-84.33,-170.18,2.549444444444444,1.0,52.40245888888889,-1.5696024444444445
52.40245844444445,-1.5696042222222222,164.9,,3,255.17,28 / 28,94309,2019-09-08 12:08:33:548,-0.2784,0.4019,9.8143,0.0068,-0.0064,9.8066,0.0023,-0.0277,-0.0037,-5.37,-36.62,23.31,357.19,-84.33,-170.1,2.510222222222222,1.0,52.40245844444445,-1.5696042222222222
52.402458,-1.569606,164.9,,3,255.17,28 / 28,94410,2019-09-08 12:08:33:649,-0.3217,0.9701,9.946,0.003,-0.0108,9.8066,-0.0099,-0.0388,-0.0565,-5.37,-36.62,23.38,356.42,-84.3,-170.74,2.4709999999999996,1.0,52.402458,-1.569606
52.40245755555556,-1.5696077777777777,164.9,,3,255.17,28 / 28,94510,2019-09-08 12:08:33:749,-0.0612,1.2527,9.9982,-0.0028,0.0095,9.8066,-0.0309,-0.0051,-0.0401,-5.44,-36.0,23.0,356.05,-84.33,-171.07,2.4317777777777776,1.0,52.40245755555556,-1.5696077777777777
52.40245711111111,-1.5696095555555556,164.9,,3,255.17,28 / 28,94610,2019-09-08 12:08:33:849,-0.1983,0.9908,10.1403,0.0014,0.0049,9.8066,-0.0184,-0.0006,-0.0021,-4.87,-37.06,23.56,356.58,-84.37,-171.12,2.3925555555555555,1.0,52.40245711111111,-1.5696095555555556
52.402456666666666,-1.5696113333333332,164.9,,3,255.17,28 / 28,94710,2019-09-08 12:08:33:949,-0.4604,0.5151,9.8863,-0.0016,0.0023,9.8066,-0.0428,-0.0133,0.0222,-4.62,-36.12,23.44,356.29,-84.36,-170.87,2.353333333333333,1.0,52.402456666666666,-1.5696113333333332
52.40245622222223,-1.5696131111111111,164.9,,3,255.17,28 / 28,94810,2019-09-08 12:08:34:049,-0.0348,0.8483,9.9025,-0.0023,0.0022,9.8066,0.0152,0.0043,-0.0034,-4.81,-36.37,24.25,356.8,-84.37,-170.95,2.314111111111111,1.0,52.40245622222223,-1.5696131111111111
52.40245577777778,-1.5696148888888888,164.9,,3,255.17,28 / 28,94910,2019-09-08 12:08:34:149,-0.1057,0.4544,9.9527,0.0016,-0.009,9.8066,0.0434,-0.0094,0.0074,-4.87,-36.25,23.63,356.87,-84.37,-170.9,2.2748888888888885,1.0,52.40245577777778,-1.5696148888888888
52.402455333333336,-1.5696166666666667,164.9,,3,255.17,28 / 28,95010,2019-09-08 12:08:34:249,-0.3278,0.8518,9.8341,0.006,-0.0134,9.8066,-0.0487,-0.0197,-0.0059,-5.06,-36.0,23.81,356.83,-84.29,-170.92,2.2356666666666665,1.0,52.402455333333336,-1.5696166666666667
52.40245488888889,-1.5696184444444445,164.9,,3,255.17,28 / 28,95111,2019-09-08 12:08:34:350,-0.2341,1.4036,9.7544,-0.0032,0.0159,9.8066,-0.0509,-0.0033,-0.0291,-5.44,-36.69,24.06,356.68,-84.28,-171.03,2.1964444444444444,1.0,52.40245488888889,-1.5696184444444445
52.402454444444444,-1.5696202222222222,164.9,,3,255.17,28 / 28,95210,2019-09-08 12:08:34:449,-0.2219,0.0205,10.0187,0.0006,0.0161,9.8066,0.0264,-0.004,-0.0198,-5.25,-36.62,23.88,356.49,-84.36,-171.21,2.157222222222222,1.0,52.402454444444444,-1.5696202222222222
52.402454,-1.569622,164.9,,3,255.17,28 / 28,95310,2019-09-08 12:08:34:549,0.0931,0.058,9.7729,0.0095,-0.0106,9.8066,0.0251,-0.0004,0.0024,-5.31,-36.69,23.69,354.9,-84.3,-172.55,2.118,1.0,52.402454,-1.569622
52.40245355555556,-1.5696237777777777,164.9,,3,255.17,28 / 28,95410,2019-09-08 12:08:34:649,0.3563,0.345,9.8769,0.0035,-0.0095,9.8066,-0.0202,-0.0188,0.0199,-5.19,-37.19,24.0,354.4,-84.37,-172.98,2.078777777777778,1.0,52.40245355555556,-1.5696237777777777
52.402453111111114,-1.5696255555555556,164.9,,3,255.17,28 / 28,95510,2019-09-08 12:08:34:749,0.1357,0.5195,10.0338,-0.008,0.0124,9.8066,-0.013,0.0084,0.0117,-5.06,-36.62,24.0,354.4,-84.41,-172.98,2.0395555555555553,1.0,52.402453111111114,-1.5696255555555556
52.40245266666667,-1.5696273333333333,164.9,,3,255.17,28 / 28,95610,2019-09-08 12:08:34:849,-0.2897,0.3957,10.101,-0.0041,0.011,9.8066,0.0139,0.0016,-0.0136,-5.56,-37.31,23.94,352.77,-84.51,-172.13,2.0003333333333333,1.0,52.40245266666667,-1.5696273333333333
52.40245222222222,-1.5696291111111111,164.9,,3,255.17,28 / 29,95711,2019-09-08 12:08:34:950,-0.157,0.3931,9.8544,0.0,-0.0105,9.8066,0.0386,-0.0138,0.0026,-4.94,-36.81,23.63,355.97,-84.46,-171.66,1.961111111111111,1.0,52.40245222222222,-1.5696291111111111
52.40245177777778,-1.5696308888888888,164.9,,3,255.17,28 / 29,95810,2019-09-08 12:08:35:049,-0.1417,0.3336,9.8339,0.001,-0.0038,9.8065,-0.0081,0.0104,0.0076,-5.19,-36.56,23.44,355.57,-84.46,-171.48,1.9218888888888888,1.0,52.40245177777778,-1.5696308888888888
52.40245133333333,-1.5696326666666667,164.9,,3,255.17,28 / 29,95910,2019-09-08 12:08:35:149,-0.0003,0.6976,9.9628,0.0027,0.0021,9.8066,-0.0177,0.0165,0.0007,-5.31,-36.75,23.31,355.0,-84.49,-171.96,1.8826666666666665,1.0,52.40245133333333,-1.5696326666666667
52.40245088888889,-1.5696344444444443,164.9,,3,255.17,28 / 29,96010,2019-09-08 12:08:35:249,-0.1016,0.463,9.8164,-0.0004,-0.0006,9.8066,-0.0028,-0.0091,-0.0022,-4.87,-36.69,24.0,355.46,-84.49,-172.09,1.8434444444444442,1.0,52.40245088888889,-1.5696344444444443
52.40245044444445,-1.5696362222222222,164.9,,3,255.17,28 / 29,96110,2019-09-08 12:08:35:349,-0.0564,0.1623,9.8334,0.0,0.0056,9.8066,-0.0186,-0.0037,-0.0274,-5.06,-36.44,23.5,355.29,-84.48,-172.26,1.8042222222222222,1.0,52.40245044444445,-1.5696362222222222
52.40245,-1.5696379999999999,164.9,,3,255.17,28 / 29,96210,2019-09-08 12:08:35:449,-0.1413,0.3197,9.8967,-0.0002,0.0043,9.8066,0.0063,-0.0042,-0.0156,-5.06,-36.62,23.44,354.57,-84.52,-172.32,1.765,1.0,52.40245,-1.5696379999999999
52.402449555555556,-1.5696397777777777,164.9,,3,255.17,28 / 29,96310,2019-09-08 12:08:35:549,-0.176,0.197,9.9808,-0.0034,-0.006,9.8066,0.0017,0.001,0.0118,-4.31,-36.75,23.63,358.39,-84.48,-171.9,1.7257777777777776,1.0,52.402449555555556,-1.5696397777777777
52.40244911111111,-1.5696415555555556,164.9,,3,255.17,28 / 29,96410,2019-09-08 12:08:35:649,0.0262,0.2976,9.9852,0.0013,-0.0015,9.8066,-0.0111,-0.0004,0.0174,-4.69,-36.56,23.5,355.71,-84.49,-171.89,1.6865555555555554,1.0,52.40244911111111,-1.5696415555555556
52.40244866666667,-1.5696433333333333,164.9,,3,255.17,28 / 29,96510,2019-09-08 12:08:35:749,-0.0308,0.5047,9.907,-0.0025,0.0049,9.8066,-0.0219,0.0056,-0.0039,-4.81,-36.56,23.38,355.25,-84.51,-171.75,1.647333333333333,1.0,52.40244866666667,-1.5696433333333333
52.402448222222226,-1.5696451111111112,164.9,,3,255.17,28 / 29,96610,2019-09-08 12:08:35:849,-0.0376,0.0175,9.8694,-0.002,0.0025,9.8066,0.0124,-0.0138,-0.0012,-4.69,-36.31,23.25,355.6,-84.54,-171.47,1.608111111111111,1.0,52.402448222222226,-1.5696451111111112
52.40244777777778,-1.5696468888888888,164.9,,3,255.17,28 / 28,96710,2019-09-08 12:08:35:949,-0.1836,-0.0446,9.9345,-0.0012,-0.0014,9.8066,0.026,-0.008,0.0039,-4.94,-36.0,24.13,356.4,-84.54,-171.31,1.5688888888888888,1.0,52.40244777777778,-1.5696468888888888
52.402447333333335,-1.5696486666666667,164.9,,3,255.17,28 / 28,96810,2019-09-08 12:08:36:049,0.0154,0.1501,9.8303,0.0014,-0.0018,9.8066,-0.0093,-0.0009,0.0069,-4.75,-36.56,23.63,356.53,-84.56,-171.19,1.5296666666666665,1.0,52.402447333333335,-1.5696486666666667
52.40244688888889,-1.5696504444444443,164.9,,3,255.17,28 / 28,96910,2019-09-08 12:08:36:149,-0.0074,0.2961,9.9297,-0.001,0.0048,9.8066,-0.0165,0.0035,-0.0031,-4.56,-36.81,23.75,356.52,-84.56,-171.2,1.4904444444444442,1.0,52.40244688888889,-1.5696504444444443
52.40244644444444,-1.5696522222222222,164.9,,3,255.17,28 / 28,97009,2019-09-08 12:08:36:248,-0.0014,0.124,9.8512,-0.0001,0.003,9.8066,0.0148,-0.0086,-0.0043,-4.31,-36.25,23.63,359.26,-84.6,-171.17,1.4512222222222222,1.0,52.40244644444444,-1.5696522222222222
52.402446000000005,-1.5696539999999999,164.9,,3,255.17,28 / 28,97110,2019-09-08 12:08:36:349,-0.033,0.0366,9.9172,-0.0006,-0.0004,9.8066,0.0132,-0.0054,0.0081,-5.31,-36.0,23.31,356.21,-84.61,-170.96,1.412,1.0,52.402446000000005,-1.5696539999999999
52.40244555555556,-1.5696557777777778,164.9,,3,255.17,28 / 28,97210,2019-09-08 12:08:36:449,-0.1111,0.203,9.8615,0.0007,0.0006,9.8066,-0.0143,0.0064,-0.0071,-4.5,-36.5,24.13,359.53,-84.64,-170.94,1.3727777777777777,1.0,52.40244555555556,-1.5696557777777778
52.40244511111111,-1.5696575555555554,164.9,,3,255.17,28 / 28,97310,2019-09-08 12:08:36:549,-0.0357,0.056,9.8678,-0.0013,0.0021,9.8066,-0.0092,-0.0182,-0.0047,-4.81,-36.37,23.44,356.15,-84.67,-171.02,1.3335555555555554,1.0,52.40244511111111,-1.5696575555555554
52.40244466666667,-1.5696593333333333,164.9,,3,255.17,28 / 28,97410,2019-09-08 12:08:36:649,-0.0449,0.314,9.8669,-0.0002,0.0029,9.8066,0.0013,-0.002,0.0034,-5.19,-36.19,23.44,356.21,-84.7,-170.97,1.2943333333333331,1.0,52.40244466666667,-1.5696593333333333
52.40244422222222,-1.5696611111111112,164.9,,3,255.17,28 / 28,97510,2019-09-08 12:08:36:749,0.0787,-0.0177,9.8942,-0.0004,0.0029,9.8066,0.0024,0.0195,0.0002,-5.0,-36.06,23.56,356.79,-84.72,-171.0,1.255111111111111,1.0,52.40244422222222,-1.5696611111111112
52.402443777777776,-1.5696628888888888,164.9,,3,255.17,28 / 28,97610,2019-09-08 12:08:36:849,-0.0975,0.356,9.9315,-0.0012,0.002,9.8066,-0.0163,-0.0114,-0.0051,-5.0,-36.5,24.0,356.97,-84.77,-170.84,1.2158888888888888,1.0,52.402443777777776,-1.5696628888888888
52.40244333333334,-1.5696646666666667,164.9,,3,255.17,27 / 28,97710,2019-09-08 12:08:36:949,-0.0161,0.0022,9.7739,-0.0011,0.0033,9.8066,-0.0136,-0.0087,-0.0066,-5.19,-35.94,23.5,356.98,-84.81,-170.84,1.1766666666666665,1.0,52.40244333333334,-1.5696646666666667
52.40244288888889,-1.5696664444444444,164.9,,3,255.17,27 / 28,97809,2019-09-08 12:08:37:048,-0.0437,0.4626,9.9241,-0.0004,0.003,9.8066,0.0194,0.012,0.0079,-5.25,-36.56,23.56,357.07,-84.84,-170.76,1.1374444444444443,1.0,52.40244288888889,-1.5696664444444444
52.402442444444446,-1.5696682222222222,164.9,,3,255.17,27 / 28,97910,2019-09-08 12:08:37:149,-0.0555,-0.3078,9.7938,-0.0006,0.0029,9.8066,-0.009,-0.0034,0.0056,-4.81,-36.5,23.69,357.2,-84.87,-170.65,1.0982222222222222,1.0,52.402442444444446,-1.5696682222222222
52.402442,-1.56967,164.9,,3,255.17,27 / 28,98010,2019-09-08 12:08:37:249,-0.0369,-0.5293,9.8776,0.0003,0.0012,9.8066,0.0174,-0.0072,-0.0146,-5.12,-36.12,23.0,356.59,-84.89,-170.67,1.059,1.0,52.402442,-1.56967
52.402441555555555,-1.5696717777777778,164.9,,3,255.17,27 / 28,98109,2019-09-08 12:08:37:348,0.0184,-0.6507,9.8324,0.0017,-0.0051,9.8066,0.0258,-0.0014,0.006,-4.81,-35.87,23.31,356.59,-84.87,-170.66,1.0197777777777777,1.0,52.402441555555555,-1.5696717777777778
52.402441111111116,-1.5696735555555554,164.9,,3,255.17,27 / 28,98210,2019-09-08 12:08:37:449,0.1227,-0.0128,9.9429,0.0024,-0.0014,9.8066,-0.0279,0.0088,-0.0131,-5.19,-35.69,23.63,356.88,-84.85,-170.93,0.9805555555555554,1.0,52.402441111111116,-1.5696735555555554
52.40244066666667,-1.5696753333333333,164.9,,3,255.17,27 / 28,98310,2019-09-08 12:08:37:549,0.0576,-0.2007,9.8748,-0.0015,0.0038,9.8066,-0.0147,-0.0123,-0.0027,-4.75,-36.12,23.88,356.78,-84.9,-171.02,0.9413333333333332,1.0,52.40244066666667,-1.5696753333333333
52.402440222222225,-1.569677111111111,164.9,,3,255.17,27 / 28,98410,2019-09-08 12:08:37:649,0.0138,-0.1003,9.9643,-0.001,0.0016,9.8066,0.0237,0.0027,0.0088,-4.87,-36.06,24.06,356.91,-84.9,-170.9,0.902111111111111,1.0,52.402440222222225,-1.569677111111111
52.40243977777778,-1.5696788888888888,164.9,,3,255.17,27 / 28,98510,2019-09-08 12:08:37:749,-0.0305,-0.3467,9.7992,0.001,0.0011,9.8066,-0.0004,0.0096,-0.004,-4.56,-35.87,23.81,357.09,-84.94,-170.76,0.8628888888888888,1.0,52.40243977777778,-1.5696788888888888
52.402439333333334,-1.5696806666666667,164.9,,3,255.17,27 / 28,98610,2019-09-08 12:08:37:849,0.0531,-0.1129,9.9884,0.0007,-0.0006,9.8066,-0.0008,-0.0133,0.0069,-5.12,-36.25,23.38,356.32,-84.96,-170.9,0.8236666666666665,1.0,52.402439333333334,-1.5696806666666667
52.40243888888889,-1.5696824444444444,164.9,,3,255.17,26 / 27,98710,2019-09-08 12:08:37:949,0.0947,-0.3694,9.7845,0.0001,0.0016,9.8066,0.0011,0.0013,0.0008,-4.75,-36.37,23.88,356.85,-84.96,-170.96,0.7844444444444444,1.0,52.40243888888889,-1.5696824444444444
52.40243844444445,-1.5696842222222223,164.9,,3,255.17,26 / 27,98810,2019-09-08 12:08:38:049,-0.0539,-0.3979,9.8931,-0.0012,0.004,9.8066,0.0052,0.0025,0.0043,-5.19,-35.94,24.44,356.97,-84.99,-170.86,0.7452222222222221,1.0,52.40243844444445,-1.5696842222222223
52.402438000000004,-1.569686,164.9,,3,255.17,26 / 27,98910,2019-09-08 12:08:38:149,-0.0491,-0.3197,9.7735,0.0008,0.0012,9.8065,-0.0061,-0.0072,0.0061,-5.19,-36.06,23.69,356.98,-85.02,-170.86,0.706,1.0,52.402438000000004,-1.569686
52.40243755555556,-1.5696877777777778,164.9,,3,255.17,26 / 27,99010,2019-09-08 12:08:38:249,0.0428,-0.3747,9.9392,0.0012,0.0015,9.8066,0.0069,-0.0087,-0.0056,-4.87,-35.37,23.75,356.76,-85.03,-171.06,0.6667777777777777,1.0,52.40243755555556,-1.5696877777777778
52.40243711111111,-1.5696895555555554,164.9,,3,255.17,26 / 27,99110,2019-09-08 12:08:38:349,0.0746,-0.1575,9.9201,-0.0011,0.0003,9.8066,0.0102,-0.0019,0.0082,-4.31,-35.56,23.44,359.08,-85.04,-170.93,0.6275555555555554,1.0,52.40243711111111,-1.5696895555555554
52.40243666666667,-1.5696913333333333,164.9,,3,255.17,26 / 27,99210,2019-09-08 12:08:38:449,-0.0273,-0.2987,9.803,0.0009,0.002,9.8066,-0.0081,0.0149,-0.0071,-4.75,-35.87,23.56,357.01,-85.06,-170.83,0.5883333333333333,1.0,52.40243666666667,-1.5696913333333333
52.40243622222223,-1.569693111111111,164.9,,3,255.17,26 / 27,99310,2019-09-08 12:08:38:549,-0.0276,-0.3037,9.8947,0.0008,-0.0007,9.8066,0.0127,-0.0014,0.0027,-5.19,-35.69,23.63,357.03,-85.09,-170.82,0.549111111111111,1.0,52.40243622222223,-1.569693111111111
52.40243577777778,-1.5696948888888889,164.9,,3,255.17,26 / 27,99410,2019-09-08 12:08:38:649,0.1316,-0.248,9.8204,0.001,0.0,9.8066,-0.0034,-0.0115,-0.0077,-4.87,-36.12,23.5,356.93,-85.09,-170.9,0.5098888888888888,1.0,52.40243577777778,-1.5696948888888889
52.40243533333334,-1.5696966666666665,164.9,,3,255.17,26 / 27,99510,2019-09-08 12:08:38:749,0.1024,-0.2603,9.9068,-0.0016,0.0006,9.8066,0.0011,-0.0051,-0.0026,-4.81,-35.75,23.88,356.95,-85.11,-170.89,0.47066666666666657,1.0,52.40243533333334,-1.5696966666666665
52.40243488888889,-1.5696984444444444,164.9,,3,255.17,26 / 27,99610,2019-09-08 12:08:38:849,-0.0192,-0.3027,9.8194,-0.001,0.0021,9.8066,-0.0025,0.0101,0.0035,-4.75,-35.56,23.75,357.08,-85.12,-170.77,0.43144444444444435,1.0,52.40243488888889,-1.5696984444444444
52.402434444444445,-1.5697002222222223,164.9,,3,255.17,26 / 27,99710,2019-09-08 12:08:38:949,0.0438,-0.3734,9.8011,0.0007,0.0009,9.8066,-0.0111,0.0161,-0.0076,-5.31,-36.31,23.69,357.06,-85.14,-170.8,0.39222222222222214,1.0,52.402434444444445,-1.5697002222222223
52.402434,-1.569702,164.9,,3,255.17,26 / 27,99809,2019-09-08 12:08:39:048,0.0933,-0.2972,9.9422,0.0001,0.0027,9.8066,-0.005,-0.0103,-0.0011,-4.62,-36.31,23.56,356.99,-85.16,-170.86,0.3529999999999999,1.0,52.402434,-1.569702
52.40243355555556,-1.5697037777777778,164.9,,3,255.17,26 / 27,99910,2019-09-08 12:08:39:149,0.0958,-0.3757,9.8005,0.0001,-0.0004,9.8066,0.005,-0.0133,-0.011,-4.81,-35.69,23.81,356.84,-85.17,-170.99,0.3137777777777777,1.0,52.40243355555556,-1.5697037777777778
52.402433111111115,-1.5697055555555555,164.9,,3,255.17,26 / 27,100010,2019-09-08 12:08:39:249,0.0435,-0.2625,9.9083,-0.0014,-0.0009,9.8066,0.0094,-0.0075,0.008,-5.12,-35.75,23.25,356.43,-85.16,-170.83,0.2745555555555555,1.0,52.402433111111115,-1.5697055555555555
52.40243266666667,-1.5697073333333333,164.9,,3,255.17,26 / 27,100110,2019-09-08 12:08:39:349,0.0305,-0.226,9.8698,0.0005,0.0024,9.8066,0.0006,0.0086,0.0014,-5.44,-35.62,24.0,357.05,-85.19,-170.81,0.23533333333333326,1.0,52.40243266666667,-1.5697073333333333
52.402432222222224,-1.569709111111111,164.9,,3,255.17,26 / 27,100210,2019-09-08 12:08:39:449,0.0582,-0.4194,9.8229,-0.0011,0.001,9.8066,-0.0091,0.012,0.0153,-5.0,-35.69,23.69,357.19,-85.2,-170.69,0.19611111111111104,1.0,52.402432222222224,-1.569709111111111
52.40243177777778,-1.5697108888888889,164.9,,3,255.17,26 / 27,100310,2019-09-08 12:08:39:549,0.0189,-0.3575,9.9257,0.0005,0.0007,9.8066,-0.0156,0.0095,0.0012,-5.0,-36.62,24.0,357.11,-85.22,-170.75,0.1568888888888888,1.0,52.40243177777778,-1.5697108888888889
52.40243133333333,-1.5697126666666665,164.9,,3,255.17,26 / 27,100410,2019-09-08 12:08:39:649,0.0136,-0.1672,9.951,0.0001,0.0004,9.8066,0.0053,-0.0146,-0.008,-4.75,-36.81,23.5,357.02,-85.22,-170.83,0.11766666666666659,1.0,52.40243133333333,-1.5697126666666665
52.402430888888894,-1.5697144444444444,164.9,,3,255.17,26 / 27,100510,2019-09-08 12:08:39:749,0.0689,-0.3605,9.8045,0.0002,-0.0022,9.8066,0.006,-0.0217,-0.0154,-4.81,-35.81,23.69,356.88,-85.24,-170.96,0.07844444444444437,1.0,52.402430888888894,-1.5697144444444444
52.40243044444445,-1.569716222222222,164.9,,3,255.17,26 / 27,100610,2019-09-08 12:08:39:849,0.0664,-0.5154,9.8843,-0.0007,0.0006,9.8066,0.004,-0.0258,-0.0095,-4.81,-35.69,22.94,356.44,-85.24,-170.83,0.03922222222222215,1.0,52.40243044444445,-1.569716222222222
52.40243,-1.569718,164.81,0.0,3,256.64,26 / 26,100710,2019-09-08 12:08:39:949,-0.0345,-0.1572,9.9074,0.0008,-0.0008,9.8066,0.0136,-0.0099,-0.0093,-5.12,-36.12,23.25,356.33,-85.24,-170.93,0.0,1.0,52.40243,-1.569718
52.40242993548387,-1.5697181232876711,164.81,,3,256.64,26 / 26,100809,2019-09-08 12:08:40:048,0.1065,-0.2669,9.8555,-0.001,0.0027,9.8066,0.0127,-0.0017,0.005,-5.12,-36.0,24.13,357.13,-85.25,-170.75,0.004383561643835617,1.0,52.40242993548387,-1.5697181232876711
52.402429870967744,-1.5697182465753423,164.81,,3,256.64,26 / 26,100910,2019-09-08 12:08:40:149,0.0181,-0.5144,9.806,-0.0004,0.0007,9.8066,0.0054,0.0085,0.0107,-5.12,-35.44,23.13,356.57,-85.26,-170.73,0.008767123287671234,1.0,52.402429870967744,-1.5697182465753423
52.402429806451615,-1.5697183698630137,164.81,,3,256.64,26 / 26,101010,2019-09-08 12:08:40:249,0.0997,-0.5355,9.8675,0.0003,0.0006,9.8066,0.0064,0.0176,0.0133,-4.87,-36.19,23.75,357.19,-85.27,-170.7,0.01315068493150685,1.0,52.402429806451615,-1.5697183698630137
52.402429741935485,-1.569718493150685,164.81,,3,256.64,26 / 26,101109,2019-09-08 12:08:40:348,0.0231,-0.2321,9.9493,-0.001,0.0003,9.8066,0.0029,0.0091,0.0146,-5.31,-35.94,23.44,356.59,-85.27,-170.7,0.017534246575342468,1.0,52.402429741935485,-1.569718493150685
52.402429677419356,-1.569718616438356,164.81,,3,256.64,26 / 26,101210,2019-09-08 12:08:40:449,-0.0434,-0.407,9.8026,0.0015,0.0007,9.8066,-0.0192,-0.001,-0.0116,-4.69,-35.62,23.06,356.51,-85.28,-170.78,0.021917808219178086,1.0,52.402429677419356,-1.569718616438356
52.40242961290323,-1.5697187397260273,164.81,,3,256.64,26 / 26,101310,2019-09-08 12:08:40:549,0.0826,-0.5175,9.7717,0.0,0.003,9.8066,-0.0161,-0.0115,-0.0078,-5.06,-36.5,23.13,356.36,-85.29,-170.9,0.0263013698630137,1.0,52.40242961290323,-1.5697187397260273
52.4024295483871,-1.5697188630136987,164.81,,3,256.64,26 / 26,101410,2019-09-08 12:08:40:649,-0.0349,-0.3271,9.9567,0.0005,0.0016,9.8066,0.001,-0.0187,-0.0164,-5.12,-36.12,23.63,356.91,-85.31,-170.94,0.030684931506849318,1.0,52.4024295483871,-1.5697188630136987
52.40242948387097,-1.5697189863013699,164.81,,3,256.64,26 / 26,101510,2019-09-08 12:08:40:749,-0.0448,-0.3344,9.8427,-0.0001,-0.002,9.8066,0.0128,-0.0225,-0.0054,-5.37,-36.06,23.69,357.08,-85.3,-170.79,0.035068493150684936,1.0,52.40242948387097,-1.5697189863013699
52.40242941935484,-1.569719109589041,164.81,,3,256.64,26 / 26,101610,2019-09-08 12:08:40:849,0.0611,-0.3432,9.8111,0.0011,-0.0015,9.8066,0.0051,0.0015,-0.0058,-4.44,-35.81,24.06,359.56,-85.31,-170.92,0.039452054794520554,1.0,52.40242941935484,-1.569719109589041
52.40242935483871,-1.5697192328767122,164.81,,3,256.64,27 / 28,101710,2019-09-08 12:08:40:949,-0.0181,-0.4078,9.9352,0.0,0.0006,9.8066,0.008,0.0008,0.0102,-4.87,-36.12,23.81,357.05,-85.3,-170.82,0.04383561643835617,1.0,52.40242935483871,-1.5697192328767122
52.40242929032258,-1.5697193561643834,164.81,,3,256.64,27 / 28,101810,2019-09-08 12:08:41:049,-0.0601,-0.3215,9.8334,-0.0001,0.0,9.8066,-0.0066,0.0108,0.0017,-4.94,-36.19,23.88,356.98,-85.3,-170.87,0.04821917808219179,1.0,52.40242929032258,-1.5697193561643834
52.40242922580645,-1.5697194794520548,164.81,,3,256.64,27 / 28,101910,2019-09-08 12:08:41:149,0.07,-0.3497,9.7984,0.0004,0.0003,9.8066,-0.0062,-0.0043,0.0058,-4.62,-36.12,23.56,356.98,-85.3,-170.87,0.0526027397260274,1.0,52.40242922580645,-1.5697194794520548
52.40242916129033,-1.569719602739726,164.81,,3,256.64,27 / 28,102010,2019-09-08 12:08:41:249,-0.0542,-0.2968,9.9698,0.0018,-0.0001,9.8066,0.0052,-0.0056,-0.0138,-4.12,-35.75,23.19,358.88,-85.29,-171.11,0.05698630136986302,1.0,52.40242916129033,-1.569719602739726
52.4024290967742,-1.5697197260273972,164.81,,3,256.64,27 / 28,102110,2019-09-08 12:08:41:349,-0.0008,-0.4144,9.7701,0.0004,-0.0016,9.8066,0.0164,-0.0214,0.0018,-4.19,-36.25,23.75,359.34,-85.28,-171.12,0.061369863013698636,1.0,52.4024290967742,-1.5697197260273972
52.40242903225807,-1.5697198493150684,164.81,,3,256.64,27 / 28,102210,2019-09-08 12:08:41:449,0.0721,-0.3768,9.771,0.0001,-0.0007,9.8066,0.0056,0.0008,-0.0014,-4.75,-35.75,24.25,356.62,-85.27,-171.19,0.06575342465753425,1.0,52.40242903225807,-1.5697198493150684
52.40242896774194,-1.5697199726027398,164.81,,3,256.64,27 / 28,102310,2019-09-08 12:08:41:549,-0.0783,-0.4001,9.9756,-0.0015,0.0,9.8066,0.0075,0.0025,0.0181,-4.25,-36.06,24.19,359.48,-85.27,-170.99,0.07013698630136987,1.0,52.40242896774194,-1.5697199726027398
52.40242890322581,-1.569720095890411,164.81,,3,256.64,27 / 28,102410,2019-09-08 12:08:41:649,-0.0518,-0.3227,9.7986,0.0006,0.0008,9.8066,-0.0114,0.0226,0.0055,-5.19,-35.44,23.75,356.97,-85.27,-170.89,0.07452054794520549,1.0,52.40242890322581,-1.569720095890411
52.40242883870968,-1.5697202191780821,164.81,,3,256.64,27 / 28,102510,2019-09-08 12:08:41:749,0.0734,-0.2959,9.7896,0.0001,-0.0009,9.8066,-0.0083,0.0053,0.0112,-4.94,-36.37,24.0,357.13,-85.28,-170.75,0.07890410958904111,1.0,52.40242883870968,-1.5697202191780821
52.40242877419355,-1.5697203424657533,164.81,,3,256.64,27 / 28,102610,2019-09-08 12:08:41:849,-0.0264,-0.3911,9.9241,0.0003,0.0,9.8066,0.0011,0.0008,-0.005,-5.06,-36.37,23.75,357.02,-85.27,-170.84,0.08328767123287673,1.0,52.40242877419355,-1.5697203424657533
52.40242870967742,-1.5697204657534245,164.81,,3,256.64,27 / 27,102710,2019-09-08 12:08:41:949,-0.0381,-0.2745,9.8807,0.0004,-0.0024,9.8066,0.0038,-0.0194,-0.0028,-5.12,-36.31,23.75,357.13,-85.27,-170.74,0.08767123287671234,1.0,52.40242870967742,-1.5697204657534245
52.402428645161294,-1.569720589041096,164.81,,3,256.64,27 / 27,102810,2019-09-08 12:08:42:049,0.0453,-0.2852,9.7961,0.0007,-0.0014,9.8065,0.0091,-0.0167,-0.0117,-4.25,-36.12,23.19,359.07,-85.25,-170.94,0.09205479452054796,1.0,52.402428645161294,-1.569720589041096
52.402428580645164,-1.569720712328767,164.81,,3,256.64,27 / 27,102910,2019-09-08 12:08:42:149,-0.0311,-0.3508,9.9549,-0.0004,-0.0004,9.8066,0.0023,-0.0118,0.0045,-5.12,-36.12,23.94,356.93,-85.24,-170.91,0.09643835616438358,1.0,52.402428580645164,-1.569720712328767
52.402428516129035,-1.5697208356164383,164.81,,3,256.64,27 / 27,103010,2019-09-08 12:08:42:249,-0.0122,-0.1942,9.9444,0.0,-0.001,9.8066,0.0069,0.0075,0.01,-4.69,-35.75,23.25,356.39,-85.21,-170.87,0.1008219178082192,1.0,52.402428516129035,-1.5697208356164383
52.402428451612906,-1.5697209589041095,164.81,,3,256.64,27 / 27,103110,2019-09-08 12:08:42:349,-0.0104,-0.2459,9.8228,0.0,0.0003,9.8066,-0.0104,0.0134,0.0154,-5.19,-35.87,23.56,357.19,-85.22,-170.69,0.1052054794520548,1.0,52.402428451612906,-1.5697209589041095
52.402428387096776,-1.5697210821917809,164.81,,3,256.64,27 / 27,103210,2019-09-08 12:08:42:449,0.0102,-0.439,9.8439,-0.0002,-0.0006,9.8066,0.003,0.0033,0.0126,-4.62,-36.5,23.38,356.6,-85.21,-170.69,0.10958904109589042,1.0,52.402428387096776,-1.5697210821917809
52.40242832258065,-1.569721205479452,164.81,,3,256.64,27 / 27,103310,2019-09-08 12:08:42:549,0.0483,-0.2695,9.9773,0.0016,-0.0012,9.8066,-0.0061,0.0025,-0.0012,-5.44,-35.81,23.44,356.6,-85.2,-170.68,0.11397260273972604,1.0,52.40242832258065,-1.569721205479452
52.40242825806452,-1.5697213287671232,164.81,,3,256.64,27 / 27,103410,2019-09-08 12:08:42:649,-0.098,-0.2248,9.8706,0.0012,-0.0026,9.8066,-0.0095,-0.0224,-0.0086,-4.69,-35.87,23.88,356.92,-85.18,-170.92,0.11835616438356165,1.0,52.40242825806452,-1.5697213287671232
52.40242819354839,-1.5697214520547944,164.81,,3,256.64,27 / 27,103510,2019-09-08 12:08:42:749,0.0493,-0.326,9.7885,0.0001,0.0029,9.8066,-0.0089,-0.008,-0.0144,-4.69,-36.37,23.44,356.23,-85.17,-171.01,0.12273972602739727,1.0,52.40242819354839,-1.5697214520547944
52.40242812903226,-1.5697215753424656,164.81,,3,256.64,27 / 27,103610,2019-09-08 12:08:42:849,0.0424,-0.3016,9.9489,-0.0005,0.001,9.8066,0.0161,-0.0111,-0.0005,-4.75,-35.87,23.56,356.83,-85.17,-171.0,0.1271232876712329,1.0,52.40242812903226,-1.5697215753424656
52.40242806451613,-1.569721698630137,164.81,,3,256.64,27 / 27,103710,2019-09-08 12:08:42:949,-0.0461,-0.2594,9.8846,0.0005,-0.0028,9.8065,0.0024,-0.0029,-0.0005,-5.0,-36.62,23.88,356.78,-85.15,-171.03,0.1315068493150685,1.0,52.40242806451613,-1.569721698630137
52.402428,-1.5697218219178082,164.81,,3,256.64,27 / 27,103810,2019-09-08 12:08:43:049,-0.005,-0.2902,9.7937,-0.0001,-0.0029,9.8066,-0.0002,0.0114,0.016,-4.87,-36.25,24.0,356.81,-85.14,-171.02,0.13589041095890414,1.0,52.402428,-1.5697218219178082
52.40242793548387,-1.5697219452054794,164.81,,3,256.64,27 / 27,103910,2019-09-08 12:08:43:149,0.0111,-0.2646,9.9276,0.0015,0.0002,9.8066,-0.0066,0.0025,0.0026,-5.62,-36.25,23.75,354.3,-85.13,-170.94,0.14027397260273974,1.0,52.40242793548387,-1.5697219452054794
52.40242787096774,-1.5697220684931505,164.81,,3,256.64,27 / 27,104010,2019-09-08 12:08:43:249,-0.0141,-0.2859,9.8672,-0.0003,-0.0014,9.8066,0.0176,-0.0291,-0.0044,-4.94,-35.5,23.56,356.74,-85.11,-171.08,0.14465753424657535,1.0,52.40242787096774,-1.5697220684931505
52.40242780645161,-1.569722191780822,164.81,,3,256.64,27 / 27,104110,2019-09-08 12:08:43:349,0.0077,-0.3826,9.8585,0.0009,-0.0005,9.8066,0.0049,-0.0103,-0.0037,-5.0,-36.12,23.88,356.61,-85.09,-171.19,0.14904109589041098,1.0,52.40242780645161,-1.569722191780822
52.40242774193548,-1.5697223150684931,164.81,,3,256.64,27 / 27,104210,2019-09-08 12:08:43:449,0.003,-0.2545,9.917,-0.0007,-0.0022,9.8066,0.0021,-0.0039,0.0108,-4.81,-35.94,23.81,356.59,-85.07,-171.2,0.15342465753424658,1.0,52.40242774193548,-1.5697223150684931
52.402427677419354,-1.5697224383561643,164.81,,3,256.64,27 / 27,104310,2019-09-08 12:08:43:549,-0.0516,-0.2735,9.7875,0.0012,0.0003,9.8066,-0.0127,0.012,0.0045,-5.0,-36.31,23.56,356.69,-85.04,-171.11,0.15780821917808222,1.0,52.402427677419354,-1.5697224383561643
52.40242761290323,-1.5697225616438355,164.81,,3,256.64,27 / 27,104410,2019-09-08 12:08:43:649,0.0224,-0.2661,9.9133,0.0006,-0.0005,9.8066,0.0109,-0.0052,-0.0009,-4.87,-36.37,24.25,356.49,-85.02,-171.28,0.16219178082191782,1.0,52.40242761290323,-1.5697225616438355
52.4024275483871,-1.569722684931507,164.81,,3,256.64,27 / 27,104510,2019-09-08 12:08:43:749,0.02,-0.297,9.8407,0.0002,-0.0039,9.8066,0.0169,-0.013,0.0012,-5.12,-36.06,23.19,355.93,-85.0,-171.25,0.16657534246575345,1.0,52.4024275483871,-1.569722684931507
52.40242748387097,-1.569722808219178,164.81,,3,256.64,27 / 27,104610,2019-09-08 12:08:43:849,0.0195,-0.3483,9.7888,-0.0003,-0.0027,9.8066,0.0013,0.0008,-0.0025,-5.06,-36.12,23.06,355.96,-84.96,-171.22,0.17095890410958905,1.0,52.40242748387097,-1.569722808219178
52.402427419354844,-1.5697229315068493,164.81,,3,256.64,27 / 27,104710,2019-09-08 12:08:43:949,-0.0745,-0.2468,9.9712,-0.002,0.0005,9.8066,-0.0031,0.0,0.0167,-4.81,-35.75,23.94,356.63,-84.94,-171.15,0.1753424657534247,1.0,52.402427419354844,-1.5697229315068493
52.402427354838714,-1.5697230547945205,164.81,,3,256.64,27 / 27,104810,2019-09-08 12:08:44:049,-0.0114,-0.3287,9.7883,0.0012,-0.0002,9.8066,-0.0109,0.0155,0.0004,-4.69,-36.0,23.25,356.0,-84.93,-171.18,0.1797260273972603,1.0,52.402427354838714,-1.5697230547945205
52.402427290322585,-1.5697231780821916,164.81,,3,256.64,27 / 27,104910,2019-09-08 12:08:44:149,0.1034,-0.2963,9.8194,0.0006,-0.0005,9.8066,-0.0088,0.0019,0.0082,-5.06,-36.37,23.5,356.6,-84.9,-171.18,0.18410958904109592,1.0,52.402427290322585,-1.5697231780821916
52.402427225806456,-1.569723301369863,164.81,,3,256.64,27 / 27,105010,2019-09-08 12:08:44:249,-0.0527,-0.2231,9.981,0.0005,0.0002,9.8066,0.0108,-0.0129,-0.0089,-4.94,-36.12,23.75,356.52,-84.89,-171.24,0.18849315068493153,1.0,52.402427225806456,-1.569723301369863
52.402427161290326,-1.5697234246575342,164.81,,3,256.64,27 / 27,105110,2019-09-08 12:08:44:349,-0.0159,-0.3343,9.8186,0.001,-0.005,9.8066,0.0218,-0.0225,-0.0021,-4.5,-35.94,23.13,358.72,-84.88,-171.23,0.19287671232876716,1.0,52.402427161290326,-1.5697234246575342
52.4024270967742,-1.5697235479452054,164.81,,3,256.64,27 / 27,105210,2019-09-08 12:08:44:449,0.1205,-0.3484,9.7626,0.0012,-0.0045,9.8066,0.0144,-0.004,-0.0058,-5.31,-35.31,23.5,356.42,-84.83,-171.34,0.19726027397260276,1.0,52.4024270967742,-1.5697235479452054
52.40242703225807,-1.5697236712328766,164.81,,3,256.64,27 / 27,105310,2019-09-08 12:08:44:549,-0.0637,-0.2451,9.9697,-0.001,0.0004,9.8066,0.0037,-0.0017,0.0165,-4.94,-35.81,23.25,355.85,-84.81,-171.3,0.2016438356164384,1.0,52.40242703225807,-1.5697236712328766
52.40242696774194,-1.569723794520548,164.81,,3,256.64,27 / 27,105410,2019-09-08 12:08:44:649,-0.0315,-0.2393,9.8292,0.0004,-0.0005,9.8066,-0.0062,0.004,0.0087,-5.06,-36.25,24.31,356.4,-84.8,-171.33,0.206027397260274,1.0,52.40242696774194,-1.569723794520548
52.40242690322581,-1.5697239178082192,164.81,,3,256.64,27 / 27,105510,2019-09-08 12:08:44:749,0.0719,-0.2135,9.7735,-0.0008,0.001,9.8066,-0.0187,0.0028,0.0119,-4.81,-36.44,24.13,356.61,-84.79,-171.16,0.2104109589041096,1.0,52.40242690322581,-1.5697239178082192
52.40242683870968,-1.5697240410958904,164.81,,3,256.64,27 / 27,105610,2019-09-08 12:08:44:849,-0.0774,-0.2791,9.9794,0.001,0.0012,9.8066,0.0087,-0.0088,-0.0106,-5.0,-36.0,23.63,356.3,-84.78,-171.42,0.21479452054794523,1.0,52.40242683870968,-1.5697240410958904
52.40242677419355,-1.5697241643835615,164.81,,3,256.64,26 / 26,105710,2019-09-08 12:08:44:949,-0.0511,-0.3121,9.832,0.001,-0.0031,9.8066,0.0069,-0.0232,-0.0043,-5.5,-36.25,23.88,356.45,-84.77,-171.29,0.21917808219178084,1.0,52.40242677419355,-1.5697241643835615
52.40242670967742,-1.5697242876712327,164.81,,3,256.64,26 / 26,105810,2019-09-08 12:08:45:049,-0.0603,-0.2482,9.9365,0.0,-0.0038,9.8066,0.0039,-0.0135,-0.0104,-4.5,-35.69,23.44,358.57,-84.73,-171.36,0.22356164383561647,1.0,52.40242670967742,-1.5697242876712327
52.40242664516129,-1.5697244109589041,164.81,,3,256.64,26 / 26,105912,2019-09-08 12:08:45:151,-0.0088,-0.1862,9.956,0.0004,-0.0001,9.8066,0.0077,-0.007,0.0056,-5.12,-35.87,23.44,355.68,-84.72,-171.43,0.22794520547945207,1.0,52.40242664516129,-1.5697244109589041
52.40242658064516,-1.5697245342465753,164.81,,3,256.64,26 / 26,106010,2019-09-08 12:08:45:249,0.0216,-0.2784,9.8001,0.0001,-0.0005,9.8066,0.0015,0.0094,0.0125,-5.44,-36.12,23.56,356.22,-84.7,-171.48,0.2323287671232877,1.0,52.40242658064516,-1.5697245342465753
52.40242651612903,-1.5697246575342465,164.81,,3,256.64,26 / 26,106110,2019-09-08 12:08:45:349,-0.0181,-0.2585,9.9158,0.0001,0.0002,9.8066,-0.0089,0.0158,0.0141,-4.69,-36.12,24.19,356.29,-84.68,-171.42,0.2367123287671233,1.0,52.40242651612903,-1.5697246575342465
52.402426451612904,-1.5697247808219177,164.81,,3,256.64,26 / 26,106210,2019-09-08 12:08:45:449,-0.0698,-0.2503,10.0014,0.0011,-0.0018,9.8066,-0.0039,-0.0036,0.0097,-5.0,-35.75,22.81,355.58,-84.67,-171.51,0.24109589041095894,1.0,52.402426451612904,-1.5697247808219177
52.402426387096774,-1.569724904109589,164.81,,3,256.64,26 / 26,106310,2019-09-08 12:08:45:549,0.0062,-0.171,9.8747,0.0021,-0.0022,9.8066,-0.0083,-0.0048,-0.0059,-5.12,-35.94,23.88,356.21,-84.66,-171.49,0.24547945205479454,1.0,52.402426387096774,-1.569724904109589
52.402426322580645,-1.5697250273972603,164.81,,3,256.64,26 / 26,106410,2019-09-08 12:08:45:649,-0.0192,-0.4357,9.7917,0.0005,-0.0049,9.8066,-0.0032,-0.0143,-0.0168,-4.5,-36.44,23.94,358.63,-84.63,-171.71,0.24986301369863018,1.0,52.402426322580645,-1.5697250273972603
52.402426258064516,-1.5697251506849315,164.81,,3,256.64,26 / 26,106510,2019-09-08 12:08:45:749,-0.0136,-0.3632,9.8571,-0.0008,0.003,9.8066,-0.0197,-0.0144,-0.0161,-4.94,-36.44,24.0,355.92,-84.63,-171.73,0.2542465753424658,1.0,52.402426258064516,-1.5697251506849315
52.402426193548386,-1.5697252739726026,164.81,,3,256.64,26 / 26,106610,2019-09-08 12:08:45:849,-0.0376,-0.1145,10.0363,-0.0013,-0.0007,9.8066,0.015,-0.0128,-0.0032,-4.81,-36.19,23.63,355.98,-84.6,-171.68,0.2586301369863014,1.0,52.402426193548386,-1.5697252739726026
52.40242612903226,-1.5697253972602738,164.81,,3,256.64,28 / 28,106711,2019-09-08 12:08:45:950,0.0503,-0.2726,9.898,0.0011,-0.0018,9.8066,-0.006,-0.0016,-0.0093,-5.19,-35.31,23.94,356.1,-84.59,-171.59,0.263013698630137,1.0,52.40242612903226,-1.5697253972602738
52.402426064516135,-1.5697255205479452,164.81,,3,256.64,28 / 28,106810,2019-09-08 12:08:46:049,0.0193,-0.0852,9.7901,-0.0004,-0.0039,9.8066,-0.0147,-0.008,-0.0097,-4.5,-35.87,23.19,358.4,-84.56,-171.49,0.26739726027397265,1.0,52.402426064516135,-1.5697255205479452
52.402426000000006,-1.5697256438356164,164.81,,3,256.64,28 / 28,106910,2019-09-08 12:08:46:149,-0.0574,-0.249,9.8798,0.0023,-0.001,9.8066,0.019,-0.0154,0.0019,-5.06,-36.25,23.88,356.14,-84.55,-171.54,0.2717808219178083,1.0,52.402426000000006,-1.5697256438356164
52.402425935483876,-1.5697257671232876,164.81,,3,256.64,28 / 28,107010,2019-09-08 12:08:46:249,0.003,-0.2464,9.9306,0.0002,-0.0022,9.8066,0.0045,-0.0058,-0.0031,-5.0,-36.19,23.75,355.89,-84.52,-171.75,0.27616438356164386,1.0,52.402425935483876,-1.5697257671232876
52.40242587096775,-1.5697258904109588,164.81,,3,256.64,28 / 28,107110,2019-09-08 12:08:46:349,0.0885,-0.1161,9.8401,0.0009,0.0004,9.8066,0.0097,0.0028,0.0178,-4.81,-35.56,23.56,355.78,-84.53,-171.84,0.2805479452054795,1.0,52.40242587096775,-1.5697258904109588
52.40242580645162,-1.5697260136986302,164.81,,3,256.64,28 / 28,107211,2019-09-08 12:08:46:450,-0.0235,-0.2185,9.8666,0.0,-0.0014,9.8066,-0.0055,0.0074,0.0023,-5.19,-36.31,23.88,355.79,-84.5,-171.83,0.2849315068493151,1.0,52.40242580645162,-1.5697260136986302
52.40242574193549,-1.5697261369863014,164.81,,3,256.64,28 / 28,107310,2019-09-08 12:08:46:549,-0.0188,-0.207,9.959,0.0002,-0.0015,9.8066,-0.005,-0.0036,0.003,-5.19,-36.44,23.81,355.76,-84.49,-171.85,0.2893150684931507,1.0,52.40242574193549,-1.5697261369863014
52.40242567741936,-1.5697262602739726,164.81,,3,256.64,28 / 28,107410,2019-09-08 12:08:46:649,0.1176,-0.0914,9.7836,-0.0014,-0.0033,9.8066,-0.0054,-0.0076,-0.0173,-4.62,-36.37,23.94,355.89,-84.47,-171.74,0.2936986301369863,1.0,52.40242567741936,-1.5697262602739726
52.40242561290323,-1.5697263835616437,164.81,,3,256.64,28 / 28,107510,2019-09-08 12:08:46:749,0.0062,-0.3057,9.8227,0.0008,-0.0023,9.8066,0.0188,-0.0188,0.0017,-5.0,-36.44,24.06,355.84,-84.46,-171.78,0.29808219178082196,1.0,52.40242561290323,-1.5697263835616437
52.4024255483871,-1.569726506849315,164.81,,3,256.64,28 / 28,107610,2019-09-08 12:08:46:849,-0.019,-0.1332,9.9986,-0.0006,-0.0044,9.8066,-0.0015,0.0001,0.0023,-4.87,-36.44,24.19,355.84,-84.42,-171.78,0.3024657534246576,1.0,52.4024255483871,-1.569726506849315
52.40242548387097,-1.5697266301369863,164.81,,3,256.64,27 / 28,107710,2019-09-08 12:08:46:949,0.0392,-0.049,9.8212,0.0009,0.0004,9.8066,0.0031,0.008,0.0129,-4.81,-36.0,23.44,355.22,-84.41,-171.78,0.30684931506849317,1.0,52.40242548387097,-1.5697266301369863
52.40242541935484,-1.5697267534246575,164.81,,3,256.64,27 / 28,107810,2019-09-08 12:08:47:049,-0.0332,-0.2831,9.7873,0.0005,-0.0005,9.8066,-0.0099,0.0123,0.0017,-4.37,-36.12,24.44,358.36,-84.39,-171.93,0.3112328767123288,1.0,52.40242541935484,-1.5697267534246575
52.40242535483871,-1.5697268767123287,164.81,,3,256.64,27 / 28,107910,2019-09-08 12:08:47:149,0.0059,-0.1688,9.9525,-0.0003,-0.0016,9.8066,-0.0011,-0.006,-0.0034,-4.81,-36.19,23.81,355.52,-84.37,-172.05,0.31561643835616443,1.0,52.40242535483871,-1.5697268767123287
52.40242529032258,-1.5697269999999999,164.81,,3,256.64,27 / 28,108010,2019-09-08 12:08:47:249,0.0441,0.0095,9.9158,-0.0002,-0.0031,9.8066,-0.0157,-0.0097,-0.0113,-4.62,-36.25,23.31,354.92,-84.34,-172.03,0.32000000000000006,1.0,52.40242529032258,-1.5697269999999999
52.402425225806454,-1.5697271232876713,164.81,,3,256.64,27 / 28,108110,2019-09-08 12:08:47:349,-0.0453,-0.1971,9.8301,0.0004,-0.0003,9.8066,0.0224,-0.0317,-0.0015,-5.44,-36.12,23.44,355.01,-84.34,-171.95,0.32438356164383564,1.0,52.402425225806454,-1.5697271232876713
52.402425161290324,-1.5697272465753425,164.81,,3,256.64,27 / 28,108210,2019-09-08 12:08:47:449,0.0362,-0.2043,9.9006,0.0002,-0.0021,9.8066,-0.0027,-0.0038,-0.0091,-4.81,-35.87,23.19,355.09,-84.32,-171.88,0.32876712328767127,1.0,52.402425161290324,-1.5697272465753425
52.402425096774195,-1.5697273698630136,164.81,,3,256.64,27 / 28,108310,2019-09-08 12:08:47:549,-0.0057,0.003,9.962,0.001,0.0,9.8066,0.0151,-0.0009,0.0108,-4.87,-36.19,23.75,355.48,-84.32,-172.07,0.3331506849315069,1.0,52.402425096774195,-1.5697273698630136
52.402425032258066,-1.5697274931506848,164.81,,3,256.64,27 / 28,108410,2019-09-08 12:08:47:649,-0.0708,-0.0289,9.9444,0.0002,-0.0007,9.8066,-0.002,0.016,0.0123,-4.94,-36.12,23.94,355.49,-84.3,-172.06,0.33753424657534253,1.0,52.402425032258066,-1.5697274931506848
52.402424967741936,-1.569727616438356,164.81,,3,256.64,27 / 28,108510,2019-09-08 12:08:47:749,0.0533,-0.2518,9.8054,0.0015,-0.0031,9.8066,-0.012,0.01,0.016,-4.69,-36.06,24.06,355.53,-84.3,-172.03,0.3419178082191781,1.0,52.402424967741936,-1.569727616438356
52.40242490322581,-1.5697277397260274,164.81,,3,256.64,27 / 28,108610,2019-09-08 12:08:47:849,0.0189,-0.2038,9.9289,-0.0007,-0.0017,9.8066,-0.0148,0.0155,0.0052,-4.62,-36.0,23.5,355.53,-84.28,-172.02,0.34630136986301374,1.0,52.40242490322581,-1.5697277397260274
52.40242483870968,-1.5697278630136986,164.81,,3,256.64,27 / 28,108710,2019-09-08 12:08:47:949,0.0212,-0.0372,9.961,-0.0013,-0.0014,9.8066,0.0004,-0.0079,-0.0074,-5.0,-36.31,23.75,355.62,-84.28,-171.95,0.3506849315068494,1.0,52.40242483870968,-1.5697278630136986
52.40242477419355,-1.5697279863013698,164.81,,3,256.64,27 / 28,108810,2019-09-08 12:08:48:049,0.0571,-0.1572,9.8717,-0.0005,0.0002,9.8066,0.0091,-0.0156,-0.0131,-5.25,-36.0,23.88,355.8,-84.25,-171.79,0.35506849315068495,1.0,52.40242477419355,-1.5697279863013698
52.40242470967742,-1.569728109589041,164.81,,3,256.64,27 / 28,108910,2019-09-08 12:08:48:149,0.0441,-0.151,9.9604,-0.0003,-0.0011,9.8066,-0.0035,-0.0052,-0.0035,-5.62,-36.44,23.63,353.07,-84.25,-171.85,0.3594520547945206,1.0,52.40242470967742,-1.569728109589041
52.40242464516129,-1.5697282328767124,164.81,,3,256.64,27 / 28,109010,2019-09-08 12:08:48:249,0.0365,-0.145,9.9106,-0.0001,0.001,9.8066,-0.002,-0.0012,-0.0048,-4.69,-36.06,23.63,355.83,-84.24,-171.77,0.3638356164383562,1.0,52.40242464516129,-1.5697282328767124
52.40242458064516,-1.5697283561643836,164.81,,3,256.64,27 / 28,109110,2019-09-08 12:08:48:349,-0.003,-0.2052,9.813,-0.0007,-0.0032,9.8066,-0.0005,0.0131,0.009,-4.81,-36.19,23.38,355.12,-84.24,-171.84,0.36821917808219184,1.0,52.40242458064516,-1.5697283561643836
52.40242451612904,-1.5697284794520547,164.81,,3,256.64,27 / 28,109210,2019-09-08 12:08:48:449,-0.0018,-0.2288,9.925,0.0004,-0.0017,9.8066,-0.0076,0.0143,0.0066,-5.19,-35.81,23.25,355.15,-84.21,-171.81,0.3726027397260274,1.0,52.40242451612904,-1.5697284794520547
52.40242445161291,-1.569728602739726,164.81,,3,256.64,27 / 28,109310,2019-09-08 12:08:48:549,0.074,-0.0678,9.9734,0.0014,-0.0008,9.8066,-0.0069,0.001,-0.0022,-4.94,-36.06,23.69,355.72,-84.2,-171.86,0.37698630136986305,1.0,52.40242445161291,-1.569728602739726
52.40242438709678,-1.569728726027397,164.81,,3,256.64,27 / 28,109410,2019-09-08 12:08:48:649,0.04,-0.1652,9.8077,-0.0008,-0.0004,9.8066,0.0056,-0.0055,-0.0072,-5.25,-36.06,23.56,355.71,-84.18,-171.86,0.3813698630136987,1.0,52.40242438709678,-1.569728726027397
52.40242432258065,-1.5697288493150685,164.81,,3,256.64,27 / 28,109510,2019-09-08 12:08:48:749,-0.0553,-0.2396,9.8797,-0.0017,-0.0005,9.8066,-0.0053,-0.0069,-0.0158,-4.87,-36.25,23.75,355.83,-84.17,-171.76,0.3857534246575343,1.0,52.40242432258065,-1.5697288493150685
52.40242425806452,-1.5697289726027397,164.81,,3,256.64,27 / 28,109610,2019-09-08 12:08:48:849,0.0512,-0.1599,9.9645,0.0007,0.0004,9.8066,0.0048,-0.0145,-0.0051,-5.31,-35.75,23.5,355.84,-84.17,-171.75,0.3901369863013699,1.0,52.40242425806452,-1.5697289726027397
52.40242419354839,-1.5697290958904109,164.81,,3,256.64,27 / 27,109711,2019-09-08 12:08:48:950,0.0396,-0.0801,9.8465,0.0001,-0.0021,9.8066,0.0024,0.0051,0.0017,-4.69,-35.75,23.94,355.86,-84.17,-171.73,0.3945205479452055,1.0,52.40242419354839,-1.5697290958904109
52.40242412903226,-1.569729219178082,164.81,,3,256.64,27 / 27,109810,2019-09-08 12:08:49:049,-0.0417,-0.3029,9.8187,0.0002,-0.0013,9.8066,0.0011,0.0054,0.0146,-4.56,-36.75,24.44,355.85,-84.16,-171.73,0.39890410958904116,1.0,52.40242412903226,-1.569729219178082
52.40242406451613,-1.5697293424657535,164.81,,3,256.64,27 / 27,109910,2019-09-08 12:08:49:149,0.0692,-0.2424,9.9331,-0.001,0.0004,9.8066,-0.0056,0.0197,0.0048,-4.94,-35.69,24.56,356.41,-84.15,-171.74,0.4032876712328768,1.0,52.40242406451613,-1.5697293424657535
52.402424,-1.5697294657534246,164.81,,3,256.64,27 / 27,110010,2019-09-08 12:08:49:249,-0.0442,-0.0456,9.9448,0.0005,0.0008,9.8066,0.0013,0.0113,0.0183,-4.44,-36.0,23.75,358.56,-84.15,-171.75,0.40767123287671236,1.0,52.402424,-1.5697294657534246
52.402423935483874,-1.5697295890410958,164.81,,3,256.64,27 / 27,110110,2019-09-08 12:08:49:349,-0.0016,-0.2706,9.7959,0.0002,-0.0026,9.8066,-0.0229,0.0038,-0.0053,-4.87,-36.12,23.44,355.31,-84.12,-171.67,0.412054794520548,1.0,52.402423935483874,-1.5697295890410958
52.402423870967745,-1.569729712328767,164.81,,3,256.64,27 / 27,110210,2019-09-08 12:08:49:449,0.0699,-0.3073,9.8028,-0.0001,0.0,9.8065,-0.0093,-0.0145,-0.0052,-4.75,-36.5,23.19,355.39,-84.13,-171.6,0.4164383561643836,1.0,52.402423870967745,-1.569729712328767
52.402423806451615,-1.5697298356164384,164.81,,3,256.64,27 / 27,110311,2019-09-08 12:08:49:550,-0.049,-0.1505,9.9716,-0.0014,0.0001,9.8066,0.0016,-0.0208,-0.016,-5.19,-35.94,24.19,356.05,-84.12,-171.56,0.4208219178082192,1.0,52.402423806451615,-1.5697298356164384
52.402423741935486,-1.5697299589041096,164.81,,3,256.64,27 / 27,110410,2019-09-08 12:08:49:649,-0.0673,-0.1312,9.8105,0.0013,-0.0016,9.8066,0.0088,-0.019,-0.0022,-4.94,-36.25,23.31,355.49,-84.12,-171.51,0.42520547945205484,1.0,52.402423741935486,-1.5697299589041096
52.40242367741936,-1.5697300821917808,164.81,,3,256.64,27 / 27,110510,2019-09-08 12:08:49:749,0.0992,-0.2117,9.7785,-0.0007,0.0013,9.8066,0.0138,-0.0032,-0.0051,-4.69,-36.0,24.13,355.97,-84.1,-171.64,0.42958904109589047,1.0,52.40242367741936,-1.5697300821917808
52.40242361290323,-1.569730205479452,164.81,,3,256.64,27 / 27,110610,2019-09-08 12:08:49:849,-0.0818,-0.2716,9.9922,0.0013,-0.0007,9.8066,0.0097,-0.0003,0.0129,-4.31,-36.12,24.31,358.58,-84.1,-171.73,0.4339726027397261,1.0,52.40242361290323,-1.569730205479452
52.4024235483871,-1.5697303287671232,164.81,,3,256.64,29 / 29,110711,2019-09-08 12:08:49:950,-0.0885,-0.1671,9.8092,0.0008,-0.0005,9.8066,-0.0067,0.0197,0.009,-5.06,-36.06,23.38,355.21,-84.09,-171.74,0.4383561643835617,1.0,52.4024235483871,-1.5697303287671232
52.40242348387097,-1.5697304520547946,164.81,,3,256.64,29 / 29,110810,2019-09-08 12:08:50:049,-0.0319,-0.1161,9.8886,0.0003,-0.0006,9.8066,-0.0074,0.0024,0.0152,-4.94,-35.62,24.06,355.7,-84.08,-171.85,0.4427397260273973,1.0,52.40242348387097,-1.5697304520547946
52.40242341935484,-1.5697305753424657,164.81,,3,256.64,29 / 29,110910,2019-09-08 12:08:50:149,0.0019,-0.1153,9.9988,-0.0009,0.0001,9.8066,0.0083,-0.0073,-0.0104,-5.37,-36.25,23.88,355.83,-84.06,-171.75,0.44712328767123294,1.0,52.40242341935484,-1.5697305753424657
52.40242335483871,-1.569730698630137,164.81,,3,256.64,29 / 29,111010,2019-09-08 12:08:50:249,-0.1263,-0.1468,9.8565,0.0003,0.0002,9.8066,0.0071,-0.0184,-0.0008,-4.87,-35.94,23.19,355.22,-84.06,-171.73,0.45150684931506857,1.0,52.40242335483871,-1.569730698630137
52.40242329032258,-1.569730821917808,164.81,,3,256.64,29 / 29,111110,2019-09-08 12:08:50:349,0.0234,-0.162,9.9162,0.0013,0.0006,9.8066,0.0046,-0.0159,-0.0043,-4.5,-36.19,23.81,358.67,-84.06,-171.66,0.45589041095890415,1.0,52.40242329032258,-1.569730821917808
52.40242322580645,-1.5697309452054795,164.81,,3,256.64,29 / 29,111209,2019-09-08 12:08:50:448,-0.0173,-0.1327,9.9804,0.0005,-0.0016,9.8066,0.0056,-0.0077,0.0014,-4.44,-36.31,24.75,359.07,-84.04,-171.7,0.4602739726027398,1.0,52.40242322580645,-1.5697309452054795
52.40242316129032,-1.5697310684931507,164.81,,3,256.64,29 / 29,111310,2019-09-08 12:08:50:549,-0.0811,-0.1643,9.792,0.0014,-0.0022,9.8066,0.0035,0.0059,0.0087,-4.81,-35.75,23.94,355.86,-84.04,-171.72,0.4646575342465754,1.0,52.40242316129032,-1.5697310684931507
52.40242309677419,-1.5697311917808219,164.81,,3,256.64,29 / 29,111410,2019-09-08 12:08:50:649,-0.0171,-0.169,9.9455,0.0009,-0.003,9.8066,-0.0071,0.0168,0.0106,-5.0,-36.37,23.81,355.66,-84.02,-171.88,0.46904109589041104,1.0,52.40242309677419,-1.5697311917808219
52.40242303225806,-1.569731315068493,164.81,,3,256.64,29 / 29,111510,2019-09-08 12:08:50:749,-0.0215,-0.154,9.9722,-0.0003,0.0013,9.8066,0.0077,0.0028,0.0043,-4.75,-36.19,23.81,355.63,-84.01,-171.91,0.4734246575342466,1.0,52.40242303225806,-1.569731315068493
52.40242296774194,-1.5697314383561642,164.81,,3,256.64,29 / 29,111610,2019-09-08 12:08:50:849,-0.0974,-0.1482,9.8123,-0.0001,0.0003,9.8066,-0.0007,-0.0111,0.0,-5.12,-35.37,23.56,355.7,-84.01,-171.87,0.47780821917808225,1.0,52.40242296774194,-1.5697314383561642
52.40242290322581,-1.5697315616438356,164.81,,3,256.64,27 / 27,111710,2019-09-08 12:08:50:949,-0.0104,-0.1889,9.9261,0.0007,-0.0001,9.8065,0.0103,-0.0192,-0.0102,-5.0,-36.5,23.88,355.76,-84.01,-171.8,0.4821917808219179,1.0,52.40242290322581,-1.5697315616438356
52.40242283870968,-1.5697316849315068,164.81,,3,256.64,27 / 27,111810,2019-09-08 12:08:51:049,-0.0628,-0.1619,9.9547,-0.001,0.001,9.8066,0.0056,-0.0086,0.0017,-4.81,-36.0,23.38,355.05,-84.0,-171.87,0.4865753424657535,1.0,52.40242283870968,-1.5697316849315068
52.40242277419355,-1.569731808219178,164.81,,3,256.64,27 / 27,111910,2019-09-08 12:08:51:149,-0.0395,-0.1668,9.8087,0.0021,-0.0018,9.8066,-0.0048,0.0158,0.0098,-4.87,-36.31,23.31,355.16,-83.99,-171.78,0.4909589041095891,1.0,52.40242277419355,-1.569731808219178
52.402422709677424,-1.5697319315068492,164.81,,3,256.64,27 / 27,112010,2019-09-08 12:08:51:249,-0.0442,-0.0983,9.9571,0.0007,-0.003,9.8066,-0.0157,0.0012,0.0113,-4.19,-36.06,23.56,358.43,-83.97,-171.86,0.4953424657534247,1.0,52.402422709677424,-1.5697319315068492
52.402422645161295,-1.5697320547945206,164.81,,3,256.64,27 / 27,112109,2019-09-08 12:08:51:348,-0.0407,-0.0935,9.9707,-0.0001,0.0018,9.8066,0.0065,-0.0003,0.0005,-5.19,-35.81,24.0,355.82,-83.96,-171.74,0.49972602739726035,1.0,52.402422645161295,-1.5697320547945206
52.402422580645165,-1.5697321780821918,164.81,,3,256.64,27 / 27,112210,2019-09-08 12:08:51:449,-0.0716,-0.1345,9.8096,-0.0008,0.001,9.8066,0.0033,-0.0114,-0.0036,-4.5,-36.0,23.56,358.62,-83.97,-171.7,0.5041095890410959,1.0,52.402422580645165,-1.5697321780821918
52.402422516129036,-1.569732301369863,164.81,,3,256.64,27 / 27,112310,2019-09-08 12:08:51:549,-0.0008,-0.12,9.9556,0.0,-0.0006,9.8066,0.0095,-0.0181,-0.0059,-4.5,-36.0,23.81,358.68,-83.97,-171.64,0.5084931506849316,1.0,52.402422516129036,-1.569732301369863
52.40242245161291,-1.5697324246575342,164.81,,3,256.64,27 / 27,112410,2019-09-08 12:08:51:649,-0.013,-0.1129,9.9692,0.0002,-0.0007,9.8066,0.0048,-0.0073,0.0021,-5.06,-35.69,23.56,355.84,-83.96,-171.73,0.5128767123287672,1.0,52.40242245161291,-1.5697324246575342
52.40242238709678,-1.5697325479452053,164.81,,3,256.64,27 / 27,112510,2019-09-08 12:08:51:749,-0.0481,-0.1448,9.8041,0.0015,-0.001,9.8066,0.0036,0.0093,0.0142,-5.06,-35.62,23.75,355.82,-83.96,-171.74,0.5172602739726028,1.0,52.40242238709678,-1.5697325479452053
52.40242232258065,-1.5697326712328767,164.81,,3,256.64,27 / 27,112610,2019-09-08 12:08:51:849,-0.0288,-0.1159,9.952,0.0003,-0.0032,9.8066,-0.011,0.0116,0.0138,-5.31,-35.56,23.81,355.78,-83.95,-171.78,0.5216438356164385,1.0,52.40242232258065,-1.5697326712328767
52.40242225806452,-1.569732794520548,164.81,,3,256.64,28 / 28,112710,2019-09-08 12:08:51:949,-0.0193,-0.1367,9.969,-0.0012,0.0032,9.8066,0.0097,0.0059,0.0058,-5.37,-35.56,23.38,355.13,-83.94,-171.79,0.526027397260274,1.0,52.40242225806452,-1.569732794520548
52.40242219354839,-1.569732917808219,164.81,,3,256.64,28 / 28,112809,2019-09-08 12:08:52:048,-0.042,-0.1047,9.8519,-0.0009,0.0007,9.8066,0.0032,-0.0096,-0.0039,-5.06,-35.19,23.63,355.88,-83.95,-171.71,0.5304109589041096,1.0,52.40242219354839,-1.569732917808219
52.40242212903226,-1.5697330410958903,164.81,,3,256.64,28 / 28,112910,2019-09-08 12:08:52:149,-0.0294,-0.2556,9.9055,0.0002,-0.0011,9.8066,-0.0001,-0.0208,-0.0138,-5.31,-35.87,23.75,355.87,-83.93,-171.7,0.5347945205479453,1.0,52.40242212903226,-1.5697330410958903
52.40242206451613,-1.5697331643835617,164.81,,3,256.64,28 / 28,113010,2019-09-08 12:08:52:249,-0.0646,-0.2185,9.9522,-0.0005,-0.0009,9.8066,-0.0046,-0.0156,-0.0099,-4.69,-35.87,23.88,355.79,-83.91,-171.76,0.5391780821917809,1.0,52.40242206451613,-1.5697331643835617
52.402422,-1.5697332876712329,164.81,,3,256.64,28 / 28,113110,2019-09-08 12:08:52:349,-0.0192,0.0123,9.9063,0.002,-0.0011,9.8066,0.0164,-0.0072,0.0028,-4.94,-36.37,24.06,355.84,-83.92,-171.72,0.5435616438356166,1.0,52.402422,-1.5697332876712329
52.40242193548387,-1.569733410958904,164.81,,3,256.64,28 / 28,113210,2019-09-08 12:08:52:449,0.0221,-0.1923,9.8695,0.001,-0.0039,9.8066,-0.0039,0.0076,0.0087,-5.0,-35.56,23.38,355.03,-83.89,-171.87,0.5479452054794521,1.0,52.40242193548387,-1.569733410958904
52.40242187096774,-1.5697335342465752,164.81,,3,256.64,28 / 28,113310,2019-09-08 12:08:52:549,-0.067,-0.2118,9.9136,0.0017,0.0003,9.8066,0.0035,0.0041,0.0187,-4.5,-35.75,23.94,358.41,-83.89,-171.87,0.5523287671232877,1.0,52.40242187096774,-1.5697335342465752
52.40242180645161,-1.5697336575342464,164.81,,3,256.64,28 / 28,113410,2019-09-08 12:08:52:649,-0.0363,0.0441,9.9036,0.0002,-0.0004,9.8066,-0.0036,0.0123,0.0054,-4.94,-36.5,24.0,355.52,-83.88,-171.99,0.5567123287671234,1.0,52.40242180645161,-1.5697336575342464
52.402421741935484,-1.5697337808219178,164.81,,3,256.64,28 / 28,113510,2019-09-08 12:08:52:749,0.0518,-0.1619,9.8051,-0.0005,0.0006,9.8066,-0.0075,-0.0099,0.0065,-4.81,-35.87,23.88,355.64,-83.88,-171.89,0.561095890410959,1.0,52.402421741935484,-1.5697337808219178
